1a414e49-2ad5-4217-b9eb-b5fd4f9cfdee,location,runoffToReach,actualEvapotranspiration
2023-01-01T00:00:00,Lower_Forest,0.5688959999999992,1.0368
2023-01-02T00:00:00,Lower_Forest,1.1415947249999991,1.1577600000000001
2023-01-03T00:00:00,Lower_Forest,0.8564170650000005,1.08
2023-01-04T00:00:00,Lower_Forest,0.6641414647500001,1.2441600000000002
2023-01-05T00:00:00,Lower_Forest,0.5314503713999998,1.05408
2023-01-06T00:00:00,Lower_Forest,0.48798888582250066,1.20096
2023-01-07T00:00:00,Lower_Forest,0.5928106480215002,0.8380799999999999
2023-01-08T00:00:00,Lower_Forest,0.4639193586099748,0.5616
2023-01-09T00:00:00,Lower_Forest,0.7157895354442895,0.44928
2023-01-10T00:00:00,Lower_Forest,0.5389534882475153,0.7171200000000001
2023-01-11T00:00:00,Lower_Forest,0.4271159925965907,0.53568
2023-01-12T00:00:00,Lower_Forest,0.34869411992384525,0.49248000000000003
2023-01-13T00:00:00,Lower_Forest,0.2911743712249188,0.40608000000000005
2023-01-14T00:00:00,Lower_Forest,0.24775096574915492,0.3024
2023-01-15T00:00:00,Lower_Forest,0.20299248499760267,0.5788800000000001
2023-01-16T00:00:00,Lower_Forest,0.1606487444095251,0.6912
2023-01-17T00:00:00,Lower_Forest,0.12708162392441408,0.5616
2023-01-18T00:00:00,Lower_Forest,1.0623466135098936,0.6739200000000001
2023-01-19T00:00:00,Lower_Forest,0.7922432281478649,0.6307200000000001
2023-01-20T00:00:00,Lower_Forest,0.65496574332756,0.45792
2023-01-21T00:00:00,Lower_Forest,0.604855662992044,0.37152
2023-01-22T00:00:00,Lower_Forest,0.45800929369146,1.0195200000000002
2023-01-23T00:00:00,Lower_Forest,0.36151116282162554,0.7603200000000001
2023-01-24T00:00:00,Lower_Forest,0.2992338457891174,0.40608000000000005
2023-01-25T00:00:00,Lower_Forest,0.24523136083503258,0.57024
2023-01-26T00:00:00,Lower_Forest,0.6434945245639437,0.6912
2023-01-27T00:00:00,Lower_Forest,0.46131912201375713,0.7603200000000001
2023-01-28T00:00:00,Lower_Forest,0.34305503476548355,0.8208000000000001
2023-01-29T00:00:00,Lower_Forest,0.26736984376548845,0.58752
2023-01-30T00:00:00,Lower_Forest,0.2038726156272174,0.8294400000000001
2023-01-31T00:00:00,Lower_Forest,0.15603323218363274,0.7171200000000001
2023-02-01T00:00:00,Lower_Forest,0.10843024802483926,0.96768
2023-02-02T00:00:00,Lower_Forest,0.06862739275213905,0.91584
2023-02-03T00:00:00,Lower_Forest,0.037175938241818654,0.79488
2023-02-04T00:00:00,Lower_Forest,0.010018386800082988,0.7689600000000001
2023-02-05T00:00:00,Lower_Forest,0.0003501486958055411,0.9918416307152251
2023-02-06T00:00:00,Lower_Forest,0.00017507434790275944,0.7412874858163635
2023-02-07T00:00:00,Lower_Forest,8.753717395137972e-05,0.6190772787461685
2023-02-08T00:00:00,Lower_Forest,4.376858697567876e-05,0.43760435032388517
2023-02-09T00:00:00,Lower_Forest,2.188429348783938e-05,0.39412248572472874
2023-02-10T00:00:00,Lower_Forest,1.0942146743930793e-05,0.4791658050517066
2023-02-11T00:00:00,Lower_Forest,5.4710733719653966e-06,0.29899567865940213
2023-02-12T00:00:00,Lower_Forest,2.735536685971596e-06,0.0682729864759091
2023-02-13T00:00:00,Lower_Forest,1.367768342985798e-06,0.23890040725610315
2023-02-14T00:00:00,Lower_Forest,6.83884171492899e-07,0.4092133078817993
2023-02-15T00:00:00,Lower_Forest,3.419420857575517e-07,0.28094523576576197
2023-02-16T00:00:00,Lower_Forest,1.7097104287877585e-07,0.15309721465969536
2023-02-17T00:00:00,Lower_Forest,8.548552143938792e-08,0.22102578255688238
2023-02-18T00:00:00,Lower_Forest,0.08122504274276073,0.32359582576308926
2023-02-19T00:00:00,Lower_Forest,0.04061252137138036,0.36622613373738333
2023-02-20T00:00:00,Lower_Forest,0.13763126068569018,0.38439060935490155
2023-02-21T00:00:00,Lower_Forest,0.06881563034284506,0.4958292459772177
2023-02-22T00:00:00,Lower_Forest,0.03440781517142253,0.21358546816159418
2023-02-23T00:00:00,Lower_Forest,0.05781640758571127,0.49603070171396196
2023-02-24T00:00:00,Lower_Forest,0.10562070379285565,0.6252701616429694
2023-02-25T00:00:00,Lower_Forest,0.09793535189642784,0.7543995133485286
2023-02-26T00:00:00,Lower_Forest,0.04896767594821392,0.46243912274378574
2023-02-27T00:00:00,Lower_Forest,0.34487133797410696,0.8294169467794678
2023-02-28T00:00:00,Lower_Forest,0.18452944775821714,0.31104000000000004
2023-03-01T00:00:00,Lower_Forest,0.1037922507008272,0.55296
2023-03-02T00:00:00,Lower_Forest,0.05190289948996136,0.6220800000000001
2023-03-03T00:00:00,Lower_Forest,0.021554458623381678,0.951041135137392
2023-03-04T00:00:00,Lower_Forest,0.010777229311690829,0.267486240073847
2023-03-05T00:00:00,Lower_Forest,0.19952110911793472,0.1728
2023-03-06T00:00:00,Lower_Forest,0.12025854032234273,0.41472000000000003
2023-03-07T00:00:00,Lower_Forest,0.08168785734820877,0.10368000000000001
2023-03-08T00:00:00,Lower_Forest,0.061801857142439263,0.0
2023-03-09T00:00:00,Lower_Forest,0.1386058641927219,0.09504000000000001
2023-03-10T00:00:00,Lower_Forest,0.5210368491557127,0.0
2023-03-11T00:00:00,Lower_Forest,0.5871134249312737,0.23328000000000002
2023-03-12T00:00:00,Lower_Forest,0.42897386278371225,0.12096
2023-03-13T00:00:00,Lower_Forest,0.45279426667812384,0.0
2023-03-14T00:00:00,Lower_Forest,0.4503344100967025,0.22464
2023-03-15T00:00:00,Lower_Forest,0.5572418041302285,0.33696000000000004
2023-03-16T00:00:00,Lower_Forest,0.42622864123880533,0.33696000000000004
2023-03-17T00:00:00,Lower_Forest,0.3427212858757242,0.27648
2023-03-18T00:00:00,Lower_Forest,0.4974572866685519,0.22464
2023-03-19T00:00:00,Lower_Forest,1.3242675976918963,0.1728
2023-03-20T00:00:00,Lower_Forest,1.2429579077678066,0.09504000000000001
2023-03-21T00:00:00,Lower_Forest,1.052825201913576,0.03456
2023-03-22T00:00:00,Lower_Forest,0.8397073241834928,0.07776000000000001
2023-03-23T00:00:00,Lower_Forest,0.7029853129957804,0.0
2023-03-24T00:00:00,Lower_Forest,0.6063111423115204,0.0
2023-03-25T00:00:00,Lower_Forest,0.5796921583880283,0.33696000000000004
2023-03-26T00:00:00,Lower_Forest,0.4974685077030547,0.19008000000000003
2023-03-27T00:00:00,Lower_Forest,0.4273000395096657,0.37152
2023-03-28T00:00:00,Lower_Forest,0.3579000268471573,0.7344
2023-03-29T00:00:00,Lower_Forest,0.2982774198066691,0.7171200000000001
2023-03-30T00:00:00,Lower_Forest,0.2618469756481155,0.18144000000000002
2023-03-31T00:00:00,Lower_Forest,0.38206862699436095,0.44928
2023-04-01T00:00:00,Lower_Forest,0.3093115387504539,0.025920000000000002
2023-04-02T00:00:00,Lower_Forest,0.26149407210317277,0.0
2023-04-03T00:00:00,Lower_Forest,0.49052175850673735,0.0
2023-04-04T00:00:00,Lower_Forest,0.6401869544630057,0.38016000000000005
2023-04-05T00:00:00,Lower_Forest,0.9577188199201752,0.27648
2023-04-06T00:00:00,Lower_Forest,0.8896667933798912,0.2592
2023-04-07T00:00:00,Lower_Forest,0.6925492917677695,0.0
2023-04-08T00:00:00,Lower_Forest,0.5692189514539273,0.0
2023-04-09T00:00:00,Lower_Forest,0.48525935074000104,0.0
2023-04-10T00:00:00,Lower_Forest,0.42321456288173476,0.0
2023-04-11T00:00:00,Lower_Forest,0.40851893020142827,0.0
2023-04-12T00:00:00,Lower_Forest,0.35711244898521954,0.0
2023-04-13T00:00:00,Lower_Forest,0.3771184099886643,0.2592
2023-04-14T00:00:00,Lower_Forest,0.837966196940782,0.19872
2023-04-15T00:00:00,Lower_Forest,0.6368564412221964,0.0
2023-04-16T00:00:00,Lower_Forest,0.5145142290877227,0.0
2023-04-17T00:00:00,Lower_Forest,0.4337345221728229,0.0
2023-04-18T00:00:00,Lower_Forest,0.5304305529524764,0.0
2023-04-19T00:00:00,Lower_Forest,0.43491728915569744,0.09504000000000001
2023-04-20T00:00:00,Lower_Forest,0.46696733098936094,0.06912
2023-04-21T00:00:00,Lower_Forest,0.3892594332650413,0.025920000000000002
2023-04-22T00:00:00,Lower_Forest,0.3352167076258462,0.0
2023-04-23T00:00:00,Lower_Forest,0.38583064570691594,0.0
2023-04-24T00:00:00,Lower_Forest,0.45041463555805017,0.0
2023-04-25T00:00:00,Lower_Forest,0.36760919921315854,0.0
2023-04-26T00:00:00,Lower_Forest,0.31196629289730055,0.0
2023-04-27T00:00:00,Lower_Forest,0.2713286704102994,0.0
2023-04-28T00:00:00,Lower_Forest,0.23947530677063347,0.0
2023-04-29T00:00:00,Lower_Forest,0.21316752779425285,0.0
2023-04-30T00:00:00,Lower_Forest,0.1906706508651693,0.0
2023-05-01T00:00:00,Lower_Forest,0.17101352370382122,0.0
2023-05-02T00:00:00,Lower_Forest,0.1536171402960246,0.0
2023-05-03T00:00:00,Lower_Forest,0.13810791074771397,0.0
2023-05-04T00:00:00,Lower_Forest,0.12422336191358896,0.0
2023-05-05T00:00:00,Lower_Forest,0.11176414684255313,0.0
2023-05-06T00:00:00,Lower_Forest,0.10056929271845928,0.0
2023-05-07T00:00:00,Lower_Forest,0.09050314372669382,0.0
2023-05-08T00:00:00,Lower_Forest,0.08144821949406544,0.0
2023-05-09T00:00:00,Lower_Forest,0.07330109261467922,0.0
2023-05-10T00:00:00,Lower_Forest,0.0659698308882203,0.0
2023-05-11T00:00:00,Lower_Forest,0.11668102156690299,0.0
2023-05-12T00:00:00,Lower_Forest,0.09305450629396583,0.0
2023-05-13T00:00:00,Lower_Forest,0.07776984910644633,0.0
2023-05-14T00:00:00,Lower_Forest,0.06700326091673939,0.0
2023-05-15T00:00:00,Lower_Forest,0.058808133185535384,0.0
2023-05-16T00:00:00,Lower_Forest,0.10948866904721505,0.0
2023-05-17T00:00:00,Lower_Forest,0.5160236017326116,0.0
2023-05-18T00:00:00,Lower_Forest,0.43160901635440946,0.0
2023-05-19T00:00:00,Lower_Forest,0.430524002116498,0.0
2023-05-20T00:00:00,Lower_Forest,0.33540704560361323,0.0
2023-05-21T00:00:00,Lower_Forest,0.7056496878926333,0.0
2023-05-22T00:00:00,Lower_Forest,0.5730456425280599,0.1728
2023-05-23T00:00:00,Lower_Forest,0.5178631649875989,0.0
2023-05-24T00:00:00,Lower_Forest,0.4157249418450123,0.22464
2023-05-25T00:00:00,Lower_Forest,1.384191269338598,0.18144000000000002
2023-05-26T00:00:00,Lower_Forest,1.0090957032437817,0.31104000000000004
2023-05-27T00:00:00,Lower_Forest,0.7841455133389257,0.3456
2023-05-28T00:00:00,Lower_Forest,0.6437106522147951,0.1728
2023-05-29T00:00:00,Lower_Forest,0.5509214320981962,0.0
2023-05-30T00:00:00,Lower_Forest,0.7051243364408173,0.0
2023-05-31T00:00:00,Lower_Forest,0.5697250765729551,0.37152
2023-06-01T00:00:00,Lower_Forest,0.47603235580376974,0.32832
2023-06-02T00:00:00,Lower_Forest,0.4033298136674466,0.38880000000000003
2023-06-03T00:00:00,Lower_Forest,0.34487437902273,0.38016000000000005
2023-06-04T00:00:00,Lower_Forest,0.30547291448147135,0.051840000000000004
2023-06-05T00:00:00,Lower_Forest,0.27324620971383073,0.0
2023-06-06T00:00:00,Lower_Forest,0.24508188208270046,0.0
2023-06-07T00:00:00,Lower_Forest,0.2201538405445561,0.0
2023-06-08T00:00:00,Lower_Forest,0.19792852982516354,0.0
2023-06-09T00:00:00,Lower_Forest,0.17699391351017932,0.03456
2023-06-10T00:00:00,Lower_Forest,0.14913324049292778,0.33696000000000004
2023-06-11T00:00:00,Lower_Forest,0.11967847561051768,0.48384
2023-06-12T00:00:00,Lower_Forest,0.09655190763290847,0.37152
2023-06-13T00:00:00,Lower_Forest,0.06952375666133703,0.5788800000000001
2023-06-14T00:00:00,Lower_Forest,0.04416490089106268,0.61344
2023-06-15T00:00:00,Lower_Forest,0.035858770749887275,0.1296
2023-06-16T00:00:00,Lower_Forest,0.02371847364886291,0.28512
2023-06-17T00:00:00,Lower_Forest,0.009163816270959567,0.40608000000000005
2023-06-18T00:00:00,Lower_Forest,3.8680473344321344e-07,0.7072906095433757
2023-06-19T00:00:00,Lower_Forest,1.9340236672160672e-07,0.379612070186552
2023-06-20T00:00:00,Lower_Forest,9.67011833719056e-08,0.19818212768417257
2023-06-21T00:00:00,Lower_Forest,0.04061254835059169,0.17242866748786212
2023-06-22T00:00:00,Lower_Forest,0.020306274175295846,0.7587123117231411
2023-06-23T00:00:00,Lower_Forest,0.010153137087647935,0.8086360897975715
2023-06-24T00:00:00,Lower_Forest,0.005076568543823968,0.6950236363824976
2023-06-25T00:00:00,Lower_Forest,0.002538284271911984,0.6592108571761822
2023-06-26T00:00:00,Lower_Forest,0.001269142135955992,0.4783813245277923
2023-06-27T00:00:00,Lower_Forest,0.000634571067977996,0.5970237525669498
2023-06-28T00:00:00,Lower_Forest,0.000317285533988998,0.8937388642657552
2023-06-29T00:00:00,Lower_Forest,0.30700864276699447,0.7023821247929952
2023-06-30T00:00:00,Lower_Forest,0.18960432138349725,0.45551128266513863
2023-07-01T00:00:00,Lower_Forest,0.24371466069174863,0.45379913432416885
2023-07-02T00:00:00,Lower_Forest,0.14516371282866888,0.025920000000000002
2023-07-03T00:00:00,Lower_Forest,0.09835514900414472,0.0
2023-07-04T00:00:00,Lower_Forest,0.07133673783290193,0.03456
2023-07-05T00:00:00,Lower_Forest,0.055093215914199065,0.03456
2023-07-06T00:00:00,Lower_Forest,0.0398449702550704,0.19008000000000003
2023-07-07T00:00:00,Lower_Forest,0.350134086195711,0.3456
2023-07-08T00:00:00,Lower_Forest,0.2957137090592134,0.06048
2023-07-09T00:00:00,Lower_Forest,0.22079480389482906,0.0
2023-07-10T00:00:00,Lower_Forest,0.17293115637611461,0.10368000000000001
2023-07-11T00:00:00,Lower_Forest,0.21024893217388643,0.28512
2023-07-12T00:00:00,Lower_Forest,0.34051163467418866,0.36288000000000004
2023-07-13T00:00:00,Lower_Forest,0.24099866906561773,0.55296
2023-07-14T00:00:00,Lower_Forest,0.17198550108847885,0.6825600000000001
2023-07-15T00:00:00,Lower_Forest,0.7414878504443423,0.28512
2023-07-16T00:00:00,Lower_Forest,0.6517402651322641,0.29376
2023-07-17T00:00:00,Lower_Forest,0.48190253848521575,0.39744
2023-07-18T00:00:00,Lower_Forest,0.37464123456978216,0.42336000000000007
2023-07-19T00:00:00,Lower_Forest,0.369774011079349,0.24192
2023-07-20T00:00:00,Lower_Forest,0.29845970995468635,0.31968
2023-07-21T00:00:00,Lower_Forest,0.30346891395085407,0.52704
2023-07-22T00:00:00,Lower_Forest,0.877438510051586,0.22464
2023-07-23T00:00:00,Lower_Forest,0.6352658027943361,0.44064
2023-07-24T00:00:00,Lower_Forest,0.4861007943888557,0.50112
2023-07-25T00:00:00,Lower_Forest,0.38326670088694775,0.6307200000000001
2023-07-26T00:00:00,Lower_Forest,0.3068120237667414,0.6825600000000001
2023-07-27T00:00:00,Lower_Forest,0.3143029178743112,0.7257600000000001
2023-07-28T00:00:00,Lower_Forest,0.4817380243290032,0.7689600000000001
2023-07-29T00:00:00,Lower_Forest,0.3451876210171635,0.95904
2023-07-30T00:00:00,Lower_Forest,0.2500213584759769,1.0281600000000002
2023-07-31T00:00:00,Lower_Forest,0.183938672408645,0.87264
2023-08-01T00:00:00,Lower_Forest,0.13502533005791437,0.7689600000000001
2023-08-02T00:00:00,Lower_Forest,0.09421025949718727,0.78624
2023-08-03T00:00:00,Lower_Forest,0.05052656477000193,1.08
2023-08-04T00:00:00,Lower_Forest,0.021992173904267786,0.75168
2023-08-05T00:00:00,Lower_Forest,0.000878617347861721,1.281599458219244
2023-08-06T00:00:00,Lower_Forest,0.0004393086739308494,0.7758823076553886
2023-08-07T00:00:00,Lower_Forest,0.0002196543369654247,0.6620942061154947
2023-08-08T00:00:00,Lower_Forest,0.00010982716848271235,0.6606281379785723
2023-08-09T00:00:00,Lower_Forest,5.4913584241367275e-05,0.7105276711115179
2023-08-10T00:00:00,Lower_Forest,0.36102745679212067,0.8029331207670728
2023-08-11T00:00:00,Lower_Forest,0.6621850983292404,1.1664
2023-08-12T00:00:00,Lower_Forest,0.5948520379713605,1.27872
2023-08-13T00:00:00,Lower_Forest,0.5459030589117462,0.7689600000000001
2023-08-14T00:00:00,Lower_Forest,0.3773803653893329,0.8380799999999999
2023-08-15T00:00:00,Lower_Forest,0.2669945350347804,0.94176
2023-08-16T00:00:00,Lower_Forest,0.1854383846234925,1.08864
2023-08-17T00:00:00,Lower_Forest,0.23173554770723914,0.9072
2023-08-18T00:00:00,Lower_Forest,0.15116159370956297,1.01088
2023-08-19T00:00:00,Lower_Forest,0.09270043472513025,0.9936
2023-08-20T00:00:00,Lower_Forest,0.04607629144587812,1.0195200000000002
2023-08-21T00:00:00,Lower_Forest,0.006385377176168028,2.3918808927589614
2023-08-22T00:00:00,Lower_Forest,0.003192688588084014,1.3677772193883697
2023-08-23T00:00:00,Lower_Forest,0.001596344294042007,1.33588950105095
2023-08-24T00:00:00,Lower_Forest,0.0007981721470210035,1.3299198909510277
2023-08-25T00:00:00,Lower_Forest,0.00039908607351049066,1.4597518320917175
2023-08-26T00:00:00,Lower_Forest,0.09496204303675526,1.516040959159716
2023-08-27T00:00:00,Lower_Forest,0.04748102151837763,1.324789183607819
2023-08-28T00:00:00,Lower_Forest,0.023740510759188815,1.3702020063454132
2023-08-29T00:00:00,Lower_Forest,0.011870255379594408,1.0629598032867538
2023-08-30T00:00:00,Lower_Forest,0.005935127689797204,0.8507501120834234
2023-08-31T00:00:00,Lower_Forest,0.002967563844898602,0.7734768115299369
2023-09-01T00:00:00,Lower_Forest,0.4888337819224493,0.8842453774129216
2023-09-02T00:00:00,Lower_Forest,0.45199189096122466,0.6044282950420744
2023-09-03T00:00:00,Lower_Forest,1.1357400957188926,0.5097600000000001
2023-09-04T00:00:00,Lower_Forest,0.90025339809464,0.74304
2023-09-05T00:00:00,Lower_Forest,0.7220648392589946,0.8467200000000001
2023-09-06T00:00:00,Lower_Forest,0.5969505208200057,1.01088
2023-09-07T00:00:00,Lower_Forest,0.4331644014814593,1.06272
2023-09-08T00:00:00,Lower_Forest,0.3192696277050418,1.1491200000000001
2023-09-09T00:00:00,Lower_Forest,0.3309455731204015,1.19232
2023-09-10T00:00:00,Lower_Forest,0.28064701990129426,1.1232
2023-09-11T00:00:00,Lower_Forest,0.3876776699576308,1.18368
2023-09-12T00:00:00,Lower_Forest,0.44999795398510034,1.17504
2023-09-13T00:00:00,Lower_Forest,0.41669843409820606,1.2355200000000002
2023-09-14T00:00:00,Lower_Forest,0.2782697284441938,1.3305600000000002
2023-09-15T00:00:00,Lower_Forest,0.18443772447767848,1.2528000000000001
2023-09-16T00:00:00,Lower_Forest,0.11419943646886363,1.2528000000000001
2023-09-17T00:00:00,Lower_Forest,0.6303716600414532,1.08864
2023-09-18T00:00:00,Lower_Forest,1.3310017026470464,1.2355200000000002
2023-09-19T00:00:00,Lower_Forest,1.1277348116872106,1.3392000000000002
2023-09-20T00:00:00,Lower_Forest,0.7995868201709242,1.39968
2023-09-21T00:00:00,Lower_Forest,0.5922416829800511,1.35648
2023-09-22T00:00:00,Lower_Forest,0.4484586870951542,1.37376
2023-09-23T00:00:00,Lower_Forest,0.34331900459219483,1.28736
2023-09-24T00:00:00,Lower_Forest,0.29598864723625323,1.21824
2023-09-25T00:00:00,Lower_Forest,0.6038385540642679,1.3219200000000002
2023-09-26T00:00:00,Lower_Forest,0.990281109433659,1.09728
2023-09-27T00:00:00,Lower_Forest,0.8001050788782018,1.2614400000000001
2023-09-28T00:00:00,Lower_Forest,0.5805088611843373,1.19232
2023-09-29T00:00:00,Lower_Forest,0.4329659201628807,1.2528000000000001
2023-09-30T00:00:00,Lower_Forest,0.5157970506950813,1.4256
2023-10-01T00:00:00,Lower_Forest,0.3634083068998183,1.57248
2023-10-02T00:00:00,Lower_Forest,0.25074295684696013,1.6502400000000002
2023-10-03T00:00:00,Lower_Forest,0.1692328014808247,1.4342400000000002
2023-10-04T00:00:00,Lower_Forest,0.09817159149202205,1.58112
2023-10-05T00:00:00,Lower_Forest,0.037827867422461144,1.57248
2023-10-06T00:00:00,Lower_Forest,0.0031624197361884267,2.4904593213135313
2023-10-07T00:00:00,Lower_Forest,0.0015812098680942023,1.6161839120598331
2023-10-08T00:00:00,Lower_Forest,0.0007906049340471011,1.8041305523348319
2023-10-09T00:00:00,Lower_Forest,0.3568828024670236,1.6494579508055551
2023-10-10T00:00:00,Lower_Forest,0.2235664012335118,1.7202741698657584
2023-10-11T00:00:00,Lower_Forest,0.3780207006167559,1.7591910085128084
2023-10-12T00:00:00,Lower_Forest,0.23413535030837795,2.1261816207843456
2023-10-13T00:00:00,Lower_Forest,0.15316767515418894,1.5030642228484026
2023-10-14T00:00:00,Lower_Forest,0.3202588375770945,2.6826917037009164
2023-10-15T00:00:00,Lower_Forest,0.43022692366147763,1.3910400000000003
2023-10-16T00:00:00,Lower_Forest,0.6560411353163638,1.41696
2023-10-17T00:00:00,Lower_Forest,0.40583382379524496,1.46016
2023-10-18T00:00:00,Lower_Forest,0.3174556674209799,1.3478400000000001
2023-10-19T00:00:00,Lower_Forest,0.1995133636815103,1.2614400000000001
2023-10-20T00:00:00,Lower_Forest,0.1146908588146752,1.35648
2023-10-21T00:00:00,Lower_Forest,0.34870368868386553,1.3478400000000001
2023-10-22T00:00:00,Lower_Forest,0.20646767769080754,1.30464
2023-10-23T00:00:00,Lower_Forest,0.11075408885939156,1.3651200000000001
2023-10-24T00:00:00,Lower_Forest,0.038817269442283975,1.46016
2023-10-25T00:00:00,Lower_Forest,0.016091142010535676,2.1776493724307704
2023-10-26T00:00:00,Lower_Forest,0.008045571005267838,1.863872145843681
2023-10-27T00:00:00,Lower_Forest,0.00402278550263393,1.570740977943623
2023-10-28T00:00:00,Lower_Forest,0.002011392751316965,1.4266425201050348
2023-10-29T00:00:00,Lower_Forest,0.0010056963756584826,1.7155719062936574
2023-10-30T00:00:00,Lower_Forest,0.12685284818782927,1.602567335142103
2023-10-31T00:00:00,Lower_Forest,0.06342642409391464,1.5380877534362676
2023-11-01T00:00:00,Lower_Forest,0.11293821204695731,1.3507622707988893
2023-11-02T00:00:00,Lower_Forest,0.05646910602347868,1.346855579858936
2023-11-03T00:00:00,Lower_Forest,0.02823455301173934,1.4668001151337922
2023-11-04T00:00:00,Lower_Forest,0.09985477650586967,1.6552282855249156
2023-11-05T00:00:00,Lower_Forest,0.049927388252934836,1.5406381269313656
2023-11-06T00:00:00,Lower_Forest,0.024963694126467418,1.5335887662632894
2023-11-07T00:00:00,Lower_Forest,0.8788818470632336,1.4834581893435146
2023-11-08T00:00:00,Lower_Forest,0.7192159235316169,1.4830315808810273
2023-11-09T00:00:00,Lower_Forest,1.441841842875896,1.3478400000000001
2023-11-10T00:00:00,Lower_Forest,0.9265516612203673,1.2614400000000001
2023-11-11T00:00:00,Lower_Forest,0.6283850964143611,1.296
2023-11-12T00:00:00,Lower_Forest,0.4436100874309414,1.28736
2023-11-13T00:00:00,Lower_Forest,0.31300882901685523,1.48608
2023-11-14T00:00:00,Lower_Forest,0.21629662127967192,1.48608
2023-11-15T00:00:00,Lower_Forest,0.14174369673395623,1.41696
2023-11-16T00:00:00,Lower_Forest,0.07441009585168497,1.5984
2023-11-17T00:00:00,Lower_Forest,0.019783070662078607,1.48608
2023-11-18T00:00:00,Lower_Forest,0.0024562411362613504,2.077772003282281
2023-11-19T00:00:00,Lower_Forest,0.14111562056813068,1.4930284373524139
2023-11-20T00:00:00,Lower_Forest,0.07055781028406534,1.7124967977848837
2023-11-21T00:00:00,Lower_Forest,0.03527890514203267,1.456107108286034
2023-11-22T00:00:00,Lower_Forest,0.017639452571016335,1.4326993283369907
2023-11-23T00:00:00,Lower_Forest,0.8363974647013264,1.3651200000000001
2023-11-24T00:00:00,Lower_Forest,0.8462958282655346,1.3219200000000002
2023-11-25T00:00:00,Lower_Forest,0.6614778254561499,1.31328
2023-11-26T00:00:00,Lower_Forest,0.5319443829191184,1.31328
2023-11-27T00:00:00,Lower_Forest,1.0167344646314986,1.27872
2023-11-28T00:00:00,Lower_Forest,0.7096659781704946,1.0195200000000002
2023-11-29T00:00:00,Lower_Forest,0.597024835354518,0.95904
2023-11-30T00:00:00,Lower_Forest,0.43504722931960293,1.4342400000000002
2023-12-01T00:00:00,Lower_Forest,0.6273217951379113,1.4688
2023-12-02T00:00:00,Lower_Forest,2.106463109999255,1.35648
2023-12-03T00:00:00,Lower_Forest,1.8559820711868946,1.2441600000000002
2023-12-04T00:00:00,Lower_Forest,1.358404350161991,1.28736
2023-12-05T00:00:00,Lower_Forest,1.0418205581926847,1.4688
2023-12-06T00:00:00,Lower_Forest,0.8293820238968617,1.3305600000000002
2023-12-07T00:00:00,Lower_Forest,0.6726163822688996,1.3219200000000002
2023-12-08T00:00:00,Lower_Forest,0.6379164744228709,1.0195200000000002
2023-12-09T00:00:00,Lower_Forest,0.517996192171015,1.0281600000000002
2023-12-10T00:00:00,Lower_Forest,0.42270985554912804,1.0281600000000002
2023-12-11T00:00:00,Lower_Forest,0.34767951129182123,0.88128
2023-12-12T00:00:00,Lower_Forest,0.2672422808114425,1.41696
2023-12-13T00:00:00,Lower_Forest,0.25010896305470065,1.5379200000000002
2023-12-14T00:00:00,Lower_Forest,0.17813542191143036,1.14048
2023-12-15T00:00:00,Lower_Forest,0.12310295730138851,1.0281600000000002
2023-12-16T00:00:00,Lower_Forest,0.3982082003617996,1.01088
2023-12-17T00:00:00,Lower_Forest,0.2553547497208945,1.1491200000000001
2023-12-18T00:00:00,Lower_Forest,0.15899255944644386,1.21824
2023-12-19T00:00:00,Lower_Forest,0.1777307458506181,1.3305600000000002
2023-12-20T00:00:00,Lower_Forest,0.4567242424399661,1.0281600000000002
2023-12-21T00:00:00,Lower_Forest,0.3740026537831757,0.9763200000000001
2023-12-22T00:00:00,Lower_Forest,0.25020430619845974,0.8553600000000001
2023-12-23T00:00:00,Lower_Forest,0.9797998094754143,0.7689600000000001
2023-12-24T00:00:00,Lower_Forest,0.8612248204762746,0.8640000000000001
2023-12-25T00:00:00,Lower_Forest,0.6167867844028487,0.89856
2023-12-26T00:00:00,Lower_Forest,0.46947032894966345,0.6652800000000001
2023-12-27T00:00:00,Lower_Forest,0.5664178325482491,0.79488
2023-12-28T00:00:00,Lower_Forest,1.1602000425401982,1.0195200000000002
2023-12-29T00:00:00,Lower_Forest,0.9192999849095647,1.10592
2023-12-30T00:00:00,Lower_Forest,0.8041994597303025,0.89856
2023-12-31T00:00:00,Lower_Forest,0.7380984254131175,0.8899200000000002
2024-01-01T00:00:00,Lower_Forest,0.7215565386997299,0.89856
2024-01-02T00:00:00,Lower_Forest,0.690543362743719,1.09728
2024-01-03T00:00:00,Lower_Forest,0.5281310654263266,1.09728
2024-01-04T00:00:00,Lower_Forest,0.6614586033621858,1.00224
2024-01-05T00:00:00,Lower_Forest,0.6630682152652125,0.87264
2024-01-06T00:00:00,Lower_Forest,0.5090185298583125,0.69984
2024-01-07T00:00:00,Lower_Forest,0.40426604493229074,0.6825600000000001
2024-01-08T00:00:00,Lower_Forest,0.3230469244689686,0.8035200000000001
2024-01-09T00:00:00,Lower_Forest,0.2593299740370244,0.7689600000000001
2024-01-10T00:00:00,Lower_Forest,0.211340447640798,0.59616
2024-01-11T00:00:00,Lower_Forest,0.1749013383804583,0.44064
2024-01-12T00:00:00,Lower_Forest,0.1423714722942813,0.46656000000000003
2024-01-13T00:00:00,Lower_Forest,0.11957765894078805,0.26784
2024-01-14T00:00:00,Lower_Forest,0.09491755998467788,0.41472000000000003
2024-01-15T00:00:00,Lower_Forest,0.2523538374551916,0.54432
2024-01-16T00:00:00,Lower_Forest,1.0961938204441644,0.69984
2024-01-17T00:00:00,Lower_Forest,0.7547656217669952,0.6307200000000001
2024-01-18T00:00:00,Lower_Forest,0.6386194512739181,0.8640000000000001
2024-01-19T00:00:00,Lower_Forest,0.7682389269883373,0.88128
2024-01-20T00:00:00,Lower_Forest,0.7447207947104088,1.09728
2024-01-21T00:00:00,Lower_Forest,1.1336786954498212,0.7603200000000001
2024-01-22T00:00:00,Lower_Forest,0.8759081410100646,0.7171200000000001
2024-01-23T00:00:00,Lower_Forest,0.6867800344616717,0.38880000000000003
2024-01-24T00:00:00,Lower_Forest,0.5617605847918117,0.38016000000000005
2024-01-25T00:00:00,Lower_Forest,0.46911940320078427,0.46656000000000003
2024-01-26T00:00:00,Lower_Forest,0.40760370132478224,0.11232
2024-01-27T00:00:00,Lower_Forest,0.3573382504143433,0.1296
2024-01-28T00:00:00,Lower_Forest,0.3187958849839291,0.0
2024-01-29T00:00:00,Lower_Forest,0.2855120262910451,0.0
2024-01-30T00:00:00,Lower_Forest,0.47250521356469566,0.24192
2024-01-31T00:00:00,Lower_Forest,0.4658422121596031,0.32832
2024-02-01T00:00:00,Lower_Forest,0.36895530091933143,0.21600000000000003
2024-02-02T00:00:00,Lower_Forest,0.4167876758152422,0.648
2024-02-03T00:00:00,Lower_Forest,0.3165909607276408,0.70848
2024-02-04T00:00:00,Lower_Forest,0.25282169090183876,0.44928
2024-02-05T00:00:00,Lower_Forest,0.2104476349351348,0.2592
2024-02-06T00:00:00,Lower_Forest,0.17619132800336193,0.28512
2024-02-07T00:00:00,Lower_Forest,0.151836823483895,0.14688
2024-02-08T00:00:00,Lower_Forest,0.12797185527593918,0.25056
2024-02-09T00:00:00,Lower_Forest,0.11148202681856394,0.10368000000000001
2024-02-10T00:00:00,Lower_Forest,0.10004270267181596,0.0
2024-02-11T00:00:00,Lower_Forest,0.14155617167218856,0.57024
2024-02-12T00:00:00,Lower_Forest,0.1771683491387474,0.7257600000000001
2024-02-13T00:00:00,Lower_Forest,0.12056546154176184,0.45792
2024-02-14T00:00:00,Lower_Forest,0.0912690890460299,0.15552000000000002
2024-02-15T00:00:00,Lower_Forest,0.17183864197064883,0.8121600000000001
2024-02-16T00:00:00,Lower_Forest,0.1085143586881954,0.59616
2024-02-17T00:00:00,Lower_Forest,0.06565031327668246,0.59616
2024-02-18T00:00:00,Lower_Forest,0.03517337717766684,0.5616
2024-02-19T00:00:00,Lower_Forest,0.014386487074227171,0.45792
2024-02-20T00:00:00,Lower_Forest,0.0033320305525222694,0.668095238450964
2024-02-21T00:00:00,Lower_Forest,0.0016660152762611347,0.5349810446522261
2024-02-22T00:00:00,Lower_Forest,0.0008330076381305674,0.6029474491699839
2024-02-23T00:00:00,Lower_Forest,0.0004165038190652837,0.5759506299795611
2024-02-24T00:00:00,Lower_Forest,0.00020825190953264184,0.5748428922299142
2024-02-25T00:00:00,Lower_Forest,0.08132912595476634,0.4978876422693551
2024-02-26T00:00:00,Lower_Forest,0.04066456297738317,0.17160941569851212
2024-02-27T00:00:00,Lower_Forest,0.020332281488691574,0.2745855539556914
2024-02-28T00:00:00,Lower_Forest,0.7198407416218114,0.27648
2024-02-29T00:00:00,Lower_Forest,0.8160883526623792,0.11232
2024-03-01T00:00:00,Lower_Forest,0.7124765349975162,0.0
2024-03-02T00:00:00,Lower_Forest,0.6113200152984517,0.0
2024-03-03T00:00:00,Lower_Forest,0.48243733066894967,0.0
2024-03-04T00:00:00,Lower_Forest,0.40031825605222515,0.0
2024-03-05T00:00:00,Lower_Forest,0.34334875967208844,0.0
2024-03-06T00:00:00,Lower_Forest,0.6100122983174222,0.0
2024-03-07T00:00:00,Lower_Forest,0.8699022757919512,0.0
2024-03-08T00:00:00,Lower_Forest,0.6671926518658913,0.0
2024-03-09T00:00:00,Lower_Forest,0.5884606885058696,0.0
2024-03-10T00:00:00,Lower_Forest,0.49111827056856616,0.0
2024-03-11T00:00:00,Lower_Forest,0.5316448939683518,0.0
2024-03-12T00:00:00,Lower_Forest,0.44613587979983665,0.0
2024-03-13T00:00:00,Lower_Forest,0.6718937794340132,0.0
2024-03-14T00:00:00,Lower_Forest,0.5368276452976908,0.0
2024-03-15T00:00:00,Lower_Forest,0.44920650267146184,0.0
2024-03-16T00:00:00,Lower_Forest,0.4446254133560863,0.0
2024-03-17T00:00:00,Lower_Forest,0.5803007774963641,0.0
2024-03-18T00:00:00,Lower_Forest,0.5251718524846687,0.07776000000000001
2024-03-19T00:00:00,Lower_Forest,0.5078645186051738,0.0432
2024-03-20T00:00:00,Lower_Forest,0.5256904924291436,0.0
2024-03-21T00:00:00,Lower_Forest,0.43432515602847177,0.0
2024-03-22T00:00:00,Lower_Forest,0.37149449684674724,0.0
2024-03-23T00:00:00,Lower_Forest,0.3762238503726329,0.0
2024-03-24T00:00:00,Lower_Forest,0.3745674919406516,0.0
2024-03-25T00:00:00,Lower_Forest,0.39304388104922594,0.0
2024-03-26T00:00:00,Lower_Forest,0.4836434370956231,0.0
2024-03-27T00:00:00,Lower_Forest,0.6140814404617194,0.0
2024-03-28T00:00:00,Lower_Forest,0.694691294953377,0.03456
2024-03-29T00:00:00,Lower_Forest,0.5462241147269542,0.00864
2024-03-30T00:00:00,Lower_Forest,0.4522322778887164,0.0
2024-03-31T00:00:00,Lower_Forest,0.5863497624170719,0.051840000000000004
2024-04-01T00:00:00,Lower_Forest,0.5242557423339795,0.3024
2024-04-02T00:00:00,Lower_Forest,0.6435029961798886,0.27648
2024-04-03T00:00:00,Lower_Forest,0.5026264106015551,0.40608000000000005
2024-04-04T00:00:00,Lower_Forest,0.4160446265612275,0.13824
2024-04-05T00:00:00,Lower_Forest,0.43207796741501825,0.025920000000000002
2024-04-06T00:00:00,Lower_Forest,0.35802402242847237,0.24192
2024-04-07T00:00:00,Lower_Forest,0.31042734606310235,0.0
2024-04-08T00:00:00,Lower_Forest,0.273487474395531,0.0
2024-04-09T00:00:00,Lower_Forest,0.4953486584253478,0.0
2024-04-10T00:00:00,Lower_Forest,0.39042775831749627,0.0432
2024-04-11T00:00:00,Lower_Forest,0.3243399653530884,0.0
2024-04-12T00:00:00,Lower_Forest,0.37007746025145055,0.0
2024-04-13T00:00:00,Lower_Forest,0.3071754599431411,0.0
2024-04-14T00:00:00,Lower_Forest,0.26351078680724477,0.0
2024-04-15T00:00:00,Lower_Forest,0.23068614455572772,0.0
2024-04-16T00:00:00,Lower_Forest,0.26168949831475996,0.0
2024-04-17T00:00:00,Lower_Forest,0.5543347825905856,0.0
2024-04-18T00:00:00,Lower_Forest,0.42275592138517804,0.0
2024-04-19T00:00:00,Lower_Forest,0.3424076377734874,0.0
2024-04-20T00:00:00,Lower_Forest,0.28913052825955143,0.0
2024-04-21T00:00:00,Lower_Forest,0.29654630256530345,0.0
2024-04-22T00:00:00,Lower_Forest,0.25256608587462626,0.0
2024-04-23T00:00:00,Lower_Forest,0.22014668407008978,0.0
2024-04-24T00:00:00,Lower_Forest,0.19455061905454363,0.0
2024-04-25T00:00:00,Lower_Forest,0.1733048588448212,0.0
2024-04-26T00:00:00,Lower_Forest,0.15507902380820432,0.0
2024-04-27T00:00:00,Lower_Forest,0.1391234468513161,0.0
2024-04-28T00:00:00,Lower_Forest,0.12498726487815061,0.0
2024-04-29T00:00:00,Lower_Forest,0.238455869746319,0.0
2024-04-30T00:00:00,Lower_Forest,0.18228484844967888,0.19872
2024-05-01T00:00:00,Lower_Forest,0.14517204644370552,0.19008000000000003
2024-05-02T00:00:00,Lower_Forest,0.21840683321883142,0.29376
2024-05-03T00:00:00,Lower_Forest,0.16708044560669547,0.15552000000000002
2024-05-04T00:00:00,Lower_Forest,0.13796234890089962,0.0
2024-05-05T00:00:00,Lower_Forest,0.11796108793824651,0.0
2024-05-06T00:00:00,Lower_Forest,0.1030624661081418,0.0
2024-05-07T00:00:00,Lower_Forest,0.18862983797918742,0.0
2024-05-08T00:00:00,Lower_Forest,0.28934228842219634,0.0864
2024-05-09T00:00:00,Lower_Forest,0.6211217767004407,0.0
2024-05-10T00:00:00,Lower_Forest,0.5696964575906287,0.0
2024-05-11T00:00:00,Lower_Forest,0.5571936161116817,0.0
2024-05-12T00:00:00,Lower_Forest,0.43842140664057067,0.0
2024-05-13T00:00:00,Lower_Forest,0.4776703420465438,0.0
2024-05-14T00:00:00,Lower_Forest,0.5506883458769039,0.0
2024-05-15T00:00:00,Lower_Forest,0.5683762803067218,0.0
2024-05-16T00:00:00,Lower_Forest,0.5731870367848036,0.0
2024-05-17T00:00:00,Lower_Forest,0.46468992536070103,0.025920000000000002
2024-05-18T00:00:00,Lower_Forest,0.39172452895181853,0.0432
2024-05-19T00:00:00,Lower_Forest,0.3371006741202306,0.09504000000000001
2024-05-20T00:00:00,Lower_Forest,0.3356514307400041,0.051840000000000004
2024-05-21T00:00:00,Lower_Forest,0.33068167468190257,0.0
2024-05-22T00:00:00,Lower_Forest,0.2834824507216614,0.0
2024-05-23T00:00:00,Lower_Forest,0.24806867740346886,0.0
2024-05-24T00:00:00,Lower_Forest,0.21972904554010825,0.0
2024-05-25T00:00:00,Lower_Forest,0.19598975892459125,0.0
2024-05-26T00:00:00,Lower_Forest,0.17550759200138005,0.0
2024-05-27T00:00:00,Lower_Forest,0.15751523728586547,0.0
2024-05-28T00:00:00,Lower_Forest,0.14154291579959014,0.0
2024-05-29T00:00:00,Lower_Forest,0.1272782253407871,0.0
2024-05-30T00:00:00,Lower_Forest,0.10957040336728624,0.16416
2024-05-31T00:00:00,Lower_Forest,0.09599376331084598,0.0864
2024-06-01T00:00:00,Lower_Forest,0.08249258711990558,0.1296
2024-06-02T00:00:00,Lower_Forest,0.07423642847798657,0.0
2024-06-03T00:00:00,Lower_Forest,0.06680933566522361,0.0
2024-06-04T00:00:00,Lower_Forest,0.058053077116220514,0.06912
2024-06-05T00:00:00,Lower_Forest,0.04498930691335716,0.24192
2024-06-06T00:00:00,Lower_Forest,0.03375074497640158,0.22464
2024-06-07T00:00:00,Lower_Forest,0.03037545485595147,0.0
2024-06-08T00:00:00,Lower_Forest,0.027337801558949982,0.0
2024-06-09T00:00:00,Lower_Forest,0.02460396749735206,0.0
2024-06-10T00:00:00,Lower_Forest,0.022143543794764804,0.0
2024-06-11T00:00:00,Lower_Forest,0.01992917593886222,0.0
2024-06-12T00:00:00,Lower_Forest,0.01793625160676337,0.0
2024-06-13T00:00:00,Lower_Forest,0.01614262307698131,0.0
2024-06-14T00:00:00,Lower_Forest,0.01452835908473015,0.0
2024-06-15T00:00:00,Lower_Forest,0.013075522333980525,0.0
2024-06-16T00:00:00,Lower_Forest,0.01176796967944375,0.0
2024-06-17T00:00:00,Lower_Forest,0.01059117250092984,0.0
2024-06-18T00:00:00,Lower_Forest,0.009532055145551239,0.0
2024-06-19T00:00:00,Lower_Forest,0.008578849578352976,0.0
2024-06-20T00:00:00,Lower_Forest,0.00772096459419644,0.0
2024-06-21T00:00:00,Lower_Forest,0.006948868121616348,0.0
2024-06-22T00:00:00,Lower_Forest,0.006253981302873966,0.0
2024-06-23T00:00:00,Lower_Forest,0.005628583169296291,0.0
2024-06-24T00:00:00,Lower_Forest,0.005065724850721534,0.0
2024-06-25T00:00:00,Lower_Forest,0.004559152364826806,0.0
2024-06-26T00:00:00,Lower_Forest,0.004103237127932924,0.0
2024-06-27T00:00:00,Lower_Forest,0.0036929134149332743,0.0
2024-06-28T00:00:00,Lower_Forest,0.003323622073337611,0.0
2024-06-29T00:00:00,Lower_Forest,0.002991259865951648,0.0
2024-06-30T00:00:00,Lower_Forest,0.0026921338793308184,0.0
2024-07-01T00:00:00,Lower_Forest,0.002422920491384648,0.0
2024-07-02T00:00:00,Lower_Forest,0.002180628442239554,0.0
2024-07-03T00:00:00,Lower_Forest,0.001962565598011943,0.0
2024-07-04T00:00:00,Lower_Forest,3.019806626980426e-15,0.18850240279034364
2024-07-05T00:00:00,Lower_Forest,1.509903313490213e-15,0.14681653538709738
2024-07-06T00:00:00,Lower_Forest,7.549516567451065e-16,0.08632038471257168
2024-07-07T00:00:00,Lower_Forest,3.7747582837255326e-16,0.017259104888354894
2024-07-08T00:00:00,Lower_Forest,1.7763568394002506e-16,0.08629055381956663
2024-07-09T00:00:00,Lower_Forest,8.881784197001253e-17,0.0
2024-07-10T00:00:00,Lower_Forest,4.4408920985006264e-17,0.0
2024-07-11T00:00:00,Lower_Forest,2.2204460492503132e-17,0.0
2024-07-12T00:00:00,Lower_Forest,0.0,0.17253140428013317
2024-07-13T00:00:00,Lower_Forest,0.6849831974618652,0.21600000000000003
2024-07-14T00:00:00,Lower_Forest,0.6912183277156785,0.20736000000000002
2024-07-15T00:00:00,Lower_Forest,0.48794121994411044,0.40608000000000005
2024-07-16T00:00:00,Lower_Forest,0.5454782604496993,0.53568
2024-07-17T00:00:00,Lower_Forest,0.6486119656547314,0.4752
2024-07-18T00:00:00,Lower_Forest,0.5607453597142595,0.8121600000000001
2024-07-19T00:00:00,Lower_Forest,0.886341444055334,0.74304
2024-07-20T00:00:00,Lower_Forest,0.7372500848060497,0.648
2024-07-21T00:00:00,Lower_Forest,0.5652497189035695,0.5616
2024-07-22T00:00:00,Lower_Forest,0.4493486683022757,0.6220800000000001
2024-07-23T00:00:00,Lower_Forest,0.4948434121165799,0.5097600000000001
2024-07-24T00:00:00,Lower_Forest,0.38684077622718815,0.7344
2024-07-25T00:00:00,Lower_Forest,0.309436751265601,0.6825600000000001
2024-07-26T00:00:00,Lower_Forest,0.24578430246960636,0.78624
2024-07-27T00:00:00,Lower_Forest,0.19668668538792902,0.6652800000000001
2024-07-28T00:00:00,Lower_Forest,0.1571120234317799,0.58752
2024-07-29T00:00:00,Lower_Forest,0.12341262437992263,0.5616
2024-07-30T00:00:00,Lower_Forest,0.08898766358758987,0.7171200000000001
2024-07-31T00:00:00,Lower_Forest,0.057512648051661425,0.74304
2024-08-01T00:00:00,Lower_Forest,0.03243805865791009,0.63936
2024-08-02T00:00:00,Lower_Forest,0.008127790497826286,0.69984
2024-08-03T00:00:00,Lower_Forest,6.722857952117245e-05,0.9235120269657839
2024-08-04T00:00:00,Lower_Forest,3.3614289760586226e-05,1.0171995573877781
2024-08-05T00:00:00,Lower_Forest,1.680714488028201e-05,1.0309253089510797
2024-08-06T00:00:00,Lower_Forest,8.403572440141005e-06,1.0958535386325996
2024-08-07T00:00:00,Lower_Forest,4.2017862200705025e-06,1.305058830496906
2024-08-08T00:00:00,Lower_Forest,0.09025210089311005,1.192184549918703
2024-08-09T00:00:00,Lower_Forest,0.18050105044655507,1.2109837937024932
2024-08-10T00:00:00,Lower_Forest,0.13988802522327753,1.3050039418005344
2024-08-11T00:00:00,Lower_Forest,0.06994401261163877,1.097787794442256
2024-08-12T00:00:00,Lower_Forest,0.034972006305819384,1.06092891977596
2024-08-13T00:00:00,Lower_Forest,0.017486003152909692,1.0322918952349147
2024-08-14T00:00:00,Lower_Forest,0.09899300157645485,0.7949897679355545
2024-08-15T00:00:00,Lower_Forest,0.04949650078822743,0.8278326309560005
2024-08-16T00:00:00,Lower_Forest,0.024748250394113703,1.1548887528316059
2024-08-17T00:00:00,Lower_Forest,0.012374125197056851,1.436364344507702
2024-08-18T00:00:00,Lower_Forest,0.006187062598528437,1.4044846841512788
2024-08-19T00:00:00,Lower_Forest,0.07529353129926425,1.3592724534207163
2024-08-20T00:00:00,Lower_Forest,0.037646765649632125,1.3295529282015888
2024-08-21T00:00:00,Lower_Forest,0.10004838282481608,1.2363047354456316
2024-08-22T00:00:00,Lower_Forest,0.05002419141240804,1.0508879047972257
2024-08-23T00:00:00,Lower_Forest,0.02501209570620402,1.0643693863186108
2024-08-24T00:00:00,Lower_Forest,0.01250604785310201,1.1759623882600332
2024-08-25T00:00:00,Lower_Forest,0.006253023926551005,1.220498674473688
2024-08-26T00:00:00,Lower_Forest,0.11593901196327555,1.2033665933515947
2024-08-27T00:00:00,Lower_Forest,0.12565700598163776,1.1621394508478289
2024-08-28T00:00:00,Lower_Forest,0.06282850299081888,1.3720385568227937
2024-08-29T00:00:00,Lower_Forest,0.09910175149540944,1.2800317757131114
2024-08-30T00:00:00,Lower_Forest,0.04955087574770472,1.4307123260264787
2024-08-31T00:00:00,Lower_Forest,0.02477543787385237,1.3922135087018666
2024-09-01T00:00:00,Lower_Forest,0.2109377189369262,1.3136327106941565
2024-09-02T00:00:00,Lower_Forest,0.1054688594684631,1.5548829695001678
2024-09-03T00:00:00,Lower_Forest,0.05273442973423155,1.379497515738889
2024-09-04T00:00:00,Lower_Forest,0.026367214867115775,0.9159149638075841
2024-09-05T00:00:00,Lower_Forest,0.013183607433557887,1.0815363847631174
2024-09-06T00:00:00,Lower_Forest,0.006591803716778944,1.3090383199848135
2024-09-07T00:00:00,Lower_Forest,0.003295901858389483,1.382446524721412
2024-09-08T00:00:00,Lower_Forest,0.0016479509291947416,1.304441763674306
2024-09-09T00:00:00,Lower_Forest,0.35279897546459743,1.058624835627075
2024-09-10T00:00:00,Lower_Forest,0.48776198773229873,0.9827740185524152
2024-09-11T00:00:00,Lower_Forest,0.24388099386614936,1.221655655420415
2024-09-12T00:00:00,Lower_Forest,0.12194049693307468,1.358592160470326
2024-09-13T00:00:00,Lower_Forest,0.38135774846653736,1.25457310012167
2024-09-14T00:00:00,Lower_Forest,0.2899538742332687,1.2360260395815954
2024-09-15T00:00:00,Lower_Forest,0.3480394371166344,1.3349151836941264
2024-09-16T00:00:00,Lower_Forest,0.1740197185583172,1.1875503653362083
2024-09-17T00:00:00,Lower_Forest,0.08700985927915861,1.3341071048137971
2024-09-18T00:00:00,Lower_Forest,0.043504929639579304,1.2886690679270931
2024-09-19T00:00:00,Lower_Forest,0.13005246481978966,1.361976741378281
2024-09-20T00:00:00,Lower_Forest,0.06502623240989483,1.5546387165014874
2024-09-21T00:00:00,Lower_Forest,0.032513116204947415,1.539586976552749
2024-09-22T00:00:00,Lower_Forest,0.016256558102473707,1.4914739038263531
2024-09-23T00:00:00,Lower_Forest,0.008128279051236854,1.5162179010436865
2024-09-24T00:00:00,Lower_Forest,0.004064139525618416,1.5804079113964868
2024-09-25T00:00:00,Lower_Forest,0.2818070697628093,1.5053320160955637
2024-09-26T00:00:00,Lower_Forest,0.14090353488140464,1.3914515361968747
2024-09-27T00:00:00,Lower_Forest,0.07045176744070232,1.4598692758547915
2024-09-28T00:00:00,Lower_Forest,0.03522588372035116,1.445890638916089
2024-09-29T00:00:00,Lower_Forest,0.01761294186017559,1.3119594997556818
2024-09-30T00:00:00,Lower_Forest,0.008806470930087795,1.29818593546242
2024-10-01T00:00:00,Lower_Forest,0.004403235465043886,1.3237596057591896
2024-10-02T00:00:00,Lower_Forest,0.002201617732521943,1.309608630202295
2024-10-03T00:00:00,Lower_Forest,0.0011008088662609605,1.3189666594806442
2024-10-04T00:00:00,Lower_Forest,0.0005504044331304803,1.4290714883867388
2024-10-05T00:00:00,Lower_Forest,0.00027520221656525125,1.4369628918101862
2024-10-06T00:00:00,Lower_Forest,0.00013760110828262562,1.4753775513867238
2024-10-07T00:00:00,Lower_Forest,6.880055414131281e-05,1.558924148111628
2024-10-08T00:00:00,Lower_Forest,3.4400277070645306e-05,1.3902321401753828
2024-10-09T00:00:00,Lower_Forest,0.06319220013853535,1.4919278216771248
2024-10-10T00:00:00,Lower_Forest,0.43772110006926773,1.1924214839724092
2024-10-11T00:00:00,Lower_Forest,0.21886055003463387,1.2265783003507469
2024-10-12T00:00:00,Lower_Forest,0.10943027501731693,1.3173743589013673
2024-10-13T00:00:00,Lower_Forest,0.054715137508658446,1.488902031148826
2024-10-14T00:00:00,Lower_Forest,0.027357568754329223,1.177938888902754
2024-10-15T00:00:00,Lower_Forest,0.013678784377164611,1.2640608481730284
2024-10-16T00:00:00,Lower_Forest,0.006839392188582316,1.363761596136811
2024-10-17T00:00:00,Lower_Forest,0.003419696094291158,1.4317750604652064
2024-10-18T00:00:00,Lower_Forest,0.001709848047145579,1.535814990640727
2024-10-19T00:00:00,Lower_Forest,0.0008549240235727895,1.2451156536843893
2024-10-20T00:00:00,Lower_Forest,0.0004274620117863837,1.2096072835240643
2024-10-21T00:00:00,Lower_Forest,0.00021373100589319185,1.31401624500822
2024-10-22T00:00:00,Lower_Forest,0.00010686550294658481,1.1246707639587452
2024-10-23T00:00:00,Lower_Forest,5.3432751473292406e-05,1.0978727163291186
2024-10-24T00:00:00,Lower_Forest,2.6716375736635103e-05,1.4116183440926782
2024-10-25T00:00:00,Lower_Forest,1.3358187868317552e-05,1.4252866225046323
2024-10-26T00:00:00,Lower_Forest,6.679093934147673e-06,1.545992084563908
2024-10-27T00:00:00,Lower_Forest,3.3395469670738365e-06,1.5506006580870269
2024-10-28T00:00:00,Lower_Forest,0.04512666977348352,1.4867761837524658
2024-10-29T00:00:00,Lower_Forest,0.02256333488674176,1.5283127397989422
2024-10-30T00:00:00,Lower_Forest,0.9498816674433709,1.282384429803856
2024-10-31T00:00:00,Lower_Forest,0.6689783337216855,1.2327232396660504
2024-11-01T00:00:00,Lower_Forest,0.45181416686084275,1.2762044790776519
2024-11-02T00:00:00,Lower_Forest,0.22590708343042137,1.5194518565858293
2024-11-03T00:00:00,Lower_Forest,0.17612854171521067,1.5872178857857364
2024-11-04T00:00:00,Lower_Forest,0.08806427085760533,1.537582187949779
2024-11-05T00:00:00,Lower_Forest,0.04403213542880267,1.5010866371582388
2024-11-06T00:00:00,Lower_Forest,0.022016067714401323,1.5230810305606501
2024-11-07T00:00:00,Lower_Forest,0.011008033857200662,1.5440430147296595
2024-11-08T00:00:00,Lower_Forest,0.8087290169286003,1.3005690038747788
2024-11-09T00:00:00,Lower_Forest,0.40436450846430017,1.3577319692130636
2024-11-10T00:00:00,Lower_Forest,0.20218225423215008,1.299326016901282
2024-11-11T00:00:00,Lower_Forest,0.687716127116075,1.2924519428165642
2024-11-12T00:00:00,Lower_Forest,0.3438580635580375,1.262164450711595
2024-11-13T00:00:00,Lower_Forest,0.17192903177901875,1.2556957128128725
2024-11-14T00:00:00,Lower_Forest,0.17170201588950942,1.1165001532664482
2024-11-15T00:00:00,Lower_Forest,0.08585100794475471,1.2944332655509225
2024-11-16T00:00:00,Lower_Forest,0.10158800397237738,1.3159764144262347
2024-11-17T00:00:00,Lower_Forest,0.05079400198618869,1.4204658323490316
2024-11-18T00:00:00,Lower_Forest,0.33224700099309434,1.4287390805725253
2024-11-19T00:00:00,Lower_Forest,0.16612350049654717,1.3509966007355694
2024-11-20T00:00:00,Lower_Forest,0.08306175024827356,1.3012389181947024
2024-11-21T00:00:00,Lower_Forest,0.04153087512413678,1.327838757292876
2024-11-22T00:00:00,Lower_Forest,0.02076543756206839,1.2680938505859078
2024-11-23T00:00:00,Lower_Forest,0.010382718781034184,1.0315922563903044
2024-11-24T00:00:00,Lower_Forest,0.005191359390517092,1.0508017022556555
2024-11-25T00:00:00,Lower_Forest,0.0025956796952585574,1.1155122888451747
2024-11-26T00:00:00,Lower_Forest,0.0012978398476292787,1.2402188783651475
2024-11-27T00:00:00,Lower_Forest,0.0006489199238146393,1.2798631394993247
2024-11-28T00:00:00,Lower_Forest,0.00032445996190730856,1.28872075995689
2024-11-29T00:00:00,Lower_Forest,0.00016222998095365428,1.1548930632196637
2024-11-30T00:00:00,Lower_Forest,0.13094361499047685,1.1099978199758798
2024-12-01T00:00:00,Lower_Forest,0.42195930749523836,1.182072712921582
2024-12-02T00:00:00,Lower_Forest,0.2786671537476192,1.089027370504502
2024-12-03T00:00:00,Lower_Forest,0.20702107687380958,0.9700097303308836
2024-12-04T00:00:00,Lower_Forest,0.10351053843690479,1.0309633483992944
2024-12-05T00:00:00,Lower_Forest,0.051755269218452415,1.2268986911724062
2024-12-06T00:00:00,Lower_Forest,0.025877634609226208,1.305800189288523
2024-12-07T00:00:00,Lower_Forest,0.012938817304613104,1.2999086209994646
2024-12-08T00:00:00,Lower_Forest,0.0064694086523065415,1.293757815418782
2024-12-09T00:00:00,Lower_Forest,0.0032347043261532708,1.2650369896634541
2024-12-10T00:00:00,Lower_Forest,0.0016173521630766354,1.132310643261186
2024-12-11T00:00:00,Lower_Forest,0.0008086760815383177,1.3350620140258938
2024-12-12T00:00:00,Lower_Forest,0.00040433804076915885,1.2248585904365281
2024-12-13T00:00:00,Lower_Forest,0.0002021690203845683,1.0941729596559167
2024-12-14T00:00:00,Lower_Forest,0.00010108451019228415,1.0894815486160925
2024-12-15T00:00:00,Lower_Forest,5.054225509613098e-05,1.1794560229199562
2024-12-16T00:00:00,Lower_Forest,0.3339502711275481,1.151309936809725
2024-12-17T00:00:00,Lower_Forest,0.48736263556377407,1.0768208920779567
2024-12-18T00:00:00,Lower_Forest,0.455768817781887,0.8264821197297718
2024-12-19T00:00:00,Lower_Forest,0.2278844088909435,0.8756536972575355
2024-12-20T00:00:00,Lower_Forest,0.29444220444547176,0.7675837755996489
2024-12-21T00:00:00,Lower_Forest,0.14722110222273588,0.8377481925264788
2024-12-22T00:00:00,Lower_Forest,0.07361055111136797,0.9133014439481916
2024-12-23T00:00:00,Lower_Forest,0.099980275555684,0.9132548606487907
2024-12-24T00:00:00,Lower_Forest,0.122190137777842,0.7920460200430531
2024-12-25T00:00:00,Lower_Forest,0.061095068888921,0.6467524227435753
2024-12-26T00:00:00,Lower_Forest,0.0305475344444605,0.40270160462180826
2024-12-27T00:00:00,Lower_Forest,0.01527376722223024,0.33398220405797446
2024-12-28T00:00:00,Lower_Forest,0.11593688361111512,0.5327655753305458
2024-12-29T00:00:00,Lower_Forest,0.05796844180555754,0.608849484958628
2024-12-30T00:00:00,Lower_Forest,0.02898422090277877,0.547242941294931
2024-12-31T00:00:00,Lower_Forest,0.014492110451389385,0.6298531497110811
2025-01-01T00:00:00,Lower_Forest,0.007246055225694681,0.2953208923078662
2025-01-02T00:00:00,Lower_Forest,0.0036230276128473406,0.3858029853718229
2025-01-03T00:00:00,Lower_Forest,0.0018115138064236814,0.47590973875968196
2025-01-04T00:00:00,Lower_Forest,0.0009057569032118407,0.671117975415979
2025-01-05T00:00:00,Lower_Forest,0.3118153784516059,0.8210317418176657
2025-01-06T00:00:00,Lower_Forest,0.15590768922580295,0.7618911316453959
2025-01-07T00:00:00,Lower_Forest,0.07795384461290147,1.0816387773508453
2025-01-08T00:00:00,Lower_Forest,0.3187519223064508,1.1733024998486357
2025-01-09T00:00:00,Lower_Forest,0.1593759611532254,1.013253506363424
2025-01-10T00:00:00,Lower_Forest,0.0796879805766127,0.759095998707205
2025-01-11T00:00:00,Lower_Forest,0.03984399028830635,0.4440539129896718
2025-01-12T00:00:00,Lower_Forest,0.01992199514415316,0.4895025264988833
2025-01-13T00:00:00,Lower_Forest,0.00996099757207658,0.5498612059933848
2025-01-14T00:00:00,Lower_Forest,0.0049804987860382795,0.7012622845952874
2025-01-15T00:00:00,Lower_Forest,0.0024902493930191397,0.5854206246928753
2025-01-16T00:00:00,Lower_Forest,0.0012451246965095699,0.29586678724519044
2025-01-17T00:00:00,Lower_Forest,0.5917600623482547,0.5102586141028075
2025-01-18T00:00:00,Lower_Forest,0.29588003117412737,0.2104160700266276
2025-01-19T00:00:00,Lower_Forest,0.14794001558706368,0.14868400311176033
2025-01-20T00:00:00,Lower_Forest,0.07397000779353187,0.05488255342302495
2025-01-21T00:00:00,Lower_Forest,0.036985003896765935,0.08633207737208241
2025-01-22T00:00:00,Lower_Forest,0.27570500194838304,0.6492224575150131
2025-01-23T00:00:00,Lower_Forest,0.2145650009741915,1.049962938333156
2025-01-24T00:00:00,Lower_Forest,0.10728250048709578,0.9542200051013218
2025-01-25T00:00:00,Lower_Forest,0.1709662502435479,0.6374933033408448
2025-01-26T00:00:00,Lower_Forest,0.08548312512177395,0.9327782541467411
2025-01-27T00:00:00,Lower_Forest,0.14201656256088696,1.0217485299138895
2025-01-28T00:00:00,Lower_Forest,0.7117832812804435,0.9113975649854469
2025-01-29T00:00:00,Lower_Forest,0.3558916406402218,0.8367546664624617
2025-01-30T00:00:00,Lower_Forest,0.1779458203201109,0.6498146694086944
2025-01-31T00:00:00,Lower_Forest,0.1521479101600555,0.5772356954173857
2025-02-01T00:00:00,Lower_Forest,0.15278645508002775,0.6615361665101673
2025-02-02T00:00:00,Lower_Forest,0.07639322754001387,0.545816763647758
2025-02-03T00:00:00,Lower_Forest,0.430784113770007,0.4852216596636538
2025-02-04T00:00:00,Lower_Forest,0.6215170568850036,0.5448328653569523
2025-02-05T00:00:00,Lower_Forest,0.46418352844250177,0.4394995739678722
2025-02-06T00:00:00,Lower_Forest,0.3265875879798665,0.39744
2025-02-07T00:00:00,Lower_Forest,0.3644836366632484,0.38880000000000003
2025-02-08T00:00:00,Lower_Forest,0.23806327673760624,0.5788800000000001
2025-02-09T00:00:00,Lower_Forest,0.7430349259341867,0.45792
2025-02-10T00:00:00,Lower_Forest,0.6095737717759399,0.39744
2025-02-11T00:00:00,Lower_Forest,0.45664956381592964,0.11232
2025-02-12T00:00:00,Lower_Forest,0.5165517670431291,0.54432
2025-02-13T00:00:00,Lower_Forest,0.3945903201432125,0.44928
2025-02-14T00:00:00,Lower_Forest,0.3546226030310897,0.21600000000000003
2025-02-15T00:00:00,Lower_Forest,0.42993325017907935,0.5616
2025-02-16T00:00:00,Lower_Forest,0.3200154788867218,0.8380799999999999
2025-02-17T00:00:00,Lower_Forest,0.2544221078608255,0.42336000000000007
2025-02-18T00:00:00,Lower_Forest,0.28007576050612937,0.43200000000000005
2025-02-19T00:00:00,Lower_Forest,0.21497026617120915,0.54432
2025-02-20T00:00:00,Lower_Forest,0.28417123041193515,0.06912
2025-02-21T00:00:00,Lower_Forest,0.2837826277996643,0.27648
2025-02-22T00:00:00,Lower_Forest,0.2268184752341598,0.06912
2025-02-23T00:00:00,Lower_Forest,0.18906608281797394,0.06048
2025-02-24T00:00:00,Lower_Forest,0.16353140208979172,0.0
2025-02-25T00:00:00,Lower_Forest,0.1438642256576192,0.0
2025-02-26T00:00:00,Lower_Forest,0.2023221599802602,0.0
2025-02-27T00:00:00,Lower_Forest,0.14860867242643577,0.57024
2025-02-28T00:00:00,Lower_Forest,0.11078636940589243,0.49248000000000003
2025-03-01T00:00:00,Lower_Forest,0.09561421457635466,0.0
2025-03-02T00:00:00,Lower_Forest,0.08400603417424501,0.0
2025-03-03T00:00:00,Lower_Forest,0.06265885128458212,0.39744
2025-03-04T00:00:00,Lower_Forest,0.051215676420003235,0.15552000000000002
2025-03-05T00:00:00,Lower_Forest,0.36814868890994373,0.52704
2025-03-06T00:00:00,Lower_Forest,0.25624656008491853,0.14688
2025-03-07T00:00:00,Lower_Forest,0.42247134910941164,0.2592
2025-03-08T00:00:00,Lower_Forest,0.42581038671496196,0.07776000000000001
2025-03-09T00:00:00,Lower_Forest,0.325963834301712,0.0
2025-03-10T00:00:00,Lower_Forest,0.2647346940006635,0.0
2025-03-11T00:00:00,Lower_Forest,0.28698447116515846,0.0
2025-03-12T00:00:00,Lower_Forest,0.2343450973309233,0.12096
2025-03-13T00:00:00,Lower_Forest,0.18572092423897169,0.50112
2025-03-14T00:00:00,Lower_Forest,0.14237160013564445,0.65664
2025-03-15T00:00:00,Lower_Forest,0.12248502428236462,0.10368000000000001
2025-03-16T00:00:00,Lower_Forest,0.2663211139342707,0.10368000000000001
2025-03-17T00:00:00,Lower_Forest,0.2736213485809149,0.40608000000000005
2025-03-18T00:00:00,Lower_Forest,0.19561108674285826,0.5616
2025-03-19T00:00:00,Lower_Forest,0.1454123145785908,0.45792
2025-03-20T00:00:00,Lower_Forest,0.11853305137574222,0.1296
2025-03-21T00:00:00,Lower_Forest,0.25594930536567106,0.42336000000000007
2025-03-22T00:00:00,Lower_Forest,0.18293610439285624,0.35424
2025-03-23T00:00:00,Lower_Forest,0.2403591837354474,0.49248000000000003
2025-03-24T00:00:00,Lower_Forest,0.16755706025284067,0.5616
2025-03-25T00:00:00,Lower_Forest,0.2828651516730258,0.41472000000000003
2025-03-26T00:00:00,Lower_Forest,0.2715473102284576,0.53568
2025-03-27T00:00:00,Lower_Forest,0.4309278160669797,0.59616
2025-03-28T00:00:00,Lower_Forest,0.46095850289096596,0.25056
2025-03-29T00:00:00,Lower_Forest,0.761204961817211,0.22464
2025-03-30T00:00:00,Lower_Forest,0.5503795702431595,0.49248000000000003
2025-03-31T00:00:00,Lower_Forest,0.42448996552267826,0.36288000000000004
2025-04-01T00:00:00,Lower_Forest,0.3453191451223267,0.22464
2025-04-02T00:00:00,Lower_Forest,0.2859463186860529,0.32832
2025-04-03T00:00:00,Lower_Forest,0.24233923085542558,0.25056
2025-04-04T00:00:00,Lower_Forest,0.2441056047888724,0.3456
2025-04-05T00:00:00,Lower_Forest,0.2616036678194791,0.36288000000000004
2025-04-06T00:00:00,Lower_Forest,0.41025936279228026,0.44064
2025-04-07T00:00:00,Lower_Forest,0.3504229823904249,0.22464
2025-04-08T00:00:00,Lower_Forest,0.35651143709007,0.3456
2025-04-09T00:00:00,Lower_Forest,0.3902309492598088,0.57024
2025-04-10T00:00:00,Lower_Forest,0.33276506221590874,0.55296
2025-04-11T00:00:00,Lower_Forest,0.9366971467927986,0.5097600000000001
2025-04-12T00:00:00,Lower_Forest,0.8399212279719834,0.0
2025-04-13T00:00:00,Lower_Forest,0.7342679304325015,0.0
2025-04-14T00:00:00,Lower_Forest,0.6097595845049878,0.0
2025-04-15T00:00:00,Lower_Forest,0.5316208336681486,0.0
2025-04-16T00:00:00,Lower_Forest,0.4781506133632572,0.0
2025-04-17T00:00:00,Lower_Forest,0.4902490255097991,0.0
2025-04-18T00:00:00,Lower_Forest,0.4430131558152595,0.0
2025-04-19T00:00:00,Lower_Forest,0.40788510845052095,0.0
2025-04-20T00:00:00,Lower_Forest,0.379858499105076,0.0
2025-04-21T00:00:00,Lower_Forest,0.35632667649319266,0.0
2025-04-22T00:00:00,Lower_Forest,0.3358931855851478,0.0
2025-04-23T00:00:00,Lower_Forest,0.3177759664505824,0.0
2025-04-24T00:00:00,Lower_Forest,0.30150852418264296,0.0
2025-04-25T00:00:00,Lower_Forest,0.28678967730977045,0.0
2025-04-26T00:00:00,Lower_Forest,0.27340767910386,0.0
2025-04-27T00:00:00,Lower_Forest,0.2612016006239739,0.0
2025-04-28T00:00:00,Lower_Forest,0.25004141238644306,0.0
2025-04-29T00:00:00,Lower_Forest,0.29171517476847897,0.0
2025-04-30T00:00:00,Lower_Forest,0.2668561512763652,0.0
2025-05-01T00:00:00,Lower_Forest,0.24975751541330818,0.0
2025-05-02T00:00:00,Lower_Forest,0.23691310162307833,0.0
2025-05-03T00:00:00,Lower_Forest,0.5206205431661455,0.0
2025-05-04T00:00:00,Lower_Forest,0.42407934180917195,0.0
2025-05-05T00:00:00,Lower_Forest,0.4263605661886903,0.1728
2025-05-06T00:00:00,Lower_Forest,0.36715391209214804,0.19008000000000003
2025-05-07T00:00:00,Lower_Forest,0.33171161322067855,0.06912
2025-05-08T00:00:00,Lower_Forest,0.30731450925560677,0.051840000000000004
2025-05-09T00:00:00,Lower_Forest,0.28845075930681935,0.06048
2025-05-10T00:00:00,Lower_Forest,0.788259222134066,0.18144000000000002
2025-05-11T00:00:00,Lower_Forest,0.6715098152158008,0.27648
2025-05-12T00:00:00,Lower_Forest,0.6216290998090123,0.2592
2025-05-13T00:00:00,Lower_Forest,0.6417161449968903,0.27648
2025-05-14T00:00:00,Lower_Forest,0.6073623655415825,0.1296
2025-05-15T00:00:00,Lower_Forest,0.5313841401263547,0.12096
2025-05-16T00:00:00,Lower_Forest,0.6186123178797174,0.13824
2025-05-17T00:00:00,Lower_Forest,0.5386161458438187,0.18144000000000002
2025-05-18T00:00:00,Lower_Forest,0.6110449285811844,0.21600000000000003
2025-05-19T00:00:00,Lower_Forest,0.5748740566115798,0.36288000000000004
2025-05-20T00:00:00,Lower_Forest,0.5061356920944741,0.31104000000000004
2025-05-21T00:00:00,Lower_Forest,0.4653329812730994,0.06048
2025-05-22T00:00:00,Lower_Forest,0.6561902115581723,0.0
2025-05-23T00:00:00,Lower_Forest,0.7069649082116639,0.0
2025-05-24T00:00:00,Lower_Forest,1.252602272978229,0.14688
2025-05-25T00:00:00,Lower_Forest,0.9909747676988129,0.31968
2025-05-26T00:00:00,Lower_Forest,0.8301146937348669,0.5184
2025-05-27T00:00:00,Lower_Forest,0.7222478845386223,0.61344
2025-05-28T00:00:00,Lower_Forest,0.6544405604629764,0.29376
2025-05-29T00:00:00,Lower_Forest,0.6063888267167625,0.18144000000000002
2025-05-30T00:00:00,Lower_Forest,0.699223171992215,0.21600000000000003
2025-05-31T00:00:00,Lower_Forest,0.6255437337911827,0.22464
2025-06-01T00:00:00,Lower_Forest,0.5754525172479761,0.1728
2025-06-02T00:00:00,Lower_Forest,0.7620486763737395,0.18144000000000002
2025-06-03T00:00:00,Lower_Forest,0.6626989402513463,0.21600000000000003
2025-06-04T00:00:00,Lower_Forest,0.5947741633722792,0.32832
2025-06-05T00:00:00,Lower_Forest,0.5481222676043055,0.25056
2025-06-06T00:00:00,Lower_Forest,0.5105628810997686,0.29376
2025-06-07T00:00:00,Lower_Forest,0.4688902520893653,0.6307200000000001
2025-06-08T00:00:00,Lower_Forest,0.4339051699146963,0.57024
2025-06-09T00:00:00,Lower_Forest,0.39460028650628703,0.8208000000000001
2025-06-10T00:00:00,Lower_Forest,0.4802689446872896,0.61344
2025-06-11T00:00:00,Lower_Forest,0.42382418904897634,0.44064
2025-06-12T00:00:00,Lower_Forest,0.3794441600312046,0.6048
2025-06-13T00:00:00,Lower_Forest,0.34687231793766604,0.53568
2025-06-14T00:00:00,Lower_Forest,1.3047937001401324,0.57024
2025-06-15T00:00:00,Lower_Forest,0.9962557053901626,0.24192
2025-06-16T00:00:00,Lower_Forest,1.0086738345832706,0.0
2025-06-17T00:00:00,Lower_Forest,0.8542681795023557,0.10368000000000001
2025-06-18T00:00:00,Lower_Forest,0.7628787013957841,0.0
2025-06-19T00:00:00,Lower_Forest,1.3426917499498079,0.0
2025-06-20T00:00:00,Lower_Forest,1.1700701202762536,0.24192
2025-06-21T00:00:00,Lower_Forest,0.9877417801842834,0.7689600000000001
2025-06-22T00:00:00,Lower_Forest,0.873659923667687,0.52704
2025-06-23T00:00:00,Lower_Forest,0.7934638852666647,0.4752
2025-06-24T00:00:00,Lower_Forest,0.7382118495225156,0.25056
2025-06-25T00:00:00,Lower_Forest,0.7781023736261721,0.3024
2025-06-26T00:00:00,Lower_Forest,0.7112462208603486,0.33696000000000004
2025-06-27T00:00:00,Lower_Forest,0.6561943088906899,0.48384
2025-06-28T00:00:00,Lower_Forest,0.6106809550300656,0.49248000000000003
2025-06-29T00:00:00,Lower_Forest,0.5692708484869081,0.5616
2025-06-30T00:00:00,Lower_Forest,0.5323304866831992,0.5616
2025-07-01T00:00:00,Lower_Forest,0.5078403964953659,0.26784
2025-07-02T00:00:00,Lower_Forest,0.4912930630820901,0.07776000000000001
2025-07-03T00:00:00,Lower_Forest,0.47123318155057964,0.23328000000000002
2025-07-04T00:00:00,Lower_Forest,0.45500493904670664,0.15552000000000002
2025-07-05T00:00:00,Lower_Forest,0.4374579816896797,0.23328000000000002
2025-07-06T00:00:00,Lower_Forest,0.4154426855325588,0.41472000000000003
2025-07-07T00:00:00,Lower_Forest,0.618836297551525,0.6307200000000001
2025-07-08T00:00:00,Lower_Forest,1.0184336369667035,0.5097600000000001
2025-07-09T00:00:00,Lower_Forest,1.4642788060658687,0.37152
2025-07-10T00:00:00,Lower_Forest,1.1580657863402337,0.2592
2025-07-11T00:00:00,Lower_Forest,0.9791052701986845,0.33696000000000004
2025-07-12T00:00:00,Lower_Forest,0.8585520735763993,0.61344
2025-07-13T00:00:00,Lower_Forest,0.8766384687045043,0.648
2025-07-14T00:00:00,Lower_Forest,0.7759042905227964,0.7776000000000001
2025-07-15T00:00:00,Lower_Forest,0.705441156167683,0.63936
2025-07-16T00:00:00,Lower_Forest,0.6508388874978835,0.59616
2025-07-17T00:00:00,Lower_Forest,0.6060039343249841,0.5616
2025-07-18T00:00:00,Lower_Forest,0.6214170659455429,0.8467200000000001
2025-07-19T00:00:00,Lower_Forest,0.5639180062388243,0.6912
2025-07-20T00:00:00,Lower_Forest,0.5185469129906476,0.6825600000000001
2025-07-21T00:00:00,Lower_Forest,0.4733028770120765,0.9072
2025-07-22T00:00:00,Lower_Forest,0.4304573448333485,0.9936
2025-07-23T00:00:00,Lower_Forest,0.39517180438551214,1.7577928486616496
2025-07-24T00:00:00,Lower_Forest,0.38941520421756226,0.6116481290793929
2025-07-25T00:00:00,Lower_Forest,0.3841390378582771,0.5330298414425221
2025-07-26T00:00:00,Lower_Forest,0.37913306173176575,0.6779747249468827
2025-07-27T00:00:00,Lower_Forest,0.3742917793834776,0.907620762068772
2025-07-28T00:00:00,Lower_Forest,0.3695620726028632,1.109723435021632
2025-07-29T00:00:00,Lower_Forest,0.36491701692616707,1.2841615110096132
2025-07-30T00:00:00,Lower_Forest,0.36034278933000996,0.7535986364536638
2025-07-31T00:00:00,Lower_Forest,0.870257122021095,0.531900320387795
2025-08-01T00:00:00,Lower_Forest,0.6085935292746865,0.3279547829407392
2025-08-02T00:00:00,Lower_Forest,0.4764962606812092,0.46656000000000003
2025-08-03T00:00:00,Lower_Forest,0.4101863592099699,0.50112
2025-08-04T00:00:00,Lower_Forest,0.3706318396125787,0.7981568563078084
2025-08-05T00:00:00,Lower_Forest,0.3503248554473497,0.4575070088833467
2025-08-06T00:00:00,Lower_Forest,0.41933375166922204,0.5333293977391818
2025-08-07T00:00:00,Lower_Forest,0.7161148084228743,0.5184
2025-08-08T00:00:00,Lower_Forest,0.9306478850201944,0.5097600000000001
2025-08-09T00:00:00,Lower_Forest,0.8940658725559404,0.70848
2025-08-10T00:00:00,Lower_Forest,0.8391335447332148,0.6048
2025-08-11T00:00:00,Lower_Forest,0.8722266789351407,0.7689600000000001
2025-08-12T00:00:00,Lower_Forest,0.7285650486010758,0.7689600000000001
2025-08-13T00:00:00,Lower_Forest,0.6308832045772488,0.8640000000000001
2025-08-14T00:00:00,Lower_Forest,0.5641366298185089,0.7171200000000001
2025-08-15T00:00:00,Lower_Forest,0.5116482047759883,0.7257600000000001
2025-08-16T00:00:00,Lower_Forest,0.45179721879426676,1.2441600000000002
2025-08-17T00:00:00,Lower_Forest,0.39599233949491464,1.3305600000000002
2025-08-18T00:00:00,Lower_Forest,0.34532517810094704,1.3305600000000002
2025-08-19T00:00:00,Lower_Forest,1.45869487719328,1.11456
2025-08-20T00:00:00,Lower_Forest,1.070865053792023,1.3392000000000002
2025-08-21T00:00:00,Lower_Forest,0.8371382644903766,1.48608
2025-08-22T00:00:00,Lower_Forest,0.6790927914496581,1.70208
2025-08-23T00:00:00,Lower_Forest,0.5623451681862718,1.79712
2025-08-24T00:00:00,Lower_Forest,0.46964916499613696,1.8230400000000002
2025-08-25T00:00:00,Lower_Forest,0.3960744199273756,1.6848
2025-08-26T00:00:00,Lower_Forest,0.3455902269006322,2.4870262420251885
2025-08-27T00:00:00,Lower_Forest,0.33782914535117525,0.7400244262299732
2025-08-28T00:00:00,Lower_Forest,0.3318856791776861,0.6609741523485927
2025-08-29T00:00:00,Lower_Forest,0.3268768072596655,0.9593105259064736
2025-08-30T00:00:00,Lower_Forest,0.5660356967047699,0.9288992869311675
2025-08-31T00:00:00,Lower_Forest,0.5843536127638851,1.1753732408691928
2025-09-01T00:00:00,Lower_Forest,0.44715087373829876,1.276940554489758
2025-09-02T00:00:00,Lower_Forest,0.37661232838355146,1.1297971566929996
2025-09-03T00:00:00,Lower_Forest,0.4387050945622477,1.0696528845953508
2025-09-04T00:00:00,Lower_Forest,0.3685874285219651,1.2316031725521013
2025-09-05T00:00:00,Lower_Forest,0.33166315948631303,1.4166455749752556
2025-09-06T00:00:00,Lower_Forest,0.3113589069031707,1.2994825085799016
2025-09-07T00:00:00,Lower_Forest,0.2993876890220994,1.2941203645104384
2025-09-08T00:00:00,Lower_Forest,0.2916057271369321,1.4751290248421591
2025-09-09T00:00:00,Lower_Forest,0.28594084766152483,1.670289639198216
2025-09-10T00:00:00,Lower_Forest,0.281356683122658,1.5685504640607828
2025-09-11T00:00:00,Lower_Forest,0.27733477261207573,1.4600128168887678
2025-09-12T00:00:00,Lower_Forest,0.5127781119686503,1.388248048775572
2025-09-13T00:00:00,Lower_Forest,0.38965042882615464,1.1528502789944148
2025-09-14T00:00:00,Lower_Forest,0.32642082009438417,1.058710093758259
2025-09-15T00:00:00,Lower_Forest,0.29316107065748265,1.2886027850441295
2025-09-16T00:00:00,Lower_Forest,0.2749068126814029,1.1675269843583653
2025-09-17T00:00:00,Lower_Forest,0.26417560522645467,0.9485944922841995
2025-09-18T00:00:00,Lower_Forest,0.31588847401290876,1.2850505014599185
2025-09-19T00:00:00,Lower_Forest,0.6876431812636399,0.9976618618176372
2025-09-20T00:00:00,Lower_Forest,0.4658508605857905,0.8925719292253261
2025-09-21T00:00:00,Lower_Forest,0.3534293343724411,0.8177537902992552
2025-09-22T00:00:00,Lower_Forest,0.367912272464772,0.8771446685944839
2025-09-23T00:00:00,Lower_Forest,0.35561627144495533,0.8108205240837885
2025-09-24T00:00:00,Lower_Forest,0.2938493942448899,1.1524188994904638
2025-09-25T00:00:00,Lower_Forest,0.26151543991332704,1.0323361211332993
2025-09-26T00:00:00,Lower_Forest,0.2439160784626599,1.0374212132252318
2025-09-27T00:00:00,Lower_Forest,0.5360394182560012,1.0353705745737212
2025-09-28T00:00:00,Lower_Forest,0.8476667896648635,1.102623853146991
2025-09-29T00:00:00,Lower_Forest,0.5328011368625838,1.228443169124515
2025-09-30T00:00:00,Lower_Forest,0.3740062136860669,1.1694211301851758
2025-10-01T00:00:00,Lower_Forest,0.2932636815321237,1.1675775090822949
2025-10-02T00:00:00,Lower_Forest,0.2515641582715389,1.2748422686678633
2025-10-03T00:00:00,Lower_Forest,0.36026524267242765,1.3176872586774857
2025-10-04T00:00:00,Lower_Forest,0.28245802657866365,1.5438598243206116
2025-10-05T00:00:00,Lower_Forest,0.24227535096625133,1.6389172194823893
2025-10-06T00:00:00,Lower_Forest,0.22092093393908385,1.6559225017908545
2025-10-07T00:00:00,Lower_Forest,0.20899643469480084,1.8643788682955533
2025-10-08T00:00:00,Lower_Forest,0.2018024854760931,1.8942165254030736
2025-10-09T00:00:00,Lower_Forest,0.19698920751513108,1.8901712136428503
2025-10-10T00:00:00,Lower_Forest,0.19338146897493633,1.7629764207719452
2025-10-11T00:00:00,Lower_Forest,0.19039151388962178,1.458719125012119
2025-10-12T00:00:00,Lower_Forest,0.18772527660443755,1.4025687590424345
2025-10-13T00:00:00,Lower_Forest,0.18523553896610018,1.6133955897355126
2025-10-14T00:00:00,Lower_Forest,0.18284850888863327,1.5319214566240822
2025-10-15T00:00:00,Lower_Forest,0.1805271096073302,1.5314729018827995
2025-10-16T00:00:00,Lower_Forest,0.1782526242771406,1.6102608995270662
2025-10-17T00:00:00,Lower_Forest,0.17601551824362727,1.6008471531111372
2025-10-18T00:00:00,Lower_Forest,0.17381085015055722,1.583648358410254
2025-10-19T00:00:00,Lower_Forest,0.22578597746616336,1.4445300536846424
2025-10-20T00:00:00,Lower_Forest,0.19656440921908042,1.5625109326858633
2025-10-21T00:00:00,Lower_Forest,0.5103202323394642,1.5478805838048115
2025-10-22T00:00:00,Lower_Forest,0.33675282480303187,1.6729334738766406
2025-10-23T00:00:00,Lower_Forest,0.24894921217689936,1.7686679695702532
2025-10-24T00:00:00,Lower_Forest,0.20404024586664118,1.8448957496828668
2025-10-25T00:00:00,Lower_Forest,0.18059119221428466,1.8720928045653054
2025-10-26T00:00:00,Lower_Forest,0.1678845270220943,1.8137484964416428
2025-10-27T00:00:00,Lower_Forest,0.16056133278956233,1.6952683525154697
2025-10-28T00:00:00,Lower_Forest,0.15594199730731467,1.7374133258265307
2025-10-29T00:00:00,Lower_Forest,0.15268656292978444,1.7935230910108224
2025-10-30T00:00:00,Lower_Forest,0.9894499011875676,1.633785382666678
2025-10-31T00:00:00,Lower_Forest,0.5675843000699257,1.6469509787697671
2025-11-01T00:00:00,Lower_Forest,0.355740757642653,1.663920194655001
2025-11-02T00:00:00,Lower_Forest,0.6911446288339206,1.6684467528693998
2025-11-03T00:00:00,Lower_Forest,0.4157334488043972,1.8382928514192562
2025-11-04T00:00:00,Lower_Forest,0.2771508446097922,2.0536790510397127
2025-11-05T00:00:00,Lower_Forest,0.27919349100989455,1.742916266861001
2025-11-06T00:00:00,Lower_Forest,0.9426970883511333,1.6905824457594465
2025-11-07T00:00:00,Lower_Forest,1.057004351486175,1.657434518522684
2025-11-08T00:00:00,Lower_Forest,0.5943865042123135,1.7214160887826593
2025-11-09T00:00:00,Lower_Forest,0.6555665264695172,1.7727195014015011
2025-11-10T00:00:00,Lower_Forest,0.392030777918577,1.6595513286194226
2025-11-11T00:00:00,Lower_Forest,0.7468098097095596,1.5636053272753687
2025-11-12T00:00:00,Lower_Forest,0.43605627034567207,1.459767402390279
2025-11-13T00:00:00,Lower_Forest,0.5010088585950925,1.4009464337813289
2025-11-14T00:00:00,Lower_Forest,0.311599299927024,1.4194158610195566
2025-11-15T00:00:00,Lower_Forest,0.4733433347101216,1.444939896456075
2025-11-16T00:00:00,Lower_Forest,0.2962487122923376,1.480012771535978
2025-11-17T00:00:00,Lower_Forest,0.4641691880217298,1.749777053128943
2025-11-18T00:00:00,Lower_Forest,0.3849440217379815,2.4169602510717505
2025-11-19T00:00:00,Lower_Forest,0.5404514059877061,1.2614400000000001
2025-11-20T00:00:00,Lower_Forest,0.5798470672083038,1.27008
2025-11-21T00:00:00,Lower_Forest,0.39694652423207755,1.296
2025-11-22T00:00:00,Lower_Forest,0.27941868010565374,1.35648
2025-11-23T00:00:00,Lower_Forest,0.5028805223376555,1.17504
2025-11-24T00:00:00,Lower_Forest,0.42636218749317356,1.14048
2025-11-25T00:00:00,Lower_Forest,0.46747905549064855,1.1232
2025-11-26T00:00:00,Lower_Forest,0.5348718372664751,1.07136
2025-11-27T00:00:00,Lower_Forest,0.38708221841687945,1.35648
2025-11-28T00:00:00,Lower_Forest,0.29093156433813927,1.2441600000000002
2025-11-29T00:00:00,Lower_Forest,0.220246517293665,1.2528000000000001
2025-11-30T00:00:00,Lower_Forest,0.16966306919798443,1.07136
2025-12-01T00:00:00,Lower_Forest,0.13649100833030325,1.91150244935306
2025-12-02T00:00:00,Lower_Forest,0.13084619799735767,1.187954465483231
2025-12-03T00:00:00,Lower_Forest,0.12724128415798241,1.2776267454261494
2025-12-04T00:00:00,Lower_Forest,0.12466609992380324,1.3319501931497486
2025-12-05T00:00:00,Lower_Forest,0.12261543958365348,1.4874847720848943
2025-12-06T00:00:00,Lower_Forest,0.12083657954330695,1.3615993571794243
2025-12-07T00:00:00,Lower_Forest,0.11920303877623982,1.2458577135909
2025-12-08T00:00:00,Lower_Forest,0.11765145903014891,1.3495170024230696
2025-12-09T00:00:00,Lower_Forest,0.32823754491157786,1.3941025866648122
2025-12-10T00:00:00,Lower_Forest,0.2207265339098361,1.2662178731890683
2025-12-11T00:00:00,Lower_Forest,0.1662634313907897,1.204247097993442
2025-12-12T00:00:00,Lower_Forest,0.13833312807581827,1.1085573155987247
2025-12-13T00:00:00,Lower_Forest,0.12367795876357722,1.1712203476922476
2025-12-14T00:00:00,Lower_Forest,0.11566898167338589,1.1336084600547494
2025-12-15T00:00:00,Lower_Forest,0.11099161809964533,0.9891270558614281
2025-12-16T00:00:00,Lower_Forest,0.10798847222198785,1.0432628547197165
2025-12-17T00:00:00,Lower_Forest,0.10583074099350745,1.0885833140482952
2025-12-18T00:00:00,Lower_Forest,0.10410391906823545,0.9947383622944433
2025-12-19T00:00:00,Lower_Forest,0.10260065124845602,1.0074997968091315
2025-12-20T00:00:00,Lower_Forest,0.10121715869213706,1.0281931701188658
2025-12-21T00:00:00,Lower_Forest,0.09990145200062886,1.0083013341742761
2025-12-22T00:00:00,Lower_Forest,1.127477437746693,1.0380070283187024
2025-12-23T00:00:00,Lower_Forest,0.7110819717228954,0.7758577138329946
2025-12-24T00:00:00,Lower_Forest,0.4030083855503771,0.37357885468905644
2025-12-25T00:00:00,Lower_Forest,0.3837532499680062,0.4876080528847885
2025-12-26T00:00:00,Lower_Forest,0.4953772564619103,0.8420369886381343
2025-12-27T00:00:00,Lower_Forest,0.2987686023147591,0.9504
2025-12-28T00:00:00,Lower_Forest,0.19198753608376726,2.204689505976469
2025-12-29T00:00:00,Lower_Forest,0.14064097121003344,1.2240471565979743
2025-12-30T00:00:00,Lower_Forest,0.11440959873356428,1.0395477826913087
2025-12-31T00:00:00,Lower_Forest,0.10074279858122301,0.5738294118558946
2026-01-01T00:00:00,Lower_Forest,0.0933651735148719,0.6155797203013852
2026-01-02T00:00:00,Lower_Forest,0.1793889388038933,1.0267434852197035
2026-01-03T00:00:00,Lower_Forest,0.13162011704782295,0.9990312382539085
2026-01-04T00:00:00,Lower_Forest,0.10721163557421423,1.081533009595439
2026-01-05T00:00:00,Lower_Forest,0.09448987512428085,1.120400893585742
2026-01-06T00:00:00,Lower_Forest,0.13274294418259958,0.7537256289007199
2026-01-07T00:00:00,Lower_Forest,1.150878813420459,0.78624
2026-01-08T00:00:00,Lower_Forest,1.1105605715848241,1.01088
2026-01-09T00:00:00,Lower_Forest,0.9135350311346532,1.00224
2026-01-10T00:00:00,Lower_Forest,0.6727976902435089,1.10592
2026-01-11T00:00:00,Lower_Forest,0.5297888399001328,0.88128
2026-01-12T00:00:00,Lower_Forest,1.0078519801632981,0.78624
2026-01-13T00:00:00,Lower_Forest,0.7704221899373411,0.7776000000000001
2026-01-14T00:00:00,Lower_Forest,0.6243431136817796,0.7776000000000001
2026-01-15T00:00:00,Lower_Forest,0.5310004245401365,0.6220800000000001
2026-01-16T00:00:00,Lower_Forest,0.4670533184211211,0.50112
2026-01-17T00:00:00,Lower_Forest,0.41870287090296604,0.45792
2026-01-18T00:00:00,Lower_Forest,1.1393455266166512,0.6652800000000001
2026-01-19T00:00:00,Lower_Forest,0.9486829819284557,1.11456
2026-01-20T00:00:00,Lower_Forest,0.8763801766491783,0.8467200000000001
2026-01-21T00:00:00,Lower_Forest,0.7232029554437955,0.6048
2026-01-22T00:00:00,Lower_Forest,0.6286455943818982,0.40608000000000005
2026-01-23T00:00:00,Lower_Forest,0.6132302201720049,0.42336000000000007
2026-01-24T00:00:00,Lower_Forest,0.6393661275936711,0.7603200000000001
2026-01-25T00:00:00,Lower_Forest,0.6939302577931441,0.88128
2026-01-26T00:00:00,Lower_Forest,0.5751200438796659,0.9849600000000001
2026-01-27T00:00:00,Lower_Forest,0.48518102405620495,1.1664
2026-01-28T00:00:00,Lower_Forest,0.4115849328315272,1.27008
2026-01-29T00:00:00,Lower_Forest,0.36694837005130293,0.7171200000000001
2026-01-30T00:00:00,Lower_Forest,0.3432282816486883,0.25056
2026-01-31T00:00:00,Lower_Forest,0.32872388884424186,0.06048
2026-02-01T00:00:00,Lower_Forest,0.8371426776234521,0.55296
2026-02-02T00:00:00,Lower_Forest,0.6368189013640536,1.0368
2026-02-03T00:00:00,Lower_Forest,0.5937085683668658,1.00224
2026-02-04T00:00:00,Lower_Forest,0.4866224807201821,0.95904
2026-02-05T00:00:00,Lower_Forest,0.4288067417308056,0.40608000000000005
2026-02-06T00:00:00,Lower_Forest,0.7183469375305911,0.14688
2026-02-07T00:00:00,Lower_Forest,0.5958954365026139,0.19008000000000003
2026-02-08T00:00:00,Lower_Forest,0.5166536124818107,0.36288000000000004
2026-02-09T00:00:00,Lower_Forest,0.5201086130869392,0.57024
2026-02-10T00:00:00,Lower_Forest,0.7328012797179987,0.74304
2026-02-11T00:00:00,Lower_Forest,0.5959585349540102,0.74304
2026-02-12T00:00:00,Lower_Forest,0.5122336964349736,0.5788800000000001
2026-02-13T00:00:00,Lower_Forest,0.45290880360996344,0.6048
2026-02-14T00:00:00,Lower_Forest,0.40748653387188627,0.6048
2026-02-15T00:00:00,Lower_Forest,0.37043132585716376,0.59616
2026-02-16T00:00:00,Lower_Forest,0.33951352676792157,0.5616
2026-02-17T00:00:00,Lower_Forest,0.3157216890144816,0.44064
2026-02-18T00:00:00,Lower_Forest,0.2939035351476348,0.44928
2026-02-19T00:00:00,Lower_Forest,0.27758783850343527,0.32832
2026-02-20T00:00:00,Lower_Forest,0.3132953002622215,0.36288000000000004
2026-02-21T00:00:00,Lower_Forest,0.33071552468723986,0.3024
2026-02-22T00:00:00,Lower_Forest,0.29873596007022646,0.21600000000000003
2026-02-23T00:00:00,Lower_Forest,0.2709500997323253,0.41472000000000003
2026-02-24T00:00:00,Lower_Forest,0.503259059752629,0.58752
2026-02-25T00:00:00,Lower_Forest,0.4116059718436228,0.29376
2026-02-26T00:00:00,Lower_Forest,0.36589719822350875,0.0
2026-02-27T00:00:00,Lower_Forest,0.33406112203276134,0.14688
2026-02-28T00:00:00,Lower_Forest,0.31072177684664637,0.19008000000000003
2026-03-01T00:00:00,Lower_Forest,0.2954655035569077,0.10368000000000001
2026-03-02T00:00:00,Lower_Forest,0.28393032477394314,0.07776000000000001
2026-03-03T00:00:00,Lower_Forest,0.2746210847159878,0.06048
2026-03-04T00:00:00,Lower_Forest,0.26315812275426925,0.16416
2026-03-05T00:00:00,Lower_Forest,0.25531917840519003,0.07776000000000001
2026-03-06T00:00:00,Lower_Forest,0.2432419430158624,0.23328000000000002
2026-03-07T00:00:00,Lower_Forest,0.3386962321967885,0.13824
2026-03-08T00:00:00,Lower_Forest,0.35178856900957056,0.13824
2026-03-09T00:00:00,Lower_Forest,0.4578682029999096,0.26784
2026-03-10T00:00:00,Lower_Forest,0.38306282388469226,0.3024
2026-03-11T00:00:00,Lower_Forest,0.339908449130997,0.19008000000000003
2026-03-12T00:00:00,Lower_Forest,0.41707860805214153,0.31104000000000004
2026-03-13T00:00:00,Lower_Forest,0.3594909938681946,0.32832
2026-03-14T00:00:00,Lower_Forest,0.6432392603748545,0.1728
2026-03-15T00:00:00,Lower_Forest,0.526867815897168,0.12096
2026-03-16T00:00:00,Lower_Forest,0.4589096968427463,0.11232
2026-03-17T00:00:00,Lower_Forest,0.5406943064720723,0.36288000000000004
2026-03-18T00:00:00,Lower_Forest,0.4701313744895443,0.16416
2026-03-19T00:00:00,Lower_Forest,0.6143329271432102,0.0
2026-03-20T00:00:00,Lower_Forest,0.8572054256783508,0.11232
2026-03-21T00:00:00,Lower_Forest,0.6970523377934219,0.38880000000000003
2026-03-22T00:00:00,Lower_Forest,0.6081642778004792,0.0864
2026-03-23T00:00:00,Lower_Forest,0.6517277512155178,0.0
2026-03-24T00:00:00,Lower_Forest,0.5828961655021211,0.06048
2026-03-25T00:00:00,Lower_Forest,0.538530106356466,0.0
2026-03-26T00:00:00,Lower_Forest,0.5062990650898229,0.0
2026-03-27T00:00:00,Lower_Forest,0.4809570815487313,0.0
2026-03-28T00:00:00,Lower_Forest,0.45980131143265224,0.0
2026-03-29T00:00:00,Lower_Forest,0.44140842615669557,0.0
2026-03-30T00:00:00,Lower_Forest,0.42500201736199317,0.0
2026-03-31T00:00:00,Lower_Forest,0.5485294457874981,0.0
2026-04-01T00:00:00,Lower_Forest,0.4936569868751816,0.0
2026-04-02T00:00:00,Lower_Forest,0.45160198322414224,0.22464
2026-04-03T00:00:00,Lower_Forest,0.48250757022068835,0.45792
2026-04-04T00:00:00,Lower_Forest,0.48034878287381344,0.5184
2026-04-05T00:00:00,Lower_Forest,0.43333457891454286,0.23328000000000002
2026-04-06T00:00:00,Lower_Forest,0.40742244343402745,0.00864
2026-04-07T00:00:00,Lower_Forest,0.3890243382273935,0.0
2026-04-08T00:00:00,Lower_Forest,0.414993929992696,0.0
2026-04-09T00:00:00,Lower_Forest,0.4763449569818586,0.03456
2026-04-10T00:00:00,Lower_Forest,0.5570509246323689,0.29376
2026-04-11T00:00:00,Lower_Forest,0.49078153371852895,0.0
2026-04-12T00:00:00,Lower_Forest,0.9983197423104873,0.0
2026-04-13T00:00:00,Lower_Forest,0.9177860757355913,0.0
2026-04-14T00:00:00,Lower_Forest,1.110642929893429,0.0
2026-04-15T00:00:00,Lower_Forest,0.9167863443243123,0.29376
2026-04-16T00:00:00,Lower_Forest,0.8003253091995897,0.22464
2026-04-17T00:00:00,Lower_Forest,1.1519919010861108,0.15552000000000002
2026-04-18T00:00:00,Lower_Forest,0.9627414358689607,0.41472000000000003
2026-04-19T00:00:00,Lower_Forest,0.8485890624224106,0.25056
2026-04-20T00:00:00,Lower_Forest,0.8348081666612773,0.24192
2026-04-21T00:00:00,Lower_Forest,0.8180456853289992,0.0
2026-04-22T00:00:00,Lower_Forest,0.7531705994926532,0.00864
2026-04-23T00:00:00,Lower_Forest,0.9191345910459263,0.025920000000000002
2026-04-24T00:00:00,Lower_Forest,1.0440397352199342,0.0
2026-04-25T00:00:00,Lower_Forest,0.911925823332981,0.0
2026-04-26T00:00:00,Lower_Forest,0.9038327551254973,0.0
2026-04-27T00:00:00,Lower_Forest,0.8243754311302958,0.0
2026-04-28T00:00:00,Lower_Forest,1.057616699549699,0.0
2026-04-29T00:00:00,Lower_Forest,0.9297413600625318,0.00864
2026-04-30T00:00:00,Lower_Forest,1.0695421527454974,0.13824
2026-05-01T00:00:00,Lower_Forest,0.994124433227684,0.14688
2026-05-02T00:00:00,Lower_Forest,1.1229414419277577,0.06912
2026-05-03T00:00:00,Lower_Forest,1.6422389247140736,0.06048
2026-05-04T00:00:00,Lower_Forest,1.6989662863752848,0.0
2026-05-05T00:00:00,Lower_Forest,1.6938752833766002,0.0
2026-05-06T00:00:00,Lower_Forest,1.5883549789487388,0.0
2026-05-07T00:00:00,Lower_Forest,1.4000497473980116,0.0
2026-05-08T00:00:00,Lower_Forest,1.2769152426646677,0.0
2026-05-09T00:00:00,Lower_Forest,1.188869223525381,0.0
2026-05-10T00:00:00,Lower_Forest,1.1203584354838358,0.00864
2026-05-11T00:00:00,Lower_Forest,1.2197645588790078,0.0
2026-05-12T00:00:00,Lower_Forest,1.1144499878160958,0.33696000000000004
2026-05-13T00:00:00,Lower_Forest,1.0431227696582754,0.12096
2026-05-14T00:00:00,Lower_Forest,0.985116465737996,0.18144000000000002
2026-05-15T00:00:00,Lower_Forest,0.9359257398864538,0.19872
2026-05-16T00:00:00,Lower_Forest,0.8972343812809263,0.06048
2026-05-17T00:00:00,Lower_Forest,0.8598044564286051,0.15552000000000002
2026-05-18T00:00:00,Lower_Forest,0.8306153966880436,0.0
2026-05-19T00:00:00,Lower_Forest,0.8039074813689963,0.0
2026-05-20T00:00:00,Lower_Forest,0.7769011626630974,0.07776000000000001
2026-05-21T00:00:00,Lower_Forest,0.7417621231527116,0.40608000000000005
2026-05-22T00:00:00,Lower_Forest,0.7053968754803175,0.52704
2026-05-23T00:00:00,Lower_Forest,0.6760886436903313,0.38016000000000005
2026-05-24T00:00:00,Lower_Forest,0.9934823112814682,0.23328000000000002
2026-05-25T00:00:00,Lower_Forest,0.8727710804760416,0.16416
2026-05-26T00:00:00,Lower_Forest,0.9031758052531459,0.15552000000000002
2026-05-27T00:00:00,Lower_Forest,0.821396629020245,0.21600000000000003
2026-05-28T00:00:00,Lower_Forest,0.7620003362959866,0.37152
2026-05-29T00:00:00,Lower_Forest,0.7252227086864336,0.12096
2026-05-30T00:00:00,Lower_Forest,0.693657107747339,0.20736000000000002
2026-05-31T00:00:00,Lower_Forest,0.6674333505204094,0.19008000000000003
2026-06-01T00:00:00,Lower_Forest,0.7593280143430139,0.19872
2026-06-02T00:00:00,Lower_Forest,0.6993937354205176,0.33696000000000004
2026-06-03T00:00:00,Lower_Forest,0.8125000640454179,0.15552000000000002
2026-06-04T00:00:00,Lower_Forest,0.7427813734990173,0.06912
2026-06-05T00:00:00,Lower_Forest,0.9844133136681675,0.13824
2026-06-06T00:00:00,Lower_Forest,0.9179700516559811,0.29376
2026-06-07T00:00:00,Lower_Forest,0.8189607820053653,0.43200000000000005
2026-06-08T00:00:00,Lower_Forest,0.7361475773895158,0.95904
2026-06-09T00:00:00,Lower_Forest,0.6868755896972649,0.4752
2026-06-10T00:00:00,Lower_Forest,0.6423184123395659,0.63936
2026-06-11T00:00:00,Lower_Forest,0.6095952510429411,0.45792
2026-06-12T00:00:00,Lower_Forest,0.5928876914244898,0.06048
2026-06-13T00:00:00,Lower_Forest,0.5779414302231726,0.06048
2026-06-14T00:00:00,Lower_Forest,0.5604849198046566,0.18144000000000002
2026-06-15T00:00:00,Lower_Forest,0.5394211830264101,0.33696000000000004
2026-06-16T00:00:00,Lower_Forest,0.5186281819889448,0.37152
2026-06-17T00:00:00,Lower_Forest,0.49934743284090166,0.36288000000000004
2026-06-18T00:00:00,Lower_Forest,0.48152916141868607,0.8525114656875012
2026-06-19T00:00:00,Lower_Forest,0.47548915966830835,0.5089078288041198
2026-06-20T00:00:00,Lower_Forest,0.8056887602697469,0.24192
2026-06-21T00:00:00,Lower_Forest,0.690826522887876,0.0
2026-06-22T00:00:00,Lower_Forest,0.6263503487064883,0.0
2026-06-23T00:00:00,Lower_Forest,0.6866579650020768,0.33696000000000004
2026-06-24T00:00:00,Lower_Forest,0.6130842813586186,0.5184
2026-06-25T00:00:00,Lower_Forest,0.5767402602088396,0.051840000000000004
2026-06-26T00:00:00,Lower_Forest,0.8742306822942363,0.25056
2026-06-27T00:00:00,Lower_Forest,0.8785331096735249,0.43200000000000005
2026-06-28T00:00:00,Lower_Forest,0.7624040881091576,0.32832
2026-06-29T00:00:00,Lower_Forest,1.1862926575783792,0.29376
2026-06-30T00:00:00,Lower_Forest,1.3615914306820218,0.36288000000000004
2026-07-01T00:00:00,Lower_Forest,1.1309122695819542,0.31968
2026-07-02T00:00:00,Lower_Forest,0.9956719709885027,0.19872
2026-07-03T00:00:00,Lower_Forest,0.9076446087354426,0.20736000000000002
2026-07-04T00:00:00,Lower_Forest,0.8412454963149191,0.32832
2026-07-05T00:00:00,Lower_Forest,0.791387209052186,0.2592
2026-07-06T00:00:00,Lower_Forest,0.7521374026218168,0.19008000000000003
2026-07-07T00:00:00,Lower_Forest,0.7141954155964009,0.31968
2026-07-08T00:00:00,Lower_Forest,0.6679713954544915,0.7171200000000001
2026-07-09T00:00:00,Lower_Forest,0.6278226258572636,0.648
2026-07-10T00:00:00,Lower_Forest,0.5873428048695137,0.7603200000000001
2026-07-11T00:00:00,Lower_Forest,0.5498143135976173,0.7603200000000001
2026-07-12T00:00:00,Lower_Forest,0.5851534344062499,0.7257600000000001
2026-07-13T00:00:00,Lower_Forest,0.5790394526411768,0.7257600000000001
2026-07-14T00:00:00,Lower_Forest,0.527062660236296,0.63936
2026-07-15T00:00:00,Lower_Forest,0.49544037676348074,0.38880000000000003
2026-07-16T00:00:00,Lower_Forest,0.46450909140721924,0.5788800000000001
2026-07-17T00:00:00,Lower_Forest,0.5602166246456615,0.53568
2026-07-18T00:00:00,Lower_Forest,0.5077628684495589,0.32832
2026-07-19T00:00:00,Lower_Forest,0.46717784312923183,0.5184
2026-07-20T00:00:00,Lower_Forest,0.4431649655666856,1.188458058727157
2026-07-21T00:00:00,Lower_Forest,0.4316099652162313,0.9219060139668946
2026-07-22T00:00:00,Lower_Forest,0.4232071215105928,0.7731173477815614
2026-07-23T00:00:00,Lower_Forest,0.41641317292149277,0.8311276965731165
2026-07-24T00:00:00,Lower_Forest,0.4104560784748652,0.9399049207652549
2026-07-25T00:00:00,Lower_Forest,0.40494941260137535,0.6473391865667032
2026-07-26T00:00:00,Lower_Forest,0.4628745624975809,0.7323246099874803
2026-07-27T00:00:00,Lower_Forest,0.4261968267432225,0.9437801595769181
2026-07-28T00:00:00,Lower_Forest,0.4054234645473632,0.7207531926385304
2026-07-29T00:00:00,Lower_Forest,0.3926327203097364,0.6853203247510112
2026-07-30T00:00:00,Lower_Forest,0.442525835840472,0.5750922794081005
2026-07-31T00:00:00,Lower_Forest,0.5689155564097703,0.67078107824448
2026-08-01T00:00:00,Lower_Forest,0.5214953837133,0.6127724447395482
2026-08-02T00:00:00,Lower_Forest,0.44134920229620944,0.595885789628638
2026-08-03T00:00:00,Lower_Forest,0.39901859270716955,0.6719170741176459
2026-08-04T00:00:00,Lower_Forest,0.3756239880181615,0.5773758690499775
2026-08-05T00:00:00,Lower_Forest,0.7001627520278504,0.8136144732910134
2026-08-06T00:00:00,Lower_Forest,0.5218207183074604,1.1075960161367084
2026-08-07T00:00:00,Lower_Forest,0.5478279596685962,0.9639918319614237
2026-08-08T00:00:00,Lower_Forest,0.4413866728427282,0.8691841330686298
2026-08-09T00:00:00,Lower_Forest,0.5936476207671886,1.135359090295381
2026-08-10T00:00:00,Lower_Forest,0.5117282580022272,0.6825600000000001
2026-08-11T00:00:00,Lower_Forest,0.41621202920799205,1.7634558701251368
2026-08-12T00:00:00,Lower_Forest,0.9233247808151429,1.10592
2026-08-13T00:00:00,Lower_Forest,1.2221831432149466,0.74304
2026-08-14T00:00:00,Lower_Forest,0.9363923600846475,0.79488
2026-08-15T00:00:00,Lower_Forest,0.7736387529854349,0.59616
2026-08-16T00:00:00,Lower_Forest,1.0496308190387527,0.65664
2026-08-17T00:00:00,Lower_Forest,1.7569723468718255,0.4752
2026-08-18T00:00:00,Lower_Forest,1.3737253162508716,0.6739200000000001
2026-08-19T00:00:00,Lower_Forest,1.3446092877416829,0.61344
2026-08-20T00:00:00,Lower_Forest,1.1309445709697126,0.96768
2026-08-21T00:00:00,Lower_Forest,0.9875816795625378,0.96768
2026-08-22T00:00:00,Lower_Forest,0.8812342458937692,1.00224
2026-08-23T00:00:00,Lower_Forest,0.7947850279976885,1.06272
2026-08-24T00:00:00,Lower_Forest,0.7220425275997528,1.05408
2026-08-25T00:00:00,Lower_Forest,0.6593116988576901,1.0195200000000002
2026-08-26T00:00:00,Lower_Forest,0.6016634260126607,1.06272
2026-08-27T00:00:00,Lower_Forest,0.6636440284006488,1.08864
2026-08-28T00:00:00,Lower_Forest,0.5825781245682375,1.01088
2026-08-29T00:00:00,Lower_Forest,0.5197675627968511,1.0368
2026-08-30T00:00:00,Lower_Forest,1.5585008942767287,0.8294400000000001
2026-08-31T00:00:00,Lower_Forest,1.4853066344279668,0.9936
2026-09-01T00:00:00,Lower_Forest,1.3976811675900187,1.08
2026-09-02T00:00:00,Lower_Forest,1.3089200399261403,0.9504
2026-09-03T00:00:00,Lower_Forest,1.0962048038888788,1.1232
2026-09-04T00:00:00,Lower_Forest,0.9503708474678616,1.2355200000000002
2026-09-05T00:00:00,Lower_Forest,0.8416909379453263,1.27008
2026-09-06T00:00:00,Lower_Forest,0.7558937060877311,1.2355200000000002
2026-09-07T00:00:00,Lower_Forest,0.7966309526556796,1.11456
2026-09-08T00:00:00,Lower_Forest,0.7065643414216207,1.0195200000000002
2026-09-09T00:00:00,Lower_Forest,0.6347497931703212,1.09728
2026-09-10T00:00:00,Lower_Forest,0.5674188351253904,1.3478400000000001
2026-09-11T00:00:00,Lower_Forest,0.5054476620964904,1.44288
2026-09-12T00:00:00,Lower_Forest,0.44904968020195357,3.142882197426781
2026-09-13T00:00:00,Lower_Forest,0.7127008750247801,2.316664350039519
2026-09-14T00:00:00,Lower_Forest,0.6477711469996459,1.584857562821473
2026-09-15T00:00:00,Lower_Forest,0.535909930368488,1.0963220727767404
2026-09-16T00:00:00,Lower_Forest,0.4773290175920505,1.128522533820465
2026-09-17T00:00:00,Lower_Forest,0.5988463855487342,1.0354606154316628
2026-09-18T00:00:00,Lower_Forest,0.5983581085676675,1.2689712503521722
2026-09-19T00:00:00,Lower_Forest,0.500799314879718,1.070654755500198
2026-09-20T00:00:00,Lower_Forest,0.44949966477829423,1.188932280424619
2026-09-21T00:00:00,Lower_Forest,0.42136108963585217,1.1420971834123352
2026-09-22T00:00:00,Lower_Forest,0.40483416134904704,1.240808191713518
2026-09-23T00:00:00,Lower_Forest,0.7100187769990056,1.2563203786683756
2026-09-24T00:00:00,Lower_Forest,0.5443395011199289,1.2399030467732661
2026-09-25T00:00:00,Lower_Forest,0.535845736772635,1.2750873951585808
2026-09-26T00:00:00,Lower_Forest,0.45254931102133,1.169477087759463
2026-09-27T00:00:00,Lower_Forest,0.40859326761274006,1.4063979050979298
2026-09-28T00:00:00,Lower_Forest,0.38433626325716874,1.4945321242409002
2026-09-29T00:00:00,Lower_Forest,0.3699572657112486,1.5044445041526626
2026-09-30T00:00:00,Lower_Forest,0.3605454027622551,1.47162782419475
2026-10-01T00:00:00,Lower_Forest,0.3536448866639252,1.6158498523685552
2026-10-02T00:00:00,Lower_Forest,0.3480274762987252,1.9333929267998742
2026-10-03T00:00:00,Lower_Forest,0.34307870820404046,1.9455096310369973
2026-10-04T00:00:00,Lower_Forest,0.3384910120310146,1.8911261029842896
2026-10-05T00:00:00,Lower_Forest,0.3341102682203897,1.7063837294207373
2026-10-06T00:00:00,Lower_Forest,0.5690215867875164,1.454344374576186
2026-10-07T00:00:00,Lower_Forest,0.5355296966626129,1.4565591906331825
2026-10-08T00:00:00,Lower_Forest,1.1033991403093004,1.3255953783096148
2026-10-09T00:00:00,Lower_Forest,1.1371618709829194,1.3188722270393094
2026-10-10T00:00:00,Lower_Forest,0.7685210513093753,1.324421517183915
2026-10-11T00:00:00,Lower_Forest,0.5371404525248797,2.327272245268041
2026-10-12T00:00:00,Lower_Forest,0.4195391540467543,1.3544869363085705
2026-10-13T00:00:00,Lower_Forest,0.3588513932103877,1.3506765813442285
2026-10-14T00:00:00,Lower_Forest,0.326643990089867,1.3885839376368676
2026-10-15T00:00:00,Lower_Forest,0.6110375598610482,1.4298518418266346
2026-10-16T00:00:00,Lower_Forest,0.8156069760946671,1.39968
2026-10-17T00:00:00,Lower_Forest,0.6705490760155434,1.27872
2026-10-18T00:00:00,Lower_Forest,0.5919708745113058,1.39968
2026-10-19T00:00:00,Lower_Forest,0.45584015641182546,1.4774400000000003
2026-10-20T00:00:00,Lower_Forest,0.5710840309206751,1.4256
2026-10-21T00:00:00,Lower_Forest,0.6297237183094009,1.2441600000000002
2026-10-22T00:00:00,Lower_Forest,0.48190518780706365,1.48608
2026-10-23T00:00:00,Lower_Forest,0.46207528145276205,1.48608
2026-10-24T00:00:00,Lower_Forest,0.36399834826076305,1.4515200000000001
2026-10-25T00:00:00,Lower_Forest,1.1043336335421512,1.2614400000000001
2026-10-26T00:00:00,Lower_Forest,1.00772131415211,1.4083200000000002
2026-10-27T00:00:00,Lower_Forest,0.8148065428930464,1.3392000000000002
2026-10-28T00:00:00,Lower_Forest,0.6496482520036999,1.35648
2026-10-29T00:00:00,Lower_Forest,1.5685876835961696,1.3824
2026-10-30T00:00:00,Lower_Forest,1.7087986143496718,1.31328
2026-10-31T00:00:00,Lower_Forest,1.3162877929290062,1.296
2026-11-01T00:00:00,Lower_Forest,1.073535799220274,1.3824
2026-11-02T00:00:00,Lower_Forest,0.961563182785137,1.41696
2026-11-03T00:00:00,Lower_Forest,0.8244780132486902,1.4515200000000001
2026-11-04T00:00:00,Lower_Forest,0.7191282743309941,1.4515200000000001
2026-11-05T00:00:00,Lower_Forest,0.7860092503496674,1.5206400000000002
2026-11-06T00:00:00,Lower_Forest,0.6593242949481701,1.63296
2026-11-07T00:00:00,Lower_Forest,0.5598628079538299,1.7107200000000002
2026-11-08T00:00:00,Lower_Forest,0.4780929241213771,1.70208
2026-11-09T00:00:00,Lower_Forest,0.4115618743319888,1.5638400000000001
2026-11-10T00:00:00,Lower_Forest,0.3567500802827281,3.0678600460325587
2026-11-11T00:00:00,Lower_Forest,0.35015393236768116,1.4951935581908153
2026-11-12T00:00:00,Lower_Forest,0.34470862225732884,1.5818034424679737
2026-11-13T00:00:00,Lower_Forest,0.33986557150123414,1.3692848673059337
2026-11-14T00:00:00,Lower_Forest,0.33535015536852963,1.4222057731739166
2026-11-15T00:00:00,Lower_Forest,0.3310247301819536,1.4237551238448587
2026-11-16T00:00:00,Lower_Forest,0.3268201469324442,1.4587464236123608
2026-11-17T00:00:00,Lower_Forest,0.32270150803467157,1.3263139412094709
2026-11-18T00:00:00,Lower_Forest,0.3186510456536794,1.4198820345688647
2026-11-19T00:00:00,Lower_Forest,0.31465956081772894,1.3633146990026679
2026-11-20T00:00:00,Lower_Forest,0.31072214292486766,1.315720155749655
2026-11-21T00:00:00,Lower_Forest,0.3068360294469866,1.3505841999686214
2026-11-22T00:00:00,Lower_Forest,0.3029995357332395,1.3197268828960298
2026-11-23T00:00:00,Lower_Forest,0.2992115198637439,1.3541118588408954
2026-11-24T00:00:00,Lower_Forest,0.295471115029032,1.5009187959797041
2026-11-25T00:00:00,Lower_Forest,0.40007759567296197,1.747783279179279
2026-11-26T00:00:00,Lower_Forest,0.3422803105179465,1.4111680641706894
2026-11-27T00:00:00,Lower_Forest,0.3702661490319202,1.511920977781889
2026-11-28T00:00:00,Lower_Forest,0.3238407746167454,1.3942512768099382
2026-11-29T00:00:00,Lower_Forest,0.29889424115789787,1.3802639624954376
2026-11-30T00:00:00,Lower_Forest,0.2847088012553554,1.2790836040144078
2026-12-01T00:00:00,Lower_Forest,0.33910031029562926,1.1972286236262375
2026-12-02T00:00:00,Lower_Forest,1.537876428444917,1.209365310404765
2026-12-03T00:00:00,Lower_Forest,1.2060407216033466,1.1984507804605629
2026-12-04T00:00:00,Lower_Forest,0.7316447118403,1.3125970236573203
2026-12-05T00:00:00,Lower_Forest,0.49283890257079377,1.1208937600785716
2026-12-06T00:00:00,Lower_Forest,1.6376845180584505,1.22688
2026-12-07T00:00:00,Lower_Forest,1.5980279247830282,1.06272
2026-12-08T00:00:00,Lower_Forest,1.1782493800563905,1.06272
2026-12-09T00:00:00,Lower_Forest,0.9334051104319552,1.0368
2026-12-10T00:00:00,Lower_Forest,0.7819223112784168,0.92448
2026-12-11T00:00:00,Lower_Forest,0.6707819215732211,1.1491200000000001
2026-12-12T00:00:00,Lower_Forest,0.5873441782865654,1.10592
2026-12-13T00:00:00,Lower_Forest,0.5120094614505933,1.3392000000000002
2026-12-14T00:00:00,Lower_Forest,0.4484121189022632,1.28736
2026-12-15T00:00:00,Lower_Forest,0.389087584997032,1.37376
2026-12-16T00:00:00,Lower_Forest,0.6355636944741254,1.35648
2026-12-17T00:00:00,Lower_Forest,0.7862200920121056,1.3305600000000002
2026-12-18T00:00:00,Lower_Forest,1.1051126210756215,1.4342400000000002
2026-12-19T00:00:00,Lower_Forest,1.4555580415628042,1.3392000000000002
2026-12-20T00:00:00,Lower_Forest,1.1099789304354966,1.2096
2026-12-21T00:00:00,Lower_Forest,0.9080311743663892,0.95904
2026-12-22T00:00:00,Lower_Forest,0.7779913834961789,0.9072
2026-12-23T00:00:00,Lower_Forest,0.8777226401579905,1.0281600000000002
2026-12-24T00:00:00,Lower_Forest,0.9122430862295214,1.18368
2026-12-25T00:00:00,Lower_Forest,1.092131931637078,1.1232
2026-12-26T00:00:00,Lower_Forest,0.8885990041756349,1.18368
2026-12-27T00:00:00,Lower_Forest,0.7623328485626215,0.92448
2026-12-28T00:00:00,Lower_Forest,0.6750117679126384,0.8467200000000001
2026-12-29T00:00:00,Lower_Forest,0.60620525338097,0.89856
2026-12-30T00:00:00,Lower_Forest,0.5514579973271669,0.8294400000000001
2026-12-31T00:00:00,Lower_Forest,0.49668167616416203,1.07136
