5006404e-2b2d-47fe-a068-03c03dfa64eb,location,waterLevel
2023-01-01T00:00:00,Lower_Forest_Direct Runoff,2.0
2023-01-02T00:00:00,Lower_Forest_Direct Runoff,8.230875000000001
2023-01-03T00:00:00,Lower_Forest_Direct Runoff,5.6154375000000005
2023-01-04T00:00:00,Lower_Forest_Direct Runoff,4.30771875
2023-01-05T00:00:00,Lower_Forest_Direct Runoff,3.653859375
2023-01-06T00:00:00,Lower_Forest_Direct Runoff,3.8233046875000003
2023-01-07T00:00:00,Lower_Forest_Direct Runoff,4.99102734375
2023-01-08T00:00:00,Lower_Forest_Direct Runoff,3.995513671875
2023-01-09T00:00:00,Lower_Forest_Direct Runoff,6.1601318359375
2023-01-10T00:00:00,Lower_Forest_Direct Runoff,4.58006591796875
2023-01-11T00:00:00,Lower_Forest_Direct Runoff,3.790032958984375
2023-01-12T00:00:00,Lower_Forest_Direct Runoff,3.3950164794921873
2023-01-13T00:00:00,Lower_Forest_Direct Runoff,3.1975082397460937
2023-01-14T00:00:00,Lower_Forest_Direct Runoff,3.098754119873047
2023-01-15T00:00:00,Lower_Forest_Direct Runoff,3.0493770599365235
2023-01-16T00:00:00,Lower_Forest_Direct Runoff,3.0246885299682615
2023-01-17T00:00:00,Lower_Forest_Direct Runoff,3.0123442649841308
2023-01-18T00:00:00,Lower_Forest_Direct Runoff,10.632297132492065
2023-01-19T00:00:00,Lower_Forest_Direct Runoff,7.267398566246032
2023-01-20T00:00:00,Lower_Forest_Direct Runoff,5.675199283123016
2023-01-21T00:00:00,Lower_Forest_Direct Runoff,5.104724641561508
2023-01-22T00:00:00,Lower_Forest_Direct Runoff,4.0523623207807535
2023-01-23T00:00:00,Lower_Forest_Direct Runoff,3.5261811603903768
2023-01-24T00:00:00,Lower_Forest_Direct Runoff,3.2630905801951884
2023-01-25T00:00:00,Lower_Forest_Direct Runoff,3.131545290097594
2023-01-26T00:00:00,Lower_Forest_Direct Runoff,6.585522645048798
2023-01-27T00:00:00,Lower_Forest_Direct Runoff,4.792761322524399
2023-01-28T00:00:00,Lower_Forest_Direct Runoff,3.8963806612621994
2023-01-29T00:00:00,Lower_Forest_Direct Runoff,3.4481903306310997
2023-01-30T00:00:00,Lower_Forest_Direct Runoff,3.22409516531555
2023-01-31T00:00:00,Lower_Forest_Direct Runoff,3.112047582657775
2023-02-01T00:00:00,Lower_Forest_Direct Runoff,3.0560237913288875
2023-02-02T00:00:00,Lower_Forest_Direct Runoff,3.0280118956644437
2023-02-03T00:00:00,Lower_Forest_Direct Runoff,3.0140059478322216
2023-02-04T00:00:00,Lower_Forest_Direct Runoff,3.007002973916111
2023-02-05T00:00:00,Lower_Forest_Direct Runoff,3.003501486958055
2023-02-06T00:00:00,Lower_Forest_Direct Runoff,3.0017507434790276
2023-02-07T00:00:00,Lower_Forest_Direct Runoff,3.0008753717395136
2023-02-08T00:00:00,Lower_Forest_Direct Runoff,3.000437685869757
2023-02-09T00:00:00,Lower_Forest_Direct Runoff,3.0002188429348786
2023-02-10T00:00:00,Lower_Forest_Direct Runoff,3.0001094214674393
2023-02-11T00:00:00,Lower_Forest_Direct Runoff,3.0000547107337194
2023-02-12T00:00:00,Lower_Forest_Direct Runoff,3.0000273553668597
2023-02-13T00:00:00,Lower_Forest_Direct Runoff,3.00001367768343
2023-02-14T00:00:00,Lower_Forest_Direct Runoff,3.000006838841715
2023-02-15T00:00:00,Lower_Forest_Direct Runoff,3.0000034194208576
2023-02-16T00:00:00,Lower_Forest_Direct Runoff,3.000001709710429
2023-02-17T00:00:00,Lower_Forest_Direct Runoff,3.000000854855214
2023-02-18T00:00:00,Lower_Forest_Direct Runoff,3.8122504274276072
2023-02-19T00:00:00,Lower_Forest_Direct Runoff,3.4061252137138034
2023-02-20T00:00:00,Lower_Forest_Direct Runoff,4.376312606856901
2023-02-21T00:00:00,Lower_Forest_Direct Runoff,3.6881563034284506
2023-02-22T00:00:00,Lower_Forest_Direct Runoff,3.3440781517142253
2023-02-23T00:00:00,Lower_Forest_Direct Runoff,3.5781640758571127
2023-02-24T00:00:00,Lower_Forest_Direct Runoff,4.056207037928557
2023-02-25T00:00:00,Lower_Forest_Direct Runoff,3.9793535189642784
2023-02-26T00:00:00,Lower_Forest_Direct Runoff,3.489676759482139
2023-02-27T00:00:00,Lower_Forest_Direct Runoff,6.448713379741069
2023-02-28T00:00:00,Lower_Forest_Direct Runoff,4.724356689870534
2023-03-01T00:00:00,Lower_Forest_Direct Runoff,3.862178344935267
2023-03-02T00:00:00,Lower_Forest_Direct Runoff,3.4310891724676336
2023-03-03T00:00:00,Lower_Forest_Direct Runoff,3.2155445862338166
2023-03-04T00:00:00,Lower_Forest_Direct Runoff,3.1077722931169083
2023-03-05T00:00:00,Lower_Forest_Direct Runoff,4.768636146558454
2023-03-06T00:00:00,Lower_Forest_Direct Runoff,3.884318073279227
2023-03-07T00:00:00,Lower_Forest_Direct Runoff,3.4421590366396133
2023-03-08T00:00:00,Lower_Forest_Direct Runoff,3.2210795183198067
2023-03-09T00:00:00,Lower_Forest_Direct Runoff,3.8325397591599035
2023-03-10T00:00:00,Lower_Forest_Direct Runoff,6.710394879579952
2023-03-11T00:00:00,Lower_Forest_Direct Runoff,6.6150724397899765
2023-03-12T00:00:00,Lower_Forest_Direct Runoff,4.807536219894988
2023-03-13T00:00:00,Lower_Forest_Direct Runoff,4.806268109947494
2023-03-14T00:00:00,Lower_Forest_Direct Runoff,4.670259054973747
2023-03-15T00:00:00,Lower_Forest_Direct Runoff,5.459629527486873
2023-03-16T00:00:00,Lower_Forest_Direct Runoff,4.229814763743437
2023-03-17T00:00:00,Lower_Forest_Direct Runoff,3.6149073818717183
2023-03-18T00:00:00,Lower_Forest_Direct Runoff,4.977078690935859
2023-03-19T00:00:00,Lower_Forest_Direct Runoff,11.34391434546793
2023-03-20T00:00:00,Lower_Forest_Direct Runoff,9.337957172733965
2023-03-21T00:00:00,Lower_Forest_Direct Runoff,6.981228586366982
2023-03-22T00:00:00,Lower_Forest_Direct Runoff,4.990614293183491
2023-03-23T00:00:00,Lower_Forest_Direct Runoff,3.9953071465917454
2023-03-24T00:00:00,Lower_Forest_Direct Runoff,3.4976535732958727
2023-03-25T00:00:00,Lower_Forest_Direct Runoff,3.7000767866479363
2023-03-26T00:00:00,Lower_Forest_Direct Runoff,3.350038393323968
2023-03-27T00:00:00,Lower_Forest_Direct Runoff,3.1750191966619843
2023-03-28T00:00:00,Lower_Forest_Direct Runoff,3.087509598330992
2023-03-29T00:00:00,Lower_Forest_Direct Runoff,3.0437547991654963
2023-03-30T00:00:00,Lower_Forest_Direct Runoff,3.021877399582748
2023-03-31T00:00:00,Lower_Forest_Direct Runoff,4.274438699791374
2023-04-01T00:00:00,Lower_Forest_Direct Runoff,3.637219349895687
2023-04-02T00:00:00,Lower_Forest_Direct Runoff,3.3186096749478438
2023-04-03T00:00:00,Lower_Forest_Direct Runoff,5.235054837473922
2023-04-04T00:00:00,Lower_Forest_Direct Runoff,6.23840241873696
2023-04-05T00:00:00,Lower_Forest_Direct Runoff,8.36457620936848
2023-04-06T00:00:00,Lower_Forest_Direct Runoff,7.08116310468424
2023-04-07T00:00:00,Lower_Forest_Direct Runoff,5.04058155234212
2023-04-08T00:00:00,Lower_Forest_Direct Runoff,4.02029077617106
2023-04-09T00:00:00,Lower_Forest_Direct Runoff,3.51014538808553
2023-04-10T00:00:00,Lower_Forest_Direct Runoff,3.255072694042765
2023-04-11T00:00:00,Lower_Forest_Direct Runoff,3.3982863470213824
2023-04-12T00:00:00,Lower_Forest_Direct Runoff,3.1991431735106914
2023-04-13T00:00:00,Lower_Forest_Direct Runoff,3.641071586755346
2023-04-14T00:00:00,Lower_Forest_Direct Runoff,7.426910793377672
2023-04-15T00:00:00,Lower_Forest_Direct Runoff,5.213455396688836
2023-04-16T00:00:00,Lower_Forest_Direct Runoff,4.106727698344418
2023-04-17T00:00:00,Lower_Forest_Direct Runoff,3.553363849172209
2023-04-18T00:00:00,Lower_Forest_Direct Runoff,4.4950569245861045
2023-04-19T00:00:00,Lower_Forest_Direct Runoff,3.7475284622930523
2023-04-20T00:00:00,Lower_Forest_Direct Runoff,4.1408892311465255
2023-04-21T00:00:00,Lower_Forest_Direct Runoff,3.5704446155732628
2023-04-22T00:00:00,Lower_Forest_Direct Runoff,3.2852223077866314
2023-04-23T00:00:00,Lower_Forest_Direct Runoff,3.864611153893316
2023-04-24T00:00:00,Lower_Forest_Direct Runoff,4.425055576946658
2023-04-25T00:00:00,Lower_Forest_Direct Runoff,3.712527788473329
2023-04-26T00:00:00,Lower_Forest_Direct Runoff,3.3562638942366645
2023-04-27T00:00:00,Lower_Forest_Direct Runoff,3.1781319471183322
2023-04-28T00:00:00,Lower_Forest_Direct Runoff,3.0890659735591663
2023-04-29T00:00:00,Lower_Forest_Direct Runoff,3.044532986779583
2023-04-30T00:00:00,Lower_Forest_Direct Runoff,3.0222664933897914
2023-05-01T00:00:00,Lower_Forest_Direct Runoff,3.0111332466948957
2023-05-02T00:00:00,Lower_Forest_Direct Runoff,3.005566623347448
2023-05-03T00:00:00,Lower_Forest_Direct Runoff,3.002783311673724
2023-05-04T00:00:00,Lower_Forest_Direct Runoff,3.001391655836862
2023-05-05T00:00:00,Lower_Forest_Direct Runoff,3.000695827918431
2023-05-06T00:00:00,Lower_Forest_Direct Runoff,3.0003479139592155
2023-05-07T00:00:00,Lower_Forest_Direct Runoff,3.0001739569796078
2023-05-08T00:00:00,Lower_Forest_Direct Runoff,3.000086978489804
2023-05-09T00:00:00,Lower_Forest_Direct Runoff,3.000043489244902
2023-05-10T00:00:00,Lower_Forest_Direct Runoff,3.000021744622451
2023-05-11T00:00:00,Lower_Forest_Direct Runoff,3.4512608723112255
2023-05-12T00:00:00,Lower_Forest_Direct Runoff,3.2256304361556127
2023-05-13T00:00:00,Lower_Forest_Direct Runoff,3.1128152180778064
2023-05-14T00:00:00,Lower_Forest_Direct Runoff,3.056407609038903
2023-05-15T00:00:00,Lower_Forest_Direct Runoff,3.0282038045194515
2023-05-16T00:00:00,Lower_Forest_Direct Runoff,3.4653519022597257
2023-05-17T00:00:00,Lower_Forest_Direct Runoff,6.617050951129863
2023-05-18T00:00:00,Lower_Forest_Direct Runoff,5.304900475564931
2023-05-19T00:00:00,Lower_Forest_Direct Runoff,4.964700237782466
2023-05-20T00:00:00,Lower_Forest_Direct Runoff,3.982350118891233
2023-05-21T00:00:00,Lower_Forest_Direct Runoff,6.875550059445617
2023-05-22T00:00:00,Lower_Forest_Direct Runoff,5.298775029722808
2023-05-23T00:00:00,Lower_Forest_Direct Runoff,4.645762514861405
2023-05-24T00:00:00,Lower_Forest_Direct Runoff,3.8228812574307023
2023-05-25T00:00:00,Lower_Forest_Direct Runoff,11.57906562871535
2023-05-26T00:00:00,Lower_Forest_Direct Runoff,7.289532814357675
2023-05-27T00:00:00,Lower_Forest_Direct Runoff,5.144766407178837
2023-05-28T00:00:00,Lower_Forest_Direct Runoff,4.0723832035894185
2023-05-29T00:00:00,Lower_Forest_Direct Runoff,3.5361916017947093
2023-05-30T00:00:00,Lower_Forest_Direct Runoff,5.0279708008973545
2023-05-31T00:00:00,Lower_Forest_Direct Runoff,4.013985400448677
2023-06-01T00:00:00,Lower_Forest_Direct Runoff,3.5069927002243384
2023-06-02T00:00:00,Lower_Forest_Direct Runoff,3.253496350112169
2023-06-03T00:00:00,Lower_Forest_Direct Runoff,3.1267481750560844
2023-06-04T00:00:00,Lower_Forest_Direct Runoff,3.063374087528042
2023-06-05T00:00:00,Lower_Forest_Direct Runoff,3.031687043764021
2023-06-06T00:00:00,Lower_Forest_Direct Runoff,3.0158435218820108
2023-06-07T00:00:00,Lower_Forest_Direct Runoff,3.0079217609410054
2023-06-08T00:00:00,Lower_Forest_Direct Runoff,3.003960880470503
2023-06-09T00:00:00,Lower_Forest_Direct Runoff,3.0019804402352515
2023-06-10T00:00:00,Lower_Forest_Direct Runoff,3.0009902201176257
2023-06-11T00:00:00,Lower_Forest_Direct Runoff,3.0004951100588126
2023-06-12T00:00:00,Lower_Forest_Direct Runoff,3.0002475550294063
2023-06-13T00:00:00,Lower_Forest_Direct Runoff,3.000123777514703
2023-06-14T00:00:00,Lower_Forest_Direct Runoff,3.000061888757352
2023-06-15T00:00:00,Lower_Forest_Direct Runoff,3.000030944378676
2023-06-16T00:00:00,Lower_Forest_Direct Runoff,3.0000154721893377
2023-06-17T00:00:00,Lower_Forest_Direct Runoff,3.000007736094669
2023-06-18T00:00:00,Lower_Forest_Direct Runoff,3.0000038680473344
2023-06-19T00:00:00,Lower_Forest_Direct Runoff,3.0000019340236674
2023-06-20T00:00:00,Lower_Forest_Direct Runoff,3.0000009670118337
2023-06-21T00:00:00,Lower_Forest_Direct Runoff,3.406125483505917
2023-06-22T00:00:00,Lower_Forest_Direct Runoff,3.2030627417529587
2023-06-23T00:00:00,Lower_Forest_Direct Runoff,3.1015313708764793
2023-06-24T00:00:00,Lower_Forest_Direct Runoff,3.0507656854382397
2023-06-25T00:00:00,Lower_Forest_Direct Runoff,3.02538284271912
2023-06-26T00:00:00,Lower_Forest_Direct Runoff,3.01269142135956
2023-06-27T00:00:00,Lower_Forest_Direct Runoff,3.00634571067978
2023-06-28T00:00:00,Lower_Forest_Direct Runoff,3.0031728553398898
2023-06-29T00:00:00,Lower_Forest_Direct Runoff,6.070086427669945
2023-06-30T00:00:00,Lower_Forest_Direct Runoff,4.8960432138349725
2023-07-01T00:00:00,Lower_Forest_Direct Runoff,5.437146606917486
2023-07-02T00:00:00,Lower_Forest_Direct Runoff,4.218573303458744
2023-07-03T00:00:00,Lower_Forest_Direct Runoff,3.609286651729372
2023-07-04T00:00:00,Lower_Forest_Direct Runoff,3.304643325864686
2023-07-05T00:00:00,Lower_Forest_Direct Runoff,3.152321662932343
2023-07-06T00:00:00,Lower_Forest_Direct Runoff,3.0761608314661713
2023-07-07T00:00:00,Lower_Forest_Direct Runoff,5.610205415733086
2023-07-08T00:00:00,Lower_Forest_Direct Runoff,4.711227707866543
2023-07-09T00:00:00,Lower_Forest_Direct Runoff,3.8556138539332716
2023-07-10T00:00:00,Lower_Forest_Direct Runoff,3.427806926966636
2023-07-11T00:00:00,Lower_Forest_Direct Runoff,3.800528463483318
2023-07-12T00:00:00,Lower_Forest_Direct Runoff,4.844264231741659
2023-07-13T00:00:00,Lower_Forest_Direct Runoff,3.9221321158708293
2023-07-14T00:00:00,Lower_Forest_Direct Runoff,3.4610660579354144
2023-07-15T00:00:00,Lower_Forest_Direct Runoff,8.013783028967707
2023-07-16T00:00:00,Lower_Forest_Direct Runoff,6.499641514483853
2023-07-17T00:00:00,Lower_Forest_Direct Runoff,4.749820757241927
2023-07-18T00:00:00,Lower_Forest_Direct Runoff,3.8749103786209633
2023-07-19T00:00:00,Lower_Forest_Direct Runoff,3.9338301893104815
2023-07-20T00:00:00,Lower_Forest_Direct Runoff,3.4669150946552407
2023-07-21T00:00:00,Lower_Forest_Direct Runoff,3.7298325473276206
2023-07-22T00:00:00,Lower_Forest_Direct Runoff,8.32866627366381
2023-07-23T00:00:00,Lower_Forest_Direct Runoff,5.664333136831905
2023-07-24T00:00:00,Lower_Forest_Direct Runoff,4.3321665684159525
2023-07-25T00:00:00,Lower_Forest_Direct Runoff,3.6660832842079762
2023-07-26T00:00:00,Lower_Forest_Direct Runoff,3.3330416421039883
2023-07-27T00:00:00,Lower_Forest_Direct Runoff,3.7080208210519943
2023-07-28T00:00:00,Lower_Forest_Direct Runoff,5.249260410525997
2023-07-29T00:00:00,Lower_Forest_Direct Runoff,4.124630205262998
2023-07-30T00:00:00,Lower_Forest_Direct Runoff,3.562315102631499
2023-07-31T00:00:00,Lower_Forest_Direct Runoff,3.28115755131575
2023-08-01T00:00:00,Lower_Forest_Direct Runoff,3.140578775657875
2023-08-02T00:00:00,Lower_Forest_Direct Runoff,3.0702893878289377
2023-08-03T00:00:00,Lower_Forest_Direct Runoff,3.035144693914469
2023-08-04T00:00:00,Lower_Forest_Direct Runoff,3.0175723469572344
2023-08-05T00:00:00,Lower_Forest_Direct Runoff,3.008786173478617
2023-08-06T00:00:00,Lower_Forest_Direct Runoff,3.0043930867393085
2023-08-07T00:00:00,Lower_Forest_Direct Runoff,3.0021965433696542
2023-08-08T00:00:00,Lower_Forest_Direct Runoff,3.0010982716848273
2023-08-09T00:00:00,Lower_Forest_Direct Runoff,3.0005491358424137
2023-08-10T00:00:00,Lower_Forest_Direct Runoff,6.6102745679212065
2023-08-11T00:00:00,Lower_Forest_Direct Runoff,8.731012283960602
2023-08-12T00:00:00,Lower_Forest_Direct Runoff,7.354631141980301
2023-08-13T00:00:00,Lower_Forest_Direct Runoff,6.350565570990151
2023-08-14T00:00:00,Lower_Forest_Direct Runoff,4.675282785495075
2023-08-15T00:00:00,Lower_Forest_Direct Runoff,3.8376413927475377
2023-08-16T00:00:00,Lower_Forest_Direct Runoff,3.4188206963737686
2023-08-17T00:00:00,Lower_Forest_Direct Runoff,4.0216603481868844
2023-08-18T00:00:00,Lower_Forest_Direct Runoff,3.5108301740934422
2023-08-19T00:00:00,Lower_Forest_Direct Runoff,3.255415087046721
2023-08-20T00:00:00,Lower_Forest_Direct Runoff,3.1277075435233606
2023-08-21T00:00:00,Lower_Forest_Direct Runoff,3.0638537717616803
2023-08-22T00:00:00,Lower_Forest_Direct Runoff,3.03192688588084
2023-08-23T00:00:00,Lower_Forest_Direct Runoff,3.01596344294042
2023-08-24T00:00:00,Lower_Forest_Direct Runoff,3.00798172147021
2023-08-25T00:00:00,Lower_Forest_Direct Runoff,3.003990860735105
2023-08-26T00:00:00,Lower_Forest_Direct Runoff,3.9496204303675526
2023-08-27T00:00:00,Lower_Forest_Direct Runoff,3.4748102151837763
2023-08-28T00:00:00,Lower_Forest_Direct Runoff,3.237405107591888
2023-08-29T00:00:00,Lower_Forest_Direct Runoff,3.118702553795944
2023-08-30T00:00:00,Lower_Forest_Direct Runoff,3.059351276897972
2023-08-31T00:00:00,Lower_Forest_Direct Runoff,3.0296756384489862
2023-09-01T00:00:00,Lower_Forest_Direct Runoff,7.888337819224493
2023-09-02T00:00:00,Lower_Forest_Direct Runoff,7.5199189096122465
2023-09-03T00:00:00,Lower_Forest_Direct Runoff,13.247084454806123
2023-09-04T00:00:00,Lower_Forest_Direct Runoff,9.477292227403062
2023-09-05T00:00:00,Lower_Forest_Direct Runoff,7.096021113701531
2023-09-06T00:00:00,Lower_Forest_Direct Runoff,5.724885556850766
2023-09-07T00:00:00,Lower_Forest_Direct Runoff,4.3624427784253825
2023-09-08T00:00:00,Lower_Forest_Direct Runoff,3.6812213892126913
2023-09-09T00:00:00,Lower_Forest_Direct Runoff,4.107735694606346
2023-09-10T00:00:00,Lower_Forest_Direct Runoff,3.9148678473031726
2023-09-11T00:00:00,Lower_Forest_Direct Runoff,4.991683923651586
2023-09-12T00:00:00,Lower_Forest_Direct Runoff,5.484966961825793
2023-09-13T00:00:00,Lower_Forest_Direct Runoff,5.144983480912897
2023-09-14T00:00:00,Lower_Forest_Direct Runoff,4.0724917404564485
2023-09-15T00:00:00,Lower_Forest_Direct Runoff,3.5362458702282242
2023-09-16T00:00:00,Lower_Forest_Direct Runoff,3.2681229351141123
2023-09-17T00:00:00,Lower_Forest_Direct Runoff,7.601436467557056
2023-09-18T00:00:00,Lower_Forest_Direct Runoff,12.565843233778528
2023-09-19T00:00:00,Lower_Forest_Direct Runoff,9.542796616889264
2023-09-20T00:00:00,Lower_Forest_Direct Runoff,6.271398308444632
2023-09-21T00:00:00,Lower_Forest_Direct Runoff,4.635699154222316
2023-09-22T00:00:00,Lower_Forest_Direct Runoff,3.817849577111158
2023-09-23T00:00:00,Lower_Forest_Direct Runoff,3.408924788555579
2023-09-24T00:00:00,Lower_Forest_Direct Runoff,3.4752123942777895
2023-09-25T00:00:00,Lower_Forest_Direct Runoff,6.306106197138894
2023-09-26T00:00:00,Lower_Forest_Direct Runoff,9.120428098569446
2023-09-27T00:00:00,Lower_Forest_Direct Runoff,6.917589049284723
2023-09-28T00:00:00,Lower_Forest_Direct Runoff,4.958794524642362
2023-09-29T00:00:00,Lower_Forest_Direct Runoff,3.979397262321181
2023-09-30T00:00:00,Lower_Forest_Direct Runoff,5.02394863116059
2023-10-01T00:00:00,Lower_Forest_Direct Runoff,4.011974315580295
2023-10-02T00:00:00,Lower_Forest_Direct Runoff,3.5059871577901474
2023-10-03T00:00:00,Lower_Forest_Direct Runoff,3.2529935788950737
2023-10-04T00:00:00,Lower_Forest_Direct Runoff,3.126496789447537
2023-10-05T00:00:00,Lower_Forest_Direct Runoff,3.0632483947237685
2023-10-06T00:00:00,Lower_Forest_Direct Runoff,3.031624197361884
2023-10-07T00:00:00,Lower_Forest_Direct Runoff,3.015812098680942
2023-10-08T00:00:00,Lower_Forest_Direct Runoff,3.007906049340471
2023-10-09T00:00:00,Lower_Forest_Direct Runoff,6.5688280246702355
2023-10-10T00:00:00,Lower_Forest_Direct Runoff,5.235664012335118
2023-10-11T00:00:00,Lower_Forest_Direct Runoff,6.780207006167559
2023-10-12T00:00:00,Lower_Forest_Direct Runoff,5.341353503083779
2023-10-13T00:00:00,Lower_Forest_Direct Runoff,4.531676751541889
2023-10-14T00:00:00,Lower_Forest_Direct Runoff,6.202588375770945
2023-10-15T00:00:00,Lower_Forest_Direct Runoff,7.038044187885472
2023-10-16T00:00:00,Lower_Forest_Direct Runoff,8.313147093942735
2023-10-17T00:00:00,Lower_Forest_Direct Runoff,5.656573546971368
2023-10-18T00:00:00,Lower_Forest_Direct Runoff,4.824661773485683
2023-10-19T00:00:00,Lower_Forest_Direct Runoff,3.9123308867428417
2023-10-20T00:00:00,Lower_Forest_Direct Runoff,3.456165443371421
2023-10-21T00:00:00,Lower_Forest_Direct Runoff,5.57458272168571
2023-10-22T00:00:00,Lower_Forest_Direct Runoff,4.287291360842855
2023-10-23T00:00:00,Lower_Forest_Direct Runoff,3.6436456804214274
2023-10-24T00:00:00,Lower_Forest_Direct Runoff,3.3218228402107135
2023-10-25T00:00:00,Lower_Forest_Direct Runoff,3.1609114201053568
2023-10-26T00:00:00,Lower_Forest_Direct Runoff,3.0804557100526786
2023-10-27T00:00:00,Lower_Forest_Direct Runoff,3.0402278550263393
2023-10-28T00:00:00,Lower_Forest_Direct Runoff,3.0201139275131696
2023-10-29T00:00:00,Lower_Forest_Direct Runoff,3.010056963756585
2023-10-30T00:00:00,Lower_Forest_Direct Runoff,4.268528481878293
2023-10-31T00:00:00,Lower_Forest_Direct Runoff,3.6342642409391464
2023-11-01T00:00:00,Lower_Forest_Direct Runoff,4.1293821204695735
2023-11-02T00:00:00,Lower_Forest_Direct Runoff,3.5646910602347868
2023-11-03T00:00:00,Lower_Forest_Direct Runoff,3.2823455301173934
2023-11-04T00:00:00,Lower_Forest_Direct Runoff,3.9985477650586967
2023-11-05T00:00:00,Lower_Forest_Direct Runoff,3.4992738825293483
2023-11-06T00:00:00,Lower_Forest_Direct Runoff,3.249636941264674
2023-11-07T00:00:00,Lower_Forest_Direct Runoff,11.788818470632336
2023-11-08T00:00:00,Lower_Forest_Direct Runoff,10.192159235316169
2023-11-09T00:00:00,Lower_Forest_Direct Runoff,15.575954617658084
2023-11-10T00:00:00,Lower_Forest_Direct Runoff,9.287977308829042
2023-11-11T00:00:00,Lower_Forest_Direct Runoff,6.143988654414521
2023-11-12T00:00:00,Lower_Forest_Direct Runoff,4.5719943272072605
2023-11-13T00:00:00,Lower_Forest_Direct Runoff,3.7859971636036303
2023-11-14T00:00:00,Lower_Forest_Direct Runoff,3.392998581801815
2023-11-15T00:00:00,Lower_Forest_Direct Runoff,3.1964992909009076
2023-11-16T00:00:00,Lower_Forest_Direct Runoff,3.098249645450454
2023-11-17T00:00:00,Lower_Forest_Direct Runoff,3.049124822725227
2023-11-18T00:00:00,Lower_Forest_Direct Runoff,3.0245624113626137
2023-11-19T00:00:00,Lower_Forest_Direct Runoff,4.411156205681307
2023-11-20T00:00:00,Lower_Forest_Direct Runoff,3.7055781028406534
2023-11-21T00:00:00,Lower_Forest_Direct Runoff,3.3527890514203267
2023-11-22T00:00:00,Lower_Forest_Direct Runoff,3.1763945257101636
2023-11-23T00:00:00,Lower_Forest_Direct Runoff,11.165572262855083
2023-11-24T00:00:00,Lower_Forest_Direct Runoff,9.835411131427541
2023-11-25T00:00:00,Lower_Forest_Direct Runoff,7.365330565713771
2023-11-26T00:00:00,Lower_Forest_Direct Runoff,5.904665282856886
2023-11-27T00:00:00,Lower_Forest_Direct Runoff,9.596582641428444
2023-11-28T00:00:00,Lower_Forest_Direct Runoff,6.298291320714222
2023-11-29T00:00:00,Lower_Forest_Direct Runoff,5.235770660357111
2023-11-30T00:00:00,Lower_Forest_Direct Runoff,4.117885330178556
2023-12-01T00:00:00,Lower_Forest_Direct Runoff,5.995692665089278
2023-12-02T00:00:00,Lower_Forest_Direct Runoff,17.58409633254464
2023-12-03T00:00:00,Lower_Forest_Direct Runoff,13.31542316627232
2023-12-04T00:00:00,Lower_Forest_Direct Runoff,8.157711583136159
2023-12-05T00:00:00,Lower_Forest_Direct Runoff,5.578855791568079
2023-12-06T00:00:00,Lower_Forest_Direct Runoff,4.28942789578404
2023-12-07T00:00:00,Lower_Forest_Direct Runoff,3.64471394789202
2023-12-08T00:00:00,Lower_Forest_Direct Runoff,3.95410697394601
2023-12-09T00:00:00,Lower_Forest_Direct Runoff,3.4770534869730048
2023-12-10T00:00:00,Lower_Forest_Direct Runoff,3.2385267434865024
2023-12-11T00:00:00,Lower_Forest_Direct Runoff,3.1192633717432514
2023-12-12T00:00:00,Lower_Forest_Direct Runoff,3.0596316858716257
2023-12-13T00:00:00,Lower_Forest_Direct Runoff,3.481065842935813
2023-12-14T00:00:00,Lower_Forest_Direct Runoff,3.2405329214679064
2023-12-15T00:00:00,Lower_Forest_Direct Runoff,3.120266460733953
2023-12-16T00:00:00,Lower_Forest_Direct Runoff,5.587133230366977
2023-12-17T00:00:00,Lower_Forest_Direct Runoff,4.293566615183488
2023-12-18T00:00:00,Lower_Forest_Direct Runoff,3.646783307591744
2023-12-19T00:00:00,Lower_Forest_Direct Runoff,4.045391653795872
2023-12-20T00:00:00,Lower_Forest_Direct Runoff,6.320445826897936
2023-12-21T00:00:00,Lower_Forest_Direct Runoff,5.291972913448968
2023-12-22T00:00:00,Lower_Forest_Direct Runoff,4.145986456724485
2023-12-23T00:00:00,Lower_Forest_Direct Runoff,9.935618228362243
2023-12-24T00:00:00,Lower_Forest_Direct Runoff,7.956934114181122
2023-12-25T00:00:00,Lower_Forest_Direct Runoff,5.478467057090561
2023-12-26T00:00:00,Lower_Forest_Direct Runoff,4.239233528545281
2023-12-27T00:00:00,Lower_Forest_Direct Runoff,5.19899176427264
2023-12-28T00:00:00,Lower_Forest_Direct Runoff,9.92062088213632
2023-12-29T00:00:00,Lower_Forest_Direct Runoff,7.182310441068161
2023-12-30T00:00:00,Lower_Forest_Direct Runoff,5.99365522053408
2023-12-31T00:00:00,Lower_Forest_Direct Runoff,5.4444526102670405
2024-01-01T00:00:00,Lower_Forest_Direct Runoff,5.395476305133521
2024-01-02T00:00:00,Lower_Forest_Direct Runoff,5.2807381525667605
2024-01-03T00:00:00,Lower_Forest_Direct Runoff,4.14036907628338
2024-01-04T00:00:00,Lower_Forest_Direct Runoff,5.51055953814169
2024-01-05T00:00:00,Lower_Forest_Direct Runoff,5.518779769070845
2024-01-06T00:00:00,Lower_Forest_Direct Runoff,4.259389884535422
2024-01-07T00:00:00,Lower_Forest_Direct Runoff,3.629694942267711
2024-01-08T00:00:00,Lower_Forest_Direct Runoff,3.314847471133856
2024-01-09T00:00:00,Lower_Forest_Direct Runoff,3.157423735566928
2024-01-10T00:00:00,Lower_Forest_Direct Runoff,3.078711867783464
2024-01-11T00:00:00,Lower_Forest_Direct Runoff,3.039355933891732
2024-01-12T00:00:00,Lower_Forest_Direct Runoff,3.019677966945866
2024-01-13T00:00:00,Lower_Forest_Direct Runoff,3.009838983472933
2024-01-14T00:00:00,Lower_Forest_Direct Runoff,3.0049194917364668
2024-01-15T00:00:00,Lower_Forest_Direct Runoff,4.446459745868234
2024-01-16T00:00:00,Lower_Forest_Direct Runoff,11.033479872934116
2024-01-17T00:00:00,Lower_Forest_Direct Runoff,7.016739936467058
2024-01-18T00:00:00,Lower_Forest_Direct Runoff,5.7303699682335285
2024-01-19T00:00:00,Lower_Forest_Direct Runoff,6.666559984116764
2024-01-20T00:00:00,Lower_Forest_Direct Runoff,6.277279992058382
2024-01-21T00:00:00,Lower_Forest_Direct Runoff,9.15113999602919
2024-01-22T00:00:00,Lower_Forest_Direct Runoff,6.391444998014595
2024-01-23T00:00:00,Lower_Forest_Direct Runoff,4.695722499007298
2024-01-24T00:00:00,Lower_Forest_Direct Runoff,3.847861249503649
2024-01-25T00:00:00,Lower_Forest_Direct Runoff,3.4239306247518244
2024-01-26T00:00:00,Lower_Forest_Direct Runoff,3.211965312375912
2024-01-27T00:00:00,Lower_Forest_Direct Runoff,3.105982656187956
2024-01-28T00:00:00,Lower_Forest_Direct Runoff,3.052991328093978
2024-01-29T00:00:00,Lower_Forest_Direct Runoff,3.026495664046989
2024-01-30T00:00:00,Lower_Forest_Direct Runoff,4.773122832023494
2024-01-31T00:00:00,Lower_Forest_Direct Runoff,4.653686416011747
2024-02-01T00:00:00,Lower_Forest_Direct Runoff,3.8268432080058736
2024-02-02T00:00:00,Lower_Forest_Direct Runoff,4.406171604002937
2024-02-03T00:00:00,Lower_Forest_Direct Runoff,3.7030858020014685
2024-02-04T00:00:00,Lower_Forest_Direct Runoff,3.3515429010007343
2024-02-05T00:00:00,Lower_Forest_Direct Runoff,3.175771450500367
2024-02-06T00:00:00,Lower_Forest_Direct Runoff,3.0878857252501835
2024-02-07T00:00:00,Lower_Forest_Direct Runoff,3.0439428626250917
2024-02-08T00:00:00,Lower_Forest_Direct Runoff,3.021971431312546
2024-02-09T00:00:00,Lower_Forest_Direct Runoff,3.0109857156562727
2024-02-10T00:00:00,Lower_Forest_Direct Runoff,3.0054928578281364
2024-02-11T00:00:00,Lower_Forest_Direct Runoff,3.544246428914068
2024-02-12T00:00:00,Lower_Forest_Direct Runoff,3.948998214457034
2024-02-13T00:00:00,Lower_Forest_Direct Runoff,3.474499107228517
2024-02-14T00:00:00,Lower_Forest_Direct Runoff,3.2372495536142587
2024-02-15T00:00:00,Lower_Forest_Direct Runoff,4.06624977680713
2024-02-16T00:00:00,Lower_Forest_Direct Runoff,3.533124888403565
2024-02-17T00:00:00,Lower_Forest_Direct Runoff,3.2665624442017824
2024-02-18T00:00:00,Lower_Forest_Direct Runoff,3.133281222100891
2024-02-19T00:00:00,Lower_Forest_Direct Runoff,3.0666406110504454
2024-02-20T00:00:00,Lower_Forest_Direct Runoff,3.0333203055252227
2024-02-21T00:00:00,Lower_Forest_Direct Runoff,3.0166601527626113
2024-02-22T00:00:00,Lower_Forest_Direct Runoff,3.0083300763813057
2024-02-23T00:00:00,Lower_Forest_Direct Runoff,3.004165038190653
2024-02-24T00:00:00,Lower_Forest_Direct Runoff,3.0020825190953264
2024-02-25T00:00:00,Lower_Forest_Direct Runoff,3.8132912595476633
2024-02-26T00:00:00,Lower_Forest_Direct Runoff,3.4066456297738315
2024-02-27T00:00:00,Lower_Forest_Direct Runoff,3.2033228148869157
2024-02-28T00:00:00,Lower_Forest_Direct Runoff,9.283786407443458
2024-02-29T00:00:00,Lower_Forest_Direct Runoff,8.80426820372173
2024-03-01T00:00:00,Lower_Forest_Direct Runoff,6.9400091018608645
2024-03-02T00:00:00,Lower_Forest_Direct Runoff,5.556629550930432
2024-03-03T00:00:00,Lower_Forest_Direct Runoff,4.2783147754652155
2024-03-04T00:00:00,Lower_Forest_Direct Runoff,3.6391573877326078
2024-03-05T00:00:00,Lower_Forest_Direct Runoff,3.319578693866304
2024-03-06T00:00:00,Lower_Forest_Direct Runoff,5.596539346933152
2024-03-07T00:00:00,Lower_Forest_Direct Runoff,7.366769673466576
2024-03-08T00:00:00,Lower_Forest_Direct Runoff,5.183384836733288
2024-03-09T00:00:00,Lower_Forest_Direct Runoff,4.452692418366644
2024-03-10T00:00:00,Lower_Forest_Direct Runoff,3.726346209183322
2024-03-11T00:00:00,Lower_Forest_Direct Runoff,4.220548104591661
2024-03-12T00:00:00,Lower_Forest_Direct Runoff,3.6102740522958303
2024-03-13T00:00:00,Lower_Forest_Direct Runoff,5.561387026147916
2024-03-14T00:00:00,Lower_Forest_Direct Runoff,4.280693513073958
2024-03-15T00:00:00,Lower_Forest_Direct Runoff,3.640346756536979
2024-03-16T00:00:00,Lower_Forest_Direct Runoff,3.7714233782684894
2024-03-17T00:00:00,Lower_Forest_Direct Runoff,4.965086689134244
2024-03-18T00:00:00,Lower_Forest_Direct Runoff,4.433793344567122
2024-03-19T00:00:00,Lower_Forest_Direct Runoff,4.303521672283561
2024-03-20T00:00:00,Lower_Forest_Direct Runoff,4.464010836141781
2024-03-21T00:00:00,Lower_Forest_Direct Runoff,3.7320054180708904
2024-03-22T00:00:00,Lower_Forest_Direct Runoff,3.3660027090354454
2024-03-23T00:00:00,Lower_Forest_Direct Runoff,3.5891263545177226
2024-03-24T00:00:00,Lower_Forest_Direct Runoff,3.7006881772588613
2024-03-25T00:00:00,Lower_Forest_Direct Runoff,3.9369690886294304
2024-03-26T00:00:00,Lower_Forest_Direct Runoff,4.686859544314715
2024-03-27T00:00:00,Lower_Forest_Direct Runoff,5.603304772157358
2024-03-28T00:00:00,Lower_Forest_Direct Runoff,5.971277386078679
2024-03-29T00:00:00,Lower_Forest_Direct Runoff,4.4856386930393395
2024-03-30T00:00:00,Lower_Forest_Direct Runoff,3.7428193465196697
2024-03-31T00:00:00,Lower_Forest_Direct Runoff,4.950784673259835
2024-04-01T00:00:00,Lower_Forest_Direct Runoff,4.426642336629918
2024-04-02T00:00:00,Lower_Forest_Direct Runoff,5.428071168314959
2024-04-03T00:00:00,Lower_Forest_Direct Runoff,4.21403558415748
2024-04-04T00:00:00,Lower_Forest_Direct Runoff,3.60701779207874
2024-04-05T00:00:00,Lower_Forest_Direct Runoff,3.89013389603937
2024-04-06T00:00:00,Lower_Forest_Direct Runoff,3.4450669480196847
2024-04-07T00:00:00,Lower_Forest_Direct Runoff,3.2225334740098424
2024-04-08T00:00:00,Lower_Forest_Direct Runoff,3.111266737004921
2024-04-09T00:00:00,Lower_Forest_Direct Runoff,5.041133368502461
2024-04-10T00:00:00,Lower_Forest_Direct Runoff,4.02056668425123
2024-04-11T00:00:00,Lower_Forest_Direct Runoff,3.510283342125615
2024-04-12T00:00:00,Lower_Forest_Direct Runoff,3.9771416710628076
2024-04-13T00:00:00,Lower_Forest_Direct Runoff,3.488570835531404
2024-04-14T00:00:00,Lower_Forest_Direct Runoff,3.2442854177657017
2024-04-15T00:00:00,Lower_Forest_Direct Runoff,3.122142708882851
2024-04-16T00:00:00,Lower_Forest_Direct Runoff,3.5123213544414256
2024-04-17T00:00:00,Lower_Forest_Direct Runoff,5.873410677220713
2024-04-18T00:00:00,Lower_Forest_Direct Runoff,4.4367053386103565
2024-04-19T00:00:00,Lower_Forest_Direct Runoff,3.7183526693051783
2024-04-20T00:00:00,Lower_Forest_Direct Runoff,3.359176334652589
2024-04-21T00:00:00,Lower_Forest_Direct Runoff,3.5405881673262947
2024-04-22T00:00:00,Lower_Forest_Direct Runoff,3.2702940836631473
2024-04-23T00:00:00,Lower_Forest_Direct Runoff,3.1351470418315737
2024-04-24T00:00:00,Lower_Forest_Direct Runoff,3.067573520915787
2024-04-25T00:00:00,Lower_Forest_Direct Runoff,3.033786760457893
2024-04-26T00:00:00,Lower_Forest_Direct Runoff,3.0168933802289466
2024-04-27T00:00:00,Lower_Forest_Direct Runoff,3.0084466901144733
2024-04-28T00:00:00,Lower_Forest_Direct Runoff,3.0042233450572366
2024-04-29T00:00:00,Lower_Forest_Direct Runoff,3.9948616725286183
2024-04-30T00:00:00,Lower_Forest_Direct Runoff,3.497430836264309
2024-05-01T00:00:00,Lower_Forest_Direct Runoff,3.2487154181321545
2024-05-02T00:00:00,Lower_Forest_Direct Runoff,3.9366077090660774
2024-05-03T00:00:00,Lower_Forest_Direct Runoff,3.4683038545330387
2024-05-04T00:00:00,Lower_Forest_Direct Runoff,3.2341519272665193
2024-05-05T00:00:00,Lower_Forest_Direct Runoff,3.1170759636332597
2024-05-06T00:00:00,Lower_Forest_Direct Runoff,3.05853798181663
2024-05-07T00:00:00,Lower_Forest_Direct Runoff,3.796393990908315
2024-05-08T00:00:00,Lower_Forest_Direct Runoff,4.526321995454158
2024-05-09T00:00:00,Lower_Forest_Direct Runoff,6.921910997727078
2024-05-10T00:00:00,Lower_Forest_Direct Runoff,5.863455498863539
2024-05-11T00:00:00,Lower_Forest_Direct Runoff,5.379352749431769
2024-05-12T00:00:00,Lower_Forest_Direct Runoff,4.1896763747158845
2024-05-13T00:00:00,Lower_Forest_Direct Runoff,4.497338187357942
2024-05-14T00:00:00,Lower_Forest_Direct Runoff,5.0121690936789705
2024-05-15T00:00:00,Lower_Forest_Direct Runoff,4.998834546839485
2024-05-16T00:00:00,Lower_Forest_Direct Runoff,4.901917273419743
2024-05-17T00:00:00,Lower_Forest_Direct Runoff,3.9509586367098715
2024-05-18T00:00:00,Lower_Forest_Direct Runoff,3.4754793183549357
2024-05-19T00:00:00,Lower_Forest_Direct Runoff,3.2377396591774676
2024-05-20T00:00:00,Lower_Forest_Direct Runoff,3.434744829588734
2024-05-21T00:00:00,Lower_Forest_Direct Runoff,3.533247414794367
2024-05-22T00:00:00,Lower_Forest_Direct Runoff,3.2666237073971836
2024-05-23T00:00:00,Lower_Forest_Direct Runoff,3.1333118536985918
2024-05-24T00:00:00,Lower_Forest_Direct Runoff,3.066655926849296
2024-05-25T00:00:00,Lower_Forest_Direct Runoff,3.033327963424648
2024-05-26T00:00:00,Lower_Forest_Direct Runoff,3.016663981712324
2024-05-27T00:00:00,Lower_Forest_Direct Runoff,3.008331990856162
2024-05-28T00:00:00,Lower_Forest_Direct Runoff,3.004165995428081
2024-05-29T00:00:00,Lower_Forest_Direct Runoff,3.0020829977140404
2024-05-30T00:00:00,Lower_Forest_Direct Runoff,3.0010414988570204
2024-05-31T00:00:00,Lower_Forest_Direct Runoff,3.00052074942851
2024-06-01T00:00:00,Lower_Forest_Direct Runoff,3.000260374714255
2024-06-02T00:00:00,Lower_Forest_Direct Runoff,3.0001301873571276
2024-06-03T00:00:00,Lower_Forest_Direct Runoff,3.0000650936785638
2024-06-04T00:00:00,Lower_Forest_Direct Runoff,3.000032546839282
2024-06-05T00:00:00,Lower_Forest_Direct Runoff,3.000016273419641
2024-06-06T00:00:00,Lower_Forest_Direct Runoff,3.0000081367098206
2024-06-07T00:00:00,Lower_Forest_Direct Runoff,3.0000040683549103
2024-06-08T00:00:00,Lower_Forest_Direct Runoff,3.000002034177455
2024-06-09T00:00:00,Lower_Forest_Direct Runoff,3.0000010170887275
2024-06-10T00:00:00,Lower_Forest_Direct Runoff,3.000000508544364
2024-06-11T00:00:00,Lower_Forest_Direct Runoff,3.000000254272182
2024-06-12T00:00:00,Lower_Forest_Direct Runoff,3.000000127136091
2024-06-13T00:00:00,Lower_Forest_Direct Runoff,3.0000000635680455
2024-06-14T00:00:00,Lower_Forest_Direct Runoff,3.0000000317840225
2024-06-15T00:00:00,Lower_Forest_Direct Runoff,3.0000000158920113
2024-06-16T00:00:00,Lower_Forest_Direct Runoff,3.0000000079460056
2024-06-17T00:00:00,Lower_Forest_Direct Runoff,3.000000003973003
2024-06-18T00:00:00,Lower_Forest_Direct Runoff,3.0000000019865016
2024-06-19T00:00:00,Lower_Forest_Direct Runoff,3.000000000993251
2024-06-20T00:00:00,Lower_Forest_Direct Runoff,3.0000000004966254
2024-06-21T00:00:00,Lower_Forest_Direct Runoff,3.0000000002483125
2024-06-22T00:00:00,Lower_Forest_Direct Runoff,3.0000000001241562
2024-06-23T00:00:00,Lower_Forest_Direct Runoff,3.0000000000620783
2024-06-24T00:00:00,Lower_Forest_Direct Runoff,3.000000000031039
2024-06-25T00:00:00,Lower_Forest_Direct Runoff,3.0000000000155196
2024-06-26T00:00:00,Lower_Forest_Direct Runoff,3.00000000000776
2024-06-27T00:00:00,Lower_Forest_Direct Runoff,3.00000000000388
2024-06-28T00:00:00,Lower_Forest_Direct Runoff,3.00000000000194
2024-06-29T00:00:00,Lower_Forest_Direct Runoff,3.00000000000097
2024-06-30T00:00:00,Lower_Forest_Direct Runoff,3.000000000000485
2024-07-01T00:00:00,Lower_Forest_Direct Runoff,3.0000000000002425
2024-07-02T00:00:00,Lower_Forest_Direct Runoff,3.0000000000001212
2024-07-03T00:00:00,Lower_Forest_Direct Runoff,3.0000000000000604
2024-07-04T00:00:00,Lower_Forest_Direct Runoff,3.00000000000003
2024-07-05T00:00:00,Lower_Forest_Direct Runoff,3.000000000000015
2024-07-06T00:00:00,Lower_Forest_Direct Runoff,3.0000000000000075
2024-07-07T00:00:00,Lower_Forest_Direct Runoff,3.0000000000000036
2024-07-08T00:00:00,Lower_Forest_Direct Runoff,3.0000000000000018
2024-07-09T00:00:00,Lower_Forest_Direct Runoff,3.000000000000001
2024-07-10T00:00:00,Lower_Forest_Direct Runoff,3.0000000000000004
2024-07-11T00:00:00,Lower_Forest_Direct Runoff,3.0
2024-07-12T00:00:00,Lower_Forest_Direct Runoff,3.0
2024-07-13T00:00:00,Lower_Forest_Direct Runoff,8.595500000000001
2024-07-14T00:00:00,Lower_Forest_Direct Runoff,7.60275
2024-07-15T00:00:00,Lower_Forest_Direct Runoff,5.301375
2024-07-16T00:00:00,Lower_Forest_Direct Runoff,5.5946875
2024-07-17T00:00:00,Lower_Forest_Direct Runoff,6.19259375
2024-07-18T00:00:00,Lower_Forest_Direct Runoff,5.273171875
2024-07-19T00:00:00,Lower_Forest_Direct Runoff,7.7917109374999995
2024-07-20T00:00:00,Lower_Forest_Direct Runoff,6.07273046875
2024-07-21T00:00:00,Lower_Forest_Direct Runoff,4.536365234374999
2024-07-22T00:00:00,Lower_Forest_Direct Runoff,3.7681826171874997
2024-07-23T00:00:00,Lower_Forest_Direct Runoff,4.37684130859375
2024-07-24T00:00:00,Lower_Forest_Direct Runoff,3.688420654296875
2024-07-25T00:00:00,Lower_Forest_Direct Runoff,3.3442103271484376
2024-07-26T00:00:00,Lower_Forest_Direct Runoff,3.172105163574219
2024-07-27T00:00:00,Lower_Forest_Direct Runoff,3.0860525817871096
2024-07-28T00:00:00,Lower_Forest_Direct Runoff,3.043026290893555
2024-07-29T00:00:00,Lower_Forest_Direct Runoff,3.0215131454467774
2024-07-30T00:00:00,Lower_Forest_Direct Runoff,3.0107565727233885
2024-07-31T00:00:00,Lower_Forest_Direct Runoff,3.0053782863616942
2024-08-01T00:00:00,Lower_Forest_Direct Runoff,3.002689143180847
2024-08-02T00:00:00,Lower_Forest_Direct Runoff,3.0013445715904234
2024-08-03T00:00:00,Lower_Forest_Direct Runoff,3.0006722857952117
2024-08-04T00:00:00,Lower_Forest_Direct Runoff,3.0003361428976056
2024-08-05T00:00:00,Lower_Forest_Direct Runoff,3.000168071448803
2024-08-06T00:00:00,Lower_Forest_Direct Runoff,3.0000840357244014
2024-08-07T00:00:00,Lower_Forest_Direct Runoff,3.0000420178622007
2024-08-08T00:00:00,Lower_Forest_Direct Runoff,3.9025210089311004
2024-08-09T00:00:00,Lower_Forest_Direct Runoff,4.8050105044655504
2024-08-10T00:00:00,Lower_Forest_Direct Runoff,4.398880252232775
2024-08-11T00:00:00,Lower_Forest_Direct Runoff,3.6994401261163876
2024-08-12T00:00:00,Lower_Forest_Direct Runoff,3.349720063058194
2024-08-13T00:00:00,Lower_Forest_Direct Runoff,3.174860031529097
2024-08-14T00:00:00,Lower_Forest_Direct Runoff,3.9899300157645485
2024-08-15T00:00:00,Lower_Forest_Direct Runoff,3.494965007882274
2024-08-16T00:00:00,Lower_Forest_Direct Runoff,3.247482503941137
2024-08-17T00:00:00,Lower_Forest_Direct Runoff,3.1237412519705687
2024-08-18T00:00:00,Lower_Forest_Direct Runoff,3.0618706259852844
2024-08-19T00:00:00,Lower_Forest_Direct Runoff,3.7529353129926424
2024-08-20T00:00:00,Lower_Forest_Direct Runoff,3.376467656496321
2024-08-21T00:00:00,Lower_Forest_Direct Runoff,4.000483828248161
2024-08-22T00:00:00,Lower_Forest_Direct Runoff,3.5002419141240804
2024-08-23T00:00:00,Lower_Forest_Direct Runoff,3.25012095706204
2024-08-24T00:00:00,Lower_Forest_Direct Runoff,3.12506047853102
2024-08-25T00:00:00,Lower_Forest_Direct Runoff,3.0625302392655103
2024-08-26T00:00:00,Lower_Forest_Direct Runoff,4.159390119632755
2024-08-27T00:00:00,Lower_Forest_Direct Runoff,4.256570059816378
2024-08-28T00:00:00,Lower_Forest_Direct Runoff,3.628285029908189
2024-08-29T00:00:00,Lower_Forest_Direct Runoff,3.9910175149540943
2024-08-30T00:00:00,Lower_Forest_Direct Runoff,3.4955087574770474
2024-08-31T00:00:00,Lower_Forest_Direct Runoff,3.2477543787385237
2024-09-01T00:00:00,Lower_Forest_Direct Runoff,5.109377189369262
2024-09-02T00:00:00,Lower_Forest_Direct Runoff,4.054688594684631
2024-09-03T00:00:00,Lower_Forest_Direct Runoff,3.5273442973423155
2024-09-04T00:00:00,Lower_Forest_Direct Runoff,3.2636721486711577
2024-09-05T00:00:00,Lower_Forest_Direct Runoff,3.131836074335579
2024-09-06T00:00:00,Lower_Forest_Direct Runoff,3.0659180371677897
2024-09-07T00:00:00,Lower_Forest_Direct Runoff,3.032959018583895
2024-09-08T00:00:00,Lower_Forest_Direct Runoff,3.0164795092919476
2024-09-09T00:00:00,Lower_Forest_Direct Runoff,6.527989754645974
2024-09-10T00:00:00,Lower_Forest_Direct Runoff,7.877619877322987
2024-09-11T00:00:00,Lower_Forest_Direct Runoff,5.438809938661493
2024-09-12T00:00:00,Lower_Forest_Direct Runoff,4.219404969330746
2024-09-13T00:00:00,Lower_Forest_Direct Runoff,6.813577484665373
2024-09-14T00:00:00,Lower_Forest_Direct Runoff,5.899538742332687
2024-09-15T00:00:00,Lower_Forest_Direct Runoff,6.480394371166343
2024-09-16T00:00:00,Lower_Forest_Direct Runoff,4.740197185583172
2024-09-17T00:00:00,Lower_Forest_Direct Runoff,3.870098592791586
2024-09-18T00:00:00,Lower_Forest_Direct Runoff,3.435049296395793
2024-09-19T00:00:00,Lower_Forest_Direct Runoff,4.3005246481978965
2024-09-20T00:00:00,Lower_Forest_Direct Runoff,3.6502623240989482
2024-09-21T00:00:00,Lower_Forest_Direct Runoff,3.325131162049474
2024-09-22T00:00:00,Lower_Forest_Direct Runoff,3.162565581024737
2024-09-23T00:00:00,Lower_Forest_Direct Runoff,3.0812827905123683
2024-09-24T00:00:00,Lower_Forest_Direct Runoff,3.040641395256184
2024-09-25T00:00:00,Lower_Forest_Direct Runoff,5.818070697628093
2024-09-26T00:00:00,Lower_Forest_Direct Runoff,4.409035348814046
2024-09-27T00:00:00,Lower_Forest_Direct Runoff,3.704517674407023
2024-09-28T00:00:00,Lower_Forest_Direct Runoff,3.352258837203512
2024-09-29T00:00:00,Lower_Forest_Direct Runoff,3.176129418601756
2024-09-30T00:00:00,Lower_Forest_Direct Runoff,3.0880647093008777
2024-10-01T00:00:00,Lower_Forest_Direct Runoff,3.044032354650439
2024-10-02T00:00:00,Lower_Forest_Direct Runoff,3.022016177325219
2024-10-03T00:00:00,Lower_Forest_Direct Runoff,3.0110080886626096
2024-10-04T00:00:00,Lower_Forest_Direct Runoff,3.005504044331305
2024-10-05T00:00:00,Lower_Forest_Direct Runoff,3.0027520221656525
2024-10-06T00:00:00,Lower_Forest_Direct Runoff,3.0013760110828263
2024-10-07T00:00:00,Lower_Forest_Direct Runoff,3.000688005541413
2024-10-08T00:00:00,Lower_Forest_Direct Runoff,3.0003440027707065
2024-10-09T00:00:00,Lower_Forest_Direct Runoff,3.6319220013853535
2024-10-10T00:00:00,Lower_Forest_Direct Runoff,7.377211000692677
2024-10-11T00:00:00,Lower_Forest_Direct Runoff,5.1886055003463385
2024-10-12T00:00:00,Lower_Forest_Direct Runoff,4.094302750173169
2024-10-13T00:00:00,Lower_Forest_Direct Runoff,3.5471513750865844
2024-10-14T00:00:00,Lower_Forest_Direct Runoff,3.273575687543292
2024-10-15T00:00:00,Lower_Forest_Direct Runoff,3.1367878437716463
2024-10-16T00:00:00,Lower_Forest_Direct Runoff,3.068393921885823
2024-10-17T00:00:00,Lower_Forest_Direct Runoff,3.0341969609429116
2024-10-18T00:00:00,Lower_Forest_Direct Runoff,3.017098480471456
2024-10-19T00:00:00,Lower_Forest_Direct Runoff,3.0085492402357277
2024-10-20T00:00:00,Lower_Forest_Direct Runoff,3.004274620117864
2024-10-21T00:00:00,Lower_Forest_Direct Runoff,3.0021373100589317
2024-10-22T00:00:00,Lower_Forest_Direct Runoff,3.001068655029466
2024-10-23T00:00:00,Lower_Forest_Direct Runoff,3.0005343275147327
2024-10-24T00:00:00,Lower_Forest_Direct Runoff,3.0002671637573664
2024-10-25T00:00:00,Lower_Forest_Direct Runoff,3.000133581878683
2024-10-26T00:00:00,Lower_Forest_Direct Runoff,3.0000667909393415
2024-10-27T00:00:00,Lower_Forest_Direct Runoff,3.0000333954696705
2024-10-28T00:00:00,Lower_Forest_Direct Runoff,3.451266697734835
2024-10-29T00:00:00,Lower_Forest_Direct Runoff,3.225633348867418
2024-10-30T00:00:00,Lower_Forest_Direct Runoff,12.498816674433709
2024-10-31T00:00:00,Lower_Forest_Direct Runoff,9.689783337216854
2024-11-01T00:00:00,Lower_Forest_Direct Runoff,7.518141668608427
2024-11-02T00:00:00,Lower_Forest_Direct Runoff,5.259070834304214
2024-11-03T00:00:00,Lower_Forest_Direct Runoff,4.761285417152107
2024-11-04T00:00:00,Lower_Forest_Direct Runoff,3.8806427085760533
2024-11-05T00:00:00,Lower_Forest_Direct Runoff,3.4403213542880264
2024-11-06T00:00:00,Lower_Forest_Direct Runoff,3.220160677144013
2024-11-07T00:00:00,Lower_Forest_Direct Runoff,3.110080338572007
2024-11-08T00:00:00,Lower_Forest_Direct Runoff,11.087290169286003
2024-11-09T00:00:00,Lower_Forest_Direct Runoff,7.043645084643002
2024-11-10T00:00:00,Lower_Forest_Direct Runoff,5.021822542321501
2024-11-11T00:00:00,Lower_Forest_Direct Runoff,9.87716127116075
2024-11-12T00:00:00,Lower_Forest_Direct Runoff,6.438580635580375
2024-11-13T00:00:00,Lower_Forest_Direct Runoff,4.719290317790188
2024-11-14T00:00:00,Lower_Forest_Direct Runoff,4.717020158895094
2024-11-15T00:00:00,Lower_Forest_Direct Runoff,3.858510079447547
2024-11-16T00:00:00,Lower_Forest_Direct Runoff,4.015880039723774
2024-11-17T00:00:00,Lower_Forest_Direct Runoff,3.507940019861887
2024-11-18T00:00:00,Lower_Forest_Direct Runoff,6.322470009930943
2024-11-19T00:00:00,Lower_Forest_Direct Runoff,4.661235004965471
2024-11-20T00:00:00,Lower_Forest_Direct Runoff,3.8306175024827356
2024-11-21T00:00:00,Lower_Forest_Direct Runoff,3.415308751241368
2024-11-22T00:00:00,Lower_Forest_Direct Runoff,3.2076543756206837
2024-11-23T00:00:00,Lower_Forest_Direct Runoff,3.103827187810342
2024-11-24T00:00:00,Lower_Forest_Direct Runoff,3.051913593905171
2024-11-25T00:00:00,Lower_Forest_Direct Runoff,3.0259567969525856
2024-11-26T00:00:00,Lower_Forest_Direct Runoff,3.012978398476293
2024-11-27T00:00:00,Lower_Forest_Direct Runoff,3.006489199238146
2024-11-28T00:00:00,Lower_Forest_Direct Runoff,3.003244599619073
2024-11-29T00:00:00,Lower_Forest_Direct Runoff,3.0016222998095365
2024-11-30T00:00:00,Lower_Forest_Direct Runoff,4.309436149904768
2024-12-01T00:00:00,Lower_Forest_Direct Runoff,7.219593074952384
2024-12-02T00:00:00,Lower_Forest_Direct Runoff,5.786671537476192
2024-12-03T00:00:00,Lower_Forest_Direct Runoff,5.070210768738096
2024-12-04T00:00:00,Lower_Forest_Direct Runoff,4.035105384369048
2024-12-05T00:00:00,Lower_Forest_Direct Runoff,3.517552692184524
2024-12-06T00:00:00,Lower_Forest_Direct Runoff,3.258776346092262
2024-12-07T00:00:00,Lower_Forest_Direct Runoff,3.129388173046131
2024-12-08T00:00:00,Lower_Forest_Direct Runoff,3.0646940865230654
2024-12-09T00:00:00,Lower_Forest_Direct Runoff,3.0323470432615327
2024-12-10T00:00:00,Lower_Forest_Direct Runoff,3.0161735216307664
2024-12-11T00:00:00,Lower_Forest_Direct Runoff,3.008086760815383
2024-12-12T00:00:00,Lower_Forest_Direct Runoff,3.0040433804076914
2024-12-13T00:00:00,Lower_Forest_Direct Runoff,3.0020216902038457
2024-12-14T00:00:00,Lower_Forest_Direct Runoff,3.0010108451019226
2024-12-15T00:00:00,Lower_Forest_Direct Runoff,3.0005054225509613
2024-12-16T00:00:00,Lower_Forest_Direct Runoff,6.339502711275481
2024-12-17T00:00:00,Lower_Forest_Direct Runoff,7.87362635563774
2024-12-18T00:00:00,Lower_Forest_Direct Runoff,7.55768817781887
2024-12-19T00:00:00,Lower_Forest_Direct Runoff,5.278844088909435
2024-12-20T00:00:00,Lower_Forest_Direct Runoff,5.944422044454718
2024-12-21T00:00:00,Lower_Forest_Direct Runoff,4.472211022227359
2024-12-22T00:00:00,Lower_Forest_Direct Runoff,3.7361055111136796
2024-12-23T00:00:00,Lower_Forest_Direct Runoff,3.99980275555684
2024-12-24T00:00:00,Lower_Forest_Direct Runoff,4.22190137777842
2024-12-25T00:00:00,Lower_Forest_Direct Runoff,3.61095068888921
2024-12-26T00:00:00,Lower_Forest_Direct Runoff,3.305475344444605
2024-12-27T00:00:00,Lower_Forest_Direct Runoff,3.1527376722223024
2024-12-28T00:00:00,Lower_Forest_Direct Runoff,4.159368836111151
2024-12-29T00:00:00,Lower_Forest_Direct Runoff,3.5796844180555754
2024-12-30T00:00:00,Lower_Forest_Direct Runoff,3.2898422090277877
2024-12-31T00:00:00,Lower_Forest_Direct Runoff,3.1449211045138936
2025-01-01T00:00:00,Lower_Forest_Direct Runoff,3.072460552256947
2025-01-02T00:00:00,Lower_Forest_Direct Runoff,3.0362302761284736
2025-01-03T00:00:00,Lower_Forest_Direct Runoff,3.018115138064237
2025-01-04T00:00:00,Lower_Forest_Direct Runoff,3.0090575690321186
2025-01-05T00:00:00,Lower_Forest_Direct Runoff,6.118153784516059
2025-01-06T00:00:00,Lower_Forest_Direct Runoff,4.559076892258029
2025-01-07T00:00:00,Lower_Forest_Direct Runoff,3.7795384461290147
2025-01-08T00:00:00,Lower_Forest_Direct Runoff,6.187519223064507
2025-01-09T00:00:00,Lower_Forest_Direct Runoff,4.593759611532254
2025-01-10T00:00:00,Lower_Forest_Direct Runoff,3.796879805766127
2025-01-11T00:00:00,Lower_Forest_Direct Runoff,3.398439902883063
2025-01-12T00:00:00,Lower_Forest_Direct Runoff,3.1992199514415316
2025-01-13T00:00:00,Lower_Forest_Direct Runoff,3.0996099757207656
2025-01-14T00:00:00,Lower_Forest_Direct Runoff,3.049804987860383
2025-01-15T00:00:00,Lower_Forest_Direct Runoff,3.0249024939301914
2025-01-16T00:00:00,Lower_Forest_Direct Runoff,3.012451246965096
2025-01-17T00:00:00,Lower_Forest_Direct Runoff,8.917600623482548
2025-01-18T00:00:00,Lower_Forest_Direct Runoff,5.958800311741274
2025-01-19T00:00:00,Lower_Forest_Direct Runoff,4.479400155870637
2025-01-20T00:00:00,Lower_Forest_Direct Runoff,3.7397000779353187
2025-01-21T00:00:00,Lower_Forest_Direct Runoff,3.3698500389676593
2025-01-22T00:00:00,Lower_Forest_Direct Runoff,5.75705001948383
2025-01-23T00:00:00,Lower_Forest_Direct Runoff,5.1456500097419156
2025-01-24T00:00:00,Lower_Forest_Direct Runoff,4.072825004870958
2025-01-25T00:00:00,Lower_Forest_Direct Runoff,4.709662502435479
2025-01-26T00:00:00,Lower_Forest_Direct Runoff,3.8548312512177394
2025-01-27T00:00:00,Lower_Forest_Direct Runoff,4.4201656256088695
2025-01-28T00:00:00,Lower_Forest_Direct Runoff,10.117832812804435
2025-01-29T00:00:00,Lower_Forest_Direct Runoff,6.558916406402218
2025-01-30T00:00:00,Lower_Forest_Direct Runoff,4.779458203201109
2025-01-31T00:00:00,Lower_Forest_Direct Runoff,4.521479101600555
2025-02-01T00:00:00,Lower_Forest_Direct Runoff,4.5278645508002775
2025-02-02T00:00:00,Lower_Forest_Direct Runoff,3.7639322754001387
2025-02-03T00:00:00,Lower_Forest_Direct Runoff,7.30784113770007
2025-02-04T00:00:00,Lower_Forest_Direct Runoff,9.215170568850034
2025-02-05T00:00:00,Lower_Forest_Direct Runoff,7.641835284425017
2025-02-06T00:00:00,Lower_Forest_Direct Runoff,5.952667642212509
2025-02-07T00:00:00,Lower_Forest_Direct Runoff,5.739833821106254
2025-02-08T00:00:00,Lower_Forest_Direct Runoff,4.369916910553127
2025-02-09T00:00:00,Lower_Forest_Direct Runoff,8.242583455276563
2025-02-10T00:00:00,Lower_Forest_Direct Runoff,6.343291727638281
2025-02-11T00:00:00,Lower_Forest_Direct Runoff,4.6716458638191405
2025-02-12T00:00:00,Lower_Forest_Direct Runoff,5.14444793190957
2025-02-13T00:00:00,Lower_Forest_Direct Runoff,4.072223965954786
2025-02-14T00:00:00,Lower_Forest_Direct Runoff,3.806861982977393
2025-02-15T00:00:00,Lower_Forest_Direct Runoff,4.576680991488696
2025-02-16T00:00:00,Lower_Forest_Direct Runoff,3.788340495744348
2025-02-17T00:00:00,Lower_Forest_Direct Runoff,3.3941702478721743
2025-02-18T00:00:00,Lower_Forest_Direct Runoff,3.7837101239360873
2025-02-19T00:00:00,Lower_Forest_Direct Runoff,3.3918550619680436
2025-02-20T00:00:00,Lower_Forest_Direct Runoff,4.008177530984022
2025-02-21T00:00:00,Lower_Forest_Direct Runoff,4.000463765492011
2025-02-22T00:00:00,Lower_Forest_Direct Runoff,3.5002318827460055
2025-02-23T00:00:00,Lower_Forest_Direct Runoff,3.2501159413730027
2025-02-24T00:00:00,Lower_Forest_Direct Runoff,3.1250579706865014
2025-02-25T00:00:00,Lower_Forest_Direct Runoff,3.062528985343251
2025-02-26T00:00:00,Lower_Forest_Direct Runoff,3.617889492671625
2025-02-27T00:00:00,Lower_Forest_Direct Runoff,3.3089447463358126
2025-02-28T00:00:00,Lower_Forest_Direct Runoff,3.1544723731679065
2025-03-01T00:00:00,Lower_Forest_Direct Runoff,3.0772361865839533
2025-03-02T00:00:00,Lower_Forest_Direct Runoff,3.0386180932919764
2025-03-03T00:00:00,Lower_Forest_Direct Runoff,3.019309046645988
2025-03-04T00:00:00,Lower_Forest_Direct Runoff,3.009654523322994
2025-03-05T00:00:00,Lower_Forest_Direct Runoff,5.667202261661497
2025-03-06T00:00:00,Lower_Forest_Direct Runoff,4.333601130830749
2025-03-07T00:00:00,Lower_Forest_Direct Runoff,5.516925565415375
2025-03-08T00:00:00,Lower_Forest_Direct Runoff,5.160962782707687
2025-03-09T00:00:00,Lower_Forest_Direct Runoff,4.080481391353843
2025-03-10T00:00:00,Lower_Forest_Direct Runoff,3.5402406956769217
2025-03-11T00:00:00,Lower_Forest_Direct Runoff,3.766495347838461
2025-03-12T00:00:00,Lower_Forest_Direct Runoff,3.3832476739192305
2025-03-13T00:00:00,Lower_Forest_Direct Runoff,3.1916238369596153
2025-03-14T00:00:00,Lower_Forest_Direct Runoff,3.0958119184798076
2025-03-15T00:00:00,Lower_Forest_Direct Runoff,3.0479059592399036
2025-03-16T00:00:00,Lower_Forest_Direct Runoff,4.287452979619951
2025-03-17T00:00:00,Lower_Forest_Direct Runoff,4.275476489809976
2025-03-18T00:00:00,Lower_Forest_Direct Runoff,3.637738244904988
2025-03-19T00:00:00,Lower_Forest_Direct Runoff,3.3188691224524938
2025-03-20T00:00:00,Lower_Forest_Direct Runoff,3.159434561226247
2025-03-21T00:00:00,Lower_Forest_Direct Runoff,4.388342280613124
2025-03-22T00:00:00,Lower_Forest_Direct Runoff,3.694171140306562
2025-03-23T00:00:00,Lower_Forest_Direct Runoff,4.204460570153281
2025-03-24T00:00:00,Lower_Forest_Direct Runoff,3.6022302850766406
2025-03-25T00:00:00,Lower_Forest_Direct Runoff,4.564615142538321
2025-03-26T00:00:00,Lower_Forest_Direct Runoff,4.36893257126916
2025-03-27T00:00:00,Lower_Forest_Direct Runoff,5.57971628563458
2025-03-28T00:00:00,Lower_Forest_Direct Runoff,5.4631081428172905
2025-03-29T00:00:00,Lower_Forest_Direct Runoff,7.5256790714086454
2025-03-30T00:00:00,Lower_Forest_Direct Runoff,5.262839535704323
2025-03-31T00:00:00,Lower_Forest_Direct Runoff,4.131419767852162
2025-04-01T00:00:00,Lower_Forest_Direct Runoff,3.565709883926081
2025-04-02T00:00:00,Lower_Forest_Direct Runoff,3.2828549419630404
2025-04-03T00:00:00,Lower_Forest_Direct Runoff,3.14142747098152
2025-04-04T00:00:00,Lower_Forest_Direct Runoff,3.38658873549076
2025-04-05T00:00:00,Lower_Forest_Direct Runoff,3.6896693677453802
2025-04-06T00:00:00,Lower_Forest_Direct Runoff,4.96933468387269
2025-04-07T00:00:00,Lower_Forest_Direct Runoff,4.300542341936345
2025-04-08T00:00:00,Lower_Forest_Direct Runoff,4.327146170968172
2025-04-09T00:00:00,Lower_Forest_Direct Runoff,4.6111980854840855
2025-04-10T00:00:00,Lower_Forest_Direct Runoff,4.076349042742043
2025-04-11T00:00:00,Lower_Forest_Direct Runoff,8.817799521371022
2025-04-12T00:00:00,Lower_Forest_Direct Runoff,6.991899760685511
2025-04-13T00:00:00,Lower_Forest_Direct Runoff,5.537449880342756
2025-04-14T00:00:00,Lower_Forest_Direct Runoff,4.268724940171378
2025-04-15T00:00:00,Lower_Forest_Direct Runoff,3.634362470085689
2025-04-16T00:00:00,Lower_Forest_Direct Runoff,3.3171812350428445
2025-04-17T00:00:00,Lower_Forest_Direct Runoff,3.564715617521422
2025-04-18T00:00:00,Lower_Forest_Direct Runoff,3.282357808760711
2025-04-19T00:00:00,Lower_Forest_Direct Runoff,3.1411789043803555
2025-04-20T00:00:00,Lower_Forest_Direct Runoff,3.0705894521901778
2025-04-21T00:00:00,Lower_Forest_Direct Runoff,3.035294726095089
2025-04-22T00:00:00,Lower_Forest_Direct Runoff,3.017647363047544
2025-04-23T00:00:00,Lower_Forest_Direct Runoff,3.008823681523772
2025-04-24T00:00:00,Lower_Forest_Direct Runoff,3.004411840761886
2025-04-25T00:00:00,Lower_Forest_Direct Runoff,3.002205920380943
2025-04-26T00:00:00,Lower_Forest_Direct Runoff,3.0011029601904715
2025-04-27T00:00:00,Lower_Forest_Direct Runoff,3.0005514800952358
2025-04-28T00:00:00,Lower_Forest_Direct Runoff,3.000275740047618
2025-04-29T00:00:00,Lower_Forest_Direct Runoff,3.4062628700238093
2025-04-30T00:00:00,Lower_Forest_Direct Runoff,3.2031314350119047
2025-05-01T00:00:00,Lower_Forest_Direct Runoff,3.1015657175059523
2025-05-02T00:00:00,Lower_Forest_Direct Runoff,3.050782858752976
2025-05-03T00:00:00,Lower_Forest_Direct Runoff,5.326766429376488
2025-05-04T00:00:00,Lower_Forest_Direct Runoff,4.163383214688244
2025-05-05T00:00:00,Lower_Forest_Direct Runoff,4.078066607344121
2025-05-06T00:00:00,Lower_Forest_Direct Runoff,3.5390333036720607
2025-05-07T00:00:00,Lower_Forest_Direct Runoff,3.2695166518360304
2025-05-08T00:00:00,Lower_Forest_Direct Runoff,3.134758325918015
2025-05-09T00:00:00,Lower_Forest_Direct Runoff,3.0673791629590075
2025-05-10T00:00:00,Lower_Forest_Direct Runoff,7.094939581479504
2025-05-11T00:00:00,Lower_Forest_Direct Runoff,5.498719790739752
2025-05-12T00:00:00,Lower_Forest_Direct Runoff,4.790859895369876
2025-05-13T00:00:00,Lower_Forest_Direct Runoff,4.797929947684938
2025-05-14T00:00:00,Lower_Forest_Direct Runoff,4.350214973842469
2025-05-15T00:00:00,Lower_Forest_Direct Runoff,3.6751074869212346
2025-05-16T00:00:00,Lower_Forest_Direct Runoff,4.4205537434606175
2025-05-17T00:00:00,Lower_Forest_Direct Runoff,3.7102768717303087
2025-05-18T00:00:00,Lower_Forest_Direct Runoff,4.347888435865155
2025-05-19T00:00:00,Lower_Forest_Direct Runoff,4.034944217932577
2025-05-20T00:00:00,Lower_Forest_Direct Runoff,3.5174721089662886
2025-05-21T00:00:00,Lower_Forest_Direct Runoff,3.258736054483144
2025-05-22T00:00:00,Lower_Forest_Direct Runoff,4.8441180272415725
2025-05-23T00:00:00,Lower_Forest_Direct Runoff,5.005059013620786
2025-05-24T00:00:00,Lower_Forest_Direct Runoff,9.056529506810394
2025-05-25T00:00:00,Lower_Forest_Direct Runoff,6.028264753405197
2025-05-26T00:00:00,Lower_Forest_Direct Runoff,4.514132376702598
2025-05-27T00:00:00,Lower_Forest_Direct Runoff,3.757066188351299
2025-05-28T00:00:00,Lower_Forest_Direct Runoff,3.3785330941756495
2025-05-29T00:00:00,Lower_Forest_Direct Runoff,3.1892665470878248
2025-05-30T00:00:00,Lower_Forest_Direct Runoff,4.1325082735439125
2025-05-31T00:00:00,Lower_Forest_Direct Runoff,3.5662541367719562
2025-06-01T00:00:00,Lower_Forest_Direct Runoff,3.283127068385978
2025-06-02T00:00:00,Lower_Forest_Direct Runoff,4.901438534192989
2025-06-03T00:00:00,Lower_Forest_Direct Runoff,3.9507192670964946
2025-06-04T00:00:00,Lower_Forest_Direct Runoff,3.4753596335482473
2025-06-05T00:00:00,Lower_Forest_Direct Runoff,3.237679816774124
2025-06-06T00:00:00,Lower_Forest_Direct Runoff,3.118839908387062
2025-06-07T00:00:00,Lower_Forest_Direct Runoff,3.059419954193531
2025-06-08T00:00:00,Lower_Forest_Direct Runoff,3.0297099770967657
2025-06-09T00:00:00,Lower_Forest_Direct Runoff,3.014854988548383
2025-06-10T00:00:00,Lower_Forest_Direct Runoff,3.9099274942741915
2025-06-11T00:00:00,Lower_Forest_Direct Runoff,3.4549637471370955
2025-06-12T00:00:00,Lower_Forest_Direct Runoff,3.2274818735685478
2025-06-13T00:00:00,Lower_Forest_Direct Runoff,3.113740936784274
2025-06-14T00:00:00,Lower_Forest_Direct Runoff,10.773245468392137
2025-06-15T00:00:00,Lower_Forest_Direct Runoff,6.886622734196068
2025-06-16T00:00:00,Lower_Forest_Direct Runoff,6.3421863670980345
2025-06-17T00:00:00,Lower_Forest_Direct Runoff,4.671093183549017
2025-06-18T00:00:00,Lower_Forest_Direct Runoff,3.8355465917745084
2025-06-19T00:00:00,Lower_Forest_Direct Runoff,8.426648295887254
2025-06-20T00:00:00,Lower_Forest_Direct Runoff,6.254824147943627
2025-06-21T00:00:00,Lower_Forest_Direct Runoff,4.627412073971813
2025-06-22T00:00:00,Lower_Forest_Direct Runoff,3.8137060369859066
2025-06-23T00:00:00,Lower_Forest_Direct Runoff,3.4068530184929533
2025-06-24T00:00:00,Lower_Forest_Direct Runoff,3.2034265092464764
2025-06-25T00:00:00,Lower_Forest_Direct Runoff,3.778588254623238
2025-06-26T00:00:00,Lower_Forest_Direct Runoff,3.389294127311619
2025-06-27T00:00:00,Lower_Forest_Direct Runoff,3.1946470636558093
2025-06-28T00:00:00,Lower_Forest_Direct Runoff,3.0973235318279047
2025-06-29T00:00:00,Lower_Forest_Direct Runoff,3.0486617659139523
2025-06-30T00:00:00,Lower_Forest_Direct Runoff,3.024330882956976
2025-07-01T00:00:00,Lower_Forest_Direct Runoff,3.012165441478488
2025-07-02T00:00:00,Lower_Forest_Direct Runoff,3.006082720739244
2025-07-03T00:00:00,Lower_Forest_Direct Runoff,3.0030413603696218
2025-07-04T00:00:00,Lower_Forest_Direct Runoff,3.001520680184811
2025-07-05T00:00:00,Lower_Forest_Direct Runoff,3.0007603400924054
2025-07-06T00:00:00,Lower_Forest_Direct Runoff,3.0003801700462027
2025-07-07T00:00:00,Lower_Forest_Direct Runoff,4.805190085023101
2025-07-08T00:00:00,Lower_Forest_Direct Runoff,7.73822004251155
2025-07-09T00:00:00,Lower_Forest_Direct Runoff,10.423110021255775
2025-07-10T00:00:00,Lower_Forest_Direct Runoff,6.711555010627888
2025-07-11T00:00:00,Lower_Forest_Direct Runoff,4.855777505313943
2025-07-12T00:00:00,Lower_Forest_Direct Runoff,3.9278887526569717
2025-07-13T00:00:00,Lower_Forest_Direct Runoff,4.276194376328486
2025-07-14T00:00:00,Lower_Forest_Direct Runoff,3.638097188164243
2025-07-15T00:00:00,Lower_Forest_Direct Runoff,3.3190485940821217
2025-07-16T00:00:00,Lower_Forest_Direct Runoff,3.159524297041061
2025-07-17T00:00:00,Lower_Forest_Direct Runoff,3.0797621485205307
2025-07-18T00:00:00,Lower_Forest_Direct Runoff,3.5362560742602653
2025-07-19T00:00:00,Lower_Forest_Direct Runoff,3.2681280371301327
2025-07-20T00:00:00,Lower_Forest_Direct Runoff,3.1340640185650663
2025-07-21T00:00:00,Lower_Forest_Direct Runoff,3.067032009282533
2025-07-22T00:00:00,Lower_Forest_Direct Runoff,3.0335160046412666
2025-07-23T00:00:00,Lower_Forest_Direct Runoff,3.0167580023206333
2025-07-24T00:00:00,Lower_Forest_Direct Runoff,3.008379001160317
2025-07-25T00:00:00,Lower_Forest_Direct Runoff,3.0041895005801584
2025-07-26T00:00:00,Lower_Forest_Direct Runoff,3.0020947502900794
2025-07-27T00:00:00,Lower_Forest_Direct Runoff,3.0010473751450397
2025-07-28T00:00:00,Lower_Forest_Direct Runoff,3.00052368757252
2025-07-29T00:00:00,Lower_Forest_Direct Runoff,3.00026184378626
2025-07-30T00:00:00,Lower_Forest_Direct Runoff,3.0001309218931302
2025-07-31T00:00:00,Lower_Forest_Direct Runoff,8.144315460946565
2025-08-01T00:00:00,Lower_Forest_Direct Runoff,5.5721577304732826
2025-08-02T00:00:00,Lower_Forest_Direct Runoff,4.286078865236641
2025-08-03T00:00:00,Lower_Forest_Direct Runoff,3.6430394326183206
2025-08-04T00:00:00,Lower_Forest_Direct Runoff,3.3215197163091603
2025-08-05T00:00:00,Lower_Forest_Direct Runoff,3.16075985815458
2025-08-06T00:00:00,Lower_Forest_Direct Runoff,3.89262992907729
2025-08-07T00:00:00,Lower_Forest_Direct Runoff,6.289189964538645
2025-08-08T00:00:00,Lower_Forest_Direct Runoff,7.442344982269322
2025-08-09T00:00:00,Lower_Forest_Direct Runoff,6.484672491134662
2025-08-10T00:00:00,Lower_Forest_Direct Runoff,5.599711245567331
2025-08-11T00:00:00,Lower_Forest_Direct Runoff,5.653605622783665
2025-08-12T00:00:00,Lower_Forest_Direct Runoff,4.326802811391833
2025-08-13T00:00:00,Lower_Forest_Direct Runoff,3.6634014056959163
2025-08-14T00:00:00,Lower_Forest_Direct Runoff,3.331700702847958
2025-08-15T00:00:00,Lower_Forest_Direct Runoff,3.165850351423979
2025-08-16T00:00:00,Lower_Forest_Direct Runoff,3.0829251757119893
2025-08-17T00:00:00,Lower_Forest_Direct Runoff,3.0414625878559947
2025-08-18T00:00:00,Lower_Forest_Direct Runoff,3.020731293927997
2025-08-19T00:00:00,Lower_Forest_Direct Runoff,12.035365646964
2025-08-20T00:00:00,Lower_Forest_Direct Runoff,7.517682823482
2025-08-21T00:00:00,Lower_Forest_Direct Runoff,5.258841411741
2025-08-22T00:00:00,Lower_Forest_Direct Runoff,4.1294207058704995
2025-08-23T00:00:00,Lower_Forest_Direct Runoff,3.5647103529352497
2025-08-24T00:00:00,Lower_Forest_Direct Runoff,3.282355176467625
2025-08-25T00:00:00,Lower_Forest_Direct Runoff,3.1411775882338127
2025-08-26T00:00:00,Lower_Forest_Direct Runoff,3.0705887941169063
2025-08-27T00:00:00,Lower_Forest_Direct Runoff,3.035294397058453
2025-08-28T00:00:00,Lower_Forest_Direct Runoff,3.0176471985292266
2025-08-29T00:00:00,Lower_Forest_Direct Runoff,3.0088235992646135
2025-08-30T00:00:00,Lower_Forest_Direct Runoff,5.441161799632306
2025-08-31T00:00:00,Lower_Forest_Direct Runoff,5.664580899816153
2025-09-01T00:00:00,Lower_Forest_Direct Runoff,4.3322904499080765
2025-09-02T00:00:00,Lower_Forest_Direct Runoff,3.6661452249540383
2025-09-03T00:00:00,Lower_Forest_Direct Runoff,4.325822612477019
2025-09-04T00:00:00,Lower_Forest_Direct Runoff,3.6629113062385095
2025-09-05T00:00:00,Lower_Forest_Direct Runoff,3.3314556531192547
2025-09-06T00:00:00,Lower_Forest_Direct Runoff,3.1657278265596274
2025-09-07T00:00:00,Lower_Forest_Direct Runoff,3.0828639132798137
2025-09-08T00:00:00,Lower_Forest_Direct Runoff,3.041431956639907
2025-09-09T00:00:00,Lower_Forest_Direct Runoff,3.0207159783199535
2025-09-10T00:00:00,Lower_Forest_Direct Runoff,3.010357989159977
2025-09-11T00:00:00,Lower_Forest_Direct Runoff,3.0051789945799885
2025-09-12T00:00:00,Lower_Forest_Direct Runoff,5.394214497289994
2025-09-13T00:00:00,Lower_Forest_Direct Runoff,4.197107248644997
2025-09-14T00:00:00,Lower_Forest_Direct Runoff,3.5985536243224985
2025-09-15T00:00:00,Lower_Forest_Direct Runoff,3.2992768121612492
2025-09-16T00:00:00,Lower_Forest_Direct Runoff,3.1496384060806246
2025-09-17T00:00:00,Lower_Forest_Direct Runoff,3.0748192030403123
2025-09-18T00:00:00,Lower_Forest_Direct Runoff,3.6240346015201563
2025-09-19T00:00:00,Lower_Forest_Direct Runoff,7.373267300760078
2025-09-20T00:00:00,Lower_Forest_Direct Runoff,5.186633650380039
2025-09-21T00:00:00,Lower_Forest_Direct Runoff,4.093316825190019
2025-09-22T00:00:00,Lower_Forest_Direct Runoff,4.268658412595009
2025-09-23T00:00:00,Lower_Forest_Direct Runoff,4.175829206297505
2025-09-24T00:00:00,Lower_Forest_Direct Runoff,3.5879146031487523
2025-09-25T00:00:00,Lower_Forest_Direct Runoff,3.293957301574376
2025-09-26T00:00:00,Lower_Forest_Direct Runoff,3.146978650787188
2025-09-27T00:00:00,Lower_Forest_Direct Runoff,6.096864325393594
2025-09-28T00:00:00,Lower_Forest_Direct Runoff,9.241432162696796
2025-09-29T00:00:00,Lower_Forest_Direct Runoff,6.120716081348398
2025-09-30T00:00:00,Lower_Forest_Direct Runoff,4.560358040674199
2025-10-01T00:00:00,Lower_Forest_Direct Runoff,3.7801790203370995
2025-10-02T00:00:00,Lower_Forest_Direct Runoff,3.3900895101685498
2025-10-03T00:00:00,Lower_Forest_Direct Runoff,4.503669755084275
2025-10-04T00:00:00,Lower_Forest_Direct Runoff,3.7518348775421373
2025-10-05T00:00:00,Lower_Forest_Direct Runoff,3.3759174387710686
2025-10-06T00:00:00,Lower_Forest_Direct Runoff,3.1879587193855343
2025-10-07T00:00:00,Lower_Forest_Direct Runoff,3.093979359692767
2025-10-08T00:00:00,Lower_Forest_Direct Runoff,3.0469896798463836
2025-10-09T00:00:00,Lower_Forest_Direct Runoff,3.023494839923192
2025-10-10T00:00:00,Lower_Forest_Direct Runoff,3.011747419961596
2025-10-11T00:00:00,Lower_Forest_Direct Runoff,3.005873709980798
2025-10-12T00:00:00,Lower_Forest_Direct Runoff,3.002936854990399
2025-10-13T00:00:00,Lower_Forest_Direct Runoff,3.0014684274951993
2025-10-14T00:00:00,Lower_Forest_Direct Runoff,3.0007342137475996
2025-10-15T00:00:00,Lower_Forest_Direct Runoff,3.0003671068738
2025-10-16T00:00:00,Lower_Forest_Direct Runoff,3.0001835534368997
2025-10-17T00:00:00,Lower_Forest_Direct Runoff,3.00009177671845
2025-10-18T00:00:00,Lower_Forest_Direct Runoff,3.000045888359225
2025-10-19T00:00:00,Lower_Forest_Direct Runoff,3.5415229441796123
2025-10-20T00:00:00,Lower_Forest_Direct Runoff,3.270761472089806
2025-10-21T00:00:00,Lower_Forest_Direct Runoff,6.429505736044903
2025-10-22T00:00:00,Lower_Forest_Direct Runoff,4.714752868022451
2025-10-23T00:00:00,Lower_Forest_Direct Runoff,3.8573764340112255
2025-10-24T00:00:00,Lower_Forest_Direct Runoff,3.4286882170056128
2025-10-25T00:00:00,Lower_Forest_Direct Runoff,3.2143441085028064
2025-10-26T00:00:00,Lower_Forest_Direct Runoff,3.107172054251403
2025-10-27T00:00:00,Lower_Forest_Direct Runoff,3.053586027125702
2025-10-28T00:00:00,Lower_Forest_Direct Runoff,3.026793013562851
2025-10-29T00:00:00,Lower_Forest_Direct Runoff,3.0133965067814255
2025-10-30T00:00:00,Lower_Forest_Direct Runoff,11.399948253390713
2025-10-31T00:00:00,Lower_Forest_Direct Runoff,7.1999741266953565
2025-11-01T00:00:00,Lower_Forest_Direct Runoff,5.099987063347678
2025-11-02T00:00:00,Lower_Forest_Direct Runoff,8.47224353167384
2025-11-03T00:00:00,Lower_Forest_Direct Runoff,5.73612176583692
2025-11-04T00:00:00,Lower_Forest_Direct Runoff,4.36806088291846
2025-11-05T00:00:00,Lower_Forest_Direct Runoff,4.4060304414592295
2025-11-06T00:00:00,Lower_Forest_Direct Runoff,11.058390220729615
2025-11-07T00:00:00,Lower_Forest_Direct Runoff,12.218570110364809
2025-11-08T00:00:00,Lower_Forest_Direct Runoff,7.609285055182404
2025-11-09T00:00:00,Lower_Forest_Direct Runoff,8.237767527591203
2025-11-10T00:00:00,Lower_Forest_Direct Runoff,5.618883763795601
2025-11-11T00:00:00,Lower_Forest_Direct Runoff,9.1829418818978
2025-11-12T00:00:00,Lower_Forest_Direct Runoff,6.0914709409489
2025-11-13T00:00:00,Lower_Forest_Direct Runoff,6.75686047047445
2025-11-14T00:00:00,Lower_Forest_Direct Runoff,4.878430235237225
2025-11-15T00:00:00,Lower_Forest_Direct Runoff,6.511340117618612
2025-11-16T00:00:00,Lower_Forest_Direct Runoff,4.755670058809306
2025-11-17T00:00:00,Lower_Forest_Direct Runoff,6.449960029404654
2025-11-18T00:00:00,Lower_Forest_Direct Runoff,5.672605014702327
2025-11-19T00:00:00,Lower_Forest_Direct Runoff,6.953552507351164
2025-11-20T00:00:00,Lower_Forest_Direct Runoff,6.736651253675582
2025-11-21T00:00:00,Lower_Forest_Direct Runoff,4.868325626837791
2025-11-22T00:00:00,Lower_Forest_Direct Runoff,3.9341628134188955
2025-11-23T00:00:00,Lower_Forest_Direct Runoff,5.813581406709448
2025-11-24T00:00:00,Lower_Forest_Direct Runoff,4.948290703354724
2025-11-25T00:00:00,Lower_Forest_Direct Runoff,5.192520351677362
2025-11-26T00:00:00,Lower_Forest_Direct Runoff,5.585385175838681
2025-11-27T00:00:00,Lower_Forest_Direct Runoff,4.2926925879193405
2025-11-28T00:00:00,Lower_Forest_Direct Runoff,3.6463462939596702
2025-11-29T00:00:00,Lower_Forest_Direct Runoff,3.323173146979835
2025-11-30T00:00:00,Lower_Forest_Direct Runoff,3.1615865734899176
2025-12-01T00:00:00,Lower_Forest_Direct Runoff,3.080793286744959
2025-12-02T00:00:00,Lower_Forest_Direct Runoff,3.040396643372479
2025-12-03T00:00:00,Lower_Forest_Direct Runoff,3.0201983216862396
2025-12-04T00:00:00,Lower_Forest_Direct Runoff,3.0100991608431196
2025-12-05T00:00:00,Lower_Forest_Direct Runoff,3.00504958042156
2025-12-06T00:00:00,Lower_Forest_Direct Runoff,3.0025247902107797
2025-12-07T00:00:00,Lower_Forest_Direct Runoff,3.00126239510539
2025-12-08T00:00:00,Lower_Forest_Direct Runoff,3.000631197552695
2025-12-09T00:00:00,Lower_Forest_Direct Runoff,5.121190598776347
2025-12-10T00:00:00,Lower_Forest_Direct Runoff,4.060595299388174
2025-12-11T00:00:00,Lower_Forest_Direct Runoff,3.530297649694087
2025-12-12T00:00:00,Lower_Forest_Direct Runoff,3.2651488248470435
2025-12-13T00:00:00,Lower_Forest_Direct Runoff,3.132574412423522
2025-12-14T00:00:00,Lower_Forest_Direct Runoff,3.066287206211761
2025-12-15T00:00:00,Lower_Forest_Direct Runoff,3.0331436031058807
2025-12-16T00:00:00,Lower_Forest_Direct Runoff,3.0165718015529404
2025-12-17T00:00:00,Lower_Forest_Direct Runoff,3.00828590077647
2025-12-18T00:00:00,Lower_Forest_Direct Runoff,3.004142950388235
2025-12-19T00:00:00,Lower_Forest_Direct Runoff,3.0020714751941178
2025-12-20T00:00:00,Lower_Forest_Direct Runoff,3.001035737597059
2025-12-21T00:00:00,Lower_Forest_Direct Runoff,3.0005178687985294
2025-12-22T00:00:00,Lower_Forest_Direct Runoff,13.288758934399265
2025-12-23T00:00:00,Lower_Forest_Direct Runoff,9.137129467199632
2025-12-24T00:00:00,Lower_Forest_Direct Runoff,6.068564733599816
2025-12-25T00:00:00,Lower_Forest_Direct Runoff,5.888032366799908
2025-12-26T00:00:00,Lower_Forest_Direct Runoff,7.016141183399954
2025-12-27T00:00:00,Lower_Forest_Direct Runoff,5.008070591699977
2025-12-28T00:00:00,Lower_Forest_Direct Runoff,4.004035295849988
2025-12-29T00:00:00,Lower_Forest_Direct Runoff,3.502017647924994
2025-12-30T00:00:00,Lower_Forest_Direct Runoff,3.251008823962497
2025-12-31T00:00:00,Lower_Forest_Direct Runoff,3.1255044119812485
2026-01-01T00:00:00,Lower_Forest_Direct Runoff,3.0627522059906243
2026-01-02T00:00:00,Lower_Forest_Direct Runoff,3.933876102995312
2026-01-03T00:00:00,Lower_Forest_Direct Runoff,3.4669380514976558
2026-01-04T00:00:00,Lower_Forest_Direct Runoff,3.233469025748828
2026-01-05T00:00:00,Lower_Forest_Direct Runoff,3.116734512874414
2026-01-06T00:00:00,Lower_Forest_Direct Runoff,3.509617256437207
2026-01-07T00:00:00,Lower_Forest_Direct Runoff,13.182308628218603
2026-01-08T00:00:00,Lower_Forest_Direct Runoff,10.934029314109301
2026-01-09T00:00:00,Lower_Forest_Direct Runoff,8.05001465705465
2026-01-10T00:00:00,Lower_Forest_Direct Runoff,5.525007328527325
2026-01-11T00:00:00,Lower_Forest_Direct Runoff,4.2625036642636625
2026-01-12T00:00:00,Lower_Forest_Direct Runoff,8.098626832131831
2026-01-13T00:00:00,Lower_Forest_Direct Runoff,5.549313416065916
2026-01-14T00:00:00,Lower_Forest_Direct Runoff,4.274656708032958
2026-01-15T00:00:00,Lower_Forest_Direct Runoff,3.637328354016479
2026-01-16T00:00:00,Lower_Forest_Direct Runoff,3.3186641770082392
2026-01-17T00:00:00,Lower_Forest_Direct Runoff,3.1593320885041196
2026-01-18T00:00:00,Lower_Forest_Direct Runoff,9.08129104425206
2026-01-19T00:00:00,Lower_Forest_Direct Runoff,6.76264552212603
2026-01-20T00:00:00,Lower_Forest_Direct Runoff,5.828947761063016
2026-01-21T00:00:00,Lower_Forest_Direct Runoff,4.414473880531508
2026-01-22T00:00:00,Lower_Forest_Direct Runoff,3.707236940265754
2026-01-23T00:00:00,Lower_Forest_Direct Runoff,3.759743470132877
2026-01-24T00:00:00,Lower_Forest_Direct Runoff,4.192121735066438
2026-01-25T00:00:00,Lower_Forest_Direct Runoff,4.769310867533219
2026-01-26T00:00:00,Lower_Forest_Direct Runoff,3.8846554337666097
2026-01-27T00:00:00,Lower_Forest_Direct Runoff,3.442327716883305
2026-01-28T00:00:00,Lower_Forest_Direct Runoff,3.2211638584416526
2026-01-29T00:00:00,Lower_Forest_Direct Runoff,3.1105819292208263
2026-01-30T00:00:00,Lower_Forest_Direct Runoff,3.055290964610413
2026-01-31T00:00:00,Lower_Forest_Direct Runoff,3.0276454823052066
2026-02-01T00:00:00,Lower_Forest_Direct Runoff,7.210447741152604
2026-02-02T00:00:00,Lower_Forest_Direct Runoff,5.105223870576301
2026-02-03T00:00:00,Lower_Forest_Direct Runoff,4.684361935288151
2026-02-04T00:00:00,Lower_Forest_Direct Runoff,3.8421809676440755
2026-02-05T00:00:00,Lower_Forest_Direct Runoff,3.421090483822038
2026-02-06T00:00:00,Lower_Forest_Direct Runoff,5.737545241911019
2026-02-07T00:00:00,Lower_Forest_Direct Runoff,4.368772620955509
2026-02-08T00:00:00,Lower_Forest_Direct Runoff,3.6843863104777546
2026-02-09T00:00:00,Lower_Forest_Direct Runoff,3.8385681552388773
2026-02-10T00:00:00,Lower_Forest_Direct Runoff,5.630409077619438
2026-02-11T00:00:00,Lower_Forest_Direct Runoff,4.315204538809719
2026-02-12T00:00:00,Lower_Forest_Direct Runoff,3.6576022694048596
2026-02-13T00:00:00,Lower_Forest_Direct Runoff,3.32880113470243
2026-02-14T00:00:00,Lower_Forest_Direct Runoff,3.164400567351215
2026-02-15T00:00:00,Lower_Forest_Direct Runoff,3.0822002836756077
2026-02-16T00:00:00,Lower_Forest_Direct Runoff,3.041100141837804
2026-02-17T00:00:00,Lower_Forest_Direct Runoff,3.020550070918902
2026-02-18T00:00:00,Lower_Forest_Direct Runoff,3.010275035459451
2026-02-19T00:00:00,Lower_Forest_Direct Runoff,3.0051375177297253
2026-02-20T00:00:00,Lower_Forest_Direct Runoff,3.408693758864863
2026-02-21T00:00:00,Lower_Forest_Direct Runoff,3.5653468794324317
2026-02-22T00:00:00,Lower_Forest_Direct Runoff,3.282673439716216
2026-02-23T00:00:00,Lower_Forest_Direct Runoff,3.141336719858108
2026-02-24T00:00:00,Lower_Forest_Direct Runoff,5.101293359929054
2026-02-25T00:00:00,Lower_Forest_Direct Runoff,4.050646679964527
2026-02-26T00:00:00,Lower_Forest_Direct Runoff,3.5253233399822634
2026-02-27T00:00:00,Lower_Forest_Direct Runoff,3.2626616699911315
2026-02-28T00:00:00,Lower_Forest_Direct Runoff,3.1313308349955657
2026-03-01T00:00:00,Lower_Forest_Direct Runoff,3.065665417497783
2026-03-02T00:00:00,Lower_Forest_Direct Runoff,3.0328327087488915
2026-03-03T00:00:00,Lower_Forest_Direct Runoff,3.0164163543744458
2026-03-04T00:00:00,Lower_Forest_Direct Runoff,3.008208177187223
2026-03-05T00:00:00,Lower_Forest_Direct Runoff,3.0041040885936114
2026-03-06T00:00:00,Lower_Forest_Direct Runoff,3.0020520442968057
2026-03-07T00:00:00,Lower_Forest_Direct Runoff,3.8132760221484028
2026-03-08T00:00:00,Lower_Forest_Direct Runoff,3.8127630110742015
2026-03-09T00:00:00,Lower_Forest_Direct Runoff,4.579631505537101
2026-03-10T00:00:00,Lower_Forest_Direct Runoff,3.7898157527685505
2026-03-11T00:00:00,Lower_Forest_Direct Runoff,3.3949078763842753
2026-03-12T00:00:00,Lower_Forest_Direct Runoff,4.054828938192138
2026-03-13T00:00:00,Lower_Forest_Direct Runoff,3.527414469096069
2026-03-14T00:00:00,Lower_Forest_Direct Runoff,5.745582234548035
2026-03-15T00:00:00,Lower_Forest_Direct Runoff,4.3727911172740175
2026-03-16T00:00:00,Lower_Forest_Direct Runoff,3.6863955586370087
2026-03-17T00:00:00,Lower_Forest_Direct Runoff,4.3810727793185045
2026-03-18T00:00:00,Lower_Forest_Direct Runoff,3.6905363896592522
2026-03-19T00:00:00,Lower_Forest_Direct Runoff,4.789268194829626
2026-03-20T00:00:00,Lower_Forest_Direct Runoff,6.466759097414814
2026-03-21T00:00:00,Lower_Forest_Direct Runoff,4.733379548707407
2026-03-22T00:00:00,Lower_Forest_Direct Runoff,3.8666897743537034
2026-03-23T00:00:00,Lower_Forest_Direct Runoff,4.200469887176851
2026-03-24T00:00:00,Lower_Forest_Direct Runoff,3.6002349435884256
2026-03-25T00:00:00,Lower_Forest_Direct Runoff,3.3001174717942128
2026-03-26T00:00:00,Lower_Forest_Direct Runoff,3.1500587358971064
2026-03-27T00:00:00,Lower_Forest_Direct Runoff,3.075029367948553
2026-03-28T00:00:00,Lower_Forest_Direct Runoff,3.0375146839742766
2026-03-29T00:00:00,Lower_Forest_Direct Runoff,3.018757341987138
2026-03-30T00:00:00,Lower_Forest_Direct Runoff,3.009378670993569
2026-03-31T00:00:00,Lower_Forest_Direct Runoff,4.087689335496784
2026-04-01T00:00:00,Lower_Forest_Direct Runoff,3.543844667748392
2026-04-02T00:00:00,Lower_Forest_Direct Runoff,3.271922333874196
2026-04-03T00:00:00,Lower_Forest_Direct Runoff,3.677461166937098
2026-04-04T00:00:00,Lower_Forest_Direct Runoff,3.744855583468549
2026-04-05T00:00:00,Lower_Forest_Direct Runoff,3.3724277917342746
2026-04-06T00:00:00,Lower_Forest_Direct Runoff,3.1862138958671373
2026-04-07T00:00:00,Lower_Forest_Direct Runoff,3.0931069479335687
2026-04-08T00:00:00,Lower_Forest_Direct Runoff,3.3624284739667845
2026-04-09T00:00:00,Lower_Forest_Direct Runoff,3.858089236983392
2026-04-10T00:00:00,Lower_Forest_Direct Runoff,4.466919618491696
2026-04-11T00:00:00,Lower_Forest_Direct Runoff,3.733459809245848
2026-04-12T00:00:00,Lower_Forest_Direct Runoff,7.653604904622924
2026-04-13T00:00:00,Lower_Forest_Direct Runoff,6.184177452311462
2026-04-14T00:00:00,Lower_Forest_Direct Runoff,7.209338726155731
2026-04-15T00:00:00,Lower_Forest_Direct Runoff,5.104669363077866
2026-04-16T00:00:00,Lower_Forest_Direct Runoff,4.052334681538933
2026-04-17T00:00:00,Lower_Forest_Direct Runoff,6.865417340769467
2026-04-18T00:00:00,Lower_Forest_Direct Runoff,4.932708670384733
2026-04-19T00:00:00,Lower_Forest_Direct Runoff,3.9663543351923667
2026-04-20T00:00:00,Lower_Forest_Direct Runoff,3.979552167596183
2026-04-21T00:00:00,Lower_Forest_Direct Runoff,3.8959010837980914
2026-04-22T00:00:00,Lower_Forest_Direct Runoff,3.4479505418990457
2026-04-23T00:00:00,Lower_Forest_Direct Runoff,4.8936002709495225
2026-04-24T00:00:00,Lower_Forest_Direct Runoff,5.706675135474761
2026-04-25T00:00:00,Lower_Forest_Direct Runoff,4.3533375677373805
2026-04-26T00:00:00,Lower_Forest_Direct Runoff,4.26329378386869
2026-04-27T00:00:00,Lower_Forest_Direct Runoff,3.631646891934345
2026-04-28T00:00:00,Lower_Forest_Direct Runoff,5.572073445967172
2026-04-29T00:00:00,Lower_Forest_Direct Runoff,4.286036722983586
2026-04-30T00:00:00,Lower_Forest_Direct Runoff,5.4028933614917936
2026-05-01T00:00:00,Lower_Forest_Direct Runoff,4.607571680745897
2026-05-02T00:00:00,Lower_Forest_Direct Runoff,5.563660840372949
2026-05-03T00:00:00,Lower_Forest_Direct Runoff,9.380955420186474
2026-05-04T00:00:00,Lower_Forest_Direct Runoff,8.807727710093237
2026-05-05T00:00:00,Lower_Forest_Direct Runoff,7.934488855046618
2026-05-06T00:00:00,Lower_Forest_Direct Runoff,6.50511942752331
2026-05-07T00:00:00,Lower_Forest_Direct Runoff,4.752559713761655
2026-05-08T00:00:00,Lower_Forest_Direct Runoff,3.8762798568808274
2026-05-09T00:00:00,Lower_Forest_Direct Runoff,3.438139928440414
2026-05-10T00:00:00,Lower_Forest_Direct Runoff,3.219069964220207
2026-05-11T00:00:00,Lower_Forest_Direct Runoff,4.3279099821101035
2026-05-12T00:00:00,Lower_Forest_Direct Runoff,3.6639549910550517
2026-05-13T00:00:00,Lower_Forest_Direct Runoff,3.331977495527526
2026-05-14T00:00:00,Lower_Forest_Direct Runoff,3.165988747763763
2026-05-15T00:00:00,Lower_Forest_Direct Runoff,3.0829943738818812
2026-05-16T00:00:00,Lower_Forest_Direct Runoff,3.0414971869409406
2026-05-17T00:00:00,Lower_Forest_Direct Runoff,3.0207485934704703
2026-05-18T00:00:00,Lower_Forest_Direct Runoff,3.010374296735235
2026-05-19T00:00:00,Lower_Forest_Direct Runoff,3.0051871483676176
2026-05-20T00:00:00,Lower_Forest_Direct Runoff,3.002593574183809
2026-05-21T00:00:00,Lower_Forest_Direct Runoff,3.0012967870919045
2026-05-22T00:00:00,Lower_Forest_Direct Runoff,3.0006483935459523
2026-05-23T00:00:00,Lower_Forest_Direct Runoff,3.000324196772976
2026-05-24T00:00:00,Lower_Forest_Direct Runoff,5.662537098386488
2026-05-25T00:00:00,Lower_Forest_Direct Runoff,4.3312685491932434
2026-05-26T00:00:00,Lower_Forest_Direct Runoff,4.477884274596622
2026-05-27T00:00:00,Lower_Forest_Direct Runoff,3.738942137298311
2026-05-28T00:00:00,Lower_Forest_Direct Runoff,3.3694710686491556
2026-05-29T00:00:00,Lower_Forest_Direct Runoff,3.184735534324578
2026-05-30T00:00:00,Lower_Forest_Direct Runoff,3.0923677671622887
2026-05-31T00:00:00,Lower_Forest_Direct Runoff,3.0461838835811443
2026-06-01T00:00:00,Lower_Forest_Direct Runoff,3.925591941790572
2026-06-02T00:00:00,Lower_Forest_Direct Runoff,3.462795970895286
2026-06-03T00:00:00,Lower_Forest_Direct Runoff,4.404647985447642
2026-06-04T00:00:00,Lower_Forest_Direct Runoff,3.702323992723821
2026-06-05T00:00:00,Lower_Forest_Direct Runoff,5.607411996361911
2026-06-06T00:00:00,Lower_Forest_Direct Runoff,4.7549559981809555
2026-06-07T00:00:00,Lower_Forest_Direct Runoff,3.8774779990904777
2026-06-08T00:00:00,Lower_Forest_Direct Runoff,3.438738999545239
2026-06-09T00:00:00,Lower_Forest_Direct Runoff,3.219369499772619
2026-06-10T00:00:00,Lower_Forest_Direct Runoff,3.1096847498863096
2026-06-11T00:00:00,Lower_Forest_Direct Runoff,3.0548423749431546
2026-06-12T00:00:00,Lower_Forest_Direct Runoff,3.0274211874715773
2026-06-13T00:00:00,Lower_Forest_Direct Runoff,3.0137105937357886
2026-06-14T00:00:00,Lower_Forest_Direct Runoff,3.0068552968678945
2026-06-15T00:00:00,Lower_Forest_Direct Runoff,3.0034276484339473
2026-06-16T00:00:00,Lower_Forest_Direct Runoff,3.0017138242169734
2026-06-17T00:00:00,Lower_Forest_Direct Runoff,3.0008569121084867
2026-06-18T00:00:00,Lower_Forest_Direct Runoff,3.0004284560542436
2026-06-19T00:00:00,Lower_Forest_Direct Runoff,3.000214228027122
2026-06-20T00:00:00,Lower_Forest_Direct Runoff,5.933232114013561
2026-06-21T00:00:00,Lower_Forest_Direct Runoff,4.46661605700678
2026-06-22T00:00:00,Lower_Forest_Direct Runoff,3.73330802850339
2026-06-23T00:00:00,Lower_Forest_Direct Runoff,4.224029014251695
2026-06-24T00:00:00,Lower_Forest_Direct Runoff,3.6120145071258474
2026-06-25T00:00:00,Lower_Forest_Direct Runoff,3.3060072535629237
2026-06-26T00:00:00,Lower_Forest_Direct Runoff,5.725128626781462
2026-06-27T00:00:00,Lower_Forest_Direct Runoff,5.400439313390731
2026-06-28T00:00:00,Lower_Forest_Direct Runoff,4.200219656695365
2026-06-29T00:00:00,Lower_Forest_Direct Runoff,7.480859828347683
2026-06-30T00:00:00,Lower_Forest_Direct Runoff,8.173554914173842
2026-07-01T00:00:00,Lower_Forest_Direct Runoff,5.586777457086921
2026-07-02T00:00:00,Lower_Forest_Direct Runoff,4.29338872854346
2026-07-03T00:00:00,Lower_Forest_Direct Runoff,3.64669436427173
2026-07-04T00:00:00,Lower_Forest_Direct Runoff,3.323347182135865
2026-07-05T00:00:00,Lower_Forest_Direct Runoff,3.1616735910679328
2026-07-06T00:00:00,Lower_Forest_Direct Runoff,3.0808367955339664
2026-07-07T00:00:00,Lower_Forest_Direct Runoff,3.040418397766983
2026-07-08T00:00:00,Lower_Forest_Direct Runoff,3.0202091988834914
2026-07-09T00:00:00,Lower_Forest_Direct Runoff,3.0101045994417457
2026-07-10T00:00:00,Lower_Forest_Direct Runoff,3.005052299720873
2026-07-11T00:00:00,Lower_Forest_Direct Runoff,3.0025261498604365
2026-07-12T00:00:00,Lower_Forest_Direct Runoff,3.5427630749302184
2026-07-13T00:00:00,Lower_Forest_Direct Runoff,3.6323815374651094
2026-07-14T00:00:00,Lower_Forest_Direct Runoff,3.3161907687325547
2026-07-15T00:00:00,Lower_Forest_Direct Runoff,3.1580953843662773
2026-07-16T00:00:00,Lower_Forest_Direct Runoff,3.0790476921831385
2026-07-17T00:00:00,Lower_Forest_Direct Runoff,3.987148846091569
2026-07-18T00:00:00,Lower_Forest_Direct Runoff,3.493574423045785
2026-07-19T00:00:00,Lower_Forest_Direct Runoff,3.2467872115228924
2026-07-20T00:00:00,Lower_Forest_Direct Runoff,3.1233936057614464
2026-07-21T00:00:00,Lower_Forest_Direct Runoff,3.061696802880723
2026-07-22T00:00:00,Lower_Forest_Direct Runoff,3.0308484014403616
2026-07-23T00:00:00,Lower_Forest_Direct Runoff,3.015424200720181
2026-07-24T00:00:00,Lower_Forest_Direct Runoff,3.0077121003600906
2026-07-25T00:00:00,Lower_Forest_Direct Runoff,3.0038560501800453
2026-07-26T00:00:00,Lower_Forest_Direct Runoff,3.6336780250900227
2026-07-27T00:00:00,Lower_Forest_Direct Runoff,3.316839012545011
2026-07-28T00:00:00,Lower_Forest_Direct Runoff,3.1584195062725056
2026-07-29T00:00:00,Lower_Forest_Direct Runoff,3.0792097531362526
2026-07-30T00:00:00,Lower_Forest_Direct Runoff,3.626229876568126
2026-07-31T00:00:00,Lower_Forest_Direct Runoff,4.937614938284063
2026-08-01T00:00:00,Lower_Forest_Direct Runoff,4.510307469142031
2026-08-02T00:00:00,Lower_Forest_Direct Runoff,3.7551537345710155
2026-08-03T00:00:00,Lower_Forest_Direct Runoff,3.3775768672855078
2026-08-04T00:00:00,Lower_Forest_Direct Runoff,3.188788433642754
2026-08-05T00:00:00,Lower_Forest_Direct Runoff,6.478769216821377
2026-08-06T00:00:00,Lower_Forest_Direct Runoff,4.739384608410688
2026-08-07T00:00:00,Lower_Forest_Direct Runoff,5.042942304205344
2026-08-08T00:00:00,Lower_Forest_Direct Runoff,4.021471152102672
2026-08-09T00:00:00,Lower_Forest_Direct Runoff,5.586485576051336
2026-08-10T00:00:00,Lower_Forest_Direct Runoff,4.789617788025668
2026-08-11T00:00:00,Lower_Forest_Direct Runoff,3.894808894012834
2026-08-12T00:00:00,Lower_Forest_Direct Runoff,8.185529447006417
2026-08-13T00:00:00,Lower_Forest_Direct Runoff,9.65401472350321
2026-08-14T00:00:00,Lower_Forest_Direct Runoff,6.327007361751605
2026-08-15T00:00:00,Lower_Forest_Direct Runoff,4.663503680875802
2026-08-16T00:00:00,Lower_Forest_Direct Runoff,6.810001840437901
2026-08-17T00:00:00,Lower_Forest_Direct Runoff,11.85425092021895
2026-08-18T00:00:00,Lower_Forest_Direct Runoff,7.427125460109475
2026-08-19T00:00:00,Lower_Forest_Direct Runoff,6.747812730054737
2026-08-20T00:00:00,Lower_Forest_Direct Runoff,4.873906365027368
2026-08-21T00:00:00,Lower_Forest_Direct Runoff,3.936953182513684
2026-08-22T00:00:00,Lower_Forest_Direct Runoff,3.468476591256842
2026-08-23T00:00:00,Lower_Forest_Direct Runoff,3.234238295628421
2026-08-24T00:00:00,Lower_Forest_Direct Runoff,3.1171191478142104
2026-08-25T00:00:00,Lower_Forest_Direct Runoff,3.058559573907105
2026-08-26T00:00:00,Lower_Forest_Direct Runoff,3.029279786953553
2026-08-27T00:00:00,Lower_Forest_Direct Runoff,3.9171398934767763
2026-08-28T00:00:00,Lower_Forest_Direct Runoff,3.458569946738388
2026-08-29T00:00:00,Lower_Forest_Direct Runoff,3.229284973369194
2026-08-30T00:00:00,Lower_Forest_Direct Runoff,11.598142486684596
2026-08-31T00:00:00,Lower_Forest_Direct Runoff,9.600446243342297
2026-09-01T00:00:00,Lower_Forest_Direct Runoff,8.014973121671149
2026-09-02T00:00:00,Lower_Forest_Direct Runoff,6.770986560835574
2026-09-03T00:00:00,Lower_Forest_Direct Runoff,4.885493280417787
2026-09-04T00:00:00,Lower_Forest_Direct Runoff,3.9427466402088935
2026-09-05T00:00:00,Lower_Forest_Direct Runoff,3.4713733201044468
2026-09-06T00:00:00,Lower_Forest_Direct Runoff,3.2356866600522234
2026-09-07T00:00:00,Lower_Forest_Direct Runoff,3.9752183300261117
2026-09-08T00:00:00,Lower_Forest_Direct Runoff,3.4876091650130556
2026-09-09T00:00:00,Lower_Forest_Direct Runoff,3.243804582506528
2026-09-10T00:00:00,Lower_Forest_Direct Runoff,3.1219022912532637
2026-09-11T00:00:00,Lower_Forest_Direct Runoff,3.060951145626632
2026-09-12T00:00:00,Lower_Forest_Direct Runoff,3.030475572813316
2026-09-13T00:00:00,Lower_Forest_Direct Runoff,5.7227377864066575
2026-09-14T00:00:00,Lower_Forest_Direct Runoff,5.128493893203329
2026-09-15T00:00:00,Lower_Forest_Direct Runoff,4.064246946601664
2026-09-16T00:00:00,Lower_Forest_Direct Runoff,3.532123473300832
2026-09-17T00:00:00,Lower_Forest_Direct Runoff,4.800311736650416
2026-09-18T00:00:00,Lower_Forest_Direct Runoff,4.8477808683252075
2026-09-19T00:00:00,Lower_Forest_Direct Runoff,3.9238904341626037
2026-09-20T00:00:00,Lower_Forest_Direct Runoff,3.461945217081302
2026-09-21T00:00:00,Lower_Forest_Direct Runoff,3.230972608540651
2026-09-22T00:00:00,Lower_Forest_Direct Runoff,3.1154863042703256
2026-09-23T00:00:00,Lower_Forest_Direct Runoff,6.216493152135163
2026-09-24T00:00:00,Lower_Forest_Direct Runoff,4.6082465760675815
2026-09-25T00:00:00,Lower_Forest_Direct Runoff,4.571248288033791
2026-09-26T00:00:00,Lower_Forest_Direct Runoff,3.7856241440168956
2026-09-27T00:00:00,Lower_Forest_Direct Runoff,3.392812072008448
2026-09-28T00:00:00,Lower_Forest_Direct Runoff,3.196406036004224
2026-09-29T00:00:00,Lower_Forest_Direct Runoff,3.098203018002112
2026-09-30T00:00:00,Lower_Forest_Direct Runoff,3.049101509001056
2026-10-01T00:00:00,Lower_Forest_Direct Runoff,3.024550754500528
2026-10-02T00:00:00,Lower_Forest_Direct Runoff,3.0122753772502637
2026-10-03T00:00:00,Lower_Forest_Direct Runoff,3.006137688625132
2026-10-04T00:00:00,Lower_Forest_Direct Runoff,3.003068844312566
2026-10-05T00:00:00,Lower_Forest_Direct Runoff,3.0015344221562827
2026-10-06T00:00:00,Lower_Forest_Direct Runoff,5.392392211078141
2026-10-07T00:00:00,Lower_Forest_Direct Runoff,5.09869610553907
2026-10-08T00:00:00,Lower_Forest_Direct Runoff,10.818098052769535
2026-10-09T00:00:00,Lower_Forest_Direct Runoff,11.195924026384768
2026-10-10T00:00:00,Lower_Forest_Direct Runoff,7.549212013192384
2026-10-11T00:00:00,Lower_Forest_Direct Runoff,5.274606006596192
2026-10-12T00:00:00,Lower_Forest_Direct Runoff,4.137303003298096
2026-10-13T00:00:00,Lower_Forest_Direct Runoff,3.568651501649048
2026-10-14T00:00:00,Lower_Forest_Direct Runoff,3.2843257508245243
2026-10-15T00:00:00,Lower_Forest_Direct Runoff,6.165537875412262
2026-10-16T00:00:00,Lower_Forest_Direct Runoff,8.012268937706132
2026-10-17T00:00:00,Lower_Forest_Direct Runoff,6.137884468853066
2026-10-18T00:00:00,Lower_Forest_Direct Runoff,5.245817234426533
2026-10-19T00:00:00,Lower_Forest_Direct Runoff,4.122908617213266
2026-10-20T00:00:00,Lower_Forest_Direct Runoff,5.185954308606633
2026-10-21T00:00:00,Lower_Forest_Direct Runoff,5.536977154303317
2026-10-22T00:00:00,Lower_Forest_Direct Runoff,4.2684885771516585
2026-10-23T00:00:00,Lower_Forest_Direct Runoff,4.265994288575829
2026-10-24T00:00:00,Lower_Forest_Direct Runoff,3.6329971442879145
2026-10-25T00:00:00,Lower_Forest_Direct Runoff,9.633998572143957
2026-10-26T00:00:00,Lower_Forest_Direct Runoff,7.896374286071978
2026-10-27T00:00:00,Lower_Forest_Direct Runoff,5.809187143035989
2026-10-28T00:00:00,Lower_Forest_Direct Runoff,4.404593571517994
2026-10-29T00:00:00,Lower_Forest_Direct Runoff,11.779671785758996
2026-10-30T00:00:00,Lower_Forest_Direct Runoff,11.541335892879498
2026-10-31T00:00:00,Lower_Forest_Direct Runoff,7.270667946439749
2026-11-01T00:00:00,Lower_Forest_Direct Runoff,5.135333973219875
2026-11-02T00:00:00,Lower_Forest_Direct Runoff,4.473791986609937
2026-11-03T00:00:00,Lower_Forest_Direct Runoff,3.7368959933049686
2026-11-04T00:00:00,Lower_Forest_Direct Runoff,3.3684479966524843
2026-11-05T00:00:00,Lower_Forest_Direct Runoff,4.402598998326242
2026-11-06T00:00:00,Lower_Forest_Direct Runoff,3.701299499163121
2026-11-07T00:00:00,Lower_Forest_Direct Runoff,3.3506497495815606
2026-11-08T00:00:00,Lower_Forest_Direct Runoff,3.17532487479078
2026-11-09T00:00:00,Lower_Forest_Direct Runoff,3.08766243739539
2026-11-10T00:00:00,Lower_Forest_Direct Runoff,3.043831218697695
2026-11-11T00:00:00,Lower_Forest_Direct Runoff,3.0219156093488477
2026-11-12T00:00:00,Lower_Forest_Direct Runoff,3.010957804674424
2026-11-13T00:00:00,Lower_Forest_Direct Runoff,3.005478902337212
2026-11-14T00:00:00,Lower_Forest_Direct Runoff,3.002739451168606
2026-11-15T00:00:00,Lower_Forest_Direct Runoff,3.0013697255843033
2026-11-16T00:00:00,Lower_Forest_Direct Runoff,3.0006848627921516
2026-11-17T00:00:00,Lower_Forest_Direct Runoff,3.000342431396076
2026-11-18T00:00:00,Lower_Forest_Direct Runoff,3.000171215698038
2026-11-19T00:00:00,Lower_Forest_Direct Runoff,3.000085607849019
2026-11-20T00:00:00,Lower_Forest_Direct Runoff,3.0000428039245097
2026-11-21T00:00:00,Lower_Forest_Direct Runoff,3.000021401962255
2026-11-22T00:00:00,Lower_Forest_Direct Runoff,3.0000107009811274
2026-11-23T00:00:00,Lower_Forest_Direct Runoff,3.0000053504905635
2026-11-24T00:00:00,Lower_Forest_Direct Runoff,3.0000026752452817
2026-11-25T00:00:00,Lower_Forest_Direct Runoff,4.08300133762264
2026-11-26T00:00:00,Lower_Forest_Direct Runoff,3.54150066881132
2026-11-27T00:00:00,Lower_Forest_Direct Runoff,3.85737533440566
2026-11-28T00:00:00,Lower_Forest_Direct Runoff,3.42868766720283
2026-11-29T00:00:00,Lower_Forest_Direct Runoff,3.214343833601415
2026-11-30T00:00:00,Lower_Forest_Direct Runoff,3.1071719168007075
2026-12-01T00:00:00,Lower_Forest_Direct Runoff,3.685335958400354
2026-12-02T00:00:00,Lower_Forest_Direct Runoff,15.706917979200178
2026-12-03T00:00:00,Lower_Forest_Direct Runoff,12.421958989600089
2026-12-04T00:00:00,Lower_Forest_Direct Runoff,7.7109794948000445
2026-12-05T00:00:00,Lower_Forest_Direct Runoff,5.355489747400022
2026-12-06T00:00:00,Lower_Forest_Direct Runoff,15.639494873700011
2026-12-07T00:00:00,Lower_Forest_Direct Runoff,12.929747436850006
2026-12-08T00:00:00,Lower_Forest_Direct Runoff,7.964873718425003
2026-12-09T00:00:00,Lower_Forest_Direct Runoff,5.482436859212502
2026-12-10T00:00:00,Lower_Forest_Direct Runoff,4.241218429606251
2026-12-11T00:00:00,Lower_Forest_Direct Runoff,3.6206092148031255
2026-12-12T00:00:00,Lower_Forest_Direct Runoff,3.3103046074015627
2026-12-13T00:00:00,Lower_Forest_Direct Runoff,3.155152303700781
2026-12-14T00:00:00,Lower_Forest_Direct Runoff,3.0775761518503906
2026-12-15T00:00:00,Lower_Forest_Direct Runoff,3.0387880759251953
2026-12-16T00:00:00,Lower_Forest_Direct Runoff,5.3658940379625975
2026-12-17T00:00:00,Lower_Forest_Direct Runoff,6.439197018981298
2026-12-18T00:00:00,Lower_Forest_Direct Runoff,8.64547350949065
2026-12-19T00:00:00,Lower_Forest_Direct Runoff,10.651111754745326
2026-12-20T00:00:00,Lower_Forest_Direct Runoff,6.825555877372663
2026-12-21T00:00:00,Lower_Forest_Direct Runoff,4.9127779386863315
2026-12-22T00:00:00,Lower_Forest_Direct Runoff,3.9563889693431658
2026-12-23T00:00:00,Lower_Forest_Direct Runoff,5.012444484671583
2026-12-24T00:00:00,Lower_Forest_Direct Runoff,5.359972242335791
2026-12-25T00:00:00,Lower_Forest_Direct Runoff,6.752111121167896
2026-12-26T00:00:00,Lower_Forest_Direct Runoff,4.876055560583948
2026-12-27T00:00:00,Lower_Forest_Direct Runoff,3.938027780291974
2026-12-28T00:00:00,Lower_Forest_Direct Runoff,3.469013890145987
2026-12-29T00:00:00,Lower_Forest_Direct Runoff,3.2345069450729937
2026-12-30T00:00:00,Lower_Forest_Direct Runoff,3.117253472536497
2026-12-31T00:00:00,Lower_Forest_Direct Runoff,3.0586267362682484
