716c9cd9-8a6b-4fa3-a584-1d7a74b78395,location,waterLevel
2023-01-01T00:00:00,Lower_Forest_Groundwater,2.327423999999998
2023-01-02T00:00:00,Lower_Forest_Groundwater,3.7706075249999955
2023-01-03T00:00:00,Lower_Forest_Groundwater,5.158645259999997
2023-01-04T00:00:00,Lower_Forest_Groundwater,6.403174302749997
2023-01-05T00:00:00,Lower_Forest_Groundwater,7.490657981849997
2023-01-06T00:00:00,Lower_Forest_Groundwater,8.437194288352499
2023-01-07T00:00:00,Lower_Forest_Groundwater,9.355846086861
2023-01-08T00:00:00,Lower_Forest_Groundwater,10.206038066846775
2023-01-09T00:00:00,Lower_Forest_Groundwater,11.138849554498034
2023-01-10T00:00:00,Lower_Forest_Groundwater,12.027725646216194
2023-01-11T00:00:00,Lower_Forest_Groundwater,12.83998860517855
2023-01-12T00:00:00,Lower_Forest_Groundwater,13.56143770645268
2023-01-13T00:00:00,Lower_Forest_Groundwater,14.1947593167034
2023-01-14T00:00:00,Lower_Forest_Groundwater,14.749802275481052
2023-01-15T00:00:00,Lower_Forest_Groundwater,15.211930093156937
2023-01-16T00:00:00,Lower_Forest_Groundwater,15.581016506453235
2023-01-17T00:00:00,Lower_Forest_Groundwater,15.874659967113903
2023-01-18T00:00:00,Lower_Forest_Groundwater,16.572599401055506
2023-01-19T00:00:00,Lower_Forest_Groundwater,17.42544060127645
2023-01-20T00:00:00,Lower_Forest_Groundwater,18.32948083631205
2023-01-21T00:00:00,Lower_Forest_Groundwater,19.24970830026247
2023-01-22T00:00:00,Lower_Forest_Groundwater,20.072845444027035
2023-01-23T00:00:00,Lower_Forest_Groundwater,20.79359588651974
2023-01-24T00:00:00,Lower_Forest_Groundwater,21.43042039131547
2023-01-25T00:00:00,Lower_Forest_Groundwater,21.97193299890777
2023-01-26T00:00:00,Lower_Forest_Groundwater,22.636798272378922
2023-01-27T00:00:00,Lower_Forest_Groundwater,23.294898581821997
2023-01-28T00:00:00,Lower_Forest_Groundwater,23.886204841980277
2023-01-29T00:00:00,Lower_Forest_Groundwater,24.405490066952492
2023-01-30T00:00:00,Lower_Forest_Groundwater,24.82890396484237
2023-01-31T00:00:00,Lower_Forest_Groundwater,25.1668370706507
2023-02-01T00:00:00,Lower_Forest_Groundwater,25.40676876473192
2023-02-02T00:00:00,Lower_Forest_Groundwater,25.560363238831872
2023-02-03T00:00:00,Lower_Forest_Groundwater,25.643839040235264
2023-02-04T00:00:00,Lower_Forest_Groundwater,25.66558124885503
2023-02-05T00:00:00,Lower_Forest_Groundwater,25.66558124885503
2023-02-06T00:00:00,Lower_Forest_Groundwater,25.66558124885503
2023-02-07T00:00:00,Lower_Forest_Groundwater,25.66558124885503
2023-02-08T00:00:00,Lower_Forest_Groundwater,25.66558124885503
2023-02-09T00:00:00,Lower_Forest_Groundwater,25.66558124885503
2023-02-10T00:00:00,Lower_Forest_Groundwater,25.66558124885503
2023-02-11T00:00:00,Lower_Forest_Groundwater,25.66558124885503
2023-02-12T00:00:00,Lower_Forest_Groundwater,25.66558124885503
2023-02-13T00:00:00,Lower_Forest_Groundwater,25.66558124885503
2023-02-14T00:00:00,Lower_Forest_Groundwater,25.66558124885503
2023-02-15T00:00:00,Lower_Forest_Groundwater,25.66558124885503
2023-02-16T00:00:00,Lower_Forest_Groundwater,25.66558124885503
2023-02-17T00:00:00,Lower_Forest_Groundwater,25.66558124885503
2023-02-18T00:00:00,Lower_Forest_Groundwater,25.66558124885503
2023-02-19T00:00:00,Lower_Forest_Groundwater,25.66558124885503
2023-02-20T00:00:00,Lower_Forest_Groundwater,25.66558124885503
2023-02-21T00:00:00,Lower_Forest_Groundwater,25.66558124885503
2023-02-22T00:00:00,Lower_Forest_Groundwater,25.66558124885503
2023-02-23T00:00:00,Lower_Forest_Groundwater,25.66558124885503
2023-02-24T00:00:00,Lower_Forest_Groundwater,25.66558124885503
2023-02-25T00:00:00,Lower_Forest_Groundwater,25.66558124885503
2023-02-26T00:00:00,Lower_Forest_Groundwater,25.66558124885503
2023-02-27T00:00:00,Lower_Forest_Groundwater,25.66558124885503
2023-02-28T00:00:00,Lower_Forest_Groundwater,25.693800065987745
2023-03-01T00:00:00,Lower_Forest_Groundwater,25.73480703713811
2023-03-02T00:00:00,Lower_Forest_Groundwater,25.75532632903891
2023-03-03T00:00:00,Lower_Forest_Groundwater,25.75532632903891
2023-03-04T00:00:00,Lower_Forest_Groundwater,25.75532632903891
2023-03-05T00:00:00,Lower_Forest_Groundwater,25.808193816117118
2023-03-06T00:00:00,Lower_Forest_Groundwater,25.882456193104098
2023-03-07T00:00:00,Lower_Forest_Groundwater,25.969890751700675
2023-03-08T00:00:00,Lower_Forest_Groundwater,26.062509864091744
2023-03-09T00:00:00,Lower_Forest_Groundwater,26.191664270070785
2023-03-10T00:00:00,Lower_Forest_Groundwater,26.54165811286546
2023-03-11T00:00:00,Lower_Forest_Groundwater,27.068072535087435
2023-03-12T00:00:00,Lower_Forest_Groundwater,27.6472530969406
2023-03-13T00:00:00,Lower_Forest_Groundwater,28.28231049353514
2023-03-14T00:00:00,Lower_Forest_Groundwater,28.94336367093357
2023-03-15T00:00:00,Lower_Forest_Groundwater,29.669680990823835
2023-03-16T00:00:00,Lower_Forest_Groundwater,30.37725770884091
2023-03-17T00:00:00,Lower_Forest_Groundwater,31.0334623201142
2023-03-18T00:00:00,Lower_Forest_Groundwater,31.732877627789122
2023-03-19T00:00:00,Lower_Forest_Groundwater,32.87592200846103
2023-03-20T00:00:00,Lower_Forest_Groundwater,34.29730045294799
2023-03-21T00:00:00,Lower_Forest_Groundwater,35.82493925392737
2023-03-22T00:00:00,Lower_Forest_Groundwater,37.31977967527937
2023-03-23T00:00:00,Lower_Forest_Groundwater,38.72784040473145
2023-03-24T00:00:00,Lower_Forest_Groundwater,40.02644723635596
2023-03-25T00:00:00,Lower_Forest_Groundwater,41.215711022376844
2023-03-26T00:00:00,Lower_Forest_Groundwater,42.29479524857505
2023-03-27T00:00:00,Lower_Forest_Groundwater,43.25099086154314
2023-03-28T00:00:00,Lower_Forest_Groundwater,44.06567201790927
2023-03-29T00:00:00,Lower_Forest_Groundwater,44.75144321098622
2023-03-30T00:00:00,Lower_Forest_Groundwater,45.35731476092918
2023-03-31T00:00:00,Lower_Forest_Groundwater,45.9514391939647
2023-04-01T00:00:00,Lower_Forest_Groundwater,46.5244816027401
2023-04-02T00:00:00,Lower_Forest_Groundwater,47.06029218015968
2023-04-03T00:00:00,Lower_Forest_Groundwater,47.68333015459815
2023-04-04T00:00:00,Lower_Forest_Groundwater,48.42147248397321
2023-04-05T00:00:00,Lower_Forest_Groundwater,49.404415281600976
2023-04-06T00:00:00,Lower_Forest_Groundwater,50.52803307506107
2023-04-07T00:00:00,Lower_Forest_Groundwater,51.6678457269727
2023-04-08T00:00:00,Lower_Forest_Groundwater,52.75795543259195
2023-04-09T00:00:00,Lower_Forest_Groundwater,53.77119332709866
2023-04-10T00:00:00,Lower_Forest_Groundwater,54.69917701187939
2023-04-11T00:00:00,Lower_Forest_Groundwater,55.5594543680444
2023-04-12T00:00:00,Lower_Forest_Groundwater,56.34625000852408
2023-04-13T00:00:00,Lower_Forest_Groundwater,57.076609594921386
2023-04-14T00:00:00,Lower_Forest_Groundwater,57.998918202661756
2023-04-15T00:00:00,Lower_Forest_Groundwater,58.96844363961949
2023-04-16T00:00:00,Lower_Forest_Groundwater,59.91074037787714
2023-04-17T00:00:00,Lower_Forest_Groundwater,60.79366936480688
2023-04-18T00:00:00,Lower_Forest_Groundwater,61.68249403929257
2023-04-19T00:00:00,Lower_Forest_Groundwater,62.52287773945415
2023-04-20T00:00:00,Lower_Forest_Groundwater,63.3462606911618
2023-04-21T00:00:00,Lower_Forest_Groundwater,64.12142895847981
2023-04-22T00:00:00,Lower_Forest_Groundwater,64.83704940445656
2023-04-23T00:00:00,Lower_Forest_Groundwater,65.53557830853093
2023-04-24T00:00:00,Lower_Forest_Groundwater,66.25403282354549
2023-04-25T00:00:00,Lower_Forest_Groundwater,66.94553113773242
2023-04-26T00:00:00,Lower_Forest_Groundwater,67.59032424583756
2023-04-27T00:00:00,Lower_Forest_Groundwater,68.18186035580065
2023-04-28T00:00:00,Lower_Forest_Groundwater,68.71985401110166
2023-04-29T00:00:00,Lower_Forest_Groundwater,69.20685387903968
2023-04-30T00:00:00,Lower_Forest_Groundwater,69.64655654926746
2023-05-01T00:00:00,Lower_Forest_Groundwater,70.04299034701424
2023-05-02T00:00:00,Lower_Forest_Groundwater,70.40013146225722
2023-05-03T00:00:00,Lower_Forest_Groundwater,70.72173381461135
2023-05-04T00:00:00,Lower_Forest_Groundwater,71.01126360604779
2023-05-05T00:00:00,Lower_Forest_Groundwater,71.27188425549944
2023-05-06T00:00:00,Lower_Forest_Groundwater,71.50646475858537
2023-05-07T00:00:00,Lower_Forest_Groundwater,71.71759817065241
2023-05-08T00:00:00,Lower_Forest_Groundwater,71.9076237211576
2023-05-09T00:00:00,Lower_Forest_Groundwater,72.07864945643472
2023-05-10T00:00:00,Lower_Forest_Groundwater,72.23257398809533
2023-05-11T00:00:00,Lower_Forest_Groundwater,72.39953550154549
2023-05-12T00:00:00,Lower_Forest_Groundwater,72.56401558112843
2023-05-13T00:00:00,Lower_Forest_Groundwater,72.71915501149198
2023-05-14T00:00:00,Lower_Forest_Groundwater,72.86233417818863
2023-05-15T00:00:00,Lower_Forest_Groundwater,72.99297226790034
2023-05-16T00:00:00,Lower_Forest_Groundwater,73.13986371848324
2023-05-17T00:00:00,Lower_Forest_Groundwater,73.49994023392904
2023-05-18T00:00:00,Lower_Forest_Groundwater,73.96921782779084
2023-05-19T00:00:00,Lower_Forest_Groundwater,74.51534377724676
2023-05-20T00:00:00,Lower_Forest_Groundwater,75.06874518924724
2023-05-21T00:00:00,Lower_Forest_Groundwater,75.81096611379274
2023-05-22T00:00:00,Lower_Forest_Groundwater,76.61169177275623
2023-05-23T00:00:00,Lower_Forest_Groundwater,77.43602790425963
2023-05-24T00:00:00,Lower_Forest_Groundwater,78.21404714183083
2023-05-25T00:00:00,Lower_Forest_Groundwater,79.44204479025397
2023-05-26T00:00:00,Lower_Forest_Groundwater,80.79571044113933
2023-05-27T00:00:00,Lower_Forest_Groundwater,82.12493781058843
2023-05-28T00:00:00,Lower_Forest_Groundwater,83.37670658491876
2023-05-29T00:00:00,Lower_Forest_Groundwater,84.53707855272913
2023-05-30T00:00:00,Lower_Forest_Groundwater,85.70917548421498
2023-05-31T00:00:00,Lower_Forest_Groundwater,86.80193740278052
2023-06-01T00:00:00,Lower_Forest_Groundwater,87.79438126960365
2023-06-02T00:00:00,Lower_Forest_Groundwater,88.67633501980151
2023-06-03T00:00:00,Lower_Forest_Groundwater,89.45146733000813
2023-06-04T00:00:00,Lower_Forest_Groundwater,90.14945017670836
2023-06-05T00:00:00,Lower_Forest_Groundwater,90.77963102249569
2023-06-06T00:00:00,Lower_Forest_Groundwater,91.34779192558285
2023-06-07T00:00:00,Lower_Forest_Groundwater,91.85963580930058
2023-06-08T00:00:00,Lower_Forest_Groundwater,92.32054484011618
2023-06-09T00:00:00,Lower_Forest_Groundwater,92.73306853558505
2023-06-10T00:00:00,Lower_Forest_Groundwater,93.08081504537444
2023-06-11T00:00:00,Lower_Forest_Groundwater,93.35994929611859
2023-06-12T00:00:00,Lower_Forest_Groundwater,93.58517931775518
2023-06-13T00:00:00,Lower_Forest_Groundwater,93.74737253521154
2023-06-14T00:00:00,Lower_Forest_Groundwater,93.85040952991397
2023-06-15T00:00:00,Lower_Forest_Groundwater,93.93407277464202
2023-06-16T00:00:00,Lower_Forest_Groundwater,93.98941226964519
2023-06-17T00:00:00,Lower_Forest_Groundwater,94.010792702522
2023-06-18T00:00:00,Lower_Forest_Groundwater,94.010792702522
2023-06-19T00:00:00,Lower_Forest_Groundwater,94.010792702522
2023-06-20T00:00:00,Lower_Forest_Groundwater,94.010792702522
2023-06-21T00:00:00,Lower_Forest_Groundwater,94.010792702522
2023-06-22T00:00:00,Lower_Forest_Groundwater,94.010792702522
2023-06-23T00:00:00,Lower_Forest_Groundwater,94.010792702522
2023-06-24T00:00:00,Lower_Forest_Groundwater,94.010792702522
2023-06-25T00:00:00,Lower_Forest_Groundwater,94.010792702522
2023-06-26T00:00:00,Lower_Forest_Groundwater,94.010792702522
2023-06-27T00:00:00,Lower_Forest_Groundwater,94.010792702522
2023-06-28T00:00:00,Lower_Forest_Groundwater,94.010792702522
2023-06-29T00:00:00,Lower_Forest_Groundwater,94.010792702522
2023-06-30T00:00:00,Lower_Forest_Groundwater,94.010792702522
2023-07-01T00:00:00,Lower_Forest_Groundwater,94.010792702522
2023-07-02T00:00:00,Lower_Forest_Groundwater,94.06517426164852
2023-07-03T00:00:00,Lower_Forest_Groundwater,94.15250272392134
2023-07-04T00:00:00,Lower_Forest_Groundwater,94.24787166949636
2023-07-05T00:00:00,Lower_Forest_Groundwater,94.34088078527861
2023-07-06T00:00:00,Lower_Forest_Groundwater,94.41608152186501
2023-07-07T00:00:00,Lower_Forest_Groundwater,94.62401312598395
2023-07-08T00:00:00,Lower_Forest_Groundwater,94.91472531528659
2023-07-09T00:00:00,Lower_Forest_Groundwater,95.23026995845676
2023-07-10T00:00:00,Lower_Forest_Groundwater,95.53395437370881
2023-07-11T00:00:00,Lower_Forest_Groundwater,95.8377452406351
2023-07-12T00:00:00,Lower_Forest_Groundwater,96.20194406746849
2023-07-13T00:00:00,Lower_Forest_Groundwater,96.54911013491841
2023-07-14T00:00:00,Lower_Forest_Groundwater,96.84282755727327
2023-07-15T00:00:00,Lower_Forest_Groundwater,97.4030831682176
2023-07-16T00:00:00,Lower_Forest_Groundwater,98.10722743347999
2023-07-17T00:00:00,Lower_Forest_Groundwater,98.82337517992238
2023-07-18T00:00:00,Lower_Forest_Groundwater,99.49339230557365
2023-07-19T00:00:00,Lower_Forest_Groundwater,100.13830462058635
2023-07-20T00:00:00,Lower_Forest_Groundwater,100.72576375506107
2023-07-21T00:00:00,Lower_Forest_Groundwater,101.26356362656995
2023-07-22T00:00:00,Lower_Forest_Groundwater,102.06756468616877
2023-07-23T00:00:00,Lower_Forest_Groundwater,102.92817382742811
2023-07-24T00:00:00,Lower_Forest_Groundwater,103.75157014837171
2023-07-25T00:00:00,Lower_Forest_Groundwater,104.49043968412606
2023-07-26T00:00:00,Lower_Forest_Groundwater,105.12862468975753
2023-07-27T00:00:00,Lower_Forest_Groundwater,105.69679330655212
2023-07-28T00:00:00,Lower_Forest_Groundwater,106.29602126753039
2023-07-29T00:00:00,Lower_Forest_Groundwater,106.8390453353424
2023-07-30T00:00:00,Lower_Forest_Groundwater,107.291221647839
2023-07-31T00:00:00,Lower_Forest_Groundwater,107.65480845481882
2023-08-01T00:00:00,Lower_Forest_Groundwater,107.93706584396712
2023-08-02T00:00:00,Lower_Forest_Groundwater,108.1404889256338
2023-08-03T00:00:00,Lower_Forest_Groundwater,108.25018381485043
2023-08-04T00:00:00,Lower_Forest_Groundwater,108.2973986730037
2023-08-05T00:00:00,Lower_Forest_Groundwater,108.2973986730037
2023-08-06T00:00:00,Lower_Forest_Groundwater,108.2973986730037
2023-08-07T00:00:00,Lower_Forest_Groundwater,108.2973986730037
2023-08-08T00:00:00,Lower_Forest_Groundwater,108.2973986730037
2023-08-09T00:00:00,Lower_Forest_Groundwater,108.2973986730037
2023-08-10T00:00:00,Lower_Forest_Groundwater,108.2973986730037
2023-08-11T00:00:00,Lower_Forest_Groundwater,108.50526103618112
2023-08-12T00:00:00,Lower_Forest_Groundwater,108.87716852498556
2023-08-13T00:00:00,Lower_Forest_Groundwater,109.36914369588193
2023-08-14T00:00:00,Lower_Forest_Groundwater,109.85879856517485
2023-08-15T00:00:00,Lower_Forest_Groundwater,110.28633615528157
2023-08-16T00:00:00,Lower_Forest_Groundwater,110.62130089024917
2023-08-17T00:00:00,Lower_Forest_Groundwater,110.92362975365579
2023-08-18T00:00:00,Lower_Forest_Groundwater,111.15714643168963
2023-08-19T00:00:00,Lower_Forest_Groundwater,111.31385059240402
2023-08-20T00:00:00,Lower_Forest_Groundwater,111.39156351228895
2023-08-21T00:00:00,Lower_Forest_Groundwater,111.39156351228895
2023-08-22T00:00:00,Lower_Forest_Groundwater,111.39156351228895
2023-08-23T00:00:00,Lower_Forest_Groundwater,111.39156351228895
2023-08-24T00:00:00,Lower_Forest_Groundwater,111.39156351228895
2023-08-25T00:00:00,Lower_Forest_Groundwater,111.39156351228895
2023-08-26T00:00:00,Lower_Forest_Groundwater,111.39156351228895
2023-08-27T00:00:00,Lower_Forest_Groundwater,111.39156351228895
2023-08-28T00:00:00,Lower_Forest_Groundwater,111.39156351228895
2023-08-29T00:00:00,Lower_Forest_Groundwater,111.39156351228895
2023-08-30T00:00:00,Lower_Forest_Groundwater,111.39156351228895
2023-08-31T00:00:00,Lower_Forest_Groundwater,111.39156351228895
2023-09-01T00:00:00,Lower_Forest_Groundwater,111.39156351228895
2023-09-02T00:00:00,Lower_Forest_Groundwater,111.39156351228895
2023-09-03T00:00:00,Lower_Forest_Groundwater,111.65063736284495
2023-09-04T00:00:00,Lower_Forest_Groundwater,112.23986043867173
2023-09-05T00:00:00,Lower_Forest_Groundwater,112.96894013707902
2023-09-06T00:00:00,Lower_Forest_Groundwater,113.72601805572718
2023-09-07T00:00:00,Lower_Forest_Groundwater,114.41883167755132
2023-09-08T00:00:00,Lower_Forest_Groundwater,115.00484248471346
2023-09-09T00:00:00,Lower_Forest_Groundwater,115.51857715991959
2023-09-10T00:00:00,Lower_Forest_Groundwater,115.9599510419852
2023-09-11T00:00:00,Lower_Forest_Groundwater,116.3998060230343
2023-09-12T00:00:00,Lower_Forest_Groundwater,116.86997562457351
2023-09-13T00:00:00,Lower_Forest_Groundwater,117.34177582525632
2023-09-14T00:00:00,Lower_Forest_Groundwater,117.7408237855196
2023-09-15T00:00:00,Lower_Forest_Groundwater,118.04605443958093
2023-09-16T00:00:00,Lower_Forest_Groundwater,118.24995777314831
2023-09-17T00:00:00,Lower_Forest_Groundwater,118.64715647081505
2023-09-18T00:00:00,Lower_Forest_Groundwater,119.52079702244316
2023-09-19T00:00:00,Lower_Forest_Groundwater,120.62552570577249
2023-09-20T00:00:00,Lower_Forest_Groundwater,121.7279020142009
2023-09-21T00:00:00,Lower_Forest_Groundwater,122.72813613850248
2023-09-22T00:00:00,Lower_Forest_Groundwater,123.5837081737319
2023-09-23T00:00:00,Lower_Forest_Groundwater,124.28937006711739
2023-09-24T00:00:00,Lower_Forest_Groundwater,124.86912735200383
2023-09-25T00:00:00,Lower_Forest_Groundwater,125.50665919882138
2023-09-26T00:00:00,Lower_Forest_Groundwater,126.38921523116704
2023-09-27T00:00:00,Lower_Forest_Groundwater,127.34202297038308
2023-09-28T00:00:00,Lower_Forest_Groundwater,128.23949159072998
2023-09-29T00:00:00,Lower_Forest_Groundwater,129.02121937656844
2023-09-30T00:00:00,Lower_Forest_Groundwater,129.75249114758617
2023-10-01T00:00:00,Lower_Forest_Groundwater,130.36431652338368
2023-10-02T00:00:00,Lower_Forest_Groundwater,130.8313197525422
2023-10-03T00:00:00,Lower_Forest_Groundwater,131.1671644542553
2023-10-04T00:00:00,Lower_Forest_Groundwater,131.36671558353225
2023-10-05T00:00:00,Lower_Forest_Groundwater,131.4402226487491
2023-10-06T00:00:00,Lower_Forest_Groundwater,131.4402226487491
2023-10-07T00:00:00,Lower_Forest_Groundwater,131.4402226487491
2023-10-08T00:00:00,Lower_Forest_Groundwater,131.4402226487491
2023-10-09T00:00:00,Lower_Forest_Groundwater,131.4402226487491
2023-10-10T00:00:00,Lower_Forest_Groundwater,131.4402226487491
2023-10-11T00:00:00,Lower_Forest_Groundwater,131.4402226487491
2023-10-12T00:00:00,Lower_Forest_Groundwater,131.4402226487491
2023-10-13T00:00:00,Lower_Forest_Groundwater,131.4402226487491
2023-10-14T00:00:00,Lower_Forest_Groundwater,131.4402226487491
2023-10-15T00:00:00,Lower_Forest_Groundwater,131.50187516011928
2023-10-16T00:00:00,Lower_Forest_Groundwater,131.79290348727082
2023-10-17T00:00:00,Lower_Forest_Groundwater,132.11998191516642
2023-10-18T00:00:00,Lower_Forest_Groundwater,132.43495739200205
2023-10-19T00:00:00,Lower_Forest_Groundwater,132.68761136701892
2023-10-20T00:00:00,Lower_Forest_Groundwater,132.8487847674665
2023-10-21T00:00:00,Lower_Forest_Groundwater,133.06169073933552
2023-10-22T00:00:00,Lower_Forest_Groundwater,133.24308066975073
2023-10-23T00:00:00,Lower_Forest_Groundwater,133.35132288499096
2023-10-24T00:00:00,Lower_Forest_Groundwater,133.36680451764045
2023-10-25T00:00:00,Lower_Forest_Groundwater,133.36680451764045
2023-10-26T00:00:00,Lower_Forest_Groundwater,133.36680451764045
2023-10-27T00:00:00,Lower_Forest_Groundwater,133.36680451764045
2023-10-28T00:00:00,Lower_Forest_Groundwater,133.36680451764045
2023-10-29T00:00:00,Lower_Forest_Groundwater,133.36680451764045
2023-10-30T00:00:00,Lower_Forest_Groundwater,133.36680451764045
2023-10-31T00:00:00,Lower_Forest_Groundwater,133.36680451764045
2023-11-01T00:00:00,Lower_Forest_Groundwater,133.36680451764045
2023-11-02T00:00:00,Lower_Forest_Groundwater,133.36680451764045
2023-11-03T00:00:00,Lower_Forest_Groundwater,133.36680451764045
2023-11-04T00:00:00,Lower_Forest_Groundwater,133.36680451764045
2023-11-05T00:00:00,Lower_Forest_Groundwater,133.36680451764045
2023-11-06T00:00:00,Lower_Forest_Groundwater,133.36680451764045
2023-11-07T00:00:00,Lower_Forest_Groundwater,133.36680451764045
2023-11-08T00:00:00,Lower_Forest_Groundwater,133.36680451764045
2023-11-09T00:00:00,Lower_Forest_Groundwater,133.79671274023065
2023-11-10T00:00:00,Lower_Forest_Groundwater,134.49147191101807
2023-11-11T00:00:00,Lower_Forest_Groundwater,135.22410644995486
2023-11-12T00:00:00,Lower_Forest_Groundwater,135.89239797761203
2023-11-13T00:00:00,Lower_Forest_Groundwater,136.4393525738105
2023-11-14T00:00:00,Lower_Forest_Groundwater,136.85234502104265
2023-11-15T00:00:00,Lower_Forest_Groundwater,137.13723047887834
2023-11-16T00:00:00,Lower_Forest_Groundwater,137.28792911859384
2023-11-17T00:00:00,Lower_Forest_Groundwater,137.32262715816947
2023-11-18T00:00:00,Lower_Forest_Groundwater,137.32262715816947
2023-11-19T00:00:00,Lower_Forest_Groundwater,137.32262715816947
2023-11-20T00:00:00,Lower_Forest_Groundwater,137.32262715816947
2023-11-21T00:00:00,Lower_Forest_Groundwater,137.32262715816947
2023-11-22T00:00:00,Lower_Forest_Groundwater,137.32262715816947
2023-11-23T00:00:00,Lower_Forest_Groundwater,137.36892104780637
2023-11-24T00:00:00,Lower_Forest_Groundwater,137.7486820497595
2023-11-25T00:00:00,Lower_Forest_Groundwater,138.2735531771573
2023-11-26T00:00:00,Lower_Forest_Groundwater,138.8370015046353
2023-11-27T00:00:00,Lower_Forest_Groundwater,139.6701793057755
2023-11-28T00:00:00,Lower_Forest_Groundwater,140.55646528000665
2023-11-29T00:00:00,Lower_Forest_Groundwater,141.4278434084172
2023-11-30T00:00:00,Lower_Forest_Groundwater,142.18211369978795
2023-12-01T00:00:00,Lower_Forest_Groundwater,142.94686959992225
2023-12-02T00:00:00,Lower_Forest_Groundwater,144.45899437899342
2023-12-03T00:00:00,Lower_Forest_Groundwater,146.38268713963262
2023-12-04T00:00:00,Lower_Forest_Groundwater,148.3488312539455
2023-12-05T00:00:00,Lower_Forest_Groundwater,150.17801287169587
2023-12-06T00:00:00,Lower_Forest_Groundwater,151.8123710851056
2023-12-07T00:00:00,Lower_Forest_Groundwater,153.23137605589156
2023-12-08T00:00:00,Lower_Forest_Groundwater,154.49722286895752
2023-12-09T00:00:00,Lower_Forest_Groundwater,155.5945681703962
2023-12-10T00:00:00,Lower_Forest_Groundwater,156.52523492653066
2023-12-11T00:00:00,Lower_Forest_Groundwater,157.30865899947148
2023-12-12T00:00:00,Lower_Forest_Groundwater,157.91831026132812
2023-12-13T00:00:00,Lower_Forest_Groundwater,158.38964914510407
2023-12-14T00:00:00,Lower_Forest_Groundwater,158.7491741145549
2023-12-15T00:00:00,Lower_Forest_Groundwater,159.0083521740869
2023-12-16T00:00:00,Lower_Forest_Groundwater,159.3338402211788
2023-12-17T00:00:00,Lower_Forest_Groundwater,159.62783576031808
2023-12-18T00:00:00,Lower_Forest_Groundwater,159.84790229392172
2023-12-19T00:00:00,Lower_Forest_Groundwater,160.01868264835412
2023-12-20T00:00:00,Lower_Forest_Groundwater,160.30960185443786
2023-12-21T00:00:00,Lower_Forest_Groundwater,160.6474810334605
2023-12-22T00:00:00,Lower_Forest_Groundwater,160.96389424135452
2023-12-23T00:00:00,Lower_Forest_Groundwater,161.63178287684596
2023-12-24T00:00:00,Lower_Forest_Groundwater,162.48468949798166
2023-12-25T00:00:00,Lower_Forest_Groundwater,163.34554968160052
2023-12-26T00:00:00,Lower_Forest_Groundwater,164.15182595915584
2023-12-27T00:00:00,Lower_Forest_Groundwater,164.9603694901048
2023-12-28T00:00:00,Lower_Forest_Groundwater,166.05269138353344
2023-12-29T00:00:00,Lower_Forest_Groundwater,167.22185224540652
2023-12-30T00:00:00,Lower_Forest_Groundwater,168.39979809998596
2023-12-31T00:00:00,Lower_Forest_Groundwater,169.55165548355424
2024-01-01T00:00:00,Lower_Forest_Groundwater,170.6763429359891
2024-01-02T00:00:00,Lower_Forest_Groundwater,171.75543854679222
2024-01-03T00:00:00,Lower_Forest_Groundwater,172.72165824832086
2024-01-04T00:00:00,Lower_Forest_Groundwater,173.67926443059957
2024-01-05T00:00:00,Lower_Forest_Groundwater,174.63870832010187
2024-01-06T00:00:00,Lower_Forest_Groundwater,175.53256058337968
2024-01-07T00:00:00,Lower_Forest_Groundwater,176.32891920169254
2024-01-08T00:00:00,Lower_Forest_Groundwater,177.00923094885556
2024-01-09T00:00:00,Lower_Forest_Groundwater,177.577602016643
2024-01-10T00:00:00,Lower_Forest_Groundwater,178.05236362532204
2024-01-11T00:00:00,Lower_Forest_Groundwater,178.45128369696837
2024-01-12T00:00:00,Lower_Forest_Groundwater,178.77889227336766
2024-01-13T00:00:00,Lower_Forest_Groundwater,179.0556110480858
2024-01-14T00:00:00,Lower_Forest_Groundwater,179.27593747331156
2024-01-15T00:00:00,Lower_Forest_Groundwater,179.52725582000443
2024-01-16T00:00:00,Lower_Forest_Groundwater,180.21056276402285
2024-01-17T00:00:00,Lower_Forest_Groundwater,181.03444322963685
2024-01-18T00:00:00,Lower_Forest_Groundwater,181.88746895668817
2024-01-19T00:00:00,Lower_Forest_Groundwater,182.82449579003372
2024-01-20T00:00:00,Lower_Forest_Groundwater,183.7974789795444
2024-01-21T00:00:00,Lower_Forest_Groundwater,185.00746326985384
2024-01-22T00:00:00,Lower_Forest_Groundwater,186.25991176600726
2024-01-23T00:00:00,Lower_Forest_Groundwater,187.4667299299828
2024-01-24T00:00:00,Lower_Forest_Groundwater,188.5796703362795
2024-01-25T00:00:00,Lower_Forest_Groundwater,189.5753651313059
2024-01-26T00:00:00,Lower_Forest_Groundwater,190.47698186150933
2024-01-27T00:00:00,Lower_Forest_Groundwater,191.28604182603226
2024-01-28T00:00:00,Lower_Forest_Groundwater,192.01753424777283
2024-01-29T00:00:00,Lower_Forest_Groundwater,192.6775466541743
2024-01-30T00:00:00,Lower_Forest_Groundwater,193.36633015835312
2024-01-31T00:00:00,Lower_Forest_Groundwater,194.0674351563228
2024-02-01T00:00:00,Lower_Forest_Groundwater,194.73540077659987
2024-02-02T00:00:00,Lower_Forest_Groundwater,195.37979864590142
2024-02-03T00:00:00,Lower_Forest_Groundwater,195.95445753379892
2024-02-04T00:00:00,Lower_Forest_Groundwater,196.4623481356697
2024-02-05T00:00:00,Lower_Forest_Groundwater,196.91237927873493
2024-02-06T00:00:00,Lower_Forest_Groundwater,197.3029857081844
2024-02-07T00:00:00,Lower_Forest_Groundwater,197.6470182950343
2024-02-08T00:00:00,Lower_Forest_Groundwater,197.94049262337188
2024-02-09T00:00:00,Lower_Forest_Groundwater,198.19805401896207
2024-02-10T00:00:00,Lower_Forest_Groundwater,198.4302053250364
2024-02-11T00:00:00,Lower_Forest_Groundwater,198.6335122255249
2024-02-12T00:00:00,Lower_Forest_Groundwater,198.82547212347532
2024-02-13T00:00:00,Lower_Forest_Groundwater,198.9960750753861
2024-02-14T00:00:00,Lower_Forest_Groundwater,199.1536780539835
2024-02-15T00:00:00,Lower_Forest_Groundwater,199.30584327066
2024-02-16T00:00:00,Lower_Forest_Groundwater,199.4346476336383
2024-02-17T00:00:00,Lower_Forest_Groundwater,199.52563379430347
2024-02-18T00:00:00,Lower_Forest_Groundwater,199.5766060558945
2024-02-19T00:00:00,Lower_Forest_Groundwater,199.59462504982258
2024-02-20T00:00:00,Lower_Forest_Groundwater,199.59462504982258
2024-02-21T00:00:00,Lower_Forest_Groundwater,199.59462504982258
2024-02-22T00:00:00,Lower_Forest_Groundwater,199.59462504982258
2024-02-23T00:00:00,Lower_Forest_Groundwater,199.59462504982258
2024-02-24T00:00:00,Lower_Forest_Groundwater,199.59462504982258
2024-02-25T00:00:00,Lower_Forest_Groundwater,199.59462504982258
2024-02-26T00:00:00,Lower_Forest_Groundwater,199.59462504982258
2024-02-27T00:00:00,Lower_Forest_Groundwater,199.59462504982258
2024-02-28T00:00:00,Lower_Forest_Groundwater,199.80803661853668
2024-02-29T00:00:00,Lower_Forest_Groundwater,200.3579135272138
2024-03-01T00:00:00,Lower_Forest_Groundwater,201.10102331844047
2024-03-02T00:00:00,Lower_Forest_Groundwater,201.93088979225308
2024-03-03T00:00:00,Lower_Forest_Groundwater,202.75830344953874
2024-03-04T00:00:00,Lower_Forest_Groundwater,203.543242656523
2024-03-05T00:00:00,Lower_Forest_Groundwater,204.2698214005224
2024-03-06T00:00:00,Lower_Forest_Groundwater,205.08732424897866
2024-03-07T00:00:00,Lower_Forest_Groundwater,206.09818330201767
2024-03-08T00:00:00,Lower_Forest_Groundwater,207.145509694467
2024-03-09T00:00:00,Lower_Forest_Groundwater,208.17962307002847
2024-03-10T00:00:00,Lower_Forest_Groundwater,209.15608491921236
2024-03-11T00:00:00,Lower_Forest_Groundwater,210.11179511406712
2024-03-12T00:00:00,Lower_Forest_Groundwater,211.01038155473105
2024-03-13T00:00:00,Lower_Forest_Groundwater,211.9804767339759
2024-03-14T00:00:00,Lower_Forest_Groundwater,212.93424608661994
2024-03-15T00:00:00,Lower_Forest_Groundwater,213.8329803496614
2024-03-16T00:00:00,Lower_Forest_Groundwater,214.69044085922962
2024-03-17T00:00:00,Lower_Forest_Groundwater,215.5859557792565
2024-03-18T00:00:00,Lower_Forest_Groundwater,216.4768049879884
2024-03-19T00:00:00,Lower_Forest_Groundwater,217.35766714120098
2024-03-20T00:00:00,Lower_Forest_Groundwater,218.24267576176922
2024-03-21T00:00:00,Lower_Forest_Groundwater,219.08529986161912
2024-03-22T00:00:00,Lower_Forest_Groundwater,219.86671972215325
2024-03-23T00:00:00,Lower_Forest_Groundwater,220.6071125569686
2024-03-24T00:00:00,Lower_Forest_Groundwater,221.3176094634697
2024-03-25T00:00:00,Lower_Forest_Groundwater,222.01608573190435
2024-03-26T00:00:00,Lower_Forest_Groundwater,222.75098652478738
2024-03-27T00:00:00,Lower_Forest_Groundwater,223.576405439028
2024-03-28T00:00:00,Lower_Forest_Groundwater,224.50405373716754
2024-03-29T00:00:00,Lower_Forest_Groundwater,225.43192764315458
2024-03-30T00:00:00,Lower_Forest_Groundwater,226.31381177737367
2024-03-31T00:00:00,Lower_Forest_Groundwater,227.22677813258622
2024-04-01T00:00:00,Lower_Forest_Groundwater,228.11715831948518
2024-04-02T00:00:00,Lower_Forest_Groundwater,229.0521153712981
2024-04-03T00:00:00,Lower_Forest_Groundwater,229.94163535973166
2024-04-04T00:00:00,Lower_Forest_Groundwater,230.77076867022282
2024-04-05T00:00:00,Lower_Forest_Groundwater,231.57125268511535
2024-04-06T00:00:00,Lower_Forest_Groundwater,232.30279311624386
2024-04-07T00:00:00,Lower_Forest_Groundwater,232.97519911312213
2024-04-08T00:00:00,Lower_Forest_Groundwater,233.5873743147439
2024-04-09T00:00:00,Lower_Forest_Groundwater,234.26692339841912
2024-04-10T00:00:00,Lower_Forest_Groundwater,234.93978927483465
2024-04-11T00:00:00,Lower_Forest_Groundwater,235.57751641416255
2024-04-12T00:00:00,Lower_Forest_Groundwater,236.2130307648346
2024-04-13T00:00:00,Lower_Forest_Groundwater,236.81577364307793
2024-04-14T00:00:00,Lower_Forest_Groundwater,237.37363221481618
2024-04-15T00:00:00,Lower_Forest_Groundwater,237.8833999200402
2024-04-16T00:00:00,Lower_Forest_Groundwater,238.37446710007166
2024-04-17T00:00:00,Lower_Forest_Groundwater,238.99745243476485
2024-04-18T00:00:00,Lower_Forest_Groundwater,239.6486516723212
2024-04-19T00:00:00,Lower_Forest_Groundwater,240.27998720428812
2024-04-20T00:00:00,Lower_Forest_Groundwater,240.87081729214148
2024-04-21T00:00:00,Lower_Forest_Groundwater,241.43662142575104
2024-04-22T00:00:00,Lower_Forest_Groundwater,241.96287367327042
2024-04-23T00:00:00,Lower_Forest_Groundwater,242.44501495967327
2024-04-24T00:00:00,Lower_Forest_Groundwater,242.88319924925352
2024-04-25T00:00:00,Lower_Forest_Groundwater,243.27969367578459
2024-04-26T00:00:00,Lower_Forest_Groundwater,243.63760294261698
2024-04-27T00:00:00,Lower_Forest_Groundwater,243.96025342424335
2024-04-28T00:00:00,Lower_Forest_Groundwater,244.25090492844566
2024-04-29T00:00:00,Lower_Forest_Groundwater,244.57516756759708
2024-04-30T00:00:00,Lower_Forest_Groundwater,244.884431685518
2024-05-01T00:00:00,Lower_Forest_Groundwater,245.16513286298914
2024-05-02T00:00:00,Lower_Forest_Groundwater,245.45620700838433
2024-05-03T00:00:00,Lower_Forest_Groundwater,245.73679048207558
2024-05-04T00:00:00,Lower_Forest_Groundwater,246.00406717981548
2024-05-05T00:00:00,Lower_Forest_Groundwater,246.2519919934903
2024-05-06T00:00:00,Lower_Forest_Groundwater,246.47881221865208
2024-05-07T00:00:00,Lower_Forest_Groundwater,246.7331232427249
2024-05-08T00:00:00,Lower_Forest_Groundwater,247.05211345010406
2024-05-09T00:00:00,Lower_Forest_Groundwater,247.5862850296021
2024-05-10T00:00:00,Lower_Forest_Groundwater,248.24743714757875
2024-05-11T00:00:00,Lower_Forest_Groundwater,248.99237327697193
2024-05-12T00:00:00,Lower_Forest_Groundwater,249.7377654050329
2024-05-13T00:00:00,Lower_Forest_Groundwater,250.5029506260913
2024-05-14T00:00:00,Lower_Forest_Groundwater,251.31838397794564
2024-05-15T00:00:00,Lower_Forest_Groundwater,252.17820057106545
2024-05-16T00:00:00,Lower_Forest_Groundwater,253.0718562930987
2024-05-17T00:00:00,Lower_Forest_Groundwater,253.93424243704138
2024-05-18T00:00:00,Lower_Forest_Groundwater,254.73732116364613
2024-05-19T00:00:00,Lower_Forest_Groundwater,255.4684168161186
2024-05-20T00:00:00,Lower_Forest_Groundwater,256.1501630276079
2024-05-21T00:00:00,Lower_Forest_Groundwater,256.7973292050803
2024-05-22T00:00:00,Lower_Forest_Groundwater,257.3965760583715
2024-05-23T00:00:00,Lower_Forest_Groundwater,257.9442968731166
2024-05-24T00:00:00,Lower_Forest_Groundwater,258.4414449297787
2024-05-25T00:00:00,Lower_Forest_Groundwater,258.8909778424703
2024-05-26T00:00:00,Lower_Forest_Groundwater,259.2966072947406
2024-05-27T00:00:00,Lower_Forest_Groundwater,259.6621987172079
2024-05-28T00:00:00,Lower_Forest_Groundwater,259.9914934551404
2024-05-29T00:00:00,Lower_Forest_Groundwater,260.28798994813565
2024-05-30T00:00:00,Lower_Forest_Groundwater,260.54341120625935
2024-05-31T00:00:00,Lower_Forest_Groundwater,260.76727514578465
2024-06-01T00:00:00,Lower_Forest_Groundwater,260.95969709496444
2024-06-02T00:00:00,Lower_Forest_Groundwater,261.13288505102975
2024-06-03T00:00:00,Lower_Forest_Groundwater,261.28875831239026
2024-06-04T00:00:00,Lower_Forest_Groundwater,261.4242078980656
2024-06-05T00:00:00,Lower_Forest_Groundwater,261.5291791503989
2024-06-06T00:00:00,Lower_Forest_Groundwater,261.60792899011153
2024-06-07T00:00:00,Lower_Forest_Groundwater,261.6788041021593
2024-06-08T00:00:00,Lower_Forest_Groundwater,261.74259183115544
2024-06-09T00:00:00,Lower_Forest_Groundwater,261.80000085132855
2024-06-10T00:00:00,Lower_Forest_Groundwater,261.8516690015226
2024-06-11T00:00:00,Lower_Forest_Groundwater,261.8981703527165
2024-06-12T00:00:00,Lower_Forest_Groundwater,261.9400215768005
2024-06-13T00:00:00,Lower_Forest_Groundwater,261.9776876824809
2024-06-14T00:00:00,Lower_Forest_Groundwater,262.01158717959567
2024-06-15T00:00:00,Lower_Forest_Groundwater,262.04209672800016
2024-06-16T00:00:00,Lower_Forest_Groundwater,262.0695553220648
2024-06-17T00:00:00,Lower_Forest_Groundwater,262.09426805697325
2024-06-18T00:00:00,Lower_Forest_Groundwater,262.116509518516
2024-06-19T00:00:00,Lower_Forest_Groundwater,262.1365268339671
2024-06-20T00:00:00,Lower_Forest_Groundwater,262.15454241790434
2024-06-21T00:00:00,Lower_Forest_Groundwater,262.1707564434635
2024-06-22T00:00:00,Lower_Forest_Groundwater,262.1853490664746
2024-06-23T00:00:00,Lower_Forest_Groundwater,262.1984824271885
2024-06-24T00:00:00,Lower_Forest_Groundwater,262.21030245183294
2024-06-25T00:00:00,Lower_Forest_Groundwater,262.2209404740139
2024-06-26T00:00:00,Lower_Forest_Groundwater,262.2305146939773
2024-06-27T00:00:00,Lower_Forest_Groundwater,262.23913149194453
2024-06-28T00:00:00,Lower_Forest_Groundwater,262.2468866101152
2024-06-29T00:00:00,Lower_Forest_Groundwater,262.25386621646885
2024-06-30T00:00:00,Lower_Forest_Groundwater,262.2601478621872
2024-07-01T00:00:00,Lower_Forest_Groundwater,262.2658013433337
2024-07-02T00:00:00,Lower_Forest_Groundwater,262.27088947636554
2024-07-03T00:00:00,Lower_Forest_Groundwater,262.27546879609423
2024-07-04T00:00:00,Lower_Forest_Groundwater,262.27546879609423
2024-07-05T00:00:00,Lower_Forest_Groundwater,262.27546879609423
2024-07-06T00:00:00,Lower_Forest_Groundwater,262.27546879609423
2024-07-07T00:00:00,Lower_Forest_Groundwater,262.27546879609423
2024-07-08T00:00:00,Lower_Forest_Groundwater,262.27546879609423
2024-07-09T00:00:00,Lower_Forest_Groundwater,262.27546879609423
2024-07-10T00:00:00,Lower_Forest_Groundwater,262.27546879609423
2024-07-11T00:00:00,Lower_Forest_Groundwater,262.27546879609423
2024-07-12T00:00:00,Lower_Forest_Groundwater,262.27546879609423
2024-07-13T00:00:00,Lower_Forest_Groundwater,262.5681462568386
2024-07-14T00:00:00,Lower_Forest_Groundwater,263.1070140215085
2024-07-15T00:00:00,Lower_Forest_Groundwater,263.7085560347114
2024-07-16T00:00:00,Lower_Forest_Groundwater,264.37591155909405
2024-07-17T00:00:00,Lower_Forest_Groundwater,265.1444009372884
2024-07-18T00:00:00,Lower_Forest_Groundwater,265.92240000578835
2024-07-19T00:00:00,Lower_Forest_Groundwater,266.87246415650077
2024-07-20T00:00:00,Lower_Forest_Groundwater,267.8757439116732
2024-07-21T00:00:00,Lower_Forest_Groundwater,268.8361747010941
2024-07-22T00:00:00,Lower_Forest_Groundwater,269.70541231645564
2024-07-23T00:00:00,Lower_Forest_Groundwater,270.53878397272246
2024-07-24T00:00:00,Lower_Forest_Groundwater,271.2807809645833
2024-07-25T00:00:00,Lower_Forest_Groundwater,271.9224843078684
2024-07-26T00:00:00,Lower_Forest_Groundwater,272.45582314213016
2024-07-27T00:00:00,Lower_Forest_Groundwater,272.89467980561835
2024-07-28T00:00:00,Lower_Forest_Groundwater,273.251235059084
2024-07-29T00:00:00,Lower_Forest_Groundwater,273.5341781153663
2024-07-30T00:00:00,Lower_Forest_Groundwater,273.73930613010185
2024-07-31T00:00:00,Lower_Forest_Groundwater,273.87224737540464
2024-08-01T00:00:00,Lower_Forest_Groundwater,273.9473087121976
2024-08-02T00:00:00,Lower_Forest_Groundwater,273.9659598233214
2024-08-03T00:00:00,Lower_Forest_Groundwater,273.9659598233214
2024-08-04T00:00:00,Lower_Forest_Groundwater,273.9659598233214
2024-08-05T00:00:00,Lower_Forest_Groundwater,273.9659598233214
2024-08-06T00:00:00,Lower_Forest_Groundwater,273.9659598233214
2024-08-07T00:00:00,Lower_Forest_Groundwater,273.9659598233214
2024-08-08T00:00:00,Lower_Forest_Groundwater,273.9659598233214
2024-08-09T00:00:00,Lower_Forest_Groundwater,273.9659598233214
2024-08-10T00:00:00,Lower_Forest_Groundwater,273.9659598233214
2024-08-11T00:00:00,Lower_Forest_Groundwater,273.9659598233214
2024-08-12T00:00:00,Lower_Forest_Groundwater,273.9659598233214
2024-08-13T00:00:00,Lower_Forest_Groundwater,273.9659598233214
2024-08-14T00:00:00,Lower_Forest_Groundwater,273.9659598233214
2024-08-15T00:00:00,Lower_Forest_Groundwater,273.9659598233214
2024-08-16T00:00:00,Lower_Forest_Groundwater,273.9659598233214
2024-08-17T00:00:00,Lower_Forest_Groundwater,273.9659598233214
2024-08-18T00:00:00,Lower_Forest_Groundwater,273.9659598233214
2024-08-19T00:00:00,Lower_Forest_Groundwater,273.9659598233214
2024-08-20T00:00:00,Lower_Forest_Groundwater,273.9659598233214
2024-08-21T00:00:00,Lower_Forest_Groundwater,273.9659598233214
2024-08-22T00:00:00,Lower_Forest_Groundwater,273.9659598233214
2024-08-23T00:00:00,Lower_Forest_Groundwater,273.9659598233214
2024-08-24T00:00:00,Lower_Forest_Groundwater,273.9659598233214
2024-08-25T00:00:00,Lower_Forest_Groundwater,273.9659598233214
2024-08-26T00:00:00,Lower_Forest_Groundwater,273.9659598233214
2024-08-27T00:00:00,Lower_Forest_Groundwater,273.9659598233214
2024-08-28T00:00:00,Lower_Forest_Groundwater,273.9659598233214
2024-08-29T00:00:00,Lower_Forest_Groundwater,273.9659598233214
2024-08-30T00:00:00,Lower_Forest_Groundwater,273.9659598233214
2024-08-31T00:00:00,Lower_Forest_Groundwater,273.9659598233214
2024-09-01T00:00:00,Lower_Forest_Groundwater,273.9659598233214
2024-09-02T00:00:00,Lower_Forest_Groundwater,273.9659598233214
2024-09-03T00:00:00,Lower_Forest_Groundwater,273.9659598233214
2024-09-04T00:00:00,Lower_Forest_Groundwater,273.9659598233214
2024-09-05T00:00:00,Lower_Forest_Groundwater,273.9659598233214
2024-09-06T00:00:00,Lower_Forest_Groundwater,273.9659598233214
2024-09-07T00:00:00,Lower_Forest_Groundwater,273.9659598233214
2024-09-08T00:00:00,Lower_Forest_Groundwater,273.9659598233214
2024-09-09T00:00:00,Lower_Forest_Groundwater,273.9659598233214
2024-09-10T00:00:00,Lower_Forest_Groundwater,273.9659598233214
2024-09-11T00:00:00,Lower_Forest_Groundwater,273.9659598233214
2024-09-12T00:00:00,Lower_Forest_Groundwater,273.9659598233214
2024-09-13T00:00:00,Lower_Forest_Groundwater,273.9659598233214
2024-09-14T00:00:00,Lower_Forest_Groundwater,273.9659598233214
2024-09-15T00:00:00,Lower_Forest_Groundwater,273.9659598233214
2024-09-16T00:00:00,Lower_Forest_Groundwater,273.9659598233214
2024-09-17T00:00:00,Lower_Forest_Groundwater,273.9659598233214
2024-09-18T00:00:00,Lower_Forest_Groundwater,273.9659598233214
2024-09-19T00:00:00,Lower_Forest_Groundwater,273.9659598233214
2024-09-20T00:00:00,Lower_Forest_Groundwater,273.9659598233214
2024-09-21T00:00:00,Lower_Forest_Groundwater,273.9659598233214
2024-09-22T00:00:00,Lower_Forest_Groundwater,273.9659598233214
2024-09-23T00:00:00,Lower_Forest_Groundwater,273.9659598233214
2024-09-24T00:00:00,Lower_Forest_Groundwater,273.9659598233214
2024-09-25T00:00:00,Lower_Forest_Groundwater,273.9659598233214
2024-09-26T00:00:00,Lower_Forest_Groundwater,273.9659598233214
2024-09-27T00:00:00,Lower_Forest_Groundwater,273.9659598233214
2024-09-28T00:00:00,Lower_Forest_Groundwater,273.9659598233214
2024-09-29T00:00:00,Lower_Forest_Groundwater,273.9659598233214
2024-09-30T00:00:00,Lower_Forest_Groundwater,273.9659598233214
2024-10-01T00:00:00,Lower_Forest_Groundwater,273.9659598233214
2024-10-02T00:00:00,Lower_Forest_Groundwater,273.9659598233214
2024-10-03T00:00:00,Lower_Forest_Groundwater,273.9659598233214
2024-10-04T00:00:00,Lower_Forest_Groundwater,273.9659598233214
2024-10-05T00:00:00,Lower_Forest_Groundwater,273.9659598233214
2024-10-06T00:00:00,Lower_Forest_Groundwater,273.9659598233214
2024-10-07T00:00:00,Lower_Forest_Groundwater,273.9659598233214
2024-10-08T00:00:00,Lower_Forest_Groundwater,273.9659598233214
2024-10-09T00:00:00,Lower_Forest_Groundwater,273.9659598233214
2024-10-10T00:00:00,Lower_Forest_Groundwater,273.9659598233214
2024-10-11T00:00:00,Lower_Forest_Groundwater,273.9659598233214
2024-10-12T00:00:00,Lower_Forest_Groundwater,273.9659598233214
2024-10-13T00:00:00,Lower_Forest_Groundwater,273.9659598233214
2024-10-14T00:00:00,Lower_Forest_Groundwater,273.9659598233214
2024-10-15T00:00:00,Lower_Forest_Groundwater,273.9659598233214
2024-10-16T00:00:00,Lower_Forest_Groundwater,273.9659598233214
2024-10-17T00:00:00,Lower_Forest_Groundwater,273.9659598233214
2024-10-18T00:00:00,Lower_Forest_Groundwater,273.9659598233214
2024-10-19T00:00:00,Lower_Forest_Groundwater,273.9659598233214
2024-10-20T00:00:00,Lower_Forest_Groundwater,273.9659598233214
2024-10-21T00:00:00,Lower_Forest_Groundwater,273.9659598233214
2024-10-22T00:00:00,Lower_Forest_Groundwater,273.9659598233214
2024-10-23T00:00:00,Lower_Forest_Groundwater,273.9659598233214
2024-10-24T00:00:00,Lower_Forest_Groundwater,273.9659598233214
2024-10-25T00:00:00,Lower_Forest_Groundwater,273.9659598233214
2024-10-26T00:00:00,Lower_Forest_Groundwater,273.9659598233214
2024-10-27T00:00:00,Lower_Forest_Groundwater,273.9659598233214
2024-10-28T00:00:00,Lower_Forest_Groundwater,273.9659598233214
2024-10-29T00:00:00,Lower_Forest_Groundwater,273.9659598233214
2024-10-30T00:00:00,Lower_Forest_Groundwater,273.9659598233214
2024-10-31T00:00:00,Lower_Forest_Groundwater,273.9659598233214
2024-11-01T00:00:00,Lower_Forest_Groundwater,273.9659598233214
2024-11-02T00:00:00,Lower_Forest_Groundwater,273.9659598233214
2024-11-03T00:00:00,Lower_Forest_Groundwater,273.9659598233214
2024-11-04T00:00:00,Lower_Forest_Groundwater,273.9659598233214
2024-11-05T00:00:00,Lower_Forest_Groundwater,273.9659598233214
2024-11-06T00:00:00,Lower_Forest_Groundwater,273.9659598233214
2024-11-07T00:00:00,Lower_Forest_Groundwater,273.9659598233214
2024-11-08T00:00:00,Lower_Forest_Groundwater,273.9659598233214
2024-11-09T00:00:00,Lower_Forest_Groundwater,273.9659598233214
2024-11-10T00:00:00,Lower_Forest_Groundwater,273.9659598233214
2024-11-11T00:00:00,Lower_Forest_Groundwater,273.9659598233214
2024-11-12T00:00:00,Lower_Forest_Groundwater,273.9659598233214
2024-11-13T00:00:00,Lower_Forest_Groundwater,273.9659598233214
2024-11-14T00:00:00,Lower_Forest_Groundwater,273.9659598233214
2024-11-15T00:00:00,Lower_Forest_Groundwater,273.9659598233214
2024-11-16T00:00:00,Lower_Forest_Groundwater,273.9659598233214
2024-11-17T00:00:00,Lower_Forest_Groundwater,273.9659598233214
2024-11-18T00:00:00,Lower_Forest_Groundwater,273.9659598233214
2024-11-19T00:00:00,Lower_Forest_Groundwater,273.9659598233214
2024-11-20T00:00:00,Lower_Forest_Groundwater,273.9659598233214
2024-11-21T00:00:00,Lower_Forest_Groundwater,273.9659598233214
2024-11-22T00:00:00,Lower_Forest_Groundwater,273.9659598233214
2024-11-23T00:00:00,Lower_Forest_Groundwater,273.9659598233214
2024-11-24T00:00:00,Lower_Forest_Groundwater,273.9659598233214
2024-11-25T00:00:00,Lower_Forest_Groundwater,273.9659598233214
2024-11-26T00:00:00,Lower_Forest_Groundwater,273.9659598233214
2024-11-27T00:00:00,Lower_Forest_Groundwater,273.9659598233214
2024-11-28T00:00:00,Lower_Forest_Groundwater,273.9659598233214
2024-11-29T00:00:00,Lower_Forest_Groundwater,273.9659598233214
2024-11-30T00:00:00,Lower_Forest_Groundwater,273.9659598233214
2024-12-01T00:00:00,Lower_Forest_Groundwater,273.9659598233214
2024-12-02T00:00:00,Lower_Forest_Groundwater,273.9659598233214
2024-12-03T00:00:00,Lower_Forest_Groundwater,273.9659598233214
2024-12-04T00:00:00,Lower_Forest_Groundwater,273.9659598233214
2024-12-05T00:00:00,Lower_Forest_Groundwater,273.9659598233214
2024-12-06T00:00:00,Lower_Forest_Groundwater,273.9659598233214
2024-12-07T00:00:00,Lower_Forest_Groundwater,273.9659598233214
2024-12-08T00:00:00,Lower_Forest_Groundwater,273.9659598233214
2024-12-09T00:00:00,Lower_Forest_Groundwater,273.9659598233214
2024-12-10T00:00:00,Lower_Forest_Groundwater,273.9659598233214
2024-12-11T00:00:00,Lower_Forest_Groundwater,273.9659598233214
2024-12-12T00:00:00,Lower_Forest_Groundwater,273.9659598233214
2024-12-13T00:00:00,Lower_Forest_Groundwater,273.9659598233214
2024-12-14T00:00:00,Lower_Forest_Groundwater,273.9659598233214
2024-12-15T00:00:00,Lower_Forest_Groundwater,273.9659598233214
2024-12-16T00:00:00,Lower_Forest_Groundwater,273.9659598233214
2024-12-17T00:00:00,Lower_Forest_Groundwater,273.9659598233214
2024-12-18T00:00:00,Lower_Forest_Groundwater,273.9659598233214
2024-12-19T00:00:00,Lower_Forest_Groundwater,273.9659598233214
2024-12-20T00:00:00,Lower_Forest_Groundwater,273.9659598233214
2024-12-21T00:00:00,Lower_Forest_Groundwater,273.9659598233214
2024-12-22T00:00:00,Lower_Forest_Groundwater,273.9659598233214
2024-12-23T00:00:00,Lower_Forest_Groundwater,273.9659598233214
2024-12-24T00:00:00,Lower_Forest_Groundwater,273.9659598233214
2024-12-25T00:00:00,Lower_Forest_Groundwater,273.9659598233214
2024-12-26T00:00:00,Lower_Forest_Groundwater,273.9659598233214
2024-12-27T00:00:00,Lower_Forest_Groundwater,273.9659598233214
2024-12-28T00:00:00,Lower_Forest_Groundwater,273.9659598233214
2024-12-29T00:00:00,Lower_Forest_Groundwater,273.9659598233214
2024-12-30T00:00:00,Lower_Forest_Groundwater,273.9659598233214
2024-12-31T00:00:00,Lower_Forest_Groundwater,273.9659598233214
2025-01-01T00:00:00,Lower_Forest_Groundwater,273.9659598233214
2025-01-02T00:00:00,Lower_Forest_Groundwater,273.9659598233214
2025-01-03T00:00:00,Lower_Forest_Groundwater,273.9659598233214
2025-01-04T00:00:00,Lower_Forest_Groundwater,273.9659598233214
2025-01-05T00:00:00,Lower_Forest_Groundwater,273.9659598233214
2025-01-06T00:00:00,Lower_Forest_Groundwater,273.9659598233214
2025-01-07T00:00:00,Lower_Forest_Groundwater,273.9659598233214
2025-01-08T00:00:00,Lower_Forest_Groundwater,273.9659598233214
2025-01-09T00:00:00,Lower_Forest_Groundwater,273.9659598233214
2025-01-10T00:00:00,Lower_Forest_Groundwater,273.9659598233214
2025-01-11T00:00:00,Lower_Forest_Groundwater,273.9659598233214
2025-01-12T00:00:00,Lower_Forest_Groundwater,273.9659598233214
2025-01-13T00:00:00,Lower_Forest_Groundwater,273.9659598233214
2025-01-14T00:00:00,Lower_Forest_Groundwater,273.9659598233214
2025-01-15T00:00:00,Lower_Forest_Groundwater,273.9659598233214
2025-01-16T00:00:00,Lower_Forest_Groundwater,273.9659598233214
2025-01-17T00:00:00,Lower_Forest_Groundwater,273.9659598233214
2025-01-18T00:00:00,Lower_Forest_Groundwater,273.9659598233214
2025-01-19T00:00:00,Lower_Forest_Groundwater,273.9659598233214
2025-01-20T00:00:00,Lower_Forest_Groundwater,273.9659598233214
2025-01-21T00:00:00,Lower_Forest_Groundwater,273.9659598233214
2025-01-22T00:00:00,Lower_Forest_Groundwater,273.9659598233214
2025-01-23T00:00:00,Lower_Forest_Groundwater,273.9659598233214
2025-01-24T00:00:00,Lower_Forest_Groundwater,273.9659598233214
2025-01-25T00:00:00,Lower_Forest_Groundwater,273.9659598233214
2025-01-26T00:00:00,Lower_Forest_Groundwater,273.9659598233214
2025-01-27T00:00:00,Lower_Forest_Groundwater,273.9659598233214
2025-01-28T00:00:00,Lower_Forest_Groundwater,273.9659598233214
2025-01-29T00:00:00,Lower_Forest_Groundwater,273.9659598233214
2025-01-30T00:00:00,Lower_Forest_Groundwater,273.9659598233214
2025-01-31T00:00:00,Lower_Forest_Groundwater,273.9659598233214
2025-02-01T00:00:00,Lower_Forest_Groundwater,273.9659598233214
2025-02-02T00:00:00,Lower_Forest_Groundwater,273.9659598233214
2025-02-03T00:00:00,Lower_Forest_Groundwater,273.9659598233214
2025-02-04T00:00:00,Lower_Forest_Groundwater,273.9659598233214
2025-02-05T00:00:00,Lower_Forest_Groundwater,273.9659598233214
2025-02-06T00:00:00,Lower_Forest_Groundwater,274.0390417454248
2025-02-07T00:00:00,Lower_Forest_Groundwater,274.2502090060476
2025-02-08T00:00:00,Lower_Forest_Groundwater,274.486042705973
2025-02-09T00:00:00,Lower_Forest_Groundwater,274.99652139358824
2025-02-10T00:00:00,Lower_Forest_Groundwater,275.6387587912832
2025-02-11T00:00:00,Lower_Forest_Groundwater,276.3142237386292
2025-02-12T00:00:00,Lower_Forest_Groundwater,277.01914001095093
2025-02-13T00:00:00,Lower_Forest_Groundwater,277.68966516589563
2025-02-14T00:00:00,Lower_Forest_Groundwater,278.32885011027344
2025-02-15T00:00:00,Lower_Forest_Groundwater,278.96413546267723
2025-02-16T00:00:00,Lower_Forest_Groundwater,279.52689213107254
2025-02-17T00:00:00,Lower_Forest_Groundwater,280.0285706582443
2025-02-18T00:00:00,Lower_Forest_Groundwater,280.49921507050686
2025-02-19T00:00:00,Lower_Forest_Groundwater,280.90937951044714
2025-02-20T00:00:00,Lower_Forest_Groundwater,281.33720429084536
2025-02-21T00:00:00,Lower_Forest_Groundwater,281.7659222104298
2025-02-22T00:00:00,Lower_Forest_Groundwater,282.17844454666874
2025-02-23T00:00:00,Lower_Forest_Groundwater,282.56123835359034
2025-02-24T00:00:00,Lower_Forest_Groundwater,282.913631431973
2025-02-25T00:00:00,Lower_Forest_Groundwater,283.23472452859403
2025-02-26T00:00:00,Lower_Forest_Groundwater,283.56263535359125
2025-02-27T00:00:00,Lower_Forest_Groundwater,283.83730181510793
2025-02-28T00:00:00,Lower_Forest_Groundwater,284.0597597899825
2025-03-01T00:00:00,Lower_Forest_Groundwater,284.2648378471244
2025-03-02T00:00:00,Lower_Forest_Groundwater,284.4518410384295
2025-03-03T00:00:00,Lower_Forest_Groundwater,284.5935395805428
2025-03-04T00:00:00,Lower_Forest_Groundwater,284.7107901034141
2025-03-05T00:00:00,Lower_Forest_Groundwater,284.947456516483
2025-03-06T00:00:00,Lower_Forest_Groundwater,285.2341915594873
2025-03-07T00:00:00,Lower_Forest_Groundwater,285.6326754088123
2025-03-08T00:00:00,Lower_Forest_Groundwater,286.12200832851545
2025-03-09T00:00:00,Lower_Forest_Groundwater,286.6304782839035
2025-03-10T00:00:00,Lower_Forest_Groundwater,287.12213640758046
2025-03-11T00:00:00,Lower_Forest_Groundwater,287.6129179258035
2025-03-12T00:00:00,Lower_Forest_Groundwater,288.07029869566117
2025-03-13T00:00:00,Lower_Forest_Groundwater,288.45893529026154
2025-03-14T00:00:00,Lower_Forest_Groundwater,288.76877957626607
2025-03-15T00:00:00,Lower_Forest_Groundwater,289.0433999091023
2025-03-16T00:00:00,Lower_Forest_Groundwater,289.3644101463709
2025-03-17T00:00:00,Lower_Forest_Groundwater,289.70524877877074
2025-03-18T00:00:00,Lower_Forest_Groundwater,290.0128690573596
2025-03-19T00:00:00,Lower_Forest_Groundwater,290.27776166280404
2025-03-20T00:00:00,Lower_Forest_Groundwater,290.5171373850613
2025-03-21T00:00:00,Lower_Forest_Groundwater,290.79040589877144
2025-03-22T00:00:00,Lower_Forest_Groundwater,291.0552835429499
2025-03-23T00:00:00,Lower_Forest_Groundwater,291.3350808386302
2025-03-24T00:00:00,Lower_Forest_Groundwater,291.5855269127023
2025-03-25T00:00:00,Lower_Forest_Groundwater,291.8804687333471
2025-03-26T00:00:00,Lower_Forest_Groundwater,292.1946615239173
2025-03-27T00:00:00,Lower_Forest_Groundwater,292.59822596142556
2025-03-28T00:00:00,Lower_Forest_Groundwater,293.0990705681804
2025-03-29T00:00:00,Lower_Forest_Groundwater,293.8192236957586
2025-03-30T00:00:00,Lower_Forest_Groundwater,294.57544680132827
2025-03-31T00:00:00,Lower_Forest_Groundwater,295.3019254417157
2025-04-01T00:00:00,Lower_Forest_Groundwater,295.97567114075173
2025-04-02T00:00:00,Lower_Forest_Groundwater,296.5768797312278
2025-04-03T00:00:00,Lower_Forest_Groundwater,297.1093381933281
2025-04-04T00:00:00,Lower_Forest_Groundwater,297.58871389955425
2025-04-05T00:00:00,Lower_Forest_Groundwater,298.03819960532576
2025-04-06T00:00:00,Lower_Forest_Groundwater,298.53596002560414
2025-04-07T00:00:00,Lower_Forest_Groundwater,299.05015377139665
2025-04-08T00:00:00,Lower_Forest_Groundwater,299.57234635138093
2025-04-09T00:00:00,Lower_Forest_Groundwater,300.1026094983428
2025-04-10T00:00:00,Lower_Forest_Groundwater,300.60249161315386
2025-04-11T00:00:00,Lower_Forest_Groundwater,301.37271142089907
2025-04-12T00:00:00,Lower_Forest_Groundwater,302.30387444961815
2025-04-13T00:00:00,Lower_Forest_Groundwater,303.286426849011
2025-04-14T00:00:00,Lower_Forest_Groundwater,304.23449281075057
2025-04-15T00:00:00,Lower_Forest_Groundwater,305.11125859340336
2025-04-16T00:00:00,Lower_Forest_Groundwater,305.9038277470794
2025-04-17T00:00:00,Lower_Forest_Groundwater,306.63597616808016
2025-04-18T00:00:00,Lower_Forest_Groundwater,307.295944292212
2025-04-19T00:00:00,Lower_Forest_Groundwater,307.8821541247577
2025-04-20T00:00:00,Lower_Forest_Groundwater,308.3976869670711
2025-04-21T00:00:00,Lower_Forest_Groundwater,308.8475654451155
2025-04-22T00:00:00,Lower_Forest_Groundwater,309.23743337224465
2025-04-23T00:00:00,Lower_Forest_Groundwater,309.5729306440522
2025-04-24T00:00:00,Lower_Forest_Groundwater,309.85941215270947
2025-04-25T00:00:00,Lower_Forest_Groundwater,310.10183556415944
2025-04-26T00:00:00,Lower_Forest_Groundwater,310.30473069454126
2025-04-27T00:00:00,Lower_Forest_Groundwater,310.47220713725534
2025-04-28T00:00:00,Lower_Forest_Groundwater,310.60797872127364
2025-04-29T00:00:00,Lower_Forest_Groundwater,310.7406603719697
2025-04-30T00:00:00,Lower_Forest_Groundwater,310.85779267796147
2025-05-01T00:00:00,Lower_Forest_Groundwater,310.9546404312646
2025-05-02T00:00:00,Lower_Forest_Groundwater,311.0301799000738
2025-05-03T00:00:00,Lower_Forest_Groundwater,311.22828183459046
2025-05-04T00:00:00,Lower_Forest_Groundwater,311.4626865548427
2025-05-05T00:00:00,Lower_Forest_Groundwater,311.71180981058274
2025-05-06T00:00:00,Lower_Forest_Groundwater,311.93897367126317
2025-05-07T00:00:00,Lower_Forest_Groundwater,312.1379312200562
2025-05-08T00:00:00,Lower_Forest_Groundwater,312.3043825398721
2025-05-09T00:00:00,Lower_Forest_Groundwater,312.4369468183592
2025-05-10T00:00:00,Lower_Forest_Groundwater,312.78143152605446
2025-05-11T00:00:00,Lower_Forest_Groundwater,313.20795544559246
2025-05-12T00:00:00,Lower_Forest_Groundwater,313.66401530601553
2025-05-13T00:00:00,Lower_Forest_Groundwater,314.14500052470436
2025-05-14T00:00:00,Lower_Forest_Groundwater,314.62983653621836
2025-05-15T00:00:00,Lower_Forest_Groundwater,315.07608601031126
2025-05-16T00:00:00,Lower_Forest_Groundwater,315.5326654826635
2025-05-17T00:00:00,Lower_Forest_Groundwater,315.95068071674575
2025-05-18T00:00:00,Lower_Forest_Groundwater,316.37117791445667
2025-05-19T00:00:00,Lower_Forest_Groundwater,316.7637332136873
2025-05-20T00:00:00,Lower_Forest_Groundwater,317.1023546629405
2025-05-21T00:00:00,Lower_Forest_Groundwater,317.3938424694251
2025-05-22T00:00:00,Lower_Forest_Groundwater,317.7458871471213
2025-05-23T00:00:00,Lower_Forest_Groundwater,318.16132422937477
2025-05-24T00:00:00,Lower_Forest_Groundwater,318.8744810428833
2025-05-25T00:00:00,Lower_Forest_Groundwater,319.6510041005566
2025-05-26T00:00:00,Lower_Forest_Groundwater,320.37493877342365
2025-05-27T00:00:00,Lower_Forest_Groundwater,320.9975619807103
2025-05-28T00:00:00,Lower_Forest_Groundwater,321.5279147338318
2025-05-29T00:00:00,Lower_Forest_Groundwater,321.9715885548119
2025-05-30T00:00:00,Lower_Forest_Groundwater,322.39396434848237
2025-05-31T00:00:00,Lower_Forest_Groundwater,322.76105822515524
2025-06-01T00:00:00,Lower_Forest_Groundwater,323.0645308280088
2025-06-02T00:00:00,Lower_Forest_Groundwater,323.41116264506843
2025-06-03T00:00:00,Lower_Forest_Groundwater,323.73418334157805
2025-06-04T00:00:00,Lower_Forest_Groundwater,323.9984784476261
2025-06-05T00:00:00,Lower_Forest_Groundwater,324.20083932066785
2025-06-06T00:00:00,Lower_Forest_Groundwater,324.3375236652334
2025-06-07T00:00:00,Lower_Forest_Groundwater,324.3886781157847
2025-06-08T00:00:00,Lower_Forest_Groundwater,324.36608627801763
2025-06-09T00:00:00,Lower_Forest_Groundwater,324.2597365403297
2025-06-10T00:00:00,Lower_Forest_Groundwater,324.14909836452165
2025-06-11T00:00:00,Lower_Forest_Groundwater,324.01842750493535
2025-06-12T00:00:00,Lower_Forest_Groundwater,323.84461616015625
2025-06-13T00:00:00,Lower_Forest_Groundwater,323.6303827853133
2025-06-14T00:00:00,Lower_Forest_Groundwater,323.8546200886424
2025-06-15T00:00:00,Lower_Forest_Groundwater,324.24916651371643
2025-06-16T00:00:00,Lower_Forest_Groundwater,324.77743396022197
2025-06-17T00:00:00,Lower_Forest_Groundwater,325.312755865535
2025-06-18T00:00:00,Lower_Forest_Groundwater,325.8088637063908
2025-06-19T00:00:00,Lower_Forest_Groundwater,326.5551238274263
2025-06-20T00:00:00,Lower_Forest_Groundwater,327.37093663251625
2025-06-21T00:00:00,Lower_Forest_Groundwater,328.1098676059013
2025-06-22T00:00:00,Lower_Forest_Groundwater,328.74564622081584
2025-06-23T00:00:00,Lower_Forest_Groundwater,329.2672255504582
2025-06-24T00:00:00,Lower_Forest_Groundwater,329.6895308594462
2025-06-25T00:00:00,Lower_Forest_Groundwater,330.05527731102575
2025-06-26T00:00:00,Lower_Forest_Groundwater,330.34369197412366
2025-06-27T00:00:00,Lower_Forest_Groundwater,330.54075493143193
2025-06-28T00:00:00,Lower_Forest_Groundwater,330.6497307512992
2025-06-29T00:00:00,Lower_Forest_Groundwater,330.6724776178791
2025-06-30T00:00:00,Lower_Forest_Groundwater,330.6170463835856
2025-07-01T00:00:00,Lower_Forest_Groundwater,330.51175296865574
2025-07-02T00:00:00,Lower_Forest_Groundwater,330.37503701619
2025-07-03T00:00:00,Lower_Forest_Groundwater,330.1996256477978
2025-07-04T00:00:00,Lower_Forest_Groundwater,329.9953235473955
2025-07-05T00:00:00,Lower_Forest_Groundwater,329.76017772388667
2025-07-06T00:00:00,Lower_Forest_Groundwater,329.48534778241736
2025-07-07T00:00:00,Lower_Forest_Groundwater,329.272942855373
2025-07-08T00:00:00,Lower_Forest_Groundwater,329.3071161522879
2025-07-09T00:00:00,Lower_Forest_Groundwater,329.736982686928
2025-07-10T00:00:00,Lower_Forest_Groundwater,330.29484325732943
2025-07-11T00:00:00,Lower_Forest_Groundwater,330.84493348325134
2025-07-12T00:00:00,Lower_Forest_Groundwater,331.31059224371006
2025-07-13T00:00:00,Lower_Forest_Groundwater,331.7199104694004
2025-07-14T00:00:00,Lower_Forest_Groundwater,332.02998817571466
2025-07-15T00:00:00,Lower_Forest_Groundwater,332.2411853026411
2025-07-16T00:00:00,Lower_Forest_Groundwater,332.35730011289843
2025-07-17T00:00:00,Lower_Forest_Groundwater,332.3861921280383
2025-07-18T00:00:00,Lower_Forest_Groundwater,332.34621947735377
2025-07-19T00:00:00,Lower_Forest_Groundwater,332.23916272522115
2025-07-20T00:00:00,Lower_Forest_Groundwater,332.0648755811117
2025-07-21T00:00:00,Lower_Forest_Groundwater,331.81135681618554
2025-07-22T00:00:00,Lower_Forest_Groundwater,331.4796803322759
2025-07-23T00:00:00,Lower_Forest_Groundwater,331.08618432812244
2025-07-24T00:00:00,Lower_Forest_Groundwater,330.6976070240209
2025-07-25T00:00:00,Lower_Forest_Groundwater,330.3138869362206
2025-07-26T00:00:00,Lower_Forest_Groundwater,329.9349633495179
2025-07-27T00:00:00,Lower_Forest_Groundwater,329.5607763076489
2025-07-28T00:00:00,Lower_Forest_Groundwater,329.1912666038033
2025-07-29T00:00:00,Lower_Forest_Groundwater,328.82637577125575
2025-07-30T00:00:00,Lower_Forest_Groundwater,328.46604607411507
2025-07-31T00:00:00,Lower_Forest_Groundwater,328.11022049818865
2025-08-01T00:00:00,Lower_Forest_Groundwater,327.7588427419613
2025-08-02T00:00:00,Lower_Forest_Groundwater,327.41387854556257
2025-08-03T00:00:00,Lower_Forest_Groundwater,327.078389438533
2025-08-04T00:00:00,Lower_Forest_Groundwater,326.73990957055133
2025-08-05T00:00:00,Lower_Forest_Groundwater,326.40566070091944
2025-08-06T00:00:00,Lower_Forest_Groundwater,326.07558994215793
2025-08-07T00:00:00,Lower_Forest_Groundwater,325.88677773404976
2025-08-08T00:00:00,Lower_Forest_Groundwater,325.92774463913554
2025-08-09T00:00:00,Lower_Forest_Groundwater,326.09956080258627
2025-08-10T00:00:00,Lower_Forest_Groundwater,326.3395657027147
2025-08-11T00:00:00,Lower_Forest_Groundwater,326.6318786803829
2025-08-12T00:00:00,Lower_Forest_Groundwater,326.88777135083876
2025-08-13T00:00:00,Lower_Forest_Groundwater,327.06313410746975
2025-08-14T00:00:00,Lower_Forest_Groundwater,327.1562238497671
2025-08-15T00:00:00,Lower_Forest_Groundwater,327.1651618834096
2025-08-16T00:00:00,Lower_Forest_Groundwater,327.05830553094916
2025-08-17T00:00:00,Lower_Forest_Groundwater,326.8401185970332
2025-08-18T00:00:00,Lower_Forest_Groundwater,326.52196959689263
2025-08-19T00:00:00,Lower_Forest_Groundwater,326.69113093633337
2025-08-20T00:00:00,Lower_Forest_Groundwater,326.9965933057467
2025-08-21T00:00:00,Lower_Forest_Groundwater,327.2721301362586
2025-08-22T00:00:00,Lower_Forest_Groundwater,327.4355311373697
2025-08-23T00:00:00,Lower_Forest_Groundwater,327.45736548601747
2025-08-24T00:00:00,Lower_Forest_Groundwater,327.3339974379366
2025-08-25T00:00:00,Lower_Forest_Groundwater,327.0825077991153
2025-08-26T00:00:00,Lower_Forest_Groundwater,326.7439764516264
2025-08-27T00:00:00,Lower_Forest_Groundwater,326.4096767459811
2025-08-28T00:00:00,Lower_Forest_Groundwater,326.07955578665633
2025-08-29T00:00:00,Lower_Forest_Groundwater,325.75356133932314
2025-08-30T00:00:00,Lower_Forest_Groundwater,325.4316418225816
2025-08-31T00:00:00,Lower_Forest_Groundwater,325.1137462997993
2025-09-01T00:00:00,Lower_Forest_Groundwater,324.7998244710518
2025-09-02T00:00:00,Lower_Forest_Groundwater,324.48982666516366
2025-09-03T00:00:00,Lower_Forest_Groundwater,324.18370383184913
2025-09-04T00:00:00,Lower_Forest_Groundwater,323.881407533951
2025-09-05T00:00:00,Lower_Forest_Groundwater,323.58288993977663
2025-09-06T00:00:00,Lower_Forest_Groundwater,323.28810381552944
2025-09-07T00:00:00,Lower_Forest_Groundwater,322.9970025178353
2025-09-08T00:00:00,Lower_Forest_Groundwater,322.70953998636236
2025-09-09T00:00:00,Lower_Forest_Groundwater,322.4256707365328
2025-09-10T00:00:00,Lower_Forest_Groundwater,322.14534985232615
2025-09-11T00:00:00,Lower_Forest_Groundwater,321.8685329791721
2025-09-12T00:00:00,Lower_Forest_Groundwater,321.5951763169324
2025-09-13T00:00:00,Lower_Forest_Groundwater,321.32523661297074
2025-09-14T00:00:00,Lower_Forest_Groundwater,321.0586711553086
2025-09-15T00:00:00,Lower_Forest_Groundwater,320.79543776586723
2025-09-16T00:00:00,Lower_Forest_Groundwater,320.5354947937939
2025-09-17T00:00:00,Lower_Forest_Groundwater,320.27880110887145
2025-09-18T00:00:00,Lower_Forest_Groundwater,320.02531609501057
2025-09-19T00:00:00,Lower_Forest_Groundwater,319.7749996438229
2025-09-20T00:00:00,Lower_Forest_Groundwater,319.52781214827513
2025-09-21T00:00:00,Lower_Forest_Groundwater,319.2837144964217
2025-09-22T00:00:00,Lower_Forest_Groundwater,319.0426680652164
2025-09-23T00:00:00,Lower_Forest_Groundwater,318.8046347144012
2025-09-24T00:00:00,Lower_Forest_Groundwater,318.56957678047115
2025-09-25T00:00:00,Lower_Forest_Groundwater,318.3374570707153
2025-09-26T00:00:00,Lower_Forest_Groundwater,318.10823885733134
2025-09-27T00:00:00,Lower_Forest_Groundwater,317.8818858716147
2025-09-28T00:00:00,Lower_Forest_Groundwater,317.6583622982195
2025-09-29T00:00:00,Lower_Forest_Groundwater,317.43763276949176
2025-09-30T00:00:00,Lower_Forest_Groundwater,317.2196623598731
2025-10-01T00:00:00,Lower_Forest_Groundwater,317.0044165803747
2025-10-02T00:00:00,Lower_Forest_Groundwater,316.79186137312
2025-10-03T00:00:00,Lower_Forest_Groundwater,316.581963105956
2025-10-04T00:00:00,Lower_Forest_Groundwater,316.37468856713156
2025-10-05T00:00:00,Lower_Forest_Groundwater,316.17000496004243
2025-10-06T00:00:00,Lower_Forest_Groundwater,315.96787989804193
2025-10-07T00:00:00,Lower_Forest_Groundwater,315.7682813993164
2025-10-08T00:00:00,Lower_Forest_Groundwater,315.57117788182495
2025-10-09T00:00:00,Lower_Forest_Groundwater,315.37653815830214
2025-10-10T00:00:00,Lower_Forest_Groundwater,315.18433143132336
2025-10-11T00:00:00,Lower_Forest_Groundwater,314.9945272884318
2025-10-12T00:00:00,Lower_Forest_Groundwater,314.8070956973264
2025-10-13T00:00:00,Lower_Forest_Groundwater,314.62200700110986
2025-10-14T00:00:00,Lower_Forest_Groundwater,314.439231913596
2025-10-15T00:00:00,Lower_Forest_Groundwater,314.25874151467605
2025-10-16T00:00:00,Lower_Forest_Groundwater,314.0805072457426
2025-10-17T00:00:00,Lower_Forest_Groundwater,313.9045009051708
2025-10-18T00:00:00,Lower_Forest_Groundwater,313.73069464385617
2025-10-19T00:00:00,Lower_Forest_Groundwater,313.559060960808
2025-10-20T00:00:00,Lower_Forest_Groundwater,313.3895726987979
2025-10-21T00:00:00,Lower_Forest_Groundwater,313.22220304006294
2025-10-22T00:00:00,Lower_Forest_Groundwater,313.05692550206214
2025-10-23T00:00:00,Lower_Forest_Groundwater,312.8937139332864
2025-10-24T00:00:00,Lower_Forest_Groundwater,312.7325425091203
2025-10-25T00:00:00,Lower_Forest_Groundwater,312.5733857277563
2025-10-26T00:00:00,Lower_Forest_Groundwater,312.4162184061594
2025-10-27T00:00:00,Lower_Forest_Groundwater,312.26101567608237
2025-10-28T00:00:00,Lower_Forest_Groundwater,312.10775298013135
2025-10-29T00:00:00,Lower_Forest_Groundwater,311.9564060678797
2025-10-30T00:00:00,Lower_Forest_Groundwater,311.8069509920312
2025-10-31T00:00:00,Lower_Forest_Groundwater,311.6593641046308
2025-11-01T00:00:00,Lower_Forest_Groundwater,311.51362205332293
2025-11-02T00:00:00,Lower_Forest_Groundwater,311.3697017776564
2025-11-03T00:00:00,Lower_Forest_Groundwater,311.2275805054357
2025-11-04T00:00:00,Lower_Forest_Groundwater,311.0872357491177
2025-11-05T00:00:00,Lower_Forest_Groundwater,310.94864530225374
2025-11-06T00:00:00,Lower_Forest_Groundwater,310.81178723597554
2025-11-07T00:00:00,Lower_Forest_Groundwater,310.67663989552585
2025-11-08T00:00:00,Lower_Forest_Groundwater,310.54318189683175
2025-11-09T00:00:00,Lower_Forest_Groundwater,310.41139212312135
2025-11-10T00:00:00,Lower_Forest_Groundwater,310.28124972158236
2025-11-11T00:00:00,Lower_Forest_Groundwater,310.15273410006256
2025-11-12T00:00:00,Lower_Forest_Groundwater,310.0258249238118
2025-11-13T00:00:00,Lower_Forest_Groundwater,309.9005021122641
2025-11-14T00:00:00,Lower_Forest_Groundwater,309.7767458358608
2025-11-15T00:00:00,Lower_Forest_Groundwater,309.65453651291256
2025-11-16T00:00:00,Lower_Forest_Groundwater,309.53385480650115
2025-11-17T00:00:00,Lower_Forest_Groundwater,309.4146816214199
2025-11-18T00:00:00,Lower_Forest_Groundwater,309.29699810115216
2025-11-19T00:00:00,Lower_Forest_Groundwater,309.2454523231893
2025-11-20T00:00:00,Lower_Forest_Groundwater,309.33275633374006
2025-11-21T00:00:00,Lower_Forest_Groundwater,309.4253290357595
2025-11-22T00:00:00,Lower_Forest_Groundwater,309.4601712874144
2025-11-23T00:00:00,Lower_Forest_Groundwater,309.57312741772836
2025-11-24T00:00:00,Lower_Forest_Groundwater,309.7039231246552
2025-11-25T00:00:00,Lower_Forest_Groundwater,309.86679887765933
2025-11-26T00:00:00,Lower_Forest_Groundwater,310.08600671979656
2025-11-27T00:00:00,Lower_Forest_Groundwater,310.2548751387222
2025-11-28T00:00:00,Lower_Forest_Groundwater,310.3463466109319
2025-11-29T00:00:00,Lower_Forest_Groundwater,310.3482145580011
2025-11-30T00:00:00,Lower_Forest_Groundwater,310.2729343724646
2025-12-01T00:00:00,Lower_Forest_Groundwater,310.1445226928088
2025-12-02T00:00:00,Lower_Forest_Groundwater,310.0177161591487
2025-12-03T00:00:00,Lower_Forest_Groundwater,309.8924947071593
2025-12-04T00:00:00,Lower_Forest_Groundwater,309.7688385233198
2025-12-05T00:00:00,Lower_Forest_Groundwater,309.6467280417783
2025-12-06T00:00:00,Lower_Forest_Groundwater,309.52614394125607
2025-12-07T00:00:00,Lower_Forest_Groundwater,309.40706714199035
2025-12-08T00:00:00,Lower_Forest_Groundwater,309.28947880271545
2025-12-09T00:00:00,Lower_Forest_Groundwater,309.1733603176815
2025-12-10T00:00:00,Lower_Forest_Groundwater,309.0586933137105
2025-12-11T00:00:00,Lower_Forest_Groundwater,308.9454596472891
2025-12-12T00:00:00,Lower_Forest_Groundwater,308.833641401698
2025-12-13T00:00:00,Lower_Forest_Groundwater,308.7232208841768
2025-12-14T00:00:00,Lower_Forest_Groundwater,308.6141806231246
2025-12-15T00:00:00,Lower_Forest_Groundwater,308.5065033653355
2025-12-16T00:00:00,Lower_Forest_Groundwater,308.40017207326883
2025-12-17T00:00:00,Lower_Forest_Groundwater,308.29516992235295
2025-12-18T00:00:00,Lower_Forest_Groundwater,308.19148029832354
2025-12-19T00:00:00,Lower_Forest_Groundwater,308.0890867945945
2025-12-20T00:00:00,Lower_Forest_Groundwater,307.9879732096621
2025-12-21T00:00:00,Lower_Forest_Groundwater,307.8881235445413
2025-12-22T00:00:00,Lower_Forest_Groundwater,307.78952200023457
2025-12-23T00:00:00,Lower_Forest_Groundwater,307.69215297523164
2025-12-24T00:00:00,Lower_Forest_Groundwater,307.59600106304123
2025-12-25T00:00:00,Lower_Forest_Groundwater,307.5010510497532
2025-12-26T00:00:00,Lower_Forest_Groundwater,307.4072879116313
2025-12-27T00:00:00,Lower_Forest_Groundwater,307.32672051990147
2025-12-28T00:00:00,Lower_Forest_Groundwater,307.2351365134027
2025-12-29T00:00:00,Lower_Forest_Groundwater,307.14469730698517
2025-12-30T00:00:00,Lower_Forest_Groundwater,307.05538859064785
2025-12-31T00:00:00,Lower_Forest_Groundwater,306.96719623326476
2026-01-01T00:00:00,Lower_Forest_Groundwater,306.88010628034897
2026-01-02T00:00:00,Lower_Forest_Groundwater,306.7941049518446
2026-01-03T00:00:00,Lower_Forest_Groundwater,306.7091786399465
2026-01-04T00:00:00,Lower_Forest_Groundwater,306.62531390694716
2026-01-05T00:00:00,Lower_Forest_Groundwater,306.5424974831103
2026-01-06T00:00:00,Lower_Forest_Groundwater,306.46071626457143
2026-01-07T00:00:00,Lower_Forest_Groundwater,306.4961298436618
2026-01-08T00:00:00,Lower_Forest_Groundwater,306.9432022184777
2026-01-09T00:00:00,Lower_Forest_Groundwater,307.5767529856743
2026-01-10T00:00:00,Lower_Forest_Groundwater,308.2109905872142
2026-01-11T00:00:00,Lower_Forest_Groundwater,308.78203054656177
2026-01-12T00:00:00,Lower_Forest_Groundwater,309.5414142540427
2026-01-13T00:00:00,Lower_Forest_Groundwater,310.30923731714586
2026-01-14T00:00:00,Lower_Forest_Groundwater,311.0043014982809
2026-01-15T00:00:00,Lower_Forest_Groundwater,311.604932922616
2026-01-16T00:00:00,Lower_Forest_Groundwater,312.10942290995274
2026-01-17T00:00:00,Lower_Forest_Groundwater,312.52091033511687
2026-01-18T00:00:00,Lower_Forest_Groundwater,313.2033134854031
2026-01-19T00:00:00,Lower_Forest_Groundwater,313.9503347679085
2026-01-20T00:00:00,Lower_Forest_Groundwater,314.71427840686044
2026-01-21T00:00:00,Lower_Forest_Groundwater,315.421031624263
2026-01-22T00:00:00,Lower_Forest_Groundwater,316.0458109548454
2026-01-23T00:00:00,Lower_Forest_Groundwater,316.5990271018427
2026-01-24T00:00:00,Lower_Forest_Groundwater,317.091556922052
2026-01-25T00:00:00,Lower_Forest_Groundwater,317.5570831259569
2026-01-26T00:00:00,Lower_Forest_Groundwater,317.9358244519432
2026-01-27T00:00:00,Lower_Forest_Groundwater,318.1969019379351
2026-01-28T00:00:00,Lower_Forest_Groundwater,318.3321533027313
2026-01-29T00:00:00,Lower_Forest_Groundwater,318.38675141983714
2026-01-30T00:00:00,Lower_Forest_Groundwater,318.398411886276
2026-01-31T00:00:00,Lower_Forest_Groundwater,318.3833163255336
2026-02-01T00:00:00,Lower_Forest_Groundwater,318.5706401206133
2026-02-02T00:00:00,Lower_Forest_Groundwater,318.77321328338786
2026-02-03T00:00:00,Lower_Forest_Groundwater,318.9652921920986
2026-02-04T00:00:00,Lower_Forest_Groundwater,319.09839625042474
2026-02-05T00:00:00,Lower_Forest_Groundwater,319.19094629867385
2026-02-06T00:00:00,Lower_Forest_Groundwater,319.4093679245443
2026-02-07T00:00:00,Lower_Forest_Groundwater,319.6512439213122
2026-02-08T00:00:00,Lower_Forest_Groundwater,319.8591404618786
2026-02-09T00:00:00,Lower_Forest_Groundwater,320.0318361680874
2026-02-10T00:00:00,Lower_Forest_Groundwater,320.2725613665118
2026-02-11T00:00:00,Lower_Forest_Groundwater,320.491624707274
2026-02-12T00:00:00,Lower_Forest_Groundwater,320.6615987216777
2026-02-13T00:00:00,Lower_Forest_Groundwater,320.76548486916954
2026-02-14T00:00:00,Lower_Forest_Groundwater,320.8002777969628
2026-02-15T00:00:00,Lower_Forest_Groundwater,320.769103989441
2026-02-16T00:00:00,Lower_Forest_Groundwater,320.67917323059334
2026-02-17T00:00:00,Lower_Forest_Groundwater,320.54421753341626
2026-02-18T00:00:00,Lower_Forest_Groundwater,320.36817814127687
2026-02-19T00:00:00,Lower_Forest_Groundwater,320.16388740665815
2026-02-20T00:00:00,Lower_Forest_Groundwater,319.9574609374808
2026-02-21T00:00:00,Lower_Forest_Groundwater,319.7633208295643
2026-02-22T00:00:00,Lower_Forest_Groundwater,319.5687294789849
2026-02-23T00:00:00,Lower_Forest_Groundwater,319.35145089499287
2026-02-24T00:00:00,Lower_Forest_Groundwater,319.22426963300586
2026-02-25T00:00:00,Lower_Forest_Groundwater,319.13226414595096
2026-02-26T00:00:00,Lower_Forest_Groundwater,319.0592606174371
2026-02-27T00:00:00,Lower_Forest_Groundwater,318.9767424148429
2026-02-28T00:00:00,Lower_Forest_Groundwater,318.8747145738409
2026-03-01T00:00:00,Lower_Forest_Groundwater,318.75736226671916
2026-03-02T00:00:00,Lower_Forest_Groundwater,318.62628614582434
2026-03-03T00:00:00,Lower_Forest_Groundwater,318.4833500081433
2026-03-04T00:00:00,Lower_Forest_Groundwater,318.3223744194924
2026-03-05T00:00:00,Lower_Forest_Groundwater,318.1512845626662
2026-03-06T00:00:00,Lower_Forest_Groundwater,317.9605415295144
2026-03-07T00:00:00,Lower_Forest_Groundwater,317.80960807641674
2026-03-08T00:00:00,Lower_Forest_Groundwater,317.69421213870714
2026-03-09T00:00:00,Lower_Forest_Groundwater,317.6492946189326
2026-03-10T00:00:00,Lower_Forest_Groundwater,317.61554556747836
2026-03-11T00:00:00,Lower_Forest_Groundwater,317.5749605922986
2026-03-12T00:00:00,Lower_Forest_Groundwater,317.5610449001845
2026-03-13T00:00:00,Lower_Forest_Groundwater,317.5368426753516
2026-03-14T00:00:00,Lower_Forest_Groundwater,317.65227662945387
2026-03-15T00:00:00,Lower_Forest_Groundwater,317.80984661775886
2026-03-16T00:00:00,Lower_Forest_Groundwater,317.96256290028447
2026-03-17T00:00:00,Lower_Forest_Groundwater,318.1366722030371
2026-03-18T00:00:00,Lower_Forest_Groundwater,318.30035344074633
2026-03-19T00:00:00,Lower_Forest_Groundwater,318.5342645465303
2026-03-20T00:00:00,Lower_Forest_Groundwater,318.92689684146063
2026-03-21T00:00:00,Lower_Forest_Groundwater,319.33315224770206
2026-03-22T00:00:00,Lower_Forest_Groundwater,319.7179918372765
2026-03-23T00:00:00,Lower_Forest_Groundwater,320.11005476557017
2026-03-24T00:00:00,Lower_Forest_Groundwater,320.4665245610622
2026-03-25T00:00:00,Lower_Forest_Groundwater,320.7764249943184
2026-03-26T00:00:00,Lower_Forest_Groundwater,321.03521400223894
2026-03-27T00:00:00,Lower_Forest_Groundwater,321.24358648007905
2026-03-28T00:00:00,Lower_Forest_Groundwater,321.4045569189361
2026-03-29T00:00:00,Lower_Forest_Groundwater,321.52203064146005
2026-03-30T00:00:00,Lower_Forest_Groundwater,321.6001163446205
2026-03-31T00:00:00,Lower_Forest_Groundwater,321.7101827406582
2026-04-01T00:00:00,Lower_Forest_Groundwater,321.8147004581032
2026-04-02T00:00:00,Lower_Forest_Groundwater,321.88171093210593
2026-04-03T00:00:00,Lower_Forest_Groundwater,321.92440718505884
2026-04-04T00:00:00,Lower_Forest_Groundwater,321.94545289887594
2026-04-05T00:00:00,Lower_Forest_Groundwater,321.94376964490056
2026-04-06T00:00:00,Lower_Forest_Groundwater,321.9258315328704
2026-04-07T00:00:00,Lower_Forest_Groundwater,321.88827416238587
2026-04-08T00:00:00,Lower_Forest_Groundwater,321.8500822881014
2026-04-09T00:00:00,Lower_Forest_Groundwater,321.8398215736268
2026-04-10T00:00:00,Lower_Forest_Groundwater,321.8743571634359
2026-04-11T00:00:00,Lower_Forest_Groundwater,321.9233380908071
2026-04-12T00:00:00,Lower_Forest_Groundwater,322.22897811252363
2026-04-13T00:00:00,Lower_Forest_Groundwater,322.67092509893547
2026-04-14T00:00:00,Lower_Forest_Groundwater,323.2972403122363
2026-04-15T00:00:00,Lower_Forest_Groundwater,323.93538699041756
2026-04-16T00:00:00,Lower_Forest_Groundwater,324.5225607482884
2026-04-17T00:00:00,Lower_Forest_Groundwater,325.2434851809733
2026-04-18T00:00:00,Lower_Forest_Groundwater,325.9442235322022
2026-04-19T00:00:00,Lower_Forest_Groundwater,326.57737382151976
2026-04-20T00:00:00,Lower_Forest_Groundwater,327.1510820931004
2026-04-21T00:00:00,Lower_Forest_Groundwater,327.68276271302716
2026-04-22T00:00:00,Lower_Forest_Groundwater,328.14796129368364
2026-04-23T00:00:00,Lower_Forest_Groundwater,328.64223546748144
2026-04-24T00:00:00,Lower_Forest_Groundwater,329.2141078719756
2026-04-25T00:00:00,Lower_Forest_Groundwater,329.7700363500627
2026-04-26T00:00:00,Lower_Forest_Groundwater,330.3054979040539
2026-04-27T00:00:00,Lower_Forest_Groundwater,330.782803820048
2026-04-28T00:00:00,Lower_Forest_Groundwater,331.3285460673699
2026-04-29T00:00:00,Lower_Forest_Groundwater,331.8538241267217
2026-04-30T00:00:00,Lower_Forest_Groundwater,332.420781885064
2026-05-01T00:00:00,Lower_Forest_Groundwater,332.9739975886228
2026-05-02T00:00:00,Lower_Forest_Groundwater,333.5791643782066
2026-05-03T00:00:00,Lower_Forest_Groundwater,334.46782691605483
2026-05-04T00:00:00,Lower_Forest_Groundwater,335.57585422308654
2026-05-05T00:00:00,Lower_Forest_Groundwater,336.82313056232664
2026-05-06T00:00:00,Lower_Forest_Groundwater,338.1036807380082
2026-05-07T00:00:00,Lower_Forest_Groundwater,339.3031712269151
2026-05-08T00:00:00,Lower_Forest_Groundwater,340.3746049954936
2026-05-09T00:00:00,Lower_Forest_Groundwater,341.3036312813715
2026-05-10T00:00:00,Lower_Forest_Groundwater,342.0907055039928
2026-05-11T00:00:00,Lower_Forest_Groundwater,342.82021693722953
2026-05-12T00:00:00,Lower_Forest_Groundwater,343.43305889222813
2026-05-13T00:00:00,Lower_Forest_Groundwater,343.93572264605837
2026-05-14T00:00:00,Lower_Forest_Groundwater,344.32532993893767
2026-05-15T00:00:00,Lower_Forest_Groundwater,344.6076135255456
2026-05-16T00:00:00,Lower_Forest_Groundwater,344.8011345099791
2026-05-17T00:00:00,Lower_Forest_Groundwater,344.9076653686281
2026-05-18T00:00:00,Lower_Forest_Groundwater,344.9468554984773
2026-05-19T00:00:00,Lower_Forest_Groundwater,344.9258248624755
2026-05-20T00:00:00,Lower_Forest_Groundwater,344.84576279638475
2026-05-21T00:00:00,Lower_Forest_Groundwater,344.690560828018
2026-05-22T00:00:00,Lower_Forest_Groundwater,344.46037057578053
2026-05-23T00:00:00,Lower_Forest_Groundwater,344.1739551349765
2026-05-24T00:00:00,Lower_Forest_Groundwater,344.01370357727654
2026-05-25T00:00:00,Lower_Forest_Groundwater,343.8877368605158
2026-05-26T00:00:00,Lower_Forest_Groundwater,343.8021168253524
2026-05-27T00:00:00,Lower_Forest_Groundwater,343.7023098107859
2026-05-28T00:00:00,Lower_Forest_Groundwater,343.55628283818476
2026-05-29T00:00:00,Lower_Forest_Groundwater,343.375187512167
2026-05-30T00:00:00,Lower_Forest_Groundwater,343.15143272649306
2026-05-31T00:00:00,Lower_Forest_Groundwater,342.8883653046745
2026-06-01T00:00:00,Lower_Forest_Groundwater,342.64480054558106
2026-06-02T00:00:00,Lower_Forest_Groundwater,342.3805256995941
2026-06-03T00:00:00,Lower_Forest_Groundwater,342.1693121158934
2026-06-04T00:00:00,Lower_Forest_Groundwater,341.9677998146318
2026-06-05T00:00:00,Lower_Forest_Groundwater,341.88890378594095
2026-06-06T00:00:00,Lower_Forest_Groundwater,341.8552978507464
2026-06-07T00:00:00,Lower_Forest_Groundwater,341.7978395535472
2026-06-08T00:00:00,Lower_Forest_Groundwater,341.6555276024787
2026-06-09T00:00:00,Lower_Forest_Groundwater,341.45777777146805
2026-06-10T00:00:00,Lower_Forest_Groundwater,341.1928333894453
2026-06-11T00:00:00,Lower_Forest_Groundwater,340.8776311894369
2026-06-12T00:00:00,Lower_Forest_Groundwater,340.54392345581823
2026-06-13T00:00:00,Lower_Forest_Groundwater,340.19333309355767
2026-06-14T00:00:00,Lower_Forest_Groundwater,339.8193886878881
2026-06-15T00:00:00,Lower_Forest_Groundwater,339.4141922440675
2026-06-16T00:00:00,Lower_Forest_Groundwater,338.97923146560606
2026-06-17T00:00:00,Lower_Forest_Groundwater,338.51890526506094
2026-06-18T00:00:00,Lower_Forest_Groundwater,338.0374189492477
2026-06-19T00:00:00,Lower_Forest_Groundwater,337.5619512123821
2026-06-20T00:00:00,Lower_Forest_Groundwater,337.18834245286956
2026-06-21T00:00:00,Lower_Forest_Groundwater,336.9010540912332
2026-06-22T00:00:00,Lower_Forest_Groundwater,336.64522116793813
2026-06-23T00:00:00,Lower_Forest_Groundwater,336.42490067594883
2026-06-24T00:00:00,Lower_Forest_Groundwater,336.18580026537296
2026-06-25T00:00:00,Lower_Forest_Groundwater,335.9435215614043
2026-06-26T00:00:00,Lower_Forest_Groundwater,335.83548406599397
2026-06-27T00:00:00,Lower_Forest_Groundwater,335.8141467176499
2026-06-28T00:00:00,Lower_Forest_Groundwater,335.80238901130423
2026-06-29T00:00:00,Lower_Forest_Groundwater,336.0056456955964
2026-06-30T00:00:00,Lower_Forest_Groundwater,336.43805872173965
2026-07-01T00:00:00,Lower_Forest_Groundwater,336.9156502378713
2026-07-02T00:00:00,Lower_Forest_Groundwater,337.3606935613105
2026-07-03T00:00:00,Lower_Forest_Groundwater,337.7354236612027
2026-07-04T00:00:00,Lower_Forest_Groundwater,338.01871687447397
2026-07-05T00:00:00,Lower_Forest_Groundwater,338.21511123996004
2026-07-06T00:00:00,Lower_Forest_Groundwater,338.33377762237797
2026-07-07T00:00:00,Lower_Forest_Groundwater,338.37174179729504
2026-07-08T00:00:00,Lower_Forest_Groundwater,338.3092041252915
2026-07-09T00:00:00,Lower_Forest_Groundwater,338.1615728965345
2026-07-10T00:00:00,Lower_Forest_Groundwater,337.9304208720524
2026-07-11T00:00:00,Lower_Forest_Groundwater,337.62517152230214
2026-07-12T00:00:00,Lower_Forest_Groundwater,337.2904481861078
2026-07-13T00:00:00,Lower_Forest_Groundwater,336.935523637232
2026-07-14T00:00:00,Lower_Forest_Groundwater,336.54939029807184
2026-07-15T00:00:00,Lower_Forest_Groundwater,336.14348726412055
2026-07-16T00:00:00,Lower_Forest_Groundwater,335.7024642581662
2026-07-17T00:00:00,Lower_Forest_Groundwater,335.29026109888895
2026-07-18T00:00:00,Lower_Forest_Groundwater,334.88781409350145
2026-07-19T00:00:00,Lower_Forest_Groundwater,334.4660483992433
2026-07-20T00:00:00,Lower_Forest_Groundwater,334.0352227942527
2026-07-21T00:00:00,Lower_Forest_Groundwater,333.60978250932453
2026-07-22T00:00:00,Lower_Forest_Groundwater,333.189660227958
2026-07-23T00:00:00,Lower_Forest_Groundwater,332.7747894751085
2026-07-24T00:00:00,Lower_Forest_Groundwater,332.36510460666966
2026-07-25T00:00:00,Lower_Forest_Groundwater,331.9605407990863
2026-07-26T00:00:00,Lower_Forest_Groundwater,331.5610340390977
2026-07-27T00:00:00,Lower_Forest_Groundwater,331.166521113609
2026-07-28T00:00:00,Lower_Forest_Groundwater,330.7769395996889
2026-07-29T00:00:00,Lower_Forest_Groundwater,330.39222785469275
2026-07-30T00:00:00,Lower_Forest_Groundwater,330.0123250065091
2026-07-31T00:00:00,Lower_Forest_Groundwater,329.63717094392774
2026-08-01T00:00:00,Lower_Forest_Groundwater,329.26670630712863
2026-08-02T00:00:00,Lower_Forest_Groundwater,328.9008724782895
2026-08-03T00:00:00,Lower_Forest_Groundwater,328.5396115723109
2026-08-04T00:00:00,Lower_Forest_Groundwater,328.182866427657
2026-08-05T00:00:00,Lower_Forest_Groundwater,327.8305805973113
2026-08-06T00:00:00,Lower_Forest_Groundwater,327.48269833984494
2026-08-07T00:00:00,Lower_Forest_Groundwater,327.1391646105969
2026-08-08T00:00:00,Lower_Forest_Groundwater,326.7999250529644
2026-08-09T00:00:00,Lower_Forest_Groundwater,326.46492598980234
2026-08-10T00:00:00,Lower_Forest_Groundwater,326.1384911845367
2026-08-11T00:00:00,Lower_Forest_Groundwater,325.81176004472997
2026-08-12T00:00:00,Lower_Forest_Groundwater,325.67297957883534
2026-08-13T00:00:00,Lower_Forest_Groundwater,325.88014746628386
2026-08-14T00:00:00,Lower_Forest_Groundwater,326.18395310741386
2026-08-15T00:00:00,Lower_Forest_Groundwater,326.48351159233033
2026-08-16T00:00:00,Lower_Forest_Groundwater,326.9082793058077
2026-08-17T00:00:00,Lower_Forest_Groundwater,327.7701531474026
2026-08-18T00:00:00,Lower_Forest_Groundwater,328.73026865537287
2026-08-19T00:00:00,Lower_Forest_Groundwater,329.73841523673076
2026-08-20T00:00:00,Lower_Forest_Groundwater,330.6469220116009
2026-08-21T00:00:00,Lower_Forest_Groundwater,331.4074480751194
2026-08-22T00:00:00,Lower_Forest_Groundwater,332.00397156391114
2026-08-23T00:00:00,Lower_Forest_Groundwater,332.4352388800867
2026-08-24T00:00:00,Lower_Forest_Groundwater,332.71240665372096
2026-08-25T00:00:00,Lower_Forest_Groundwater,332.851017821713
2026-08-26T00:00:00,Lower_Forest_Groundwater,332.8615057737346
2026-08-27T00:00:00,Lower_Forest_Groundwater,332.81155538449957
2026-08-28T00:00:00,Lower_Forest_Groundwater,332.68479923464776
2026-08-29T00:00:00,Lower_Forest_Groundwater,332.47388429882943
2026-08-30T00:00:00,Lower_Forest_Groundwater,332.72341819370024
2026-08-31T00:00:00,Lower_Forest_Groundwater,333.2462348319384
2026-09-01T00:00:00,Lower_Forest_Groundwater,333.90666934096464
2026-09-02T00:00:00,Lower_Forest_Groundwater,334.62015327560147
2026-09-03T00:00:00,Lower_Forest_Groundwater,335.25064698162345
2026-09-04T00:00:00,Lower_Forest_Groundwater,335.7401802594775
2026-09-05T00:00:00,Lower_Forest_Groundwater,336.0721087675229
2026-09-06T00:00:00,Lower_Forest_Groundwater,336.2512774294273
2026-09-07T00:00:00,Lower_Forest_Groundwater,336.34882629126486
2026-09-08T00:00:00,Lower_Forest_Groundwater,336.34994787453724
2026-09-09T00:00:00,Lower_Forest_Groundwater,336.24482545941663
2026-09-10T00:00:00,Lower_Forest_Groundwater,336.0205062874485
2026-09-11T00:00:00,Lower_Forest_Groundwater,335.68016983364976
2026-09-12T00:00:00,Lower_Forest_Groundwater,335.23416771072914
2026-09-13T00:00:00,Lower_Forest_Groundwater,334.79374061434504
2026-09-14T00:00:00,Lower_Forest_Groundwater,334.3588188566657
2026-09-15T00:00:00,Lower_Forest_Groundwater,333.9293336209574
2026-09-16T00:00:00,Lower_Forest_Groundwater,333.5052169506954
2026-09-17T00:00:00,Lower_Forest_Groundwater,333.08640173881173
2026-09-18T00:00:00,Lower_Forest_Groundwater,332.6728217170766
2026-09-19T00:00:00,Lower_Forest_Groundwater,332.2644114456131
2026-09-20T00:00:00,Lower_Forest_Groundwater,331.86110630254296
2026-09-21T00:00:00,Lower_Forest_Groundwater,331.46284247376116
2026-09-22T00:00:00,Lower_Forest_Groundwater,331.06955694283914
2026-09-23T00:00:00,Lower_Forest_Groundwater,330.68118748105366
2026-09-24T00:00:00,Lower_Forest_Groundwater,330.2976726375405
2026-09-25T00:00:00,Lower_Forest_Groundwater,329.91895172957123
2026-09-26T00:00:00,Lower_Forest_Groundwater,329.5449648329516
2026-09-27T00:00:00,Lower_Forest_Groundwater,329.1756527725397
2026-09-28T00:00:00,Lower_Forest_Groundwater,328.810957112883
2026-09-29T00:00:00,Lower_Forest_Groundwater,328.45082014897196
2026-09-30T00:00:00,Lower_Forest_Groundwater,328.0951848971098
2026-10-01T00:00:00,Lower_Forest_Groundwater,327.7439950858959
2026-10-02T00:00:00,Lower_Forest_Groundwater,327.3971951473222
2026-10-03T00:00:00,Lower_Forest_Groundwater,327.05473020798064
2026-10-04T00:00:00,Lower_Forest_Groundwater,326.7165460803809
2026-10-05T00:00:00,Lower_Forest_Groundwater,326.38258925437617
2026-10-06T00:00:00,Lower_Forest_Groundwater,326.05280688869647
2026-10-07T00:00:00,Lower_Forest_Groundwater,325.72714680258775
2026-10-08T00:00:00,Lower_Forest_Groundwater,325.4055574675554
2026-10-09T00:00:00,Lower_Forest_Groundwater,325.08798799921095
2026-10-10T00:00:00,Lower_Forest_Groundwater,324.77438814922084
2026-10-11T00:00:00,Lower_Forest_Groundwater,324.46470829735557
2026-10-12T00:00:00,Lower_Forest_Groundwater,324.15889944363863
2026-10-13T00:00:00,Lower_Forest_Groundwater,323.85691320059317
2026-10-14T00:00:00,Lower_Forest_Groundwater,323.55870178558575
2026-10-15T00:00:00,Lower_Forest_Groundwater,323.2642180132659
2026-10-16T00:00:00,Lower_Forest_Groundwater,323.0262018407661
2026-10-17T00:00:00,Lower_Forest_Groundwater,322.89270633267444
2026-10-18T00:00:00,Lower_Forest_Groundwater,322.7884113416389
2026-10-19T00:00:00,Lower_Forest_Groundwater,322.6349645665274
2026-10-20T00:00:00,Lower_Forest_Groundwater,322.5077441218631
2026-10-21T00:00:00,Lower_Forest_Groundwater,322.43837140272746
2026-10-22T00:00:00,Lower_Forest_Groundwater,322.3248589999483
2026-10-23T00:00:00,Lower_Forest_Groundwater,322.17210416790635
2026-10-24T00:00:00,Lower_Forest_Groundwater,321.9476721955582
2026-10-25T00:00:00,Lower_Forest_Groundwater,322.04629428605887
2026-10-26T00:00:00,Lower_Forest_Groundwater,322.3136523664061
2026-10-27T00:00:00,Lower_Forest_Groundwater,322.60556914999273
2026-10-28T00:00:00,Lower_Forest_Groundwater,322.83036982753595
2026-10-29T00:00:00,Lower_Forest_Groundwater,323.4522703983896
2026-10-30T00:00:00,Lower_Forest_Groundwater,324.41626657197355
2026-10-31T00:00:00,Lower_Forest_Groundwater,325.4186007676492
2026-11-01T00:00:00,Lower_Forest_Groundwater,326.3149380979053
2026-11-02T00:00:00,Lower_Forest_Groundwater,327.072405151515
2026-11-03T00:00:00,Lower_Forest_Groundwater,327.6572713109547
2026-11-04T00:00:00,Lower_Forest_Groundwater,328.06508527200975
2026-11-05T00:00:00,Lower_Forest_Groundwater,328.37459352349083
2026-11-06T00:00:00,Lower_Forest_Groundwater,328.54495197518196
2026-11-07T00:00:00,Lower_Forest_Groundwater,328.5642381366993
2026-11-08T00:00:00,Lower_Forest_Groundwater,328.4389245338499
2026-11-09T00:00:00,Lower_Forest_Groundwater,328.1893566730367
2026-11-10T00:00:00,Lower_Forest_Groundwater,327.8369897146237
2026-11-11T00:00:00,Lower_Forest_Groundwater,327.4890273431909
2026-11-12T00:00:00,Lower_Forest_Groundwater,327.14541450140104
2026-11-13T00:00:00,Lower_Forest_Groundwater,326.8060968201335
2026-11-14T00:00:00,Lower_Forest_Groundwater,326.47102060988186
2026-11-15T00:00:00,Lower_Forest_Groundwater,326.1401328522583
2026-11-16T00:00:00,Lower_Forest_Groundwater,325.8133811916051
2026-11-17T00:00:00,Lower_Forest_Groundwater,325.49071392671004
2026-11-18T00:00:00,Lower_Forest_Groundwater,325.17208000262616
2026-11-19T00:00:00,Lower_Forest_Groundwater,324.85742900259334
2026-11-20T00:00:00,Lower_Forest_Groundwater,324.5467111400609
2026-11-21T00:00:00,Lower_Forest_Groundwater,324.23987725081014
2026-11-22T00:00:00,Lower_Forest_Groundwater,323.936878785175
2026-11-23T00:00:00,Lower_Forest_Groundwater,323.6376678003603
2026-11-24T00:00:00,Lower_Forest_Groundwater,323.34219695285583
2026-11-25T00:00:00,Lower_Forest_Groundwater,323.05041949094516
2026-11-26T00:00:00,Lower_Forest_Groundwater,322.76228924730833
2026-11-27T00:00:00,Lower_Forest_Groundwater,322.477760631717
2026-11-28T00:00:00,Lower_Forest_Groundwater,322.1967886238205
2026-11-29T00:00:00,Lower_Forest_Groundwater,321.9193287660228
2026-11-30T00:00:00,Lower_Forest_Groundwater,321.6453371564475
2026-12-01T00:00:00,Lower_Forest_Groundwater,321.3747704419919
2026-12-02T00:00:00,Lower_Forest_Groundwater,321.107585811467
2026-12-03T00:00:00,Lower_Forest_Groundwater,320.84374098882364
2026-12-04T00:00:00,Lower_Forest_Groundwater,320.5831942264633
2026-12-05T00:00:00,Lower_Forest_Groundwater,320.3259042986325
2026-12-06T00:00:00,Lower_Forest_Groundwater,320.3397359949256
2026-12-07T00:00:00,Lower_Forest_Groundwater,320.87089813742745
2026-12-08T00:00:00,Lower_Forest_Groundwater,321.5522965551117
2026-12-09T00:00:00,Lower_Forest_Groundwater,322.2137188312384
2026-12-10T00:00:00,Lower_Forest_Groundwater,322.7871053521589
2026-12-11T00:00:00,Lower_Forest_Groundwater,323.22739547171267
2026-12-12T00:00:00,Lower_Forest_Groundwater,323.53252717651446
2026-12-13T00:00:00,Lower_Forest_Groundwater,323.6913775328804
2026-12-14T00:00:00,Lower_Forest_Groundwater,323.71877901153147
2026-12-15T00:00:00,Lower_Forest_Groundwater,323.6209355450917
2026-12-16T00:00:00,Lower_Forest_Groundwater,323.5578724976988
2026-12-17T00:00:00,Lower_Forest_Groundwater,323.5943639582496
2026-12-18T00:00:00,Lower_Forest_Groundwater,323.8493799695754
2026-12-19T00:00:00,Lower_Forest_Groundwater,324.4296363147214
2026-12-20T00:00:00,Lower_Forest_Groundwater,325.0691858910975
2026-12-21T00:00:00,Lower_Forest_Groundwater,325.65895415224844
2026-12-22T00:00:00,Lower_Forest_Groundwater,326.14782615041133
2026-12-23T00:00:00,Lower_Forest_Groundwater,326.60375399859316
2026-12-24T00:00:00,Lower_Forest_Groundwater,327.0407030742929
2026-12-25T00:00:00,Lower_Forest_Groundwater,327.5510276996038
2026-12-26T00:00:00,Lower_Forest_Groundwater,328.0050321522872
2026-12-27T00:00:00,Lower_Forest_Groundwater,328.36797469270056
2026-12-28T00:00:00,Lower_Forest_Groundwater,328.62572891376783
2026-12-29T00:00:00,Lower_Forest_Groundwater,328.7715021199195
2026-12-30T00:00:00,Lower_Forest_Groundwater,328.815053270897
2026-12-31T00:00:00,Lower_Forest_Groundwater,328.7473300955698
