ed3d81ad-d1d2-4fe2-a582-e9773c90e482,location,waterInputs
2023-01-01T00:00:00,Lower_Forest_Soilwater,0.0
2023-01-02T00:00:00,Lower_Forest_Soilwater,2.6154375
2023-01-03T00:00:00,Lower_Forest_Soilwater,1.3077187500000003
2023-01-04T00:00:00,Lower_Forest_Soilwater,0.6538593750000001
2023-01-05T00:00:00,Lower_Forest_Soilwater,0.32692968750000007
2023-01-06T00:00:00,Lower_Forest_Soilwater,0.41165234375000015
2023-01-07T00:00:00,Lower_Forest_Soilwater,0.995513671875
2023-01-08T00:00:00,Lower_Forest_Soilwater,0.4977568359375
2023-01-09T00:00:00,Lower_Forest_Soilwater,1.5800659179687502
2023-01-10T00:00:00,Lower_Forest_Soilwater,0.7900329589843751
2023-01-11T00:00:00,Lower_Forest_Soilwater,0.39501647949218754
2023-01-12T00:00:00,Lower_Forest_Soilwater,0.19750823974609377
2023-01-13T00:00:00,Lower_Forest_Soilwater,0.09875411987304683
2023-01-14T00:00:00,Lower_Forest_Soilwater,0.049377059936523415
2023-01-15T00:00:00,Lower_Forest_Soilwater,0.024688529968261763
2023-01-16T00:00:00,Lower_Forest_Soilwater,0.012344264984130882
2023-01-17T00:00:00,Lower_Forest_Soilwater,0.006172132492065385
2023-01-18T00:00:00,Lower_Forest_Soilwater,3.8161485662460324
2023-01-19T00:00:00,Lower_Forest_Soilwater,2.133699283123016
2023-01-20T00:00:00,Lower_Forest_Soilwater,1.337599641561508
2023-01-21T00:00:00,Lower_Forest_Soilwater,1.052362320780754
2023-01-22T00:00:00,Lower_Forest_Soilwater,0.526181160390377
2023-01-23T00:00:00,Lower_Forest_Soilwater,0.2630905801951884
2023-01-24T00:00:00,Lower_Forest_Soilwater,0.1315452900975942
2023-01-25T00:00:00,Lower_Forest_Soilwater,0.0657726450487971
2023-01-26T00:00:00,Lower_Forest_Soilwater,1.7927613225243988
2023-01-27T00:00:00,Lower_Forest_Soilwater,0.8963806612621994
2023-01-28T00:00:00,Lower_Forest_Soilwater,0.4481903306310997
2023-01-29T00:00:00,Lower_Forest_Soilwater,0.22409516531554985
2023-01-30T00:00:00,Lower_Forest_Soilwater,0.11204758265777492
2023-01-31T00:00:00,Lower_Forest_Soilwater,0.05602379132888746
2023-02-01T00:00:00,Lower_Forest_Soilwater,0.02801189566444373
2023-02-02T00:00:00,Lower_Forest_Soilwater,0.014005947832221866
2023-02-03T00:00:00,Lower_Forest_Soilwater,0.007002973916110933
2023-02-04T00:00:00,Lower_Forest_Soilwater,0.003501486958055411
2023-02-05T00:00:00,Lower_Forest_Soilwater,0.0017507434790277054
2023-02-06T00:00:00,Lower_Forest_Soilwater,0.0008753717395137972
2023-02-07T00:00:00,Lower_Forest_Soilwater,0.0004376858697568986
2023-02-08T00:00:00,Lower_Forest_Soilwater,0.0002188429348783938
2023-02-09T00:00:00,Lower_Forest_Soilwater,0.0001094214674391969
2023-02-10T00:00:00,Lower_Forest_Soilwater,5.471073371965396e-05
2023-02-11T00:00:00,Lower_Forest_Soilwater,2.735536685982698e-05
2023-02-12T00:00:00,Lower_Forest_Soilwater,1.3677683429857979e-05
2023-02-13T00:00:00,Lower_Forest_Soilwater,6.838841714928989e-06
2023-02-14T00:00:00,Lower_Forest_Soilwater,3.4194208574644946e-06
2023-02-15T00:00:00,Lower_Forest_Soilwater,1.7097104287877585e-06
2023-02-16T00:00:00,Lower_Forest_Soilwater,8.548552143938792e-07
2023-02-17T00:00:00,Lower_Forest_Soilwater,4.274276071969396e-07
2023-02-18T00:00:00,Lower_Forest_Soilwater,0.4061252137138036
2023-02-19T00:00:00,Lower_Forest_Soilwater,0.2030626068569018
2023-02-20T00:00:00,Lower_Forest_Soilwater,0.6881563034284508
2023-02-21T00:00:00,Lower_Forest_Soilwater,0.3440781517142253
2023-02-22T00:00:00,Lower_Forest_Soilwater,0.17203907585711264
2023-02-23T00:00:00,Lower_Forest_Soilwater,0.28908203792855636
2023-02-24T00:00:00,Lower_Forest_Soilwater,0.5281035189642782
2023-02-25T00:00:00,Lower_Forest_Soilwater,0.4896767594821392
2023-02-26T00:00:00,Lower_Forest_Soilwater,0.2448383797410696
2023-02-27T00:00:00,Lower_Forest_Soilwater,1.7243566898705347
2023-02-28T00:00:00,Lower_Forest_Soilwater,0.8621783449352673
2023-03-01T00:00:00,Lower_Forest_Soilwater,0.43108917246763356
2023-03-02T00:00:00,Lower_Forest_Soilwater,0.21554458623381678
2023-03-03T00:00:00,Lower_Forest_Soilwater,0.10777229311690839
2023-03-04T00:00:00,Lower_Forest_Soilwater,0.05388614655845414
2023-03-05T00:00:00,Lower_Forest_Soilwater,0.8843180732792271
2023-03-06T00:00:00,Lower_Forest_Soilwater,0.44215903663961353
2023-03-07T00:00:00,Lower_Forest_Soilwater,0.22107951831980677
2023-03-08T00:00:00,Lower_Forest_Soilwater,0.11053975915990333
2023-03-09T00:00:00,Lower_Forest_Soilwater,0.41626987957995176
2023-03-10T00:00:00,Lower_Forest_Soilwater,1.855197439789976
2023-03-11T00:00:00,Lower_Forest_Soilwater,1.8075362198949882
2023-03-12T00:00:00,Lower_Forest_Soilwater,0.9037681099474941
2023-03-13T00:00:00,Lower_Forest_Soilwater,0.903134054973747
2023-03-14T00:00:00,Lower_Forest_Soilwater,0.8351295274868735
2023-03-15T00:00:00,Lower_Forest_Soilwater,1.2298147637434367
2023-03-16T00:00:00,Lower_Forest_Soilwater,0.6149073818717183
2023-03-17T00:00:00,Lower_Forest_Soilwater,0.30745369093585917
2023-03-18T00:00:00,Lower_Forest_Soilwater,0.9885393454679297
2023-03-19T00:00:00,Lower_Forest_Soilwater,4.171957172733965
2023-03-20T00:00:00,Lower_Forest_Soilwater,3.1689785863669826
2023-03-21T00:00:00,Lower_Forest_Soilwater,1.9906142931834911
2023-03-22T00:00:00,Lower_Forest_Soilwater,0.9953071465917456
2023-03-23T00:00:00,Lower_Forest_Soilwater,0.4976535732958727
2023-03-24T00:00:00,Lower_Forest_Soilwater,0.24882678664793634
2023-03-25T00:00:00,Lower_Forest_Soilwater,0.35003839332396813
2023-03-26T00:00:00,Lower_Forest_Soilwater,0.17501919666198407
2023-03-27T00:00:00,Lower_Forest_Soilwater,0.08750959833099203
2023-03-28T00:00:00,Lower_Forest_Soilwater,0.04375479916549607
2023-03-29T00:00:00,Lower_Forest_Soilwater,0.021877399582748036
2023-03-30T00:00:00,Lower_Forest_Soilwater,0.010938699791374074
2023-03-31T00:00:00,Lower_Forest_Soilwater,0.6372193498956871
2023-04-01T00:00:00,Lower_Forest_Soilwater,0.31860967494784354
2023-04-02T00:00:00,Lower_Forest_Soilwater,0.15930483747392177
2023-04-03T00:00:00,Lower_Forest_Soilwater,1.117527418736961
2023-04-04T00:00:00,Lower_Forest_Soilwater,1.6192012093684802
2023-04-05T00:00:00,Lower_Forest_Soilwater,2.68228810468424
2023-04-06T00:00:00,Lower_Forest_Soilwater,2.04058155234212
2023-04-07T00:00:00,Lower_Forest_Soilwater,1.02029077617106
2023-04-08T00:00:00,Lower_Forest_Soilwater,0.51014538808553
2023-04-09T00:00:00,Lower_Forest_Soilwater,0.255072694042765
2023-04-10T00:00:00,Lower_Forest_Soilwater,0.1275363470213825
2023-04-11T00:00:00,Lower_Forest_Soilwater,0.19914317351069122
2023-04-12T00:00:00,Lower_Forest_Soilwater,0.09957158675534561
2023-04-13T00:00:00,Lower_Forest_Soilwater,0.3205357933776729
2023-04-14T00:00:00,Lower_Forest_Soilwater,2.213455396688836
2023-04-15T00:00:00,Lower_Forest_Soilwater,1.106727698344418
2023-04-16T00:00:00,Lower_Forest_Soilwater,0.553363849172209
2023-04-17T00:00:00,Lower_Forest_Soilwater,0.2766819245861045
2023-04-18T00:00:00,Lower_Forest_Soilwater,0.7475284622930523
2023-04-19T00:00:00,Lower_Forest_Soilwater,0.3737642311465261
2023-04-20T00:00:00,Lower_Forest_Soilwater,0.570444615573263
2023-04-21T00:00:00,Lower_Forest_Soilwater,0.2852223077866314
2023-04-22T00:00:00,Lower_Forest_Soilwater,0.1426111538933157
2023-04-23T00:00:00,Lower_Forest_Soilwater,0.43230557694665794
2023-04-24T00:00:00,Lower_Forest_Soilwater,0.712527788473329
2023-04-25T00:00:00,Lower_Forest_Soilwater,0.3562638942366645
2023-04-26T00:00:00,Lower_Forest_Soilwater,0.17813194711833225
2023-04-27T00:00:00,Lower_Forest_Soilwater,0.08906597355916612
2023-04-28T00:00:00,Lower_Forest_Soilwater,0.04453298677958306
2023-04-29T00:00:00,Lower_Forest_Soilwater,0.022266493389791586
2023-04-30T00:00:00,Lower_Forest_Soilwater,0.011133246694895793
2023-05-01T00:00:00,Lower_Forest_Soilwater,0.005566623347447841
2023-05-02T00:00:00,Lower_Forest_Soilwater,0.0027833116737239205
2023-05-03T00:00:00,Lower_Forest_Soilwater,0.0013916558368619603
2023-05-04T00:00:00,Lower_Forest_Soilwater,0.0006958279184310356
2023-05-05T00:00:00,Lower_Forest_Soilwater,0.0003479139592155178
2023-05-06T00:00:00,Lower_Forest_Soilwater,0.0001739569796077589
2023-05-07T00:00:00,Lower_Forest_Soilwater,8.697848980387946e-05
2023-05-08T00:00:00,Lower_Forest_Soilwater,4.348924490193973e-05
2023-05-09T00:00:00,Lower_Forest_Soilwater,2.1744622450969864e-05
2023-05-10T00:00:00,Lower_Forest_Soilwater,1.0872311225540443e-05
2023-05-11T00:00:00,Lower_Forest_Soilwater,0.22563043615561273
2023-05-12T00:00:00,Lower_Forest_Soilwater,0.11281521807780637
2023-05-13T00:00:00,Lower_Forest_Soilwater,0.056407609038903184
2023-05-14T00:00:00,Lower_Forest_Soilwater,0.028203804519451592
2023-05-15T00:00:00,Lower_Forest_Soilwater,0.01410190225972574
2023-05-16T00:00:00,Lower_Forest_Soilwater,0.23267595112986283
2023-05-17T00:00:00,Lower_Forest_Soilwater,1.8085254755649314
2023-05-18T00:00:00,Lower_Forest_Soilwater,1.1524502377824657
2023-05-19T00:00:00,Lower_Forest_Soilwater,0.9823501188912329
2023-05-20T00:00:00,Lower_Forest_Soilwater,0.49117505944561657
2023-05-21T00:00:00,Lower_Forest_Soilwater,1.9377750297228085
2023-05-22T00:00:00,Lower_Forest_Soilwater,1.1493875148614041
2023-05-23T00:00:00,Lower_Forest_Soilwater,0.8228812574307021
2023-05-24T00:00:00,Lower_Forest_Soilwater,0.41144062871535114
2023-05-25T00:00:00,Lower_Forest_Soilwater,4.289532814357675
2023-05-26T00:00:00,Lower_Forest_Soilwater,2.1447664071788375
2023-05-27T00:00:00,Lower_Forest_Soilwater,1.0723832035894187
2023-05-28T00:00:00,Lower_Forest_Soilwater,0.5361916017947093
2023-05-29T00:00:00,Lower_Forest_Soilwater,0.26809580089735463
2023-05-30T00:00:00,Lower_Forest_Soilwater,1.0139854004486772
2023-05-31T00:00:00,Lower_Forest_Soilwater,0.5069927002243386
2023-06-01T00:00:00,Lower_Forest_Soilwater,0.2534963501121692
2023-06-02T00:00:00,Lower_Forest_Soilwater,0.1267481750560846
2023-06-03T00:00:00,Lower_Forest_Soilwater,0.0633740875280423
2023-06-04T00:00:00,Lower_Forest_Soilwater,0.031687043764021094
2023-06-05T00:00:00,Lower_Forest_Soilwater,0.015843521882010547
2023-06-06T00:00:00,Lower_Forest_Soilwater,0.007921760941005274
2023-06-07T00:00:00,Lower_Forest_Soilwater,0.003960880470502692
2023-06-08T00:00:00,Lower_Forest_Soilwater,0.001980440235251346
2023-06-09T00:00:00,Lower_Forest_Soilwater,0.0009902201176257286
2023-06-10T00:00:00,Lower_Forest_Soilwater,0.0004951100588128643
2023-06-11T00:00:00,Lower_Forest_Soilwater,0.00024755502940643215
2023-06-12T00:00:00,Lower_Forest_Soilwater,0.00012377751470316056
2023-06-13T00:00:00,Lower_Forest_Soilwater,6.188875735158028e-05
2023-06-14T00:00:00,Lower_Forest_Soilwater,3.094437867579014e-05
2023-06-15T00:00:00,Lower_Forest_Soilwater,1.547218933795058e-05
2023-06-16T00:00:00,Lower_Forest_Soilwater,7.73609466897529e-06
2023-06-17T00:00:00,Lower_Forest_Soilwater,3.868047334432134e-06
2023-06-18T00:00:00,Lower_Forest_Soilwater,1.934023667216067e-06
2023-06-19T00:00:00,Lower_Forest_Soilwater,9.670118336080336e-07
2023-06-20T00:00:00,Lower_Forest_Soilwater,4.835059168595279e-07
2023-06-21T00:00:00,Lower_Forest_Soilwater,0.20306274175295846
2023-06-22T00:00:00,Lower_Forest_Soilwater,0.10153137087647923
2023-06-23T00:00:00,Lower_Forest_Soilwater,0.05076568543823967
2023-06-24T00:00:00,Lower_Forest_Soilwater,0.025382842719119836
2023-06-25T00:00:00,Lower_Forest_Soilwater,0.012691421359559918
2023-06-26T00:00:00,Lower_Forest_Soilwater,0.006345710679779959
2023-06-27T00:00:00,Lower_Forest_Soilwater,0.0031728553398899795
2023-06-28T00:00:00,Lower_Forest_Soilwater,0.0015864276699449897
2023-06-29T00:00:00,Lower_Forest_Soilwater,1.5350432138349723
2023-06-30T00:00:00,Lower_Forest_Soilwater,0.9480216069174863
2023-07-01T00:00:00,Lower_Forest_Soilwater,1.2185733034587432
2023-07-02T00:00:00,Lower_Forest_Soilwater,0.6092866517293716
2023-07-03T00:00:00,Lower_Forest_Soilwater,0.3046433258646859
2023-07-04T00:00:00,Lower_Forest_Soilwater,0.15232166293234295
2023-07-05T00:00:00,Lower_Forest_Soilwater,0.07616083146617147
2023-07-06T00:00:00,Lower_Forest_Soilwater,0.03808041573308574
2023-07-07T00:00:00,Lower_Forest_Soilwater,1.305102707866543
2023-07-08T00:00:00,Lower_Forest_Soilwater,0.8556138539332714
2023-07-09T00:00:00,Lower_Forest_Soilwater,0.4278069269666358
2023-07-10T00:00:00,Lower_Forest_Soilwater,0.2139034634833179
2023-07-11T00:00:00,Lower_Forest_Soilwater,0.4002642317416589
2023-07-12T00:00:00,Lower_Forest_Soilwater,0.9221321158708293
2023-07-13T00:00:00,Lower_Forest_Soilwater,0.46106605793541466
2023-07-14T00:00:00,Lower_Forest_Soilwater,0.23053302896770733
2023-07-15T00:00:00,Lower_Forest_Soilwater,2.5068915144838533
2023-07-16T00:00:00,Lower_Forest_Soilwater,1.7498207572419266
2023-07-17T00:00:00,Lower_Forest_Soilwater,0.8749103786209633
2023-07-18T00:00:00,Lower_Forest_Soilwater,0.43745518931048166
2023-07-19T00:00:00,Lower_Forest_Soilwater,0.4669150946552407
2023-07-20T00:00:00,Lower_Forest_Soilwater,0.23345754732762036
2023-07-21T00:00:00,Lower_Forest_Soilwater,0.3649162736638103
2023-07-22T00:00:00,Lower_Forest_Soilwater,2.664333136831905
2023-07-23T00:00:00,Lower_Forest_Soilwater,1.3321665684159525
2023-07-24T00:00:00,Lower_Forest_Soilwater,0.6660832842079762
2023-07-25T00:00:00,Lower_Forest_Soilwater,0.3330416421039881
2023-07-26T00:00:00,Lower_Forest_Soilwater,0.16652082105199406
2023-07-27T00:00:00,Lower_Forest_Soilwater,0.35401041052599713
2023-07-28T00:00:00,Lower_Forest_Soilwater,1.1246302052629986
2023-07-29T00:00:00,Lower_Forest_Soilwater,0.5623151026314992
2023-07-30T00:00:00,Lower_Forest_Soilwater,0.2811575513157496
2023-07-31T00:00:00,Lower_Forest_Soilwater,0.1405787756578748
2023-08-01T00:00:00,Lower_Forest_Soilwater,0.07028938782893746
2023-08-02T00:00:00,Lower_Forest_Soilwater,0.03514469391446873
2023-08-03T00:00:00,Lower_Forest_Soilwater,0.01757234695723442
2023-08-04T00:00:00,Lower_Forest_Soilwater,0.00878617347861721
2023-08-05T00:00:00,Lower_Forest_Soilwater,0.004393086739308605
2023-08-06T00:00:00,Lower_Forest_Soilwater,0.002196543369654247
2023-08-07T00:00:00,Lower_Forest_Soilwater,0.0010982716848271235
2023-08-08T00:00:00,Lower_Forest_Soilwater,0.0005491358424135617
2023-08-09T00:00:00,Lower_Forest_Soilwater,0.0002745679212068364
2023-08-10T00:00:00,Lower_Forest_Soilwater,1.8051372839606032
2023-08-11T00:00:00,Lower_Forest_Soilwater,2.8655061419803016
2023-08-12T00:00:00,Lower_Forest_Soilwater,2.1773155709901504
2023-08-13T00:00:00,Lower_Forest_Soilwater,1.6752827854950754
2023-08-14T00:00:00,Lower_Forest_Soilwater,0.8376413927475377
2023-08-15T00:00:00,Lower_Forest_Soilwater,0.41882069637376884
2023-08-16T00:00:00,Lower_Forest_Soilwater,0.20941034818688442
2023-08-17T00:00:00,Lower_Forest_Soilwater,0.5108301740934422
2023-08-18T00:00:00,Lower_Forest_Soilwater,0.2554150870467211
2023-08-19T00:00:00,Lower_Forest_Soilwater,0.12770754352336056
2023-08-20T00:00:00,Lower_Forest_Soilwater,0.06385377176168028
2023-08-21T00:00:00,Lower_Forest_Soilwater,0.03192688588084014
2023-08-22T00:00:00,Lower_Forest_Soilwater,0.01596344294042007
2023-08-23T00:00:00,Lower_Forest_Soilwater,0.007981721470210035
2023-08-24T00:00:00,Lower_Forest_Soilwater,0.003990860735105017
2023-08-25T00:00:00,Lower_Forest_Soilwater,0.001995430367552453
2023-08-26T00:00:00,Lower_Forest_Soilwater,0.4748102151837763
2023-08-27T00:00:00,Lower_Forest_Soilwater,0.23740510759188815
2023-08-28T00:00:00,Lower_Forest_Soilwater,0.11870255379594408
2023-08-29T00:00:00,Lower_Forest_Soilwater,0.05935127689797204
2023-08-30T00:00:00,Lower_Forest_Soilwater,0.02967563844898602
2023-08-31T00:00:00,Lower_Forest_Soilwater,0.01483781922449301
2023-09-01T00:00:00,Lower_Forest_Soilwater,2.4441689096122463
2023-09-02T00:00:00,Lower_Forest_Soilwater,2.2599594548061233
2023-09-03T00:00:00,Lower_Forest_Soilwater,5.123542227403061
2023-09-04T00:00:00,Lower_Forest_Soilwater,3.2386461137015305
2023-09-05T00:00:00,Lower_Forest_Soilwater,2.0480105568507656
2023-09-06T00:00:00,Lower_Forest_Soilwater,1.362442778425383
2023-09-07T00:00:00,Lower_Forest_Soilwater,0.6812213892126915
2023-09-08T00:00:00,Lower_Forest_Soilwater,0.34061069460634563
2023-09-09T00:00:00,Lower_Forest_Soilwater,0.5538678473031728
2023-09-10T00:00:00,Lower_Forest_Soilwater,0.4574339236515863
2023-09-11T00:00:00,Lower_Forest_Soilwater,0.9958419618257932
2023-09-12T00:00:00,Lower_Forest_Soilwater,1.2424834809128966
2023-09-13T00:00:00,Lower_Forest_Soilwater,1.0724917404564482
2023-09-14T00:00:00,Lower_Forest_Soilwater,0.5362458702282242
2023-09-15T00:00:00,Lower_Forest_Soilwater,0.2681229351141121
2023-09-16T00:00:00,Lower_Forest_Soilwater,0.13406146755705606
2023-09-17T00:00:00,Lower_Forest_Soilwater,2.300718233778528
2023-09-18T00:00:00,Lower_Forest_Soilwater,4.782921616889264
2023-09-19T00:00:00,Lower_Forest_Soilwater,3.271398308444632
2023-09-20T00:00:00,Lower_Forest_Soilwater,1.635699154222316
2023-09-21T00:00:00,Lower_Forest_Soilwater,0.817849577111158
2023-09-22T00:00:00,Lower_Forest_Soilwater,0.4089247885555789
2023-09-23T00:00:00,Lower_Forest_Soilwater,0.20446239427778945
2023-09-24T00:00:00,Lower_Forest_Soilwater,0.23760619713889475
2023-09-25T00:00:00,Lower_Forest_Soilwater,1.6530530985694472
2023-09-26T00:00:00,Lower_Forest_Soilwater,3.060214049284723
2023-09-27T00:00:00,Lower_Forest_Soilwater,1.9587945246423617
2023-09-28T00:00:00,Lower_Forest_Soilwater,0.9793972623211809
2023-09-29T00:00:00,Lower_Forest_Soilwater,0.4896986311605904
2023-09-30T00:00:00,Lower_Forest_Soilwater,1.0119743155802952
2023-10-01T00:00:00,Lower_Forest_Soilwater,0.5059871577901476
2023-10-02T00:00:00,Lower_Forest_Soilwater,0.2529935788950737
2023-10-03T00:00:00,Lower_Forest_Soilwater,0.12649678944753684
2023-10-04T00:00:00,Lower_Forest_Soilwater,0.06324839472376842
2023-10-05T00:00:00,Lower_Forest_Soilwater,0.031624197361884265
2023-10-06T00:00:00,Lower_Forest_Soilwater,0.015812098680942133
2023-10-07T00:00:00,Lower_Forest_Soilwater,0.00790604934047101
2023-10-08T00:00:00,Lower_Forest_Soilwater,0.003953024670235505
2023-10-09T00:00:00,Lower_Forest_Soilwater,1.7844140123351178
2023-10-10T00:00:00,Lower_Forest_Soilwater,1.1178320061675588
2023-10-11T00:00:00,Lower_Forest_Soilwater,1.8901035030837794
2023-10-12T00:00:00,Lower_Forest_Soilwater,1.1706767515418897
2023-10-13T00:00:00,Lower_Forest_Soilwater,0.7658383757709446
2023-10-14T00:00:00,Lower_Forest_Soilwater,1.6012941878854723
2023-10-15T00:00:00,Lower_Forest_Soilwater,2.019022093942736
2023-10-16T00:00:00,Lower_Forest_Soilwater,2.656573546971368
2023-10-17T00:00:00,Lower_Forest_Soilwater,1.3282867734856838
2023-10-18T00:00:00,Lower_Forest_Soilwater,0.9123308867428419
2023-10-19T00:00:00,Lower_Forest_Soilwater,0.45616544337142084
2023-10-20T00:00:00,Lower_Forest_Soilwater,0.22808272168571042
2023-10-21T00:00:00,Lower_Forest_Soilwater,1.287291360842855
2023-10-22T00:00:00,Lower_Forest_Soilwater,0.6436456804214274
2023-10-23T00:00:00,Lower_Forest_Soilwater,0.3218228402107137
2023-10-24T00:00:00,Lower_Forest_Soilwater,0.16091142010535686
2023-10-25T00:00:00,Lower_Forest_Soilwater,0.08045571005267838
2023-10-26T00:00:00,Lower_Forest_Soilwater,0.04022785502633919
2023-10-27T00:00:00,Lower_Forest_Soilwater,0.02011392751316965
2023-10-28T00:00:00,Lower_Forest_Soilwater,0.010056963756584825
2023-10-29T00:00:00,Lower_Forest_Soilwater,0.005028481878292412
2023-10-30T00:00:00,Lower_Forest_Soilwater,0.6342642409391464
2023-10-31T00:00:00,Lower_Forest_Soilwater,0.3171321204695732
2023-11-01T00:00:00,Lower_Forest_Soilwater,0.5646910602347865
2023-11-02T00:00:00,Lower_Forest_Soilwater,0.2823455301173934
2023-11-03T00:00:00,Lower_Forest_Soilwater,0.1411727650586967
2023-11-04T00:00:00,Lower_Forest_Soilwater,0.49927388252934835
2023-11-05T00:00:00,Lower_Forest_Soilwater,0.24963694126467417
2023-11-06T00:00:00,Lower_Forest_Soilwater,0.12481847063233709
2023-11-07T00:00:00,Lower_Forest_Soilwater,4.394409235316168
2023-11-08T00:00:00,Lower_Forest_Soilwater,3.5960796176580843
2023-11-09T00:00:00,Lower_Forest_Soilwater,6.287977308829042
2023-11-10T00:00:00,Lower_Forest_Soilwater,3.143988654414521
2023-11-11T00:00:00,Lower_Forest_Soilwater,1.5719943272072605
2023-11-12T00:00:00,Lower_Forest_Soilwater,0.7859971636036303
2023-11-13T00:00:00,Lower_Forest_Soilwater,0.39299858180181513
2023-11-14T00:00:00,Lower_Forest_Soilwater,0.19649929090090756
2023-11-15T00:00:00,Lower_Forest_Soilwater,0.09824964545045378
2023-11-16T00:00:00,Lower_Forest_Soilwater,0.04912482272522689
2023-11-17T00:00:00,Lower_Forest_Soilwater,0.0245624113626135
2023-11-18T00:00:00,Lower_Forest_Soilwater,0.01228120568130675
2023-11-19T00:00:00,Lower_Forest_Soilwater,0.7055781028406534
2023-11-20T00:00:00,Lower_Forest_Soilwater,0.3527890514203267
2023-11-21T00:00:00,Lower_Forest_Soilwater,0.17639452571016334
2023-11-22T00:00:00,Lower_Forest_Soilwater,0.08819726285508167
2023-11-23T00:00:00,Lower_Forest_Soilwater,4.082786131427541
2023-11-24T00:00:00,Lower_Forest_Soilwater,3.4177055657137707
2023-11-25T00:00:00,Lower_Forest_Soilwater,2.1826652828568855
2023-11-26T00:00:00,Lower_Forest_Soilwater,1.452332641428443
2023-11-27T00:00:00,Lower_Forest_Soilwater,3.298291320714222
2023-11-28T00:00:00,Lower_Forest_Soilwater,1.649145660357111
2023-11-29T00:00:00,Lower_Forest_Soilwater,1.1178853301785554
2023-11-30T00:00:00,Lower_Forest_Soilwater,0.5589426650892777
2023-12-01T00:00:00,Lower_Forest_Soilwater,1.497846332544639
2023-12-02T00:00:00,Lower_Forest_Soilwater,7.29204816627232
2023-12-03T00:00:00,Lower_Forest_Soilwater,5.15771158313616
2023-12-04T00:00:00,Lower_Forest_Soilwater,2.57885579156808
2023-12-05T00:00:00,Lower_Forest_Soilwater,1.2894278957840397
2023-12-06T00:00:00,Lower_Forest_Soilwater,0.6447139478920199
2023-12-07T00:00:00,Lower_Forest_Soilwater,0.32235697394600993
2023-12-08T00:00:00,Lower_Forest_Soilwater,0.477053486973005
2023-12-09T00:00:00,Lower_Forest_Soilwater,0.2385267434865025
2023-12-10T00:00:00,Lower_Forest_Soilwater,0.11926337174325119
2023-12-11T00:00:00,Lower_Forest_Soilwater,0.059631685871625595
2023-12-12T00:00:00,Lower_Forest_Soilwater,0.029815842935812853
2023-12-13T00:00:00,Lower_Forest_Soilwater,0.2405329214679064
2023-12-14T00:00:00,Lower_Forest_Soilwater,0.1202664607339532
2023-12-15T00:00:00,Lower_Forest_Soilwater,0.0601332303669766
2023-12-16T00:00:00,Lower_Forest_Soilwater,1.2935666151834884
2023-12-17T00:00:00,Lower_Forest_Soilwater,0.6467833075917442
2023-12-18T00:00:00,Lower_Forest_Soilwater,0.3233916537958721
2023-12-19T00:00:00,Lower_Forest_Soilwater,0.522695826897936
2023-12-20T00:00:00,Lower_Forest_Soilwater,1.660222913448968
2023-12-21T00:00:00,Lower_Forest_Soilwater,1.1459864567244842
2023-12-22T00:00:00,Lower_Forest_Soilwater,0.5729932283622421
2023-12-23T00:00:00,Lower_Forest_Soilwater,3.4678091141811214
2023-12-24T00:00:00,Lower_Forest_Soilwater,2.478467057090561
2023-12-25T00:00:00,Lower_Forest_Soilwater,1.2392335285452805
2023-12-26T00:00:00,Lower_Forest_Soilwater,0.6196167642726402
2023-12-27T00:00:00,Lower_Forest_Soilwater,1.09949588213632
2023-12-28T00:00:00,Lower_Forest_Soilwater,3.4603104410681604
2023-12-29T00:00:00,Lower_Forest_Soilwater,2.0911552205340804
2023-12-30T00:00:00,Lower_Forest_Soilwater,1.4968276102670401
2023-12-31T00:00:00,Lower_Forest_Soilwater,1.22222630513352
2024-01-01T00:00:00,Lower_Forest_Soilwater,1.19773815256676
2024-01-02T00:00:00,Lower_Forest_Soilwater,1.1403690762833802
2024-01-03T00:00:00,Lower_Forest_Soilwater,0.5701845381416901
2024-01-04T00:00:00,Lower_Forest_Soilwater,1.255279769070845
2024-01-05T00:00:00,Lower_Forest_Soilwater,1.2593898845354223
2024-01-06T00:00:00,Lower_Forest_Soilwater,0.6296949422677112
2024-01-07T00:00:00,Lower_Forest_Soilwater,0.3148474711338556
2024-01-08T00:00:00,Lower_Forest_Soilwater,0.1574237355669278
2024-01-09T00:00:00,Lower_Forest_Soilwater,0.07871186778346395
2024-01-10T00:00:00,Lower_Forest_Soilwater,0.039355933891731976
2024-01-11T00:00:00,Lower_Forest_Soilwater,0.019677966945865988
2024-01-12T00:00:00,Lower_Forest_Soilwater,0.009838983472932994
2024-01-13T00:00:00,Lower_Forest_Soilwater,0.0049194917364665525
2024-01-14T00:00:00,Lower_Forest_Soilwater,0.0024597458682332762
2024-01-15T00:00:00,Lower_Forest_Soilwater,0.7232298729341167
2024-01-16T00:00:00,Lower_Forest_Soilwater,4.016739936467058
2024-01-17T00:00:00,Lower_Forest_Soilwater,2.008369968233529
2024-01-18T00:00:00,Lower_Forest_Soilwater,1.3651849841167643
2024-01-19T00:00:00,Lower_Forest_Soilwater,1.8332799920583822
2024-01-20T00:00:00,Lower_Forest_Soilwater,1.638639996029191
2024-01-21T00:00:00,Lower_Forest_Soilwater,3.0755699980145956
2024-01-22T00:00:00,Lower_Forest_Soilwater,1.6957224990072977
2024-01-23T00:00:00,Lower_Forest_Soilwater,0.8478612495036488
2024-01-24T00:00:00,Lower_Forest_Soilwater,0.4239306247518244
2024-01-25T00:00:00,Lower_Forest_Soilwater,0.2119653123759122
2024-01-26T00:00:00,Lower_Forest_Soilwater,0.1059826561879561
2024-01-27T00:00:00,Lower_Forest_Soilwater,0.052991328093977996
2024-01-28T00:00:00,Lower_Forest_Soilwater,0.026495664046988998
2024-01-29T00:00:00,Lower_Forest_Soilwater,0.013247832023494555
2024-01-30T00:00:00,Lower_Forest_Soilwater,0.8865614160117472
2024-01-31T00:00:00,Lower_Forest_Soilwater,0.8268432080058736
2024-02-01T00:00:00,Lower_Forest_Soilwater,0.4134216040029368
2024-02-02T00:00:00,Lower_Forest_Soilwater,0.7030858020014685
2024-02-03T00:00:00,Lower_Forest_Soilwater,0.35154290100073426
2024-02-04T00:00:00,Lower_Forest_Soilwater,0.17577145050036713
2024-02-05T00:00:00,Lower_Forest_Soilwater,0.08788572525018357
2024-02-06T00:00:00,Lower_Forest_Soilwater,0.04394286262509173
2024-02-07T00:00:00,Lower_Forest_Soilwater,0.021971431312545864
2024-02-08T00:00:00,Lower_Forest_Soilwater,0.010985715656272932
2024-02-09T00:00:00,Lower_Forest_Soilwater,0.005492857828136466
2024-02-10T00:00:00,Lower_Forest_Soilwater,0.0027464289140681775
2024-02-11T00:00:00,Lower_Forest_Soilwater,0.272123214457034
2024-02-12T00:00:00,Lower_Forest_Soilwater,0.47449910722851696
2024-02-13T00:00:00,Lower_Forest_Soilwater,0.23724955361425848
2024-02-14T00:00:00,Lower_Forest_Soilwater,0.11862477680712924
2024-02-15T00:00:00,Lower_Forest_Soilwater,0.5331248884035646
2024-02-16T00:00:00,Lower_Forest_Soilwater,0.26656244420178243
2024-02-17T00:00:00,Lower_Forest_Soilwater,0.13328122210089122
2024-02-18T00:00:00,Lower_Forest_Soilwater,0.06664061105044561
2024-02-19T00:00:00,Lower_Forest_Soilwater,0.033320305525222804
2024-02-20T00:00:00,Lower_Forest_Soilwater,0.016660152762611347
2024-02-21T00:00:00,Lower_Forest_Soilwater,0.008330076381305673
2024-02-22T00:00:00,Lower_Forest_Soilwater,0.004165038190652837
2024-02-23T00:00:00,Lower_Forest_Soilwater,0.0020825190953264183
2024-02-24T00:00:00,Lower_Forest_Soilwater,0.0010412595476632092
2024-02-25T00:00:00,Lower_Forest_Soilwater,0.4066456297738317
2024-02-26T00:00:00,Lower_Forest_Soilwater,0.20332281488691584
2024-02-27T00:00:00,Lower_Forest_Soilwater,0.10166140744345786
2024-02-28T00:00:00,Lower_Forest_Soilwater,3.141893203721729
2024-02-29T00:00:00,Lower_Forest_Soilwater,2.9021341018608644
2024-03-01T00:00:00,Lower_Forest_Soilwater,1.9700045509304323
2024-03-02T00:00:00,Lower_Forest_Soilwater,1.278314775465216
2024-03-03T00:00:00,Lower_Forest_Soilwater,0.639157387732608
2024-03-04T00:00:00,Lower_Forest_Soilwater,0.3195786938663039
2024-03-05T00:00:00,Lower_Forest_Soilwater,0.15978934693315194
2024-03-06T00:00:00,Lower_Forest_Soilwater,1.2982696734665762
2024-03-07T00:00:00,Lower_Forest_Soilwater,2.183384836733288
2024-03-08T00:00:00,Lower_Forest_Soilwater,1.091692418366644
2024-03-09T00:00:00,Lower_Forest_Soilwater,0.7263462091833222
2024-03-10T00:00:00,Lower_Forest_Soilwater,0.3631731045916611
2024-03-11T00:00:00,Lower_Forest_Soilwater,0.6102740522958305
2024-03-12T00:00:00,Lower_Forest_Soilwater,0.30513702614791516
2024-03-13T00:00:00,Lower_Forest_Soilwater,1.2806935130739578
2024-03-14T00:00:00,Lower_Forest_Soilwater,0.6403467565369789
2024-03-15T00:00:00,Lower_Forest_Soilwater,0.32017337826848946
2024-03-16T00:00:00,Lower_Forest_Soilwater,0.3857116891342447
2024-03-17T00:00:00,Lower_Forest_Soilwater,0.9825433445671223
2024-03-18T00:00:00,Lower_Forest_Soilwater,0.716896672283561
2024-03-19T00:00:00,Lower_Forest_Soilwater,0.6517608361417806
2024-03-20T00:00:00,Lower_Forest_Soilwater,0.7320054180708904
2024-03-21T00:00:00,Lower_Forest_Soilwater,0.3660027090354452
2024-03-22T00:00:00,Lower_Forest_Soilwater,0.1830013545177226
2024-03-23T00:00:00,Lower_Forest_Soilwater,0.2945631772588613
2024-03-24T00:00:00,Lower_Forest_Soilwater,0.35034408862943067
2024-03-25T00:00:00,Lower_Forest_Soilwater,0.4684845443147152
2024-03-26T00:00:00,Lower_Forest_Soilwater,0.8434297721573576
2024-03-27T00:00:00,Lower_Forest_Soilwater,1.301652386078679
2024-03-28T00:00:00,Lower_Forest_Soilwater,1.4856386930393395
2024-03-29T00:00:00,Lower_Forest_Soilwater,0.7428193465196697
2024-03-30T00:00:00,Lower_Forest_Soilwater,0.37140967325983487
2024-03-31T00:00:00,Lower_Forest_Soilwater,0.9753923366299175
2024-04-01T00:00:00,Lower_Forest_Soilwater,0.7133211683149587
2024-04-02T00:00:00,Lower_Forest_Soilwater,1.2140355841574795
2024-04-03T00:00:00,Lower_Forest_Soilwater,0.6070177920787398
2024-04-04T00:00:00,Lower_Forest_Soilwater,0.3035088960393699
2024-04-05T00:00:00,Lower_Forest_Soilwater,0.44506694801968494
2024-04-06T00:00:00,Lower_Forest_Soilwater,0.22253347400984247
2024-04-07T00:00:00,Lower_Forest_Soilwater,0.11126673700492118
2024-04-08T00:00:00,Lower_Forest_Soilwater,0.05563336850246059
2024-04-09T00:00:00,Lower_Forest_Soilwater,1.0205666842512304
2024-04-10T00:00:00,Lower_Forest_Soilwater,0.5102833421256152
2024-04-11T00:00:00,Lower_Forest_Soilwater,0.2551416710628076
2024-04-12T00:00:00,Lower_Forest_Soilwater,0.4885708355314038
2024-04-13T00:00:00,Lower_Forest_Soilwater,0.2442854177657019
2024-04-14T00:00:00,Lower_Forest_Soilwater,0.12214270888285095
2024-04-15T00:00:00,Lower_Forest_Soilwater,0.06107135444142542
2024-04-16T00:00:00,Lower_Forest_Soilwater,0.2561606772207128
2024-04-17T00:00:00,Lower_Forest_Soilwater,1.4367053386103565
2024-04-18T00:00:00,Lower_Forest_Soilwater,0.7183526693051783
2024-04-19T00:00:00,Lower_Forest_Soilwater,0.35917633465258914
2024-04-20T00:00:00,Lower_Forest_Soilwater,0.17958816732629457
2024-04-21T00:00:00,Lower_Forest_Soilwater,0.27029408366314733
2024-04-22T00:00:00,Lower_Forest_Soilwater,0.13514704183157367
2024-04-23T00:00:00,Lower_Forest_Soilwater,0.06757352091578683
2024-04-24T00:00:00,Lower_Forest_Soilwater,0.03378676045789342
2024-04-25T00:00:00,Lower_Forest_Soilwater,0.01689338022894671
2024-04-26T00:00:00,Lower_Forest_Soilwater,0.008446690114473299
2024-04-27T00:00:00,Lower_Forest_Soilwater,0.004223345057236649
2024-04-28T00:00:00,Lower_Forest_Soilwater,0.0021116725286183247
2024-04-29T00:00:00,Lower_Forest_Soilwater,0.4974308362643092
2024-04-30T00:00:00,Lower_Forest_Soilwater,0.2487154181321546
2024-05-01T00:00:00,Lower_Forest_Soilwater,0.12435770906607724
2024-05-02T00:00:00,Lower_Forest_Soilwater,0.4683038545330387
2024-05-03T00:00:00,Lower_Forest_Soilwater,0.23415192726651934
2024-05-04T00:00:00,Lower_Forest_Soilwater,0.11707596363325967
2024-05-05T00:00:00,Lower_Forest_Soilwater,0.058537981816629836
2024-05-06T00:00:00,Lower_Forest_Soilwater,0.029268990908314918
2024-05-07T00:00:00,Lower_Forest_Soilwater,0.39819699545415754
2024-05-08T00:00:00,Lower_Forest_Soilwater,0.7631609977270788
2024-05-09T00:00:00,Lower_Forest_Soilwater,1.9609554988635391
2024-05-10T00:00:00,Lower_Forest_Soilwater,1.4317277494317695
2024-05-11T00:00:00,Lower_Forest_Soilwater,1.1896763747158847
2024-05-12T00:00:00,Lower_Forest_Soilwater,0.5948381873579422
2024-05-13T00:00:00,Lower_Forest_Soilwater,0.748669093678971
2024-05-14T00:00:00,Lower_Forest_Soilwater,1.0060845468394854
2024-05-15T00:00:00,Lower_Forest_Soilwater,0.9994172734197426
2024-05-16T00:00:00,Lower_Forest_Soilwater,0.9509586367098712
2024-05-17T00:00:00,Lower_Forest_Soilwater,0.47547931835493573
2024-05-18T00:00:00,Lower_Forest_Soilwater,0.23773965917746787
2024-05-19T00:00:00,Lower_Forest_Soilwater,0.11886982958873393
2024-05-20T00:00:00,Lower_Forest_Soilwater,0.21737241479436697
2024-05-21T00:00:00,Lower_Forest_Soilwater,0.26662370739718355
2024-05-22T00:00:00,Lower_Forest_Soilwater,0.13331185369859178
2024-05-23T00:00:00,Lower_Forest_Soilwater,0.06665592684929589
2024-05-24T00:00:00,Lower_Forest_Soilwater,0.033327963424647944
2024-05-25T00:00:00,Lower_Forest_Soilwater,0.016663981712323972
2024-05-26T00:00:00,Lower_Forest_Soilwater,0.008331990856161986
2024-05-27T00:00:00,Lower_Forest_Soilwater,0.0041659954280810485
2024-05-28T00:00:00,Lower_Forest_Soilwater,0.0020829977140405243
2024-05-29T00:00:00,Lower_Forest_Soilwater,0.0010414988570202066
2024-05-30T00:00:00,Lower_Forest_Soilwater,0.0005207494285101033
2024-05-31T00:00:00,Lower_Forest_Soilwater,0.00026037471425510716
2024-06-01T00:00:00,Lower_Forest_Soilwater,0.00013018735712755358
2024-06-02T00:00:00,Lower_Forest_Soilwater,6.509367856377679e-05
2024-06-03T00:00:00,Lower_Forest_Soilwater,3.2546839281888396e-05
2024-06-04T00:00:00,Lower_Forest_Soilwater,1.6273419640944198e-05
2024-06-05T00:00:00,Lower_Forest_Soilwater,8.136709820472099e-06
2024-06-06T00:00:00,Lower_Forest_Soilwater,4.068354910291561e-06
2024-06-07T00:00:00,Lower_Forest_Soilwater,2.0341774551457803e-06
2024-06-08T00:00:00,Lower_Forest_Soilwater,1.0170887275728901e-06
2024-06-09T00:00:00,Lower_Forest_Soilwater,5.085443637309339e-07
2024-06-10T00:00:00,Lower_Forest_Soilwater,2.5427218186546696e-07
2024-06-11T00:00:00,Lower_Forest_Soilwater,1.2713609098824463e-07
2024-06-12T00:00:00,Lower_Forest_Soilwater,6.356804549412232e-08
2024-06-13T00:00:00,Lower_Forest_Soilwater,3.178402274706116e-08
2024-06-14T00:00:00,Lower_Forest_Soilwater,1.589201137353058e-08
2024-06-15T00:00:00,Lower_Forest_Soilwater,7.946005631254138e-09
2024-06-16T00:00:00,Lower_Forest_Soilwater,3.973002815627069e-09
2024-06-17T00:00:00,Lower_Forest_Soilwater,1.9865014078135346e-09
2024-06-18T00:00:00,Lower_Forest_Soilwater,9.932507039067673e-10
2024-06-19T00:00:00,Lower_Forest_Soilwater,4.966254074645349e-10
2024-06-20T00:00:00,Lower_Forest_Soilwater,2.4831270373226744e-10
2024-06-21T00:00:00,Lower_Forest_Soilwater,1.2415635186613372e-10
2024-06-22T00:00:00,Lower_Forest_Soilwater,6.207812042191563e-11
2024-06-23T00:00:00,Lower_Forest_Soilwater,3.1039060210957814e-11
2024-06-24T00:00:00,Lower_Forest_Soilwater,1.5519585616630138e-11
2024-06-25T00:00:00,Lower_Forest_Soilwater,7.759792808315069e-12
2024-06-26T00:00:00,Lower_Forest_Soilwater,3.8798964041575346e-12
2024-06-27T00:00:00,Lower_Forest_Soilwater,1.9400037132299985e-12
2024-06-28T00:00:00,Lower_Forest_Soilwater,9.700018566149993e-13
2024-06-29T00:00:00,Lower_Forest_Soilwater,4.849454171562684e-13
2024-06-30T00:00:00,Lower_Forest_Soilwater,2.424727085781342e-13
2024-07-01T00:00:00,Lower_Forest_Soilwater,1.212363542890671e-13
2024-07-02T00:00:00,Lower_Forest_Soilwater,6.061817714453355e-14
2024-07-03T00:00:00,Lower_Forest_Soilwater,3.0309088572266774e-14
2024-07-04T00:00:00,Lower_Forest_Soilwater,1.509903313490213e-14
2024-07-05T00:00:00,Lower_Forest_Soilwater,7.549516567451064e-15
2024-07-06T00:00:00,Lower_Forest_Soilwater,3.774758283725532e-15
2024-07-07T00:00:00,Lower_Forest_Soilwater,1.887379141862766e-15
2024-07-08T00:00:00,Lower_Forest_Soilwater,8.881784197001252e-16
2024-07-09T00:00:00,Lower_Forest_Soilwater,4.440892098500626e-16
2024-07-10T00:00:00,Lower_Forest_Soilwater,2.220446049250313e-16
2024-07-11T00:00:00,Lower_Forest_Soilwater,1.1102230246251565e-16
2024-07-12T00:00:00,Lower_Forest_Soilwater,0.0
2024-07-13T00:00:00,Lower_Forest_Soilwater,2.79775
2024-07-14T00:00:00,Lower_Forest_Soilwater,2.301375
2024-07-15T00:00:00,Lower_Forest_Soilwater,1.1506875
2024-07-16T00:00:00,Lower_Forest_Soilwater,1.29734375
2024-07-17T00:00:00,Lower_Forest_Soilwater,1.5962968750000002
2024-07-18T00:00:00,Lower_Forest_Soilwater,1.1365859375
2024-07-19T00:00:00,Lower_Forest_Soilwater,2.3958554687499998
2024-07-20T00:00:00,Lower_Forest_Soilwater,1.5363652343749998
2024-07-21T00:00:00,Lower_Forest_Soilwater,0.7681826171874999
2024-07-22T00:00:00,Lower_Forest_Soilwater,0.38409130859374985
2024-07-23T00:00:00,Lower_Forest_Soilwater,0.6884206542968749
2024-07-24T00:00:00,Lower_Forest_Soilwater,0.3442103271484376
2024-07-25T00:00:00,Lower_Forest_Soilwater,0.1721051635742188
2024-07-26T00:00:00,Lower_Forest_Soilwater,0.0860525817871094
2024-07-27T00:00:00,Lower_Forest_Soilwater,0.0430262908935547
2024-07-28T00:00:00,Lower_Forest_Soilwater,0.021513145446777404
2024-07-29T00:00:00,Lower_Forest_Soilwater,0.010756572723388702
2024-07-30T00:00:00,Lower_Forest_Soilwater,0.005378286361694351
2024-07-31T00:00:00,Lower_Forest_Soilwater,0.00268914318084712
2024-08-01T00:00:00,Lower_Forest_Soilwater,0.00134457159042356
2024-08-02T00:00:00,Lower_Forest_Soilwater,0.0006722857952117245
2024-08-03T00:00:00,Lower_Forest_Soilwater,0.00033614289760586225
2024-08-04T00:00:00,Lower_Forest_Soilwater,0.00016807144880293112
2024-08-05T00:00:00,Lower_Forest_Soilwater,8.403572440141005e-05
2024-08-06T00:00:00,Lower_Forest_Soilwater,4.2017862200705025e-05
2024-08-07T00:00:00,Lower_Forest_Soilwater,2.1008931100352513e-05
2024-08-08T00:00:00,Lower_Forest_Soilwater,0.4512605044655502
2024-08-09T00:00:00,Lower_Forest_Soilwater,0.9025052522327752
2024-08-10T00:00:00,Lower_Forest_Soilwater,0.6994401261163876
2024-08-11T00:00:00,Lower_Forest_Soilwater,0.3497200630581938
2024-08-12T00:00:00,Lower_Forest_Soilwater,0.1748600315290969
2024-08-13T00:00:00,Lower_Forest_Soilwater,0.08743001576454845
2024-08-14T00:00:00,Lower_Forest_Soilwater,0.49496500788227427
2024-08-15T00:00:00,Lower_Forest_Soilwater,0.24748250394113713
2024-08-16T00:00:00,Lower_Forest_Soilwater,0.12374125197056851
2024-08-17T00:00:00,Lower_Forest_Soilwater,0.061870625985284255
2024-08-18T00:00:00,Lower_Forest_Soilwater,0.030935312992642183
2024-08-19T00:00:00,Lower_Forest_Soilwater,0.3764676564963212
2024-08-20T00:00:00,Lower_Forest_Soilwater,0.1882338282481606
2024-08-21T00:00:00,Lower_Forest_Soilwater,0.5002419141240804
2024-08-22T00:00:00,Lower_Forest_Soilwater,0.2501209570620402
2024-08-23T00:00:00,Lower_Forest_Soilwater,0.1250604785310201
2024-08-24T00:00:00,Lower_Forest_Soilwater,0.06253023926551005
2024-08-25T00:00:00,Lower_Forest_Soilwater,0.03126511963275502
2024-08-26T00:00:00,Lower_Forest_Soilwater,0.5796950598163777
2024-08-27T00:00:00,Lower_Forest_Soilwater,0.6282850299081888
2024-08-28T00:00:00,Lower_Forest_Soilwater,0.3141425149540944
2024-08-29T00:00:00,Lower_Forest_Soilwater,0.49550875747704715
2024-08-30T00:00:00,Lower_Forest_Soilwater,0.24775437873852357
2024-08-31T00:00:00,Lower_Forest_Soilwater,0.12387718936926184
2024-09-01T00:00:00,Lower_Forest_Soilwater,1.054688594684631
2024-09-02T00:00:00,Lower_Forest_Soilwater,0.5273442973423155
2024-09-03T00:00:00,Lower_Forest_Soilwater,0.26367214867115774
2024-09-04T00:00:00,Lower_Forest_Soilwater,0.13183607433557887
2024-09-05T00:00:00,Lower_Forest_Soilwater,0.06591803716778943
2024-09-06T00:00:00,Lower_Forest_Soilwater,0.03295901858389472
2024-09-07T00:00:00,Lower_Forest_Soilwater,0.016479509291947414
2024-09-08T00:00:00,Lower_Forest_Soilwater,0.008239754645973707
2024-09-09T00:00:00,Lower_Forest_Soilwater,1.763994877322987
2024-09-10T00:00:00,Lower_Forest_Soilwater,2.4388099386614934
2024-09-11T00:00:00,Lower_Forest_Soilwater,1.2194049693307467
2024-09-12T00:00:00,Lower_Forest_Soilwater,0.6097024846653734
2024-09-13T00:00:00,Lower_Forest_Soilwater,1.9067887423326866
2024-09-14T00:00:00,Lower_Forest_Soilwater,1.4497693711663433
2024-09-15T00:00:00,Lower_Forest_Soilwater,1.7401971855831717
2024-09-16T00:00:00,Lower_Forest_Soilwater,0.8700985927915859
2024-09-17T00:00:00,Lower_Forest_Soilwater,0.43504929639579304
2024-09-18T00:00:00,Lower_Forest_Soilwater,0.21752464819789652
2024-09-19T00:00:00,Lower_Forest_Soilwater,0.6502623240989482
2024-09-20T00:00:00,Lower_Forest_Soilwater,0.3251311620494741
2024-09-21T00:00:00,Lower_Forest_Soilwater,0.16256558102473706
2024-09-22T00:00:00,Lower_Forest_Soilwater,0.08128279051236853
2024-09-23T00:00:00,Lower_Forest_Soilwater,0.040641395256184265
2024-09-24T00:00:00,Lower_Forest_Soilwater,0.020320697628092077
2024-09-25T00:00:00,Lower_Forest_Soilwater,1.4090353488140464
2024-09-26T00:00:00,Lower_Forest_Soilwater,0.7045176744070232
2024-09-27T00:00:00,Lower_Forest_Soilwater,0.3522588372035116
2024-09-28T00:00:00,Lower_Forest_Soilwater,0.1761294186017558
2024-09-29T00:00:00,Lower_Forest_Soilwater,0.08806470930087795
2024-09-30T00:00:00,Lower_Forest_Soilwater,0.044032354650438976
2024-10-01T00:00:00,Lower_Forest_Soilwater,0.022016177325219433
2024-10-02T00:00:00,Lower_Forest_Soilwater,0.011008088662609716
2024-10-03T00:00:00,Lower_Forest_Soilwater,0.005504044331304803
2024-10-04T00:00:00,Lower_Forest_Soilwater,0.0027520221656524013
2024-10-05T00:00:00,Lower_Forest_Soilwater,0.0013760110828262562
2024-10-06T00:00:00,Lower_Forest_Soilwater,0.0006880055414131281
2024-10-07T00:00:00,Lower_Forest_Soilwater,0.00034400277070656404
2024-10-08T00:00:00,Lower_Forest_Soilwater,0.0001720013853532265
2024-10-09T00:00:00,Lower_Forest_Soilwater,0.31596100069267674
2024-10-10T00:00:00,Lower_Forest_Soilwater,2.1886055003463385
2024-10-11T00:00:00,Lower_Forest_Soilwater,1.0943027501731692
2024-10-12T00:00:00,Lower_Forest_Soilwater,0.5471513750865846
2024-10-13T00:00:00,Lower_Forest_Soilwater,0.2735756875432922
2024-10-14T00:00:00,Lower_Forest_Soilwater,0.1367878437716461
2024-10-15T00:00:00,Lower_Forest_Soilwater,0.06839392188582305
2024-10-16T00:00:00,Lower_Forest_Soilwater,0.03419696094291158
2024-10-17T00:00:00,Lower_Forest_Soilwater,0.01709848047145579
2024-10-18T00:00:00,Lower_Forest_Soilwater,0.008549240235727895
2024-10-19T00:00:00,Lower_Forest_Soilwater,0.004274620117863948
2024-10-20T00:00:00,Lower_Forest_Soilwater,0.0021373100589319183
2024-10-21T00:00:00,Lower_Forest_Soilwater,0.0010686550294659591
2024-10-22T00:00:00,Lower_Forest_Soilwater,0.0005343275147329241
2024-10-23T00:00:00,Lower_Forest_Soilwater,0.00026716375736646203
2024-10-24T00:00:00,Lower_Forest_Soilwater,0.0001335818786831755
2024-10-25T00:00:00,Lower_Forest_Soilwater,6.679093934158775e-05
2024-10-26T00:00:00,Lower_Forest_Soilwater,3.3395469670738365e-05
2024-10-27T00:00:00,Lower_Forest_Soilwater,1.6697734835369182e-05
2024-10-28T00:00:00,Lower_Forest_Soilwater,0.2256333488674176
2024-10-29T00:00:00,Lower_Forest_Soilwater,0.1128166744337088
2024-10-30T00:00:00,Lower_Forest_Soilwater,4.749408337216854
2024-10-31T00:00:00,Lower_Forest_Soilwater,3.344891668608427
2024-11-01T00:00:00,Lower_Forest_Soilwater,2.2590708343042136
2024-11-02T00:00:00,Lower_Forest_Soilwater,1.1295354171521068
2024-11-03T00:00:00,Lower_Forest_Soilwater,0.8806427085760533
2024-11-04T00:00:00,Lower_Forest_Soilwater,0.44032135428802666
2024-11-05T00:00:00,Lower_Forest_Soilwater,0.22016067714401333
2024-11-06T00:00:00,Lower_Forest_Soilwater,0.11008033857200661
2024-11-07T00:00:00,Lower_Forest_Soilwater,0.055040169286003304
2024-11-08T00:00:00,Lower_Forest_Soilwater,4.043645084643002
2024-11-09T00:00:00,Lower_Forest_Soilwater,2.021822542321501
2024-11-10T00:00:00,Lower_Forest_Soilwater,1.0109112711607504
2024-11-11T00:00:00,Lower_Forest_Soilwater,3.438580635580375
2024-11-12T00:00:00,Lower_Forest_Soilwater,1.7192903177901875
2024-11-13T00:00:00,Lower_Forest_Soilwater,0.8596451588950937
2024-11-14T00:00:00,Lower_Forest_Soilwater,0.8585100794475471
2024-11-15T00:00:00,Lower_Forest_Soilwater,0.42925503972377355
2024-11-16T00:00:00,Lower_Forest_Soilwater,0.5079400198618869
2024-11-17T00:00:00,Lower_Forest_Soilwater,0.25397000993094343
2024-11-18T00:00:00,Lower_Forest_Soilwater,1.6612350049654716
2024-11-19T00:00:00,Lower_Forest_Soilwater,0.8306175024827358
2024-11-20T00:00:00,Lower_Forest_Soilwater,0.4153087512413678
2024-11-21T00:00:00,Lower_Forest_Soilwater,0.2076543756206839
2024-11-22T00:00:00,Lower_Forest_Soilwater,0.10382718781034195
2024-11-23T00:00:00,Lower_Forest_Soilwater,0.05191359390517092
2024-11-24T00:00:00,Lower_Forest_Soilwater,0.02595679695258546
2024-11-25T00:00:00,Lower_Forest_Soilwater,0.012978398476292785
2024-11-26T00:00:00,Lower_Forest_Soilwater,0.0064891992381463925
2024-11-27T00:00:00,Lower_Forest_Soilwater,0.0032445996190731963
2024-11-28T00:00:00,Lower_Forest_Soilwater,0.0016222998095365426
2024-11-29T00:00:00,Lower_Forest_Soilwater,0.0008111499047682713
2024-11-30T00:00:00,Lower_Forest_Soilwater,0.6547180749523842
2024-12-01T00:00:00,Lower_Forest_Soilwater,2.109796537476192
2024-12-02T00:00:00,Lower_Forest_Soilwater,1.3933357687380958
2024-12-03T00:00:00,Lower_Forest_Soilwater,1.0351053843690479
2024-12-04T00:00:00,Lower_Forest_Soilwater,0.5175526921845239
2024-12-05T00:00:00,Lower_Forest_Soilwater,0.2587763460922621
2024-12-06T00:00:00,Lower_Forest_Soilwater,0.12938817304613104
2024-12-07T00:00:00,Lower_Forest_Soilwater,0.06469408652306552
2024-12-08T00:00:00,Lower_Forest_Soilwater,0.032347043261532704
2024-12-09T00:00:00,Lower_Forest_Soilwater,0.016173521630766352
2024-12-10T00:00:00,Lower_Forest_Soilwater,0.008086760815383176
2024-12-11T00:00:00,Lower_Forest_Soilwater,0.004043380407691588
2024-12-12T00:00:00,Lower_Forest_Soilwater,0.002021690203845794
2024-12-13T00:00:00,Lower_Forest_Soilwater,0.0010108451019228415
2024-12-14T00:00:00,Lower_Forest_Soilwater,0.0005054225509614207
2024-12-15T00:00:00,Lower_Forest_Soilwater,0.00025271127548065486
2024-12-16T00:00:00,Lower_Forest_Soilwater,1.6697513556377404
2024-12-17T00:00:00,Lower_Forest_Soilwater,2.43681317781887
2024-12-18T00:00:00,Lower_Forest_Soilwater,2.278844088909435
2024-12-19T00:00:00,Lower_Forest_Soilwater,1.1394220444547174
2024-12-20T00:00:00,Lower_Forest_Soilwater,1.4722110222273588
2024-12-21T00:00:00,Lower_Forest_Soilwater,0.7361055111136794
2024-12-22T00:00:00,Lower_Forest_Soilwater,0.3680527555568398
2024-12-23T00:00:00,Lower_Forest_Soilwater,0.49990137777842003
2024-12-24T00:00:00,Lower_Forest_Soilwater,0.61095068888921
2024-12-25T00:00:00,Lower_Forest_Soilwater,0.305475344444605
2024-12-26T00:00:00,Lower_Forest_Soilwater,0.1527376722223025
2024-12-27T00:00:00,Lower_Forest_Soilwater,0.0763688361111512
2024-12-28T00:00:00,Lower_Forest_Soilwater,0.5796844180555756
2024-12-29T00:00:00,Lower_Forest_Soilwater,0.2898422090277877
2024-12-30T00:00:00,Lower_Forest_Soilwater,0.14492110451389384
2024-12-31T00:00:00,Lower_Forest_Soilwater,0.07246055225694692
2025-01-01T00:00:00,Lower_Forest_Soilwater,0.036230276128473404
2025-01-02T00:00:00,Lower_Forest_Soilwater,0.018115138064236702
2025-01-03T00:00:00,Lower_Forest_Soilwater,0.009057569032118407
2025-01-04T00:00:00,Lower_Forest_Soilwater,0.004528784516059203
2025-01-05T00:00:00,Lower_Forest_Soilwater,1.5590768922580294
2025-01-06T00:00:00,Lower_Forest_Soilwater,0.7795384461290147
2025-01-07T00:00:00,Lower_Forest_Soilwater,0.38976922306450734
2025-01-08T00:00:00,Lower_Forest_Soilwater,1.5937596115322537
2025-01-09T00:00:00,Lower_Forest_Soilwater,0.7968798057661268
2025-01-10T00:00:00,Lower_Forest_Soilwater,0.3984399028830634
2025-01-11T00:00:00,Lower_Forest_Soilwater,0.1992199514415317
2025-01-12T00:00:00,Lower_Forest_Soilwater,0.0996099757207658
2025-01-13T00:00:00,Lower_Forest_Soilwater,0.0498049878603829
2025-01-14T00:00:00,Lower_Forest_Soilwater,0.024902493930191394
2025-01-15T00:00:00,Lower_Forest_Soilwater,0.012451246965095697
2025-01-16T00:00:00,Lower_Forest_Soilwater,0.0062256234825478485
2025-01-17T00:00:00,Lower_Forest_Soilwater,2.958800311741274
2025-01-18T00:00:00,Lower_Forest_Soilwater,1.479400155870637
2025-01-19T00:00:00,Lower_Forest_Soilwater,0.7397000779353184
2025-01-20T00:00:00,Lower_Forest_Soilwater,0.36985003896765933
2025-01-21T00:00:00,Lower_Forest_Soilwater,0.18492501948382967
2025-01-22T00:00:00,Lower_Forest_Soilwater,1.378525009741915
2025-01-23T00:00:00,Lower_Forest_Soilwater,1.0728250048709576
2025-01-24T00:00:00,Lower_Forest_Soilwater,0.5364125024354789
2025-01-25T00:00:00,Lower_Forest_Soilwater,0.8548312512177394
2025-01-26T00:00:00,Lower_Forest_Soilwater,0.4274156256088697
2025-01-27T00:00:00,Lower_Forest_Soilwater,0.7100828128044347
2025-01-28T00:00:00,Lower_Forest_Soilwater,3.5589164064022176
2025-01-29T00:00:00,Lower_Forest_Soilwater,1.7794582032011088
2025-01-30T00:00:00,Lower_Forest_Soilwater,0.8897291016005544
2025-01-31T00:00:00,Lower_Forest_Soilwater,0.7607395508002774
2025-02-01T00:00:00,Lower_Forest_Soilwater,0.7639322754001387
2025-02-02T00:00:00,Lower_Forest_Soilwater,0.3819661377000694
2025-02-03T00:00:00,Lower_Forest_Soilwater,2.153920568850035
2025-02-04T00:00:00,Lower_Forest_Soilwater,3.1075852844250176
2025-02-05T00:00:00,Lower_Forest_Soilwater,2.3209176422125086
2025-02-06T00:00:00,Lower_Forest_Soilwater,1.4763338211062544
2025-02-07T00:00:00,Lower_Forest_Soilwater,1.369916910553127
2025-02-08T00:00:00,Lower_Forest_Soilwater,0.6849584552765635
2025-02-09T00:00:00,Lower_Forest_Soilwater,2.6212917276382814
2025-02-10T00:00:00,Lower_Forest_Soilwater,1.6716458638191405
2025-02-11T00:00:00,Lower_Forest_Soilwater,0.8358229319095702
2025-02-12T00:00:00,Lower_Forest_Soilwater,1.0722239659547852
2025-02-13T00:00:00,Lower_Forest_Soilwater,0.5361119829773926
2025-02-14T00:00:00,Lower_Forest_Soilwater,0.40343099148869643
2025-02-15T00:00:00,Lower_Forest_Soilwater,0.7883404957443481
2025-02-16T00:00:00,Lower_Forest_Soilwater,0.39417024787217403
2025-02-17T00:00:00,Lower_Forest_Soilwater,0.19708512393608701
2025-02-18T00:00:00,Lower_Forest_Soilwater,0.39185506196804365
2025-02-19T00:00:00,Lower_Forest_Soilwater,0.19592753098402182
2025-02-20T00:00:00,Lower_Forest_Soilwater,0.504088765492011
2025-02-21T00:00:00,Lower_Forest_Soilwater,0.5002318827460055
2025-02-22T00:00:00,Lower_Forest_Soilwater,0.25011594137300275
2025-02-23T00:00:00,Lower_Forest_Soilwater,0.12505797068650137
2025-02-24T00:00:00,Lower_Forest_Soilwater,0.06252898534325069
2025-02-25T00:00:00,Lower_Forest_Soilwater,0.031264492671625344
2025-02-26T00:00:00,Lower_Forest_Soilwater,0.3089447463358126
2025-02-27T00:00:00,Lower_Forest_Soilwater,0.1544723731679063
2025-02-28T00:00:00,Lower_Forest_Soilwater,0.07723618658395315
2025-03-01T00:00:00,Lower_Forest_Soilwater,0.03861809329197663
2025-03-02T00:00:00,Lower_Forest_Soilwater,0.019309046645988315
2025-03-03T00:00:00,Lower_Forest_Soilwater,0.009654523322994102
2025-03-04T00:00:00,Lower_Forest_Soilwater,0.004827261661497051
2025-03-05T00:00:00,Lower_Forest_Soilwater,1.3336011308307487
2025-03-06T00:00:00,Lower_Forest_Soilwater,0.6668005654153744
2025-03-07T00:00:00,Lower_Forest_Soilwater,1.2584627827076873
2025-03-08T00:00:00,Lower_Forest_Soilwater,1.0804813913538436
2025-03-09T00:00:00,Lower_Forest_Soilwater,0.5402406956769217
2025-03-10T00:00:00,Lower_Forest_Soilwater,0.27012034783846084
2025-03-11T00:00:00,Lower_Forest_Soilwater,0.38324767391923054
2025-03-12T00:00:00,Lower_Forest_Soilwater,0.19162383695961527
2025-03-13T00:00:00,Lower_Forest_Soilwater,0.09581191847980763
2025-03-14T00:00:00,Lower_Forest_Soilwater,0.04790595923990382
2025-03-15T00:00:00,Lower_Forest_Soilwater,0.02395297961995191
2025-03-16T00:00:00,Lower_Forest_Soilwater,0.6437264898099759
2025-03-17T00:00:00,Lower_Forest_Soilwater,0.637738244904988
2025-03-18T00:00:00,Lower_Forest_Soilwater,0.318869122452494
2025-03-19T00:00:00,Lower_Forest_Soilwater,0.159434561226247
2025-03-20T00:00:00,Lower_Forest_Soilwater,0.07971728061312344
2025-03-21T00:00:00,Lower_Forest_Soilwater,0.6941711403065618
2025-03-22T00:00:00,Lower_Forest_Soilwater,0.3470855701532809
2025-03-23T00:00:00,Lower_Forest_Soilwater,0.6022302850766406
2025-03-24T00:00:00,Lower_Forest_Soilwater,0.3011151425383203
2025-03-25T00:00:00,Lower_Forest_Soilwater,0.7823075712691603
2025-03-26T00:00:00,Lower_Forest_Soilwater,0.68446628563458
2025-03-27T00:00:00,Lower_Forest_Soilwater,1.2898581428172902
2025-03-28T00:00:00,Lower_Forest_Soilwater,1.231554071408645
2025-03-29T00:00:00,Lower_Forest_Soilwater,2.2628395357043227
2025-03-30T00:00:00,Lower_Forest_Soilwater,1.1314197678521614
2025-03-31T00:00:00,Lower_Forest_Soilwater,0.5657098839260808
2025-04-01T00:00:00,Lower_Forest_Soilwater,0.2828549419630404
2025-04-02T00:00:00,Lower_Forest_Soilwater,0.1414274709815202
2025-04-03T00:00:00,Lower_Forest_Soilwater,0.0707137354907601
2025-04-04T00:00:00,Lower_Forest_Soilwater,0.19329436774538
2025-04-05T00:00:00,Lower_Forest_Soilwater,0.3448346838726901
2025-04-06T00:00:00,Lower_Forest_Soilwater,0.984667341936345
2025-04-07T00:00:00,Lower_Forest_Soilwater,0.6502711709681726
2025-04-08T00:00:00,Lower_Forest_Soilwater,0.6635730854840862
2025-04-09T00:00:00,Lower_Forest_Soilwater,0.805599042742043
2025-04-10T00:00:00,Lower_Forest_Soilwater,0.5381745213710214
2025-04-11T00:00:00,Lower_Forest_Soilwater,2.908899760685511
2025-04-12T00:00:00,Lower_Forest_Soilwater,1.9959498803427556
2025-04-13T00:00:00,Lower_Forest_Soilwater,1.2687249401713778
2025-04-14T00:00:00,Lower_Forest_Soilwater,0.6343624700856889
2025-04-15T00:00:00,Lower_Forest_Soilwater,0.31718123504284446
2025-04-16T00:00:00,Lower_Forest_Soilwater,0.15859061752142223
2025-04-17T00:00:00,Lower_Forest_Soilwater,0.28235780876071104
2025-04-18T00:00:00,Lower_Forest_Soilwater,0.14117890438035552
2025-04-19T00:00:00,Lower_Forest_Soilwater,0.07058945219017776
2025-04-20T00:00:00,Lower_Forest_Soilwater,0.03529472609508888
2025-04-21T00:00:00,Lower_Forest_Soilwater,0.01764736304754444
2025-04-22T00:00:00,Lower_Forest_Soilwater,0.00882368152377222
2025-04-23T00:00:00,Lower_Forest_Soilwater,0.0044118407618860545
2025-04-24T00:00:00,Lower_Forest_Soilwater,0.0022059203809430272
2025-04-25T00:00:00,Lower_Forest_Soilwater,0.0011029601904715136
2025-04-26T00:00:00,Lower_Forest_Soilwater,0.0005514800952357568
2025-04-27T00:00:00,Lower_Forest_Soilwater,0.0002757400476178784
2025-04-28T00:00:00,Lower_Forest_Soilwater,0.0001378700238089392
2025-04-29T00:00:00,Lower_Forest_Soilwater,0.20313143501190456
2025-04-30T00:00:00,Lower_Forest_Soilwater,0.10156571750595234
2025-05-01T00:00:00,Lower_Forest_Soilwater,0.05078285875297617
2025-05-02T00:00:00,Lower_Forest_Soilwater,0.025391429376488084
2025-05-03T00:00:00,Lower_Forest_Soilwater,1.1633832146882441
2025-05-04T00:00:00,Lower_Forest_Soilwater,0.5816916073441221
2025-05-05T00:00:00,Lower_Forest_Soilwater,0.5390333036720609
2025-05-06T00:00:00,Lower_Forest_Soilwater,0.26951665183603035
2025-05-07T00:00:00,Lower_Forest_Soilwater,0.13475832591801518
2025-05-08T00:00:00,Lower_Forest_Soilwater,0.06737916295900759
2025-05-09T00:00:00,Lower_Forest_Soilwater,0.03368958147950374
2025-05-10T00:00:00,Lower_Forest_Soilwater,2.047469790739752
2025-05-11T00:00:00,Lower_Forest_Soilwater,1.249359895369876
2025-05-12T00:00:00,Lower_Forest_Soilwater,0.8954299476849381
2025-05-13T00:00:00,Lower_Forest_Soilwater,0.898964973842469
2025-05-14T00:00:00,Lower_Forest_Soilwater,0.6751074869212346
2025-05-15T00:00:00,Lower_Forest_Soilwater,0.3375537434606173
2025-05-16T00:00:00,Lower_Forest_Soilwater,0.7102768717303087
2025-05-17T00:00:00,Lower_Forest_Soilwater,0.35513843586515437
2025-05-18T00:00:00,Lower_Forest_Soilwater,0.6739442179325772
2025-05-19T00:00:00,Lower_Forest_Soilwater,0.5174721089662886
2025-05-20T00:00:00,Lower_Forest_Soilwater,0.2587360544831443
2025-05-21T00:00:00,Lower_Forest_Soilwater,0.12936802724157215
2025-05-22T00:00:00,Lower_Forest_Soilwater,0.922059013620786
2025-05-23T00:00:00,Lower_Forest_Soilwater,1.0025295068103932
2025-05-24T00:00:00,Lower_Forest_Soilwater,3.028264753405197
2025-05-25T00:00:00,Lower_Forest_Soilwater,1.5141323767025985
2025-05-26T00:00:00,Lower_Forest_Soilwater,0.7570661883512992
2025-05-27T00:00:00,Lower_Forest_Soilwater,0.3785330941756495
2025-05-28T00:00:00,Lower_Forest_Soilwater,0.18926654708782475
2025-05-29T00:00:00,Lower_Forest_Soilwater,0.09463327354391238
2025-05-30T00:00:00,Lower_Forest_Soilwater,0.5662541367719562
2025-05-31T00:00:00,Lower_Forest_Soilwater,0.2831270683859781
2025-06-01T00:00:00,Lower_Forest_Soilwater,0.14156353419298906
2025-06-02T00:00:00,Lower_Forest_Soilwater,0.9507192670964946
2025-06-03T00:00:00,Lower_Forest_Soilwater,0.4753596335482473
2025-06-04T00:00:00,Lower_Forest_Soilwater,0.23767981677412364
2025-06-05T00:00:00,Lower_Forest_Soilwater,0.11883990838706182
2025-06-06T00:00:00,Lower_Forest_Soilwater,0.059419954193530966
2025-06-07T00:00:00,Lower_Forest_Soilwater,0.029709977096765483
2025-06-08T00:00:00,Lower_Forest_Soilwater,0.014854988548382742
2025-06-09T00:00:00,Lower_Forest_Soilwater,0.007427494274191426
2025-06-10T00:00:00,Lower_Forest_Soilwater,0.45496374713709575
2025-06-11T00:00:00,Lower_Forest_Soilwater,0.22748187356854788
2025-06-12T00:00:00,Lower_Forest_Soilwater,0.11374093678427388
2025-06-13T00:00:00,Lower_Forest_Soilwater,0.05687046839213694
2025-06-14T00:00:00,Lower_Forest_Soilwater,3.8866227341960684
2025-06-15T00:00:00,Lower_Forest_Soilwater,1.9433113670980342
2025-06-16T00:00:00,Lower_Forest_Soilwater,1.6710931835490173
2025-06-17T00:00:00,Lower_Forest_Soilwater,0.8355465917745086
2025-06-18T00:00:00,Lower_Forest_Soilwater,0.4177732958872542
2025-06-19T00:00:00,Lower_Forest_Soilwater,2.713324147943627
2025-06-20T00:00:00,Lower_Forest_Soilwater,1.6274120739718136
2025-06-21T00:00:00,Lower_Forest_Soilwater,0.8137060369859068
2025-06-22T00:00:00,Lower_Forest_Soilwater,0.4068530184929533
2025-06-23T00:00:00,Lower_Forest_Soilwater,0.20342650924647665
2025-06-24T00:00:00,Lower_Forest_Soilwater,0.10171325462323833
2025-06-25T00:00:00,Lower_Forest_Soilwater,0.38929412731161905
2025-06-26T00:00:00,Lower_Forest_Soilwater,0.19464706365580953
2025-06-27T00:00:00,Lower_Forest_Soilwater,0.09732353182790476
2025-06-28T00:00:00,Lower_Forest_Soilwater,0.048661765913952326
2025-06-29T00:00:00,Lower_Forest_Soilwater,0.024330882956976163
2025-06-30T00:00:00,Lower_Forest_Soilwater,0.012165441478488082
2025-07-01T00:00:00,Lower_Forest_Soilwater,0.006082720739243985
2025-07-02T00:00:00,Lower_Forest_Soilwater,0.0030413603696219926
2025-07-03T00:00:00,Lower_Forest_Soilwater,0.0015206801848109963
2025-07-04T00:00:00,Lower_Forest_Soilwater,0.0007603400924054426
2025-07-05T00:00:00,Lower_Forest_Soilwater,0.0003801700462027213
2025-07-06T00:00:00,Lower_Forest_Soilwater,0.00019008502310136066
2025-07-07T00:00:00,Lower_Forest_Soilwater,0.9025950425115505
2025-07-08T00:00:00,Lower_Forest_Soilwater,2.369110021255775
2025-07-09T00:00:00,Lower_Forest_Soilwater,3.7115550106278876
2025-07-10T00:00:00,Lower_Forest_Soilwater,1.8557775053139438
2025-07-11T00:00:00,Lower_Forest_Soilwater,0.9278887526569719
2025-07-12T00:00:00,Lower_Forest_Soilwater,0.46394437632848584
2025-07-13T00:00:00,Lower_Forest_Soilwater,0.638097188164243
2025-07-14T00:00:00,Lower_Forest_Soilwater,0.3190485940821215
2025-07-15T00:00:00,Lower_Forest_Soilwater,0.15952429704106075
2025-07-16T00:00:00,Lower_Forest_Soilwater,0.07976214852053043
2025-07-17T00:00:00,Lower_Forest_Soilwater,0.039881074260265215
2025-07-18T00:00:00,Lower_Forest_Soilwater,0.26812803713013267
2025-07-19T00:00:00,Lower_Forest_Soilwater,0.13406401856506633
2025-07-20T00:00:00,Lower_Forest_Soilwater,0.06703200928253317
2025-07-21T00:00:00,Lower_Forest_Soilwater,0.033516004641266584
2025-07-22T00:00:00,Lower_Forest_Soilwater,0.016758002320633292
2025-07-23T00:00:00,Lower_Forest_Soilwater,0.008379001160316646
2025-07-24T00:00:00,Lower_Forest_Soilwater,0.004189500580158323
2025-07-25T00:00:00,Lower_Forest_Soilwater,0.002094750290079217
2025-07-26T00:00:00,Lower_Forest_Soilwater,0.0010473751450396085
2025-07-27T00:00:00,Lower_Forest_Soilwater,0.0005236875725198598
2025-07-28T00:00:00,Lower_Forest_Soilwater,0.0002618437862599299
2025-07-29T00:00:00,Lower_Forest_Soilwater,0.00013092189313002045
2025-07-30T00:00:00,Lower_Forest_Soilwater,6.546094656501023e-05
2025-07-31T00:00:00,Lower_Forest_Soilwater,2.5721577304732826
2025-08-01T00:00:00,Lower_Forest_Soilwater,1.2860788652366413
2025-08-02T00:00:00,Lower_Forest_Soilwater,0.6430394326183206
2025-08-03T00:00:00,Lower_Forest_Soilwater,0.3215197163091603
2025-08-04T00:00:00,Lower_Forest_Soilwater,0.16075985815458016
2025-08-05T00:00:00,Lower_Forest_Soilwater,0.08037992907729008
2025-08-06T00:00:00,Lower_Forest_Soilwater,0.44631496453864505
2025-08-07T00:00:00,Lower_Forest_Soilwater,1.6445949822693224
2025-08-08T00:00:00,Lower_Forest_Soilwater,2.221172491134661
2025-08-09T00:00:00,Lower_Forest_Soilwater,1.7423362455673308
2025-08-10T00:00:00,Lower_Forest_Soilwater,1.2998556227836655
2025-08-11T00:00:00,Lower_Forest_Soilwater,1.3268028113918326
2025-08-12T00:00:00,Lower_Forest_Soilwater,0.6634014056959163
2025-08-13T00:00:00,Lower_Forest_Soilwater,0.33170070284795816
2025-08-14T00:00:00,Lower_Forest_Soilwater,0.16585035142397908
2025-08-15T00:00:00,Lower_Forest_Soilwater,0.08292517571198954
2025-08-16T00:00:00,Lower_Forest_Soilwater,0.04146258785599477
2025-08-17T00:00:00,Lower_Forest_Soilwater,0.02073129392799733
2025-08-18T00:00:00,Lower_Forest_Soilwater,0.010365646963998665
2025-08-19T00:00:00,Lower_Forest_Soilwater,4.517682823482
2025-08-20T00:00:00,Lower_Forest_Soilwater,2.258841411741
2025-08-21T00:00:00,Lower_Forest_Soilwater,1.1294207058705
2025-08-22T00:00:00,Lower_Forest_Soilwater,0.56471035293525
2025-08-23T00:00:00,Lower_Forest_Soilwater,0.28235517646762487
2025-08-24T00:00:00,Lower_Forest_Soilwater,0.14117758823381243
2025-08-25T00:00:00,Lower_Forest_Soilwater,0.07058879411690622
2025-08-26T00:00:00,Lower_Forest_Soilwater,0.035294397058453164
2025-08-27T00:00:00,Lower_Forest_Soilwater,0.017647198529226582
2025-08-28T00:00:00,Lower_Forest_Soilwater,0.008823599264613291
2025-08-29T00:00:00,Lower_Forest_Soilwater,0.0044117996323066455
2025-08-30T00:00:00,Lower_Forest_Soilwater,1.2205808998161534
2025-08-31T00:00:00,Lower_Forest_Soilwater,1.3322904499080765
2025-09-01T00:00:00,Lower_Forest_Soilwater,0.6661452249540383
2025-09-02T00:00:00,Lower_Forest_Soilwater,0.33307261247701914
2025-09-03T00:00:00,Lower_Forest_Soilwater,0.6629113062385095
2025-09-04T00:00:00,Lower_Forest_Soilwater,0.33145565311925473
2025-09-05T00:00:00,Lower_Forest_Soilwater,0.16572782655962737
2025-09-06T00:00:00,Lower_Forest_Soilwater,0.08286391327981368
2025-09-07T00:00:00,Lower_Forest_Soilwater,0.04143195663990684
2025-09-08T00:00:00,Lower_Forest_Soilwater,0.02071597831995342
2025-09-09T00:00:00,Lower_Forest_Soilwater,0.010357989159976766
2025-09-10T00:00:00,Lower_Forest_Soilwater,0.005178994579988383
2025-09-11T00:00:00,Lower_Forest_Soilwater,0.002589497289994247
2025-09-12T00:00:00,Lower_Forest_Soilwater,1.197107248644997
2025-09-13T00:00:00,Lower_Forest_Soilwater,0.5985536243224985
2025-09-14T00:00:00,Lower_Forest_Soilwater,0.29927681216124924
2025-09-15T00:00:00,Lower_Forest_Soilwater,0.14963840608062462
2025-09-16T00:00:00,Lower_Forest_Soilwater,0.07481920304031231
2025-09-17T00:00:00,Lower_Forest_Soilwater,0.037409601520156155
2025-09-18T00:00:00,Lower_Forest_Soilwater,0.31201730076007816
2025-09-19T00:00:00,Lower_Forest_Soilwater,2.186633650380039
2025-09-20T00:00:00,Lower_Forest_Soilwater,1.0933168251900196
2025-09-21T00:00:00,Lower_Forest_Soilwater,0.5466584125950098
2025-09-22T00:00:00,Lower_Forest_Soilwater,0.6343292062975048
2025-09-23T00:00:00,Lower_Forest_Soilwater,0.5879146031487523
2025-09-24T00:00:00,Lower_Forest_Soilwater,0.29395730157437616
2025-09-25T00:00:00,Lower_Forest_Soilwater,0.14697865078718808
2025-09-26T00:00:00,Lower_Forest_Soilwater,0.07348932539359398
2025-09-27T00:00:00,Lower_Forest_Soilwater,1.548432162696797
2025-09-28T00:00:00,Lower_Forest_Soilwater,3.120716081348398
2025-09-29T00:00:00,Lower_Forest_Soilwater,1.560358040674199
2025-09-30T00:00:00,Lower_Forest_Soilwater,0.7801790203370995
2025-10-01T00:00:00,Lower_Forest_Soilwater,0.39008951016854976
2025-10-02T00:00:00,Lower_Forest_Soilwater,0.19504475508427488
2025-10-03T00:00:00,Lower_Forest_Soilwater,0.7518348775421373
2025-10-04T00:00:00,Lower_Forest_Soilwater,0.37591743877106865
2025-10-05T00:00:00,Lower_Forest_Soilwater,0.18795871938553432
2025-10-06T00:00:00,Lower_Forest_Soilwater,0.09397935969276716
2025-10-07T00:00:00,Lower_Forest_Soilwater,0.04698967984638358
2025-10-08T00:00:00,Lower_Forest_Soilwater,0.02349483992319179
2025-10-09T00:00:00,Lower_Forest_Soilwater,0.011747419961595895
2025-10-10T00:00:00,Lower_Forest_Soilwater,0.005873709980797948
2025-10-11T00:00:00,Lower_Forest_Soilwater,0.002936854990398974
2025-10-12T00:00:00,Lower_Forest_Soilwater,0.001468427495199487
2025-10-13T00:00:00,Lower_Forest_Soilwater,0.0007342137475997434
2025-10-14T00:00:00,Lower_Forest_Soilwater,0.0003671068737998162
2025-10-15T00:00:00,Lower_Forest_Soilwater,0.0001835534368999081
2025-10-16T00:00:00,Lower_Forest_Soilwater,9.177671844995405e-05
2025-10-17T00:00:00,Lower_Forest_Soilwater,4.5888359224921516e-05
2025-10-18T00:00:00,Lower_Forest_Soilwater,2.2944179612460758e-05
2025-10-19T00:00:00,Lower_Forest_Soilwater,0.27076147208980617
2025-10-20T00:00:00,Lower_Forest_Soilwater,0.13538073604490308
2025-10-21T00:00:00,Lower_Forest_Soilwater,1.7147528680224515
2025-10-22T00:00:00,Lower_Forest_Soilwater,0.8573764340112258
2025-10-23T00:00:00,Lower_Forest_Soilwater,0.42868821700561277
2025-10-24T00:00:00,Lower_Forest_Soilwater,0.21434410850280639
2025-10-25T00:00:00,Lower_Forest_Soilwater,0.10717205425140319
2025-10-26T00:00:00,Lower_Forest_Soilwater,0.053586027125701596
2025-10-27T00:00:00,Lower_Forest_Soilwater,0.026793013562850798
2025-10-28T00:00:00,Lower_Forest_Soilwater,0.013396506781425455
2025-10-29T00:00:00,Lower_Forest_Soilwater,0.006698253390712727
2025-10-30T00:00:00,Lower_Forest_Soilwater,4.1999741266953565
2025-10-31T00:00:00,Lower_Forest_Soilwater,2.0999870633476783
2025-11-01T00:00:00,Lower_Forest_Soilwater,1.0499935316738391
2025-11-02T00:00:00,Lower_Forest_Soilwater,2.7361217658369195
2025-11-03T00:00:00,Lower_Forest_Soilwater,1.36806088291846
2025-11-04T00:00:00,Lower_Forest_Soilwater,0.68403044145923
2025-11-05T00:00:00,Lower_Forest_Soilwater,0.703015220729615
2025-11-06T00:00:00,Lower_Forest_Soilwater,4.029195110364808
2025-11-07T00:00:00,Lower_Forest_Soilwater,4.609285055182404
2025-11-08T00:00:00,Lower_Forest_Soilwater,2.304642527591202
2025-11-09T00:00:00,Lower_Forest_Soilwater,2.6188837637956013
2025-11-10T00:00:00,Lower_Forest_Soilwater,1.3094418818978006
2025-11-11T00:00:00,Lower_Forest_Soilwater,3.0914709409489003
2025-11-12T00:00:00,Lower_Forest_Soilwater,1.5457354704744501
2025-11-13T00:00:00,Lower_Forest_Soilwater,1.878430235237225
2025-11-14T00:00:00,Lower_Forest_Soilwater,0.9392151176186125
2025-11-15T00:00:00,Lower_Forest_Soilwater,1.7556700588093062
2025-11-16T00:00:00,Lower_Forest_Soilwater,0.8778350294046531
2025-11-17T00:00:00,Lower_Forest_Soilwater,1.7249800147023269
2025-11-18T00:00:00,Lower_Forest_Soilwater,1.3363025073511636
2025-11-19T00:00:00,Lower_Forest_Soilwater,1.976776253675582
2025-11-20T00:00:00,Lower_Forest_Soilwater,1.868325626837791
2025-11-21T00:00:00,Lower_Forest_Soilwater,0.9341628134188955
2025-11-22T00:00:00,Lower_Forest_Soilwater,0.46708140670944776
2025-11-23T00:00:00,Lower_Forest_Soilwater,1.4067907033547238
2025-11-24T00:00:00,Lower_Forest_Soilwater,0.9741453516773619
2025-11-25T00:00:00,Lower_Forest_Soilwater,1.096260175838681
2025-11-26T00:00:00,Lower_Forest_Soilwater,1.2926925879193405
2025-11-27T00:00:00,Lower_Forest_Soilwater,0.6463462939596702
2025-11-28T00:00:00,Lower_Forest_Soilwater,0.3231731469798351
2025-11-29T00:00:00,Lower_Forest_Soilwater,0.16158657348991756
2025-11-30T00:00:00,Lower_Forest_Soilwater,0.08079328674495878
2025-12-01T00:00:00,Lower_Forest_Soilwater,0.04039664337247939
2025-12-02T00:00:00,Lower_Forest_Soilwater,0.020198321686239695
2025-12-03T00:00:00,Lower_Forest_Soilwater,0.010099160843119792
2025-12-04T00:00:00,Lower_Forest_Soilwater,0.005049580421559896
2025-12-05T00:00:00,Lower_Forest_Soilwater,0.0025247902107798925
2025-12-06T00:00:00,Lower_Forest_Soilwater,0.0012623951053899463
2025-12-07T00:00:00,Lower_Forest_Soilwater,0.0006311975526949176
2025-12-08T00:00:00,Lower_Forest_Soilwater,0.0003155987763474588
2025-12-09T00:00:00,Lower_Forest_Soilwater,1.0605952993881735
2025-12-10T00:00:00,Lower_Forest_Soilwater,0.5302976496940868
2025-12-11T00:00:00,Lower_Forest_Soilwater,0.2651488248470435
2025-12-12T00:00:00,Lower_Forest_Soilwater,0.13257441242352175
2025-12-13T00:00:00,Lower_Forest_Soilwater,0.06628720621176087
2025-12-14T00:00:00,Lower_Forest_Soilwater,0.03314360310588049
2025-12-15T00:00:00,Lower_Forest_Soilwater,0.016571801552940246
2025-12-16T00:00:00,Lower_Forest_Soilwater,0.008285900776470179
2025-12-17T00:00:00,Lower_Forest_Soilwater,0.004142950388235089
2025-12-18T00:00:00,Lower_Forest_Soilwater,0.0020714751941175447
2025-12-19T00:00:00,Lower_Forest_Soilwater,0.0010357375970587723
2025-12-20T00:00:00,Lower_Forest_Soilwater,0.0005178687985294417
2025-12-21T00:00:00,Lower_Forest_Soilwater,0.00025893439926472084
2025-12-22T00:00:00,Lower_Forest_Soilwater,5.144379467199633
2025-12-23T00:00:00,Lower_Forest_Soilwater,3.0685647335998163
2025-12-24T00:00:00,Lower_Forest_Soilwater,1.534282366799908
2025-12-25T00:00:00,Lower_Forest_Soilwater,1.4440161833999539
2025-12-26T00:00:00,Lower_Forest_Soilwater,2.008070591699977
2025-12-27T00:00:00,Lower_Forest_Soilwater,1.0040352958499885
2025-12-28T00:00:00,Lower_Forest_Soilwater,0.5020176479249943
2025-12-29T00:00:00,Lower_Forest_Soilwater,0.251008823962497
2025-12-30T00:00:00,Lower_Forest_Soilwater,0.1255044119812485
2025-12-31T00:00:00,Lower_Forest_Soilwater,0.06275220599062425
2026-01-01T00:00:00,Lower_Forest_Soilwater,0.03137610299531213
2026-01-02T00:00:00,Lower_Forest_Soilwater,0.466938051497656
2026-01-03T00:00:00,Lower_Forest_Soilwater,0.233469025748828
2026-01-04T00:00:00,Lower_Forest_Soilwater,0.11673451287441394
2026-01-05T00:00:00,Lower_Forest_Soilwater,0.05836725643720697
2026-01-06T00:00:00,Lower_Forest_Soilwater,0.2548086282186035
2026-01-07T00:00:00,Lower_Forest_Soilwater,5.091154314109302
2026-01-08T00:00:00,Lower_Forest_Soilwater,3.9670146570546505
2026-01-09T00:00:00,Lower_Forest_Soilwater,2.5250073285273253
2026-01-10T00:00:00,Lower_Forest_Soilwater,1.2625036642636625
2026-01-11T00:00:00,Lower_Forest_Soilwater,0.6312518321318312
2026-01-12T00:00:00,Lower_Forest_Soilwater,2.5493134160659157
2026-01-13T00:00:00,Lower_Forest_Soilwater,1.2746567080329578
2026-01-14T00:00:00,Lower_Forest_Soilwater,0.6373283540164789
2026-01-15T00:00:00,Lower_Forest_Soilwater,0.31866417700823946
2026-01-16T00:00:00,Lower_Forest_Soilwater,0.15933208850411973
2026-01-17T00:00:00,Lower_Forest_Soilwater,0.07966604425205981
2026-01-18T00:00:00,Lower_Forest_Soilwater,3.04064552212603
2026-01-19T00:00:00,Lower_Forest_Soilwater,1.8813227610630152
2026-01-20T00:00:00,Lower_Forest_Soilwater,1.4144738805315078
2026-01-21T00:00:00,Lower_Forest_Soilwater,0.7072369402657539
2026-01-22T00:00:00,Lower_Forest_Soilwater,0.35361847013287706
2026-01-23T00:00:00,Lower_Forest_Soilwater,0.37987173506643845
2026-01-24T00:00:00,Lower_Forest_Soilwater,0.5960608675332193
2026-01-25T00:00:00,Lower_Forest_Soilwater,0.8846554337666095
2026-01-26T00:00:00,Lower_Forest_Soilwater,0.44232771688330486
2026-01-27T00:00:00,Lower_Forest_Soilwater,0.22116385844165243
2026-01-28T00:00:00,Lower_Forest_Soilwater,0.11058192922082621
2026-01-29T00:00:00,Lower_Forest_Soilwater,0.05529096461041316
2026-01-30T00:00:00,Lower_Forest_Soilwater,0.02764548230520658
2026-01-31T00:00:00,Lower_Forest_Soilwater,0.01382274115260329
2026-02-01T00:00:00,Lower_Forest_Soilwater,2.105223870576302
2026-02-02T00:00:00,Lower_Forest_Soilwater,1.052611935288151
2026-02-03T00:00:00,Lower_Forest_Soilwater,0.8421809676440755
2026-02-04T00:00:00,Lower_Forest_Soilwater,0.42109048382203773
2026-02-05T00:00:00,Lower_Forest_Soilwater,0.21054524191101887
2026-02-06T00:00:00,Lower_Forest_Soilwater,1.3687726209555096
2026-02-07T00:00:00,Lower_Forest_Soilwater,0.6843863104777548
2026-02-08T00:00:00,Lower_Forest_Soilwater,0.3421931552388773
2026-02-09T00:00:00,Lower_Forest_Soilwater,0.41928407761943864
2026-02-10T00:00:00,Lower_Forest_Soilwater,1.315204538809719
2026-02-11T00:00:00,Lower_Forest_Soilwater,0.6576022694048596
2026-02-12T00:00:00,Lower_Forest_Soilwater,0.3288011347024298
2026-02-13T00:00:00,Lower_Forest_Soilwater,0.1644005673512149
2026-02-14T00:00:00,Lower_Forest_Soilwater,0.0822002836756075
2026-02-15T00:00:00,Lower_Forest_Soilwater,0.04110014183780375
2026-02-16T00:00:00,Lower_Forest_Soilwater,0.02055007091890193
2026-02-17T00:00:00,Lower_Forest_Soilwater,0.010275035459450965
2026-02-18T00:00:00,Lower_Forest_Soilwater,0.005137517729725483
2026-02-19T00:00:00,Lower_Forest_Soilwater,0.0025687588648627413
2026-02-20T00:00:00,Lower_Forest_Soilwater,0.20434687943243135
2026-02-21T00:00:00,Lower_Forest_Soilwater,0.28267343971621584
2026-02-22T00:00:00,Lower_Forest_Soilwater,0.14133671985810792
2026-02-23T00:00:00,Lower_Forest_Soilwater,0.07066835992905396
2026-02-24T00:00:00,Lower_Forest_Soilwater,1.050646679964527
2026-02-25T00:00:00,Lower_Forest_Soilwater,0.5253233399822634
2026-02-26T00:00:00,Lower_Forest_Soilwater,0.2626616699911317
2026-02-27T00:00:00,Lower_Forest_Soilwater,0.13133083499556586
2026-02-28T00:00:00,Lower_Forest_Soilwater,0.06566541749778287
2026-03-01T00:00:00,Lower_Forest_Soilwater,0.03283270874889144
2026-03-02T00:00:00,Lower_Forest_Soilwater,0.016416354374445774
2026-03-03T00:00:00,Lower_Forest_Soilwater,0.008208177187222887
2026-03-04T00:00:00,Lower_Forest_Soilwater,0.0041040885936114435
2026-03-05T00:00:00,Lower_Forest_Soilwater,0.0020520442968057218
2026-03-06T00:00:00,Lower_Forest_Soilwater,0.0010260221484028609
2026-03-07T00:00:00,Lower_Forest_Soilwater,0.4066380110742014
2026-03-08T00:00:00,Lower_Forest_Soilwater,0.40638150553710073
2026-03-09T00:00:00,Lower_Forest_Soilwater,0.7898157527685503
2026-03-10T00:00:00,Lower_Forest_Soilwater,0.39490787638427527
2026-03-11T00:00:00,Lower_Forest_Soilwater,0.19745393819213763
2026-03-12T00:00:00,Lower_Forest_Soilwater,0.5274144690960689
2026-03-13T00:00:00,Lower_Forest_Soilwater,0.26370723454803446
2026-03-14T00:00:00,Lower_Forest_Soilwater,1.3727911172740175
2026-03-15T00:00:00,Lower_Forest_Soilwater,0.6863955586370087
2026-03-16T00:00:00,Lower_Forest_Soilwater,0.34319777931850437
2026-03-17T00:00:00,Lower_Forest_Soilwater,0.6905363896592522
2026-03-18T00:00:00,Lower_Forest_Soilwater,0.3452681948296261
2026-03-19T00:00:00,Lower_Forest_Soilwater,0.894634097414813
2026-03-20T00:00:00,Lower_Forest_Soilwater,1.7333795487074068
2026-03-21T00:00:00,Lower_Forest_Soilwater,0.8666897743537034
2026-03-22T00:00:00,Lower_Forest_Soilwater,0.4333448871768517
2026-03-23T00:00:00,Lower_Forest_Soilwater,0.6002349435884258
2026-03-24T00:00:00,Lower_Forest_Soilwater,0.3001174717942128
2026-03-25T00:00:00,Lower_Forest_Soilwater,0.1500587358971064
2026-03-26T00:00:00,Lower_Forest_Soilwater,0.0750293679485532
2026-03-27T00:00:00,Lower_Forest_Soilwater,0.0375146839742766
2026-03-28T00:00:00,Lower_Forest_Soilwater,0.0187573419871383
2026-03-29T00:00:00,Lower_Forest_Soilwater,0.00937867099356915
2026-03-30T00:00:00,Lower_Forest_Soilwater,0.004689335496784519
2026-03-31T00:00:00,Lower_Forest_Soilwater,0.5438446677483921
2026-04-01T00:00:00,Lower_Forest_Soilwater,0.27192233387419606
2026-04-02T00:00:00,Lower_Forest_Soilwater,0.13596116693709803
2026-04-03T00:00:00,Lower_Forest_Soilwater,0.338730583468549
2026-04-04T00:00:00,Lower_Forest_Soilwater,0.3724277917342744
2026-04-05T00:00:00,Lower_Forest_Soilwater,0.1862138958671372
2026-04-06T00:00:00,Lower_Forest_Soilwater,0.09310694793356866
2026-04-07T00:00:00,Lower_Forest_Soilwater,0.04655347396678433
2026-04-08T00:00:00,Lower_Forest_Soilwater,0.18121423698339223
2026-04-09T00:00:00,Lower_Forest_Soilwater,0.42904461849169606
2026-04-10T00:00:00,Lower_Forest_Soilwater,0.733459809245848
2026-04-11T00:00:00,Lower_Forest_Soilwater,0.366729904622924
2026-04-12T00:00:00,Lower_Forest_Soilwater,2.326802452311462
2026-04-13T00:00:00,Lower_Forest_Soilwater,1.592088726155731
2026-04-14T00:00:00,Lower_Forest_Soilwater,2.1046693630778655
2026-04-15T00:00:00,Lower_Forest_Soilwater,1.0523346815389327
2026-04-16T00:00:00,Lower_Forest_Soilwater,0.5261673407694665
2026-04-17T00:00:00,Lower_Forest_Soilwater,1.9327086703847334
2026-04-18T00:00:00,Lower_Forest_Soilwater,0.9663543351923667
2026-04-19T00:00:00,Lower_Forest_Soilwater,0.48317716759618334
2026-04-20T00:00:00,Lower_Forest_Soilwater,0.48977608379809157
2026-04-21T00:00:00,Lower_Forest_Soilwater,0.4479505418990457
2026-04-22T00:00:00,Lower_Forest_Soilwater,0.22397527094952285
2026-04-23T00:00:00,Lower_Forest_Soilwater,0.9468001354747613
2026-04-24T00:00:00,Lower_Forest_Soilwater,1.3533375677373805
2026-04-25T00:00:00,Lower_Forest_Soilwater,0.6766687838686902
2026-04-26T00:00:00,Lower_Forest_Soilwater,0.631646891934345
2026-04-27T00:00:00,Lower_Forest_Soilwater,0.3158234459671725
2026-04-28T00:00:00,Lower_Forest_Soilwater,1.286036722983586
2026-04-29T00:00:00,Lower_Forest_Soilwater,0.643018361491793
2026-04-30T00:00:00,Lower_Forest_Soilwater,1.2014466807458966
2026-05-01T00:00:00,Lower_Forest_Soilwater,0.8037858403729483
2026-05-02T00:00:00,Lower_Forest_Soilwater,1.2818304201864743
2026-05-03T00:00:00,Lower_Forest_Soilwater,3.190477710093237
2026-05-04T00:00:00,Lower_Forest_Soilwater,2.9038638550466187
2026-05-05T00:00:00,Lower_Forest_Soilwater,2.467244427523309
2026-05-06T00:00:00,Lower_Forest_Soilwater,1.7525597137616549
2026-05-07T00:00:00,Lower_Forest_Soilwater,0.8762798568808274
2026-05-08T00:00:00,Lower_Forest_Soilwater,0.4381399284404137
2026-05-09T00:00:00,Lower_Forest_Soilwater,0.21906996422020686
2026-05-10T00:00:00,Lower_Forest_Soilwater,0.10953498211010348
2026-05-11T00:00:00,Lower_Forest_Soilwater,0.6639549910550517
2026-05-12T00:00:00,Lower_Forest_Soilwater,0.33197749552752587
2026-05-13T00:00:00,Lower_Forest_Soilwater,0.16598874776376293
2026-05-14T00:00:00,Lower_Forest_Soilwater,0.08299437388188147
2026-05-15T00:00:00,Lower_Forest_Soilwater,0.04149718694094073
2026-05-16T00:00:00,Lower_Forest_Soilwater,0.02074859347047031
2026-05-17T00:00:00,Lower_Forest_Soilwater,0.010374296735235156
2026-05-18T00:00:00,Lower_Forest_Soilwater,0.005187148367617578
2026-05-19T00:00:00,Lower_Forest_Soilwater,0.002593574183808789
2026-05-20T00:00:00,Lower_Forest_Soilwater,0.0012967870919043945
2026-05-21T00:00:00,Lower_Forest_Soilwater,0.0006483935459522527
2026-05-22T00:00:00,Lower_Forest_Soilwater,0.00032419677297612637
2026-05-23T00:00:00,Lower_Forest_Soilwater,0.00016209838648806318
2026-05-24T00:00:00,Lower_Forest_Soilwater,1.3312685491932439
2026-05-25T00:00:00,Lower_Forest_Soilwater,0.6656342745966219
2026-05-26T00:00:00,Lower_Forest_Soilwater,0.7389421372983109
2026-05-27T00:00:00,Lower_Forest_Soilwater,0.3694710686491556
2026-05-28T00:00:00,Lower_Forest_Soilwater,0.1847355343245778
2026-05-29T00:00:00,Lower_Forest_Soilwater,0.0923677671622889
2026-05-30T00:00:00,Lower_Forest_Soilwater,0.04618388358114445
2026-05-31T00:00:00,Lower_Forest_Soilwater,0.023091941790572168
2026-06-01T00:00:00,Lower_Forest_Soilwater,0.462795970895286
2026-06-02T00:00:00,Lower_Forest_Soilwater,0.231397985447643
2026-06-03T00:00:00,Lower_Forest_Soilwater,0.7023239927238214
2026-06-04T00:00:00,Lower_Forest_Soilwater,0.3511619963619106
2026-06-05T00:00:00,Lower_Forest_Soilwater,1.3037059981809556
2026-06-06T00:00:00,Lower_Forest_Soilwater,0.8774779990904777
2026-06-07T00:00:00,Lower_Forest_Soilwater,0.4387389995452389
2026-06-08T00:00:00,Lower_Forest_Soilwater,0.21936949977261944
2026-06-09T00:00:00,Lower_Forest_Soilwater,0.10968474988630972
2026-06-10T00:00:00,Lower_Forest_Soilwater,0.054842374943154804
2026-06-11T00:00:00,Lower_Forest_Soilwater,0.027421187471577402
2026-06-12T00:00:00,Lower_Forest_Soilwater,0.013710593735788645
2026-06-13T00:00:00,Lower_Forest_Soilwater,0.006855296867894323
2026-06-14T00:00:00,Lower_Forest_Soilwater,0.0034276484339471613
2026-06-15T00:00:00,Lower_Forest_Soilwater,0.0017138242169736362
2026-06-16T00:00:00,Lower_Forest_Soilwater,0.0008569121084868181
2026-06-17T00:00:00,Lower_Forest_Soilwater,0.00042845605424335353
2026-06-18T00:00:00,Lower_Forest_Soilwater,0.00021422802712167677
2026-06-19T00:00:00,Lower_Forest_Soilwater,0.0001071140135608939
2026-06-20T00:00:00,Lower_Forest_Soilwater,1.4666160570067803
2026-06-21T00:00:00,Lower_Forest_Soilwater,0.7333080285033902
2026-06-22T00:00:00,Lower_Forest_Soilwater,0.36665401425169497
2026-06-23T00:00:00,Lower_Forest_Soilwater,0.6120145071258474
2026-06-24T00:00:00,Lower_Forest_Soilwater,0.3060072535629237
2026-06-25T00:00:00,Lower_Forest_Soilwater,0.15300362678146184
2026-06-26T00:00:00,Lower_Forest_Soilwater,1.362564313390731
2026-06-27T00:00:00,Lower_Forest_Soilwater,1.2002196566953656
2026-06-28T00:00:00,Lower_Forest_Soilwater,0.6001098283476827
2026-06-29T00:00:00,Lower_Forest_Soilwater,2.2404299141738413
2026-06-30T00:00:00,Lower_Forest_Soilwater,2.586777457086921
2026-07-01T00:00:00,Lower_Forest_Soilwater,1.2933887285434604
2026-07-02T00:00:00,Lower_Forest_Soilwater,0.6466943642717302
2026-07-03T00:00:00,Lower_Forest_Soilwater,0.3233471821358651
2026-07-04T00:00:00,Lower_Forest_Soilwater,0.16167359106793255
2026-07-05T00:00:00,Lower_Forest_Soilwater,0.08083679553396628
2026-07-06T00:00:00,Lower_Forest_Soilwater,0.040418397766983194
2026-07-07T00:00:00,Lower_Forest_Soilwater,0.020209198883491597
2026-07-08T00:00:00,Lower_Forest_Soilwater,0.010104599441745798
2026-07-09T00:00:00,Lower_Forest_Soilwater,0.005052299720872844
2026-07-10T00:00:00,Lower_Forest_Soilwater,0.002526149860436422
2026-07-11T00:00:00,Lower_Forest_Soilwater,0.0012630749302182664
2026-07-12T00:00:00,Lower_Forest_Soilwater,0.2713815374651092
2026-07-13T00:00:00,Lower_Forest_Soilwater,0.3161907687325547
2026-07-14T00:00:00,Lower_Forest_Soilwater,0.15809538436627735
2026-07-15T00:00:00,Lower_Forest_Soilwater,0.07904769218313867
2026-07-16T00:00:00,Lower_Forest_Soilwater,0.03952384609156934
2026-07-17T00:00:00,Lower_Forest_Soilwater,0.4935744230457846
2026-07-18T00:00:00,Lower_Forest_Soilwater,0.2467872115228923
2026-07-19T00:00:00,Lower_Forest_Soilwater,0.1233936057614462
2026-07-20T00:00:00,Lower_Forest_Soilwater,0.0616968028807231
2026-07-21T00:00:00,Lower_Forest_Soilwater,0.030848401440361606
2026-07-22T00:00:00,Lower_Forest_Soilwater,0.015424200720180803
2026-07-23T00:00:00,Lower_Forest_Soilwater,0.0077121003600904015
2026-07-24T00:00:00,Lower_Forest_Soilwater,0.0038560501800452007
2026-07-25T00:00:00,Lower_Forest_Soilwater,0.0019280250900226559
2026-07-26T00:00:00,Lower_Forest_Soilwater,0.31683901254501134
2026-07-27T00:00:00,Lower_Forest_Soilwater,0.15841950627250567
2026-07-28T00:00:00,Lower_Forest_Soilwater,0.07920975313625278
2026-07-29T00:00:00,Lower_Forest_Soilwater,0.03960487656812639
2026-07-30T00:00:00,Lower_Forest_Soilwater,0.313114938284063
2026-07-31T00:00:00,Lower_Forest_Soilwater,0.9688074691420314
2026-08-01T00:00:00,Lower_Forest_Soilwater,0.7551537345710158
2026-08-02T00:00:00,Lower_Forest_Soilwater,0.37757686728550777
2026-08-03T00:00:00,Lower_Forest_Soilwater,0.18878843364275388
2026-08-04T00:00:00,Lower_Forest_Soilwater,0.09439421682137694
2026-08-05T00:00:00,Lower_Forest_Soilwater,1.7393846084106883
2026-08-06T00:00:00,Lower_Forest_Soilwater,0.8696923042053442
2026-08-07T00:00:00,Lower_Forest_Soilwater,1.021471152102672
2026-08-08T00:00:00,Lower_Forest_Soilwater,0.5107355760513359
2026-08-09T00:00:00,Lower_Forest_Soilwater,1.293242788025668
2026-08-10T00:00:00,Lower_Forest_Soilwater,0.894808894012834
2026-08-11T00:00:00,Lower_Forest_Soilwater,0.4474044470064169
2026-08-12T00:00:00,Lower_Forest_Soilwater,2.5927647235032083
2026-08-13T00:00:00,Lower_Forest_Soilwater,3.3270073617516047
2026-08-14T00:00:00,Lower_Forest_Soilwater,1.6635036808758024
2026-08-15T00:00:00,Lower_Forest_Soilwater,0.8317518404379012
2026-08-16T00:00:00,Lower_Forest_Soilwater,1.9050009202189506
2026-08-17T00:00:00,Lower_Forest_Soilwater,4.427125460109475
2026-08-18T00:00:00,Lower_Forest_Soilwater,2.2135627300547376
2026-08-19T00:00:00,Lower_Forest_Soilwater,1.8739063650273686
2026-08-20T00:00:00,Lower_Forest_Soilwater,0.9369531825136843
2026-08-21T00:00:00,Lower_Forest_Soilwater,0.46847659125684205
2026-08-22T00:00:00,Lower_Forest_Soilwater,0.23423829562842102
2026-08-23T00:00:00,Lower_Forest_Soilwater,0.11711914781421051
2026-08-24T00:00:00,Lower_Forest_Soilwater,0.0585595739071052
2026-08-25T00:00:00,Lower_Forest_Soilwater,0.0292797869535526
2026-08-26T00:00:00,Lower_Forest_Soilwater,0.0146398934767763
2026-08-27T00:00:00,Lower_Forest_Soilwater,0.45856994673838813
2026-08-28T00:00:00,Lower_Forest_Soilwater,0.22928497336919407
2026-08-29T00:00:00,Lower_Forest_Soilwater,0.11464248668459698
2026-08-30T00:00:00,Lower_Forest_Soilwater,4.299071243342298
2026-08-31T00:00:00,Lower_Forest_Soilwater,3.3002231216711486
2026-09-01T00:00:00,Lower_Forest_Soilwater,2.5074865608355745
2026-09-02T00:00:00,Lower_Forest_Soilwater,1.885493280417787
2026-09-03T00:00:00,Lower_Forest_Soilwater,0.9427466402088935
2026-09-04T00:00:00,Lower_Forest_Soilwater,0.47137332010444677
2026-09-05T00:00:00,Lower_Forest_Soilwater,0.23568666005222338
2026-09-06T00:00:00,Lower_Forest_Soilwater,0.11784333002611169
2026-09-07T00:00:00,Lower_Forest_Soilwater,0.48760916501305585
2026-09-08T00:00:00,Lower_Forest_Soilwater,0.24380458250652792
2026-09-09T00:00:00,Lower_Forest_Soilwater,0.1219022912532639
2026-09-10T00:00:00,Lower_Forest_Soilwater,0.06095114562663195
2026-09-11T00:00:00,Lower_Forest_Soilwater,0.03047557281331592
2026-09-12T00:00:00,Lower_Forest_Soilwater,0.01523778640665796
2026-09-13T00:00:00,Lower_Forest_Soilwater,1.3613688932033288
2026-09-14T00:00:00,Lower_Forest_Soilwater,1.0642469466016644
2026-09-15T00:00:00,Lower_Forest_Soilwater,0.5321234733008322
2026-09-16T00:00:00,Lower_Forest_Soilwater,0.2660617366504161
2026-09-17T00:00:00,Lower_Forest_Soilwater,0.900155868325208
2026-09-18T00:00:00,Lower_Forest_Soilwater,0.923890434162604
2026-09-19T00:00:00,Lower_Forest_Soilwater,0.4619452170813019
2026-09-20T00:00:00,Lower_Forest_Soilwater,0.23097260854065094
2026-09-21T00:00:00,Lower_Forest_Soilwater,0.11548630427032547
2026-09-22T00:00:00,Lower_Forest_Soilwater,0.05774315213516279
2026-09-23T00:00:00,Lower_Forest_Soilwater,1.6082465760675815
2026-09-24T00:00:00,Lower_Forest_Soilwater,0.8041232880337907
2026-09-25T00:00:00,Lower_Forest_Soilwater,0.7856241440168954
2026-09-26T00:00:00,Lower_Forest_Soilwater,0.3928120720084478
2026-09-27T00:00:00,Lower_Forest_Soilwater,0.1964060360042239
2026-09-28T00:00:00,Lower_Forest_Soilwater,0.09820301800211195
2026-09-29T00:00:00,Lower_Forest_Soilwater,0.04910150900105603
2026-09-30T00:00:00,Lower_Forest_Soilwater,0.024550754500528016
2026-10-01T00:00:00,Lower_Forest_Soilwater,0.012275377250263952
2026-10-02T00:00:00,Lower_Forest_Soilwater,0.006137688625131976
2026-10-03T00:00:00,Lower_Forest_Soilwater,0.0030688443125659326
2026-10-04T00:00:00,Lower_Forest_Soilwater,0.0015344221562829663
2026-10-05T00:00:00,Lower_Forest_Soilwater,0.0007672110781414831
2026-10-06T00:00:00,Lower_Forest_Soilwater,1.1961961055390706
2026-10-07T00:00:00,Lower_Forest_Soilwater,1.0493480527695351
2026-10-08T00:00:00,Lower_Forest_Soilwater,3.9090490263847677
2026-10-09T00:00:00,Lower_Forest_Soilwater,4.097962013192384
2026-10-10T00:00:00,Lower_Forest_Soilwater,2.274606006596192
2026-10-11T00:00:00,Lower_Forest_Soilwater,1.137303003298096
2026-10-12T00:00:00,Lower_Forest_Soilwater,0.5686515016490481
2026-10-13T00:00:00,Lower_Forest_Soilwater,0.28432575082452405
2026-10-14T00:00:00,Lower_Forest_Soilwater,0.14216287541226202
2026-10-15T00:00:00,Lower_Forest_Soilwater,1.5827689377061311
2026-10-16T00:00:00,Lower_Forest_Soilwater,2.5061344688530656
2026-10-17T00:00:00,Lower_Forest_Soilwater,1.5689422344265331
2026-10-18T00:00:00,Lower_Forest_Soilwater,1.1229086172132665
2026-10-19T00:00:00,Lower_Forest_Soilwater,0.5614543086066333
2026-10-20T00:00:00,Lower_Forest_Soilwater,1.0929771543033167
2026-10-21T00:00:00,Lower_Forest_Soilwater,1.2684885771516585
2026-10-22T00:00:00,Lower_Forest_Soilwater,0.6342442885758293
2026-10-23T00:00:00,Lower_Forest_Soilwater,0.6329971442879145
2026-10-24T00:00:00,Lower_Forest_Soilwater,0.31649857214395727
2026-10-25T00:00:00,Lower_Forest_Soilwater,3.3169992860719786
2026-10-26T00:00:00,Lower_Forest_Soilwater,2.448187143035989
2026-10-27T00:00:00,Lower_Forest_Soilwater,1.4045935715179945
2026-10-28T00:00:00,Lower_Forest_Soilwater,0.7022967857589972
2026-10-29T00:00:00,Lower_Forest_Soilwater,4.389835892879498
2026-10-30T00:00:00,Lower_Forest_Soilwater,4.270667946439749
2026-10-31T00:00:00,Lower_Forest_Soilwater,2.1353339732198746
2026-11-01T00:00:00,Lower_Forest_Soilwater,1.0676669866099373
2026-11-02T00:00:00,Lower_Forest_Soilwater,0.7368959933049686
2026-11-03T00:00:00,Lower_Forest_Soilwater,0.3684479966524843
2026-11-04T00:00:00,Lower_Forest_Soilwater,0.18422399832624214
2026-11-05T00:00:00,Lower_Forest_Soilwater,0.7012994991631212
2026-11-06T00:00:00,Lower_Forest_Soilwater,0.3506497495815606
2026-11-07T00:00:00,Lower_Forest_Soilwater,0.1753248747907803
2026-11-08T00:00:00,Lower_Forest_Soilwater,0.08766243739539015
2026-11-09T00:00:00,Lower_Forest_Soilwater,0.04383121869769502
2026-11-10T00:00:00,Lower_Forest_Soilwater,0.02191560934884751
2026-11-11T00:00:00,Lower_Forest_Soilwater,0.010957804674423754
2026-11-12T00:00:00,Lower_Forest_Soilwater,0.005478902337211933
2026-11-13T00:00:00,Lower_Forest_Soilwater,0.0027394511686059664
2026-11-14T00:00:00,Lower_Forest_Soilwater,0.0013697255843030387
2026-11-15T00:00:00,Lower_Forest_Soilwater,0.0006848627921515194
2026-11-16T00:00:00,Lower_Forest_Soilwater,0.0003424313960758152
2026-11-17T00:00:00,Lower_Forest_Soilwater,0.0001712156980379076
2026-11-18T00:00:00,Lower_Forest_Soilwater,8.560784901900931e-05
2026-11-19T00:00:00,Lower_Forest_Soilwater,4.2803924509504654e-05
2026-11-20T00:00:00,Lower_Forest_Soilwater,2.1401962254752327e-05
2026-11-21T00:00:00,Lower_Forest_Soilwater,1.0700981127431675e-05
2026-11-22T00:00:00,Lower_Forest_Soilwater,5.350490563715837e-06
2026-11-23T00:00:00,Lower_Forest_Soilwater,2.6752452818579187e-06
2026-11-24T00:00:00,Lower_Forest_Soilwater,1.3376226408734482e-06
2026-11-25T00:00:00,Lower_Forest_Soilwater,0.5415006688113204
2026-11-26T00:00:00,Lower_Forest_Soilwater,0.2707503344056601
2026-11-27T00:00:00,Lower_Forest_Soilwater,0.4286876672028299
2026-11-28T00:00:00,Lower_Forest_Soilwater,0.21434383360141496
2026-11-29T00:00:00,Lower_Forest_Soilwater,0.10717191680070748
2026-11-30T00:00:00,Lower_Forest_Soilwater,0.05358595840035374
2026-12-01T00:00:00,Lower_Forest_Soilwater,0.342667979200177
2026-12-02T00:00:00,Lower_Forest_Soilwater,6.353458989600089
2026-12-03T00:00:00,Lower_Forest_Soilwater,4.7109794948000445
2026-12-04T00:00:00,Lower_Forest_Soilwater,2.3554897474000223
2026-12-05T00:00:00,Lower_Forest_Soilwater,1.1777448737000111
2026-12-06T00:00:00,Lower_Forest_Soilwater,6.3197474368500055
2026-12-07T00:00:00,Lower_Forest_Soilwater,4.964873718425003
2026-12-08T00:00:00,Lower_Forest_Soilwater,2.4824368592125015
2026-12-09T00:00:00,Lower_Forest_Soilwater,1.2412184296062507
2026-12-10T00:00:00,Lower_Forest_Soilwater,0.6206092148031255
2026-12-11T00:00:00,Lower_Forest_Soilwater,0.31030460740156274
2026-12-12T00:00:00,Lower_Forest_Soilwater,0.15515230370078137
2026-12-13T00:00:00,Lower_Forest_Soilwater,0.07757615185039068
2026-12-14T00:00:00,Lower_Forest_Soilwater,0.03878807592519529
2026-12-15T00:00:00,Lower_Forest_Soilwater,0.019394037962597643
2026-12-16T00:00:00,Lower_Forest_Soilwater,1.1829470189812987
2026-12-17T00:00:00,Lower_Forest_Soilwater,1.7195985094906492
2026-12-18T00:00:00,Lower_Forest_Soilwater,2.822736754745325
2026-12-19T00:00:00,Lower_Forest_Soilwater,3.825555877372663
2026-12-20T00:00:00,Lower_Forest_Soilwater,1.9127779386863315
2026-12-21T00:00:00,Lower_Forest_Soilwater,0.9563889693431658
2026-12-22T00:00:00,Lower_Forest_Soilwater,0.4781944846715829
2026-12-23T00:00:00,Lower_Forest_Soilwater,1.0062222423357914
2026-12-24T00:00:00,Lower_Forest_Soilwater,1.1799861211678957
2026-12-25T00:00:00,Lower_Forest_Soilwater,1.8760555605839482
2026-12-26T00:00:00,Lower_Forest_Soilwater,0.9380277802919741
2026-12-27T00:00:00,Lower_Forest_Soilwater,0.46901389014598704
2026-12-28T00:00:00,Lower_Forest_Soilwater,0.23450694507299352
2026-12-29T00:00:00,Lower_Forest_Soilwater,0.11725347253649676
2026-12-30T00:00:00,Lower_Forest_Soilwater,0.058626736268248436
2026-12-31T00:00:00,Lower_Forest_Soilwater,0.029313368134124218
