8cf0dfdc-73fe-4a36-8b50-469967d2c7a8,location,waterLevel
2023-01-01T00:00:00,Lower_Forest_Soilwater,417.06687999999997
2023-01-02T00:00:00,Lower_Forest_Soilwater,418.55521675
2023-01-03T00:00:00,Lower_Forest_Soilwater,417.84619945000003
2023-01-04T00:00:00,Lower_Forest_Soilwater,416.0010876925
2023-01-05T00:00:00,Lower_Forest_Soilwater,413.981933017
2023-01-06T00:00:00,Lower_Forest_Soilwater,412.169752512175
2023-01-07T00:00:00,Lower_Forest_Soilwater,411.811237409395
2023-01-08T00:00:00,Lower_Forest_Soilwater,410.9310397426742
2023-01-09T00:00:00,Lower_Forest_Soilwater,411.9932905555162
2023-01-10T00:00:00,Lower_Forest_Soilwater,411.4284068935192
2023-01-11T00:00:00,Lower_Forest_Soilwater,410.4433809009446
2023-01-12T00:00:00,Lower_Forest_Soilwater,409.2757741592388
2023-01-13T00:00:00,Lower_Forest_Soilwater,408.14270641750926
2023-01-14T00:00:00,Lower_Forest_Soilwater,407.1362666128555
2023-01-15T00:00:00,Lower_Forest_Soilwater,405.9416433701185
2023-01-16T00:00:00,Lower_Forest_Soilwater,404.745396742381
2023-01-17T00:00:00,Lower_Forest_Soilwater,403.77541592278004
2023-01-18T00:00:00,Lower_Forest_Soilwater,408.9735070078206
2023-01-19T00:00:00,Lower_Forest_Soilwater,410.9651011456979
2023-01-20T00:00:00,Lower_Forest_Soilwater,411.62337445045773
2023-01-21T00:00:00,Lower_Forest_Soilwater,411.8314959650768
2023-01-22T00:00:00,Lower_Forest_Soilwater,410.58319184840155
2023-01-23T00:00:00,Lower_Forest_Soilwater,409.2667914034776
2023-01-24T00:00:00,Lower_Forest_Soilwater,408.18774363308796
2023-01-25T00:00:00,Lower_Forest_Soilwater,406.9623049547582
2023-01-26T00:00:00,Lower_Forest_Soilwater,408.54826780177194
2023-01-27T00:00:00,Lower_Forest_Soilwater,408.4612896928395
2023-01-28T00:00:00,Lower_Forest_Soilwater,407.6025090591779
2023-01-29T00:00:00,Lower_Forest_Soilwater,406.6765243210714
2023-01-30T00:00:00,Lower_Forest_Soilwater,405.4438929728699
2023-01-31T00:00:00,Lower_Forest_Soilwater,404.34485421753567
2023-02-01T00:00:00,Lower_Forest_Soilwater,403.0848360667585
2023-02-02T00:00:00,Lower_Forest_Soilwater,401.97478609557083
2023-02-03T00:00:00,Lower_Forest_Soilwater,401.0732603037579
2023-02-04T00:00:00,Lower_Forest_Soilwater,400.27954268225415
2023-02-05T00:00:00,Lower_Forest_Soilwater,399.29085238980116
2023-02-06T00:00:00,Lower_Forest_Soilwater,398.5511405731159
2023-02-07T00:00:00,Lower_Forest_Soilwater,397.93285112893534
2023-02-08T00:00:00,Lower_Forest_Soilwater,397.4956406958942
2023-02-09T00:00:00,Lower_Forest_Soilwater,397.10171516881087
2023-02-10T00:00:00,Lower_Forest_Soilwater,396.62264784307985
2023-02-11T00:00:00,Lower_Forest_Soilwater,396.3237014040808
2023-02-12T00:00:00,Lower_Forest_Soilwater,396.2554530374351
2023-02-13T00:00:00,Lower_Forest_Soilwater,396.01656494009404
2023-02-14T00:00:00,Lower_Forest_Soilwater,395.6073577871698
2023-02-15T00:00:00,Lower_Forest_Soilwater,395.3264156288828
2023-02-16T00:00:00,Lower_Forest_Soilwater,395.1733199529625
2023-02-17T00:00:00,Lower_Forest_Soilwater,394.95229493977536
2023-02-18T00:00:00,Lower_Forest_Soilwater,395.3597244986971
2023-02-19T00:00:00,Lower_Forest_Soilwater,395.35901105730215
2023-02-20T00:00:00,Lower_Forest_Soilwater,396.2133017941185
2023-02-21T00:00:00,Lower_Forest_Soilwater,396.33681322122686
2023-02-22T00:00:00,Lower_Forest_Soilwater,396.4328980896081
2023-02-23T00:00:00,Lower_Forest_Soilwater,396.4572150561656
2023-02-24T00:00:00,Lower_Forest_Soilwater,396.78253122865834
2023-02-25T00:00:00,Lower_Forest_Soilwater,396.9095498823777
2023-02-26T00:00:00,Lower_Forest_Soilwater,396.88781984316785
2023-02-27T00:00:00,Lower_Forest_Soilwater,399.1622449381553
2023-02-28T00:00:00,Lower_Forest_Soilwater,400.36281336313493
2023-03-01T00:00:00,Lower_Forest_Soilwater,400.527232486219
2023-03-02T00:00:00,Lower_Forest_Soilwater,400.26381946729595
2023-03-03T00:00:00,Lower_Forest_Soilwater,399.506768459769
2023-03-04T00:00:00,Lower_Forest_Soilwater,399.33627728350035
2023-03-05T00:00:00,Lower_Forest_Soilwater,400.6797248338627
2023-03-06T00:00:00,Lower_Forest_Soilwater,400.9548019898326
2023-03-07T00:00:00,Lower_Forest_Soilwater,401.12415861052745
2023-03-08T00:00:00,Lower_Forest_Soilwater,401.1908171593138
2023-03-09T00:00:00,Lower_Forest_Soilwater,401.66055664830196
2023-03-10T00:00:00,Lower_Forest_Soilwater,404.4999208359315
2023-03-11T00:00:00,Lower_Forest_Soilwater,406.7681854285683
2023-03-12T00:00:00,Lower_Forest_Soilwater,407.4466072238264
2023-03-13T00:00:00,Lower_Forest_Soilwater,408.1650236705012
2023-03-14T00:00:00,Lower_Forest_Soilwater,408.49925513797984
2023-03-15T00:00:00,Lower_Forest_Soilwater,409.33836554144625
2023-03-16T00:00:00,Lower_Forest_Soilwater,409.09741494593385
2023-03-17T00:00:00,Lower_Forest_Soilwater,408.4369164306566
2023-03-18T00:00:00,Lower_Forest_Soilwater,408.99248252724897
2023-03-19T00:00:00,Lower_Forest_Soilwater,414.6962848943531
2023-03-20T00:00:00,Lower_Forest_Soilwater,418.2748657148323
2023-03-21T00:00:00,Lower_Forest_Soilwater,419.6410702983063
2023-03-22T00:00:00,Lower_Forest_Soilwater,419.2193768459543
2023-03-23T00:00:00,Lower_Forest_Soilwater,418.1036379500982
2023-03-24T00:00:00,Lower_Forest_Soilwater,416.696373549458
2023-03-25T00:00:00,Lower_Forest_Soilwater,415.29053439169707
2023-03-26T00:00:00,Lower_Forest_Soilwater,413.87394005111975
2023-03-27T00:00:00,Lower_Forest_Soilwater,412.29394359530403
2023-03-28T00:00:00,Lower_Forest_Soilwater,410.4744720104217
2023-03-29T00:00:00,Lower_Forest_Soilwater,408.81705819670356
2023-03-30T00:00:00,Lower_Forest_Soilwater,407.7897770706952
2023-03-31T00:00:00,Lower_Forest_Soilwater,407.6387427104567
2023-04-01T00:00:00,Lower_Forest_Soilwater,407.36768811282656
2023-04-02T00:00:00,Lower_Forest_Soilwater,406.88899313825164
2023-04-03T00:00:00,Lower_Forest_Soilwater,408.01048824278035
2023-04-04T00:00:00,Lower_Forest_Soilwater,409.4904013776793
2023-04-05T00:00:00,Lower_Forest_Soilwater,412.6378359694998
2023-04-06T00:00:00,Lower_Forest_Soilwater,414.446514487344
2023-04-07T00:00:00,Lower_Forest_Soilwater,414.65473409600673
2023-04-08T00:00:00,Lower_Forest_Soilwater,414.01569621510464
2023-04-09T00:00:00,Lower_Forest_Soilwater,413.02734435794343
2023-04-10T00:00:00,Lower_Forest_Soilwater,411.93121880432375
2023-04-11T00:00:00,Lower_Forest_Soilwater,411.0607088649787
2023-04-12T00:00:00,Lower_Forest_Soilwater,410.11594394902454
2023-04-13T00:00:00,Lower_Forest_Soilwater,409.3903375393939
2023-04-14T00:00:00,Lower_Forest_Soilwater,411.8582535280905
2023-04-15T00:00:00,Lower_Forest_Soilwater,412.4653270465994
2023-04-16T00:00:00,Lower_Forest_Soilwater,412.11524377759844
2023-04-17T00:00:00,Lower_Forest_Soilwater,411.35194411766804
2023-04-18T00:00:00,Lower_Forest_Soilwater,411.427745814816
2023-04-19T00:00:00,Lower_Forest_Soilwater,410.80493328779175
2023-04-20T00:00:00,Lower_Forest_Soilwater,410.5863522362412
2023-04-21T00:00:00,Lower_Forest_Soilwater,409.9664491512315
2023-04-22T00:00:00,Lower_Forest_Soilwater,409.20083430541547
2023-04-23T00:00:00,Lower_Forest_Soilwater,408.9810859095275
2023-04-24T00:00:00,Lower_Forest_Soilwater,409.23727233590154
2023-04-25T00:00:00,Lower_Forest_Soilwater,408.8906926109748
2023-04-26T00:00:00,Lower_Forest_Soilwater,408.290197104209
2023-04-27T00:00:00,Lower_Forest_Soilwater,407.605464270954
2023-04-28T00:00:00,Lower_Forest_Soilwater,406.9170612824415
2023-04-29T00:00:00,Lower_Forest_Soilwater,406.26142687348886
2023-04-30T00:00:00,Lower_Forest_Soilwater,405.6533200457857
2023-05-01T00:00:00,Lower_Forest_Soilwater,405.09700597102994
2023-05-02T00:00:00,Lower_Forest_Soilwater,404.5918143388384
2023-05-03T00:00:00,Lower_Forest_Soilwater,404.13488738741023
2023-05-04T00:00:00,Lower_Forest_Soilwater,403.7225258898971
2023-05-05T00:00:00,Lower_Forest_Soilwater,403.3508369215213
2023-05-06T00:00:00,Lower_Forest_Soilwater,403.0160350396761
2023-05-07T00:00:00,Lower_Forest_Soilwater,402.714572440862
2023-05-08T00:00:00,Lower_Forest_Soilwater,402.44318564935253
2023-05-09T00:00:00,Lower_Forest_Soilwater,402.19890231070565
2023-05-10T00:00:00,Lower_Forest_Soilwater,401.97902969277925
2023-05-11T00:00:00,Lower_Forest_Soilwater,402.14664803007344
2023-05-12T00:00:00,Lower_Forest_Soilwater,402.11474388035214
2023-05-13T00:00:00,Lower_Forest_Soilwater,401.99464981895994
2023-05-14T00:00:00,Lower_Forest_Soilwater,401.8408750003855
2023-05-15T00:00:00,Lower_Forest_Soilwater,401.6796325820077
2023-05-16T00:00:00,Lower_Forest_Soilwater,401.8886043646373
2023-05-17T00:00:00,Lower_Forest_Soilwater,404.6295551985888
2023-05-18T00:00:00,Lower_Forest_Soilwater,406.0335690639375
2023-05-19T00:00:00,Lower_Forest_Soilwater,407.02161935014755
2023-05-20T00:00:00,Lower_Forest_Soilwater,407.1151610114347
2023-05-21T00:00:00,Lower_Forest_Soilwater,409.54284045844213
2023-05-22T00:00:00,Lower_Forest_Soilwater,410.29504418667335
2023-05-23T00:00:00,Lower_Forest_Soilwater,410.59860740504377
2023-05-24T00:00:00,Lower_Forest_Soilwater,410.0031044830583
2023-05-25T00:00:00,Lower_Forest_Soilwater,415.7885411940119
2023-05-26T00:00:00,Lower_Forest_Soilwater,417.40427265424046
2023-05-27T00:00:00,Lower_Forest_Soilwater,417.0900661786313
2023-05-28T00:00:00,Lower_Forest_Soilwater,416.0941699556756
2023-05-29T00:00:00,Lower_Forest_Soilwater,414.91906815756175
2023-05-30T00:00:00,Lower_Forest_Soilwater,415.06981769053243
2023-05-31T00:00:00,Lower_Forest_Soilwater,414.0497960958426
2023-06-01T00:00:00,Lower_Forest_Soilwater,412.75999257344006
2023-06-02T00:00:00,Lower_Forest_Soilwater,411.3394053596869
2023-06-03T00:00:00,Lower_Forest_Soilwater,409.96598684551367
2023-06-04T00:00:00,Lower_Forest_Soilwater,408.97406517186
2023-06-05T00:00:00,Lower_Forest_Soilwater,408.10232516012286
2023-06-06T00:00:00,Lower_Forest_Soilwater,407.30492589683496
2023-06-07T00:00:00,Lower_Forest_Soilwater,406.58084993351366
2023-06-08T00:00:00,Lower_Forest_Soilwater,405.9259732533434
2023-06-09T00:00:00,Lower_Forest_Soilwater,405.3038760845996
2023-06-10T00:00:00,Lower_Forest_Soilwater,404.47102655443496
2023-06-11T00:00:00,Lower_Forest_Soilwater,403.5888689381391
2023-06-12T00:00:00,Lower_Forest_Soilwater,402.895814563899
2023-06-13T00:00:00,Lower_Forest_Soilwater,402.085341367296
2023-06-14T00:00:00,Lower_Forest_Soilwater,401.32476136045983
2023-06-15T00:00:00,Lower_Forest_Soilwater,401.0756702893606
2023-06-16T00:00:00,Lower_Forest_Soilwater,400.71150779289786
2023-06-17T00:00:00,Lower_Forest_Soilwater,400.2748912798448
2023-06-18T00:00:00,Lower_Forest_Soilwater,399.56760415154406
2023-06-19T00:00:00,Lower_Forest_Soilwater,399.1879938219788
2023-06-20T00:00:00,Lower_Forest_Soilwater,398.9898125646053
2023-06-21T00:00:00,Lower_Forest_Soilwater,399.1828968322728
2023-06-22T00:00:00,Lower_Forest_Soilwater,398.60694098812735
2023-06-23T00:00:00,Lower_Forest_Soilwater,397.8896831321186
2023-06-24T00:00:00,Lower_Forest_Soilwater,397.24034861263056
2023-06-25T00:00:00,Lower_Forest_Soilwater,396.6039823139016
2023-06-26T00:00:00,Lower_Forest_Soilwater,396.13702326859743
2023-06-27T00:00:00,Lower_Forest_Soilwater,395.54571065564227
2023-06-28T00:00:00,Lower_Forest_Soilwater,394.6548273611824
2023-06-29T00:00:00,Lower_Forest_Soilwater,396.71552302129237
2023-06-30T00:00:00,Lower_Forest_Soilwater,397.9664506310787
2023-07-01T00:00:00,Lower_Forest_Soilwater,399.7060834429803
2023-07-02T00:00:00,Lower_Forest_Soilwater,400.6991914744838
2023-07-03T00:00:00,Lower_Forest_Soilwater,401.12279451493623
2023-07-04T00:00:00,Lower_Forest_Soilwater,401.226172157393
2023-07-05T00:00:00,Lower_Forest_Soilwater,401.1958314886289
2023-07-06T00:00:00,Lower_Forest_Soilwater,400.9668666132536
2023-07-07T00:00:00,Lower_Forest_Soilwater,402.67340633867207
2023-07-08T00:00:00,Lower_Forest_Soilwater,403.73772814817676
2023-07-09T00:00:00,Lower_Forest_Soilwater,404.0570025550451
2023-07-10T00:00:00,Lower_Forest_Soilwater,403.9045139103835
2023-07-11T00:00:00,Lower_Forest_Soilwater,403.9058825747666
2023-07-12T00:00:00,Lower_Forest_Soilwater,404.6825563450007
2023-07-13T00:00:00,Lower_Forest_Soilwater,404.46356372435605
2023-07-14T00:00:00,Lower_Forest_Soilwater,403.7763668588481
2023-07-15T00:00:00,Lower_Forest_Soilwater,407.20328642642716
2023-07-16T00:00:00,Lower_Forest_Soilwater,409.05328341051637
2023-07-17T00:00:00,Lower_Forest_Soilwater,409.2076138828307
2023-07-18T00:00:00,Lower_Forest_Soilwater,408.6145059012306
2023-07-19T00:00:00,Lower_Forest_Soilwater,408.29172976444903
2023-07-20T00:00:00,Lower_Forest_Soilwater,407.55304601467486
2023-07-21T00:00:00,Lower_Forest_Soilwater,406.91456977654275
2023-07-22T00:00:00,Lower_Forest_Soilwater,410.33715648055613
2023-07-23T00:00:00,Lower_Forest_Soilwater,411.06497467333435
2023-07-24T00:00:00,Lower_Forest_Soilwater,410.5865241264178
2023-07-25T00:00:00,Lower_Forest_Soilwater,409.4997511739845
2023-07-26T00:00:00,Lower_Forest_Soilwater,408.20523578669025
2023-07-27T00:00:00,Lower_Forest_Soilwater,407.30502507307335
2023-07-28T00:00:00,Lower_Forest_Soilwater,407.7043594982921
2023-07-29T00:00:00,Lower_Forest_Soilwater,406.9817380147259
2023-07-30T00:00:00,Lower_Forest_Soilwater,405.8136954463848
2023-07-31T00:00:00,Lower_Forest_Soilwater,404.6746875183121
2023-08-01T00:00:00,Lower_Forest_Soilwater,403.6290235747638
2023-08-02T00:00:00,Lower_Forest_Soilwater,402.6154396214288
2023-08-03T00:00:00,Lower_Forest_Soilwater,401.41036286135665
2023-08-04T00:00:00,Lower_Forest_Soilwater,400.60704817625634
2023-08-05T00:00:00,Lower_Forest_Soilwater,399.33335627416784
2023-08-06T00:00:00,Lower_Forest_Soilwater,398.5614277445778
2023-08-07T00:00:00,Lower_Forest_Soilwater,397.901310427495
2023-08-08T00:00:00,Lower_Forest_Soilwater,397.24167073403277
2023-08-09T00:00:00,Lower_Forest_Soilwater,396.53163728517944
2023-08-10T00:00:00,Lower_Forest_Soilwater,398.97795127554144
2023-08-11T00:00:00,Lower_Forest_Soilwater,402.6725160979954
2023-08-12T00:00:00,Lower_Forest_Soilwater,404.7816677131999
2023-08-13T00:00:00,Lower_Forest_Soilwater,406.32539505438194
2023-08-14T00:00:00,Lower_Forest_Soilwater,406.29556260519473
2023-08-15T00:00:00,Lower_Forest_Soilwater,405.4969118728008
2023-08-16T00:00:00,Lower_Forest_Soilwater,404.3066894495835
2023-08-17T00:00:00,Lower_Forest_Soilwater,403.8870853866565
2023-08-18T00:00:00,Lower_Forest_Soilwater,403.00235728900657
2023-08-19T00:00:00,Lower_Forest_Soilwater,402.01476778061374
2023-08-20T00:00:00,Lower_Forest_Soilwater,400.9991661128063
2023-08-21T00:00:00,Lower_Forest_Soilwater,398.66475361463284
2023-08-22T00:00:00,Lower_Forest_Soilwater,397.32571059253723
2023-08-23T00:00:00,Lower_Forest_Soilwater,396.0041881901327
2023-08-24T00:00:00,Lower_Forest_Soilwater,394.6814518485049
2023-08-25T00:00:00,Lower_Forest_Soilwater,393.2252917910747
2023-08-26T00:00:00,Lower_Forest_Soilwater,392.5639092192458
2023-08-27T00:00:00,Lower_Forest_Soilwater,391.66644922930334
2023-08-28T00:00:00,Lower_Forest_Soilwater,390.5099118197906
2023-08-29T00:00:00,Lower_Forest_Soilwater,389.5537843149202
2023-08-30T00:00:00,Lower_Forest_Soilwater,388.75645035204496
2023-08-31T00:00:00,Lower_Forest_Soilwater,388.0096816151191
2023-09-01T00:00:00,Lower_Forest_Soilwater,391.52494027500825
2023-09-02T00:00:00,Lower_Forest_Soilwater,394.9884389986172
2023-09-03T00:00:00,Lower_Forest_Soilwater,403.3309495071484
2023-09-04T00:00:00,Lower_Forest_Soilwater,407.57572526063
2023-09-05T00:00:00,Lower_Forest_Soilwater,409.37388183666525
2023-09-06T00:00:00,Lower_Forest_Soilwater,409.7338589540479
2023-09-07T00:00:00,Lower_Forest_Soilwater,408.90760370916763
2023-09-08T00:00:00,Lower_Forest_Soilwater,407.53442466351316
2023-09-09T00:00:00,Lower_Forest_Soilwater,406.605160109793
2023-09-10T00:00:00,Lower_Forest_Soilwater,405.6748070551293
2023-09-11T00:00:00,Lower_Forest_Soilwater,405.65527832777417
2023-09-12T00:00:00,Lower_Forest_Soilwater,406.0450377340756
2023-09-13T00:00:00,Lower_Forest_Soilwater,406.0660025802075
2023-09-14T00:00:00,Lower_Forest_Soilwater,405.13061663195646
2023-09-15T00:00:00,Lower_Forest_Soilwater,403.9243941236457
2023-09-16T00:00:00,Lower_Forest_Soilwater,402.62161428872355
2023-09-17T00:00:00,Lower_Forest_Soilwater,405.10684039857244
2023-09-18T00:00:00,Lower_Forest_Soilwater,411.23252137807583
2023-09-19T00:00:00,Lower_Forest_Soilwater,414.2036544999485
2023-09-20T00:00:00,Lower_Forest_Soilwater,414.17340967979385
2023-09-21T00:00:00,Lower_Forest_Soilwater,412.86015302673457
2023-09-22T00:00:00,Lower_Forest_Soilwater,411.0002118815212
2023-09-23T00:00:00,Lower_Forest_Soilwater,409.0727957720991
2023-09-24T00:00:00,Lower_Forest_Soilwater,407.45402223425424
2023-09-25T00:00:00,Lower_Forest_Soilwater,408.19683803051134
2023-09-26T00:00:00,Lower_Forest_Soilwater,411.3471489873014
2023-09-27T00:00:00,Lower_Forest_Soilwater,412.2503852184919
2023-09-28T00:00:00,Lower_Forest_Soilwater,411.538882261603
2023-09-29T00:00:00,Lower_Forest_Soilwater,410.0507858179229
2023-09-30T00:00:00,Lower_Forest_Soilwater,409.4020656273707
2023-10-01T00:00:00,Lower_Forest_Soilwater,407.8663262602537
2023-10-02T00:00:00,Lower_Forest_Soilwater,406.00432723203835
2023-10-03T00:00:00,Lower_Forest_Soilwater,404.3180033077395
2023-10-04T00:00:00,Lower_Forest_Soilwater,402.5656573764181
2023-10-05T00:00:00,Lower_Forest_Soilwater,400.94509083850255
2023-10-06T00:00:00,Lower_Forest_Soilwater,398.4830932948147
2023-10-07T00:00:00,Lower_Forest_Soilwater,396.8811402715677
2023-10-08T00:00:00,Lower_Forest_Soilwater,395.0841251636393
2023-10-09T00:00:00,Lower_Forest_Soilwater,396.646612435037
2023-10-10T00:00:00,Lower_Forest_Soilwater,396.9384358762728
2023-10-11T00:00:00,Lower_Forest_Soilwater,398.5814311733108
2023-10-12T00:00:00,Lower_Forest_Soilwater,398.56246770530186
2023-10-13T00:00:00,Lower_Forest_Soilwater,398.4379125588411
2023-10-14T00:00:00,Lower_Forest_Soilwater,398.63755039333404
2023-10-15T00:00:00,Lower_Forest_Soilwater,400.7926751461879
2023-10-16T00:00:00,Lower_Forest_Soilwater,403.7417927776627
2023-10-17T00:00:00,Lower_Forest_Soilwater,404.2052940729433
2023-10-18T00:00:00,Lower_Forest_Soilwater,404.0496847021723
2023-10-19T00:00:00,Lower_Forest_Soilwater,403.2484082502168
2023-10-20T00:00:00,Lower_Forest_Soilwater,402.072229434326
2023-10-21T00:00:00,Lower_Forest_Soilwater,402.73736249545885
2023-10-22T00:00:00,Lower_Forest_Soilwater,402.33215624819564
2023-10-23T00:00:00,Lower_Forest_Soilwater,401.39168562451744
2023-10-24T00:00:00,Lower_Forest_Soilwater,400.1990495626364
2023-10-25T00:00:00,Lower_Forest_Soilwater,398.1662204683004
2023-10-26T00:00:00,Lower_Forest_Soilwater,396.37475846150414
2023-10-27T00:00:00,Lower_Forest_Soilwater,394.84022255308423
2023-10-28T00:00:00,Lower_Forest_Soilwater,393.43168256774106
2023-10-29T00:00:00,Lower_Forest_Soilwater,391.72516192882836
2023-10-30T00:00:00,Lower_Forest_Soilwater,391.2642702273767
2023-10-31T00:00:00,Lower_Forest_Soilwater,390.29702029078567
2023-11-01T00:00:00,Lower_Forest_Soilwater,389.9627019284094
2023-11-02T00:00:00,Lower_Forest_Soilwater,389.12406830276177
2023-11-03T00:00:00,Lower_Forest_Soilwater,387.91137916473366
2023-11-04T00:00:00,Lower_Forest_Soilwater,387.1548438677616
2023-11-05T00:00:00,Lower_Forest_Soilwater,386.06355223510667
2023-11-06T00:00:00,Lower_Forest_Soilwater,384.7546367159816
2023-11-07T00:00:00,Lower_Forest_Soilwater,391.1811151502071
2023-11-08T00:00:00,Lower_Forest_Soilwater,396.17102688111066
2023-11-09T00:00:00,Lower_Forest_Soilwater,405.5273914333026
2023-11-10T00:00:00,Lower_Forest_Soilwater,408.9326179101239
2023-11-11T00:00:00,Lower_Forest_Soilwater,409.4195869291873
2023-11-12T00:00:00,Lower_Forest_Soilwater,408.59231964130646
2023-11-13T00:00:00,Lower_Forest_Soilwater,407.03227337969474
2023-11-14T00:00:00,Lower_Forest_Soilwater,405.3099028929847
2023-11-15T00:00:00,Lower_Forest_Soilwater,403.66281302931594
2023-11-16T00:00:00,Lower_Forest_Soilwater,401.9375539391992
2023-11-17T00:00:00,Lower_Forest_Soilwater,400.4461176516867
2023-11-18T00:00:00,Lower_Forest_Soilwater,398.39045181863077
2023-11-19T00:00:00,Lower_Forest_Soilwater,398.16746396639155
2023-11-20T00:00:00,Lower_Forest_Soilwater,397.0899874611633
2023-11-21T00:00:00,Lower_Forest_Soilwater,395.9513904991555
2023-11-22T00:00:00,Lower_Forest_Soilwater,394.67744624395766
2023-11-23T00:00:00,Lower_Forest_Soilwater,400.59520715247453
2023-11-24T00:00:00,Lower_Forest_Soilwater,404.8826414536834
2023-11-25T00:00:00,Lower_Forest_Soilwater,406.74834306654316
2023-11-26T00:00:00,Lower_Forest_Soilwater,407.2443356390029
2023-11-27T00:00:00,Lower_Forest_Soilwater,410.71228601465964
2023-11-28T00:00:00,Lower_Forest_Soilwater,411.3951053829722
2023-11-29T00:00:00,Lower_Forest_Soilwater,411.2034330795642
2023-11-30T00:00:00,Lower_Forest_Soilwater,409.6977608890524
2023-12-01T00:00:00,Lower_Forest_Soilwater,409.8325758588695
2023-12-02T00:00:00,Lower_Forest_Soilwater,419.4416043023437
2023-12-03T00:00:00,Lower_Forest_Soilwater,424.7331926367899
2023-12-04T00:00:00,Lower_Forest_Soilwater,425.27899575545126
2023-12-05T00:00:00,Lower_Forest_Soilwater,423.5180493710763
2023-12-06T00:00:00,Lower_Forest_Soilwater,421.01317702955373
2023-12-07T00:00:00,Lower_Forest_Soilwater,418.2443496243909
2023-12-08T00:00:00,Lower_Forest_Soilwater,416.2751733108481
2023-12-09T00:00:00,Lower_Forest_Soilwater,414.1087253042114
2023-12-10T00:00:00,Lower_Forest_Soilwater,411.9657154360143
2023-12-11T00:00:00,Lower_Forest_Soilwater,410.0725952235249
2023-12-12T00:00:00,Lower_Forest_Soilwater,407.8383733667284
2023-12-13T00:00:00,Lower_Forest_Soilwater,406.0600713628336
2023-12-14T00:00:00,Lower_Forest_Soilwater,404.6224638929392
2023-12-15T00:00:00,Lower_Forest_Soilwater,403.3322893368398
2023-12-16T00:00:00,Lower_Forest_Soilwater,404.18484631975304
2023-12-17T00:00:00,Lower_Forest_Soilwater,403.7799426460764
2023-12-18T00:00:00,Lower_Forest_Soilwater,402.82942686061807
2023-12-19T00:00:00,Lower_Forest_Soilwater,402.19574741413095
2023-12-20T00:00:00,Lower_Forest_Soilwater,403.7403897925052
2023-12-21T00:00:00,Lower_Forest_Soilwater,404.3441608731484
2023-12-22T00:00:00,Lower_Forest_Soilwater,404.0681698157803
2023-12-23T00:00:00,Lower_Forest_Soilwater,408.5871395991757
2023-12-24T00:00:00,Lower_Forest_Soilwater,410.9659422717449
2023-12-25T00:00:00,Lower_Forest_Soilwater,411.06820236081376
2023-12-26T00:00:00,Lower_Forest_Soilwater,410.3664092828541
2023-12-27T00:00:00,Lower_Forest_Soilwater,410.39555968362953
2023-12-28T00:00:00,Lower_Forest_Soilwater,414.044138629797
2023-12-29T00:00:00,Lower_Forest_Soilwater,415.0320682240825
2023-12-30T00:00:00,Lower_Forest_Soilwater,415.1450181303068
2023-12-31T00:00:00,Lower_Forest_Soilwater,414.8095949315924
2024-01-01T00:00:00,Lower_Forest_Soilwater,414.46026724559135
2024-01-02T00:00:00,Lower_Forest_Soilwater,413.8740864246113
2024-01-03T00:00:00,Lower_Forest_Soilwater,412.42282473393965
2024-01-04T00:00:00,Lower_Forest_Soilwater,412.3120794864405
2024-01-05T00:00:00,Lower_Forest_Soilwater,412.3357071507438
2024-01-06T00:00:00,Lower_Forest_Soilwater,411.4923862421431
2024-01-07T00:00:00,Lower_Forest_Soilwater,410.2388965211656
2024-01-08T00:00:00,Lower_Forest_Soilwater,408.7468653206675
2024-01-09T00:00:00,Lower_Forest_Soilwater,407.30762801440994
2024-01-10T00:00:00,Lower_Forest_Soilwater,406.10407782587356
2024-01-11T00:00:00,Lower_Forest_Soilwater,405.12897234973855
2024-01-12T00:00:00,Lower_Forest_Soilwater,404.21211026799085
2024-01-13T00:00:00,Lower_Forest_Soilwater,403.55781281780486
2024-01-14T00:00:00,Lower_Forest_Soilwater,402.8327683243309
2024-01-15T00:00:00,Lower_Forest_Soilwater,403.231235886051
2024-01-16T00:00:00,Lower_Forest_Soilwater,408.7853749945226
2024-01-17T00:00:00,Lower_Forest_Soilwater,410.59274884360866
2024-01-18T00:00:00,Lower_Forest_Soilwater,410.96747363351693
2024-01-19T00:00:00,Lower_Forest_Soilwater,412.0474878572998
2024-01-20T00:00:00,Lower_Forest_Soilwater,412.50978386513714
2024-01-21T00:00:00,Lower_Forest_Soilwater,415.55694087540707
2024-01-22T00:00:00,Lower_Forest_Soilwater,416.10290923625814
2024-01-23T00:00:00,Lower_Forest_Soilwater,415.5162335368283
2024-01-24T00:00:00,Lower_Forest_Soilwater,414.3092337952434
2024-01-25T00:00:00,Lower_Forest_Soilwater,412.80179022176804
2024-01-26T00:00:00,Lower_Forest_Soilwater,411.59221510261574
2024-01-27T00:00:00,Lower_Forest_Soilwater,410.40219954386646
2024-01-28T00:00:00,Lower_Forest_Soilwater,409.40490256523594
2024-01-29T00:00:00,Lower_Forest_Soilwater,408.4858737965904
2024-01-30T00:00:00,Lower_Forest_Soilwater,408.8557879108704
2024-01-31T00:00:00,Lower_Forest_Soilwater,409.01420711675286
2024-02-01T00:00:00,Lower_Forest_Soilwater,408.58812940356233
2024-02-02T00:00:00,Lower_Forest_Soilwater,408.28511546244846
2024-02-03T00:00:00,Lower_Forest_Soilwater,407.3884714158248
2024-02-04T00:00:00,Lower_Forest_Soilwater,406.530022024053
2024-02-05T00:00:00,Lower_Forest_Soilwater,405.78611469655294
2024-02-06T00:00:00,Lower_Forest_Soilwater,405.0220826643503
2024-02-07T00:00:00,Lower_Forest_Soilwater,404.42327611664155
2024-02-08T00:00:00,Lower_Forest_Soilwater,403.77324136434055
2024-02-09T00:00:00,Lower_Forest_Soilwater,403.3115036575881
2024-02-10T00:00:00,Lower_Forest_Soilwater,402.98480250667006
2024-02-11T00:00:00,Lower_Forest_Soilwater,402.61394586342345
2024-02-12T00:00:00,Lower_Forest_Soilwater,402.46805583079134
2024-02-13T00:00:00,Lower_Forest_Soilwater,402.1934665245673
2024-02-14T00:00:00,Lower_Forest_Soilwater,402.02632401053813
2024-02-15T00:00:00,Lower_Forest_Soilwater,401.95640992869806
2024-02-16T00:00:00,Lower_Forest_Soilwater,401.6560560954352
2024-02-17T00:00:00,Lower_Forest_Soilwater,401.16982206569514
2024-02-18T00:00:00,Lower_Forest_Soilwater,400.65535764902734
2024-02-19T00:00:00,Lower_Forest_Soilwater,400.2316727790755
2024-02-20T00:00:00,Lower_Forest_Soilwater,399.59356581559723
2024-02-21T00:00:00,Lower_Forest_Soilwater,399.07357890843133
2024-02-22T00:00:00,Lower_Forest_Soilwater,398.47812852800456
2024-02-23T00:00:00,Lower_Forest_Soilwater,397.9059264323966
2024-02-24T00:00:00,Lower_Forest_Soilwater,397.33295780735244
2024-02-25T00:00:00,Lower_Forest_Soilwater,397.567032298676
2024-02-26T00:00:00,Lower_Forest_Soilwater,397.7614039497739
2024-02-27T00:00:00,Lower_Forest_Soilwater,397.6698089292164
2024-02-28T00:00:00,Lower_Forest_Soilwater,402.743863026324
2024-02-29T00:00:00,Lower_Forest_Soilwater,407.0698459687062
2024-03-01T00:00:00,Lower_Forest_Soilwater,409.5542687443429
2024-03-02T00:00:00,Lower_Forest_Soilwater,410.66971180616224
2024-03-03T00:00:00,Lower_Forest_Soilwater,410.6381755936728
2024-03-04T00:00:00,Lower_Forest_Soilwater,410.0920755183689
2024-03-05T00:00:00,Lower_Forest_Soilwater,409.3417267085637
2024-03-06T00:00:00,Lower_Forest_Soilwater,410.5107509087232
2024-03-07T00:00:00,Lower_Forest_Soilwater,412.9967592533588
2024-03-08T00:00:00,Lower_Forest_Soilwater,413.46562504577685
2024-03-09T00:00:00,Lower_Forest_Soilwater,413.29574340007616
2024-03-10T00:00:00,Lower_Forest_Soilwater,412.55450948950704
2024-03-11T00:00:00,Lower_Forest_Soilwater,412.28770250527555
2024-03-12T00:00:00,Lower_Forest_Soilwater,411.5532542371076
2024-03-13T00:00:00,Lower_Forest_Soilwater,412.4726523045766
2024-03-14T00:00:00,Lower_Forest_Soilwater,412.26274881970886
2024-03-15T00:00:00,Lower_Forest_Soilwater,411.55515481053294
2024-03-16T00:00:00,Lower_Forest_Soilwater,411.02449226587714
2024-03-17T00:00:00,Lower_Forest_Soilwater,411.51376325748816
2024-03-18T00:00:00,Lower_Forest_Soilwater,411.4537755408387
2024-03-19T00:00:00,Lower_Forest_Soilwater,411.32537054130455
2024-03-20T00:00:00,Lower_Forest_Soilwater,411.37868226444897
2024-03-21T00:00:00,Lower_Forest_Soilwater,410.8337384266415
2024-03-22T00:00:00,Lower_Forest_Soilwater,410.04682677829607
2024-03-23T00:00:00,Lower_Forest_Soilwater,409.51933644762585
2024-03-24T00:00:00,Lower_Forest_Soilwater,409.13496022644296
2024-03-25T00:00:00,Lower_Forest_Soilwater,408.98040916558847
2024-03-26T00:00:00,Lower_Forest_Soilwater,409.4487244799245
2024-03-27T00:00:00,Lower_Forest_Soilwater,410.6125288973795
2024-03-28T00:00:00,Lower_Forest_Soilwater,411.9269066903653
2024-03-29T00:00:00,Lower_Forest_Soilwater,411.9298073626906
2024-03-30T00:00:00,Lower_Forest_Soilwater,411.33851029710246
2024-03-31T00:00:00,Lower_Forest_Soilwater,411.7381388527327
2024-04-01T00:00:00,Lower_Forest_Soilwater,411.44774526012964
2024-04-02T00:00:00,Lower_Forest_Soilwater,412.0208763804518
2024-04-03T00:00:00,Lower_Forest_Soilwater,411.43668556557424
2024-04-04T00:00:00,Lower_Forest_Soilwater,410.6602854206006
2024-04-05T00:00:00,Lower_Forest_Soilwater,410.29193733433243
2024-04-06T00:00:00,Lower_Forest_Soilwater,409.4055198287951
2024-04-07T00:00:00,Lower_Forest_Soilwater,408.64521995986354
2024-04-08T00:00:00,Lower_Forest_Soilwater,407.87082402085116
2024-04-09T00:00:00,Lower_Forest_Soilwater,408.73705964725303
2024-04-10T00:00:00,Lower_Forest_Soilwater,408.6511326967712
2024-04-11T00:00:00,Lower_Forest_Soilwater,408.1993489342158
2024-04-12T00:00:00,Lower_Forest_Soilwater,408.1708987943551
2024-04-13T00:00:00,Lower_Forest_Soilwater,407.7495512917
2024-04-14T00:00:00,Lower_Forest_Soilwater,407.1724673509202
2024-04-15T00:00:00,Lower_Forest_Soilwater,406.5541562100233
2024-04-16T00:00:00,Lower_Forest_Soilwater,406.3137208861185
2024-04-17T00:00:00,Lower_Forest_Soilwater,408.00981144605544
2024-04-18T00:00:00,Lower_Forest_Soilwater,408.3725616257243
2024-04-19T00:00:00,Lower_Forest_Soilwater,408.1171711252891
2024-04-20T00:00:00,Lower_Forest_Soilwater,407.5963868438288
2024-04-21T00:00:00,Lower_Forest_Soilwater,407.27462457498024
2024-04-22T00:00:00,Lower_Forest_Soilwater,406.76610032524934
2024-04-23T00:00:00,Lower_Forest_Soilwater,406.19895939660796
2024-04-24T00:00:00,Lower_Forest_Soilwater,405.63379800888896
2024-04-25T00:00:00,Lower_Forest_Soilwater,405.09778548397094
2024-04-26T00:00:00,Lower_Forest_Soilwater,404.60169057355927
2024-04-27T00:00:00,Lower_Forest_Soilwater,404.14836333519605
2024-04-28T00:00:00,Lower_Forest_Soilwater,403.7369479111728
2024-04-29T00:00:00,Lower_Forest_Soilwater,404.1690910748037
2024-04-30T00:00:00,Lower_Forest_Soilwater,403.9762529446974
2024-05-01T00:00:00,Lower_Forest_Soilwater,403.6090151389147
2024-05-02T00:00:00,Lower_Forest_Soilwater,403.7423818693667
2024-05-03T00:00:00,Lower_Forest_Soilwater,403.6075018046017
2024-05-04T00:00:00,Lower_Forest_Soilwater,403.4364146852274
2024-05-05T00:00:00,Lower_Forest_Soilwater,403.18760474724763
2024-05-06T00:00:00,Lower_Forest_Soilwater,402.91626003779436
2024-05-07T00:00:00,Lower_Forest_Soilwater,403.26971316665066
2024-05-08T00:00:00,Lower_Forest_Soilwater,404.1013026663034
2024-05-09T00:00:00,Lower_Forest_Soilwater,406.867920307832
2024-05-10T00:00:00,Lower_Forest_Soilwater,408.5005272311282
2024-05-11T00:00:00,Lower_Forest_Soilwater,409.57775023505513
2024-05-12T00:00:00,Lower_Forest_Soilwater,409.5836130750695
2024-05-13T00:00:00,Lower_Forest_Soilwater,409.8380956993225
2024-05-14T00:00:00,Lower_Forest_Soilwater,410.4841430952702
2024-05-15T00:00:00,Lower_Forest_Soilwater,411.0547847686832
2024-05-16T00:00:00,Lower_Forest_Soilwater,411.4898592832849
2024-05-17T00:00:00,Lower_Forest_Soilwater,411.0878218506914
2024-05-18T00:00:00,Lower_Forest_Soilwater,410.32529791348975
2024-05-19T00:00:00,Lower_Forest_Soilwater,409.3998012460745
2024-05-20T00:00:00,Lower_Forest_Soilwater,408.7653084334339
2024-05-21T00:00:00,Lower_Forest_Soilwater,408.32070799607396
2024-05-22T00:00:00,Lower_Forest_Soilwater,407.7046023994583
2024-05-23T00:00:00,Lower_Forest_Soilwater,407.04212476100827
2024-05-24T00:00:00,Lower_Forest_Soilwater,406.39190358565537
2024-05-25T00:00:00,Lower_Forest_Soilwater,405.7797088774638
2024-05-26T00:00:00,Lower_Forest_Soilwater,405.2152358149044
2024-05-27T00:00:00,Lower_Forest_Soilwater,404.70046114600746
2024-05-28T00:00:00,Lower_Forest_Soilwater,404.23378948770346
2024-05-29T00:00:00,Lower_Forest_Soilwater,403.81209776708147
2024-05-30T00:00:00,Lower_Forest_Soilwater,403.28398760444753
2024-05-31T00:00:00,Lower_Forest_Soilwater,402.8782506510398
2024-06-01T00:00:00,Lower_Forest_Soilwater,402.4739964894544
2024-06-02T00:00:00,Lower_Forest_Soilwater,402.2267022922682
2024-06-03T00:00:00,Lower_Forest_Soilwater,402.00408478892103
2024-06-04T00:00:00,Lower_Forest_Soilwater,401.74149467296877
2024-06-05T00:00:00,Lower_Forest_Soilwater,401.3496303871418
2024-06-06T00:00:00,Lower_Forest_Soilwater,401.0124979391626
2024-06-07T00:00:00,Lower_Forest_Soilwater,400.9112514406138
2024-06-08T00:00:00,Lower_Forest_Soilwater,400.8201279442361
2024-06-09T00:00:00,Lower_Forest_Soilwater,400.7381159736544
2024-06-10T00:00:00,Lower_Forest_Soilwater,400.66430478820985
2024-06-11T00:00:00,Lower_Forest_Soilwater,400.5978745153493
2024-06-12T00:00:00,Lower_Forest_Soilwater,400.53808716679464
2024-06-13T00:00:00,Lower_Forest_Soilwater,400.48427850160533
2024-06-14T00:00:00,Lower_Forest_Soilwater,400.4358506771898
2024-06-15T00:00:00,Lower_Forest_Soilwater,400.39226562234336
2024-06-16T00:00:00,Lower_Forest_Soilwater,400.3530390665453
2024-06-17T00:00:00,Lower_Forest_Soilwater,400.31773516310886
2024-06-18T00:00:00,Lower_Forest_Soilwater,400.285961648407
2024-06-19T00:00:00,Lower_Forest_Soilwater,400.25736548437084
2024-06-20T00:00:00,Lower_Forest_Soilwater,400.231628936336
2024-06-21T00:00:00,Lower_Forest_Soilwater,400.2084660429035
2024-06-22T00:00:00,Lower_Forest_Soilwater,400.18761943871374
2024-06-23T00:00:00,Lower_Forest_Soilwater,400.1688574948927
2024-06-24T00:00:00,Lower_Forest_Soilwater,400.1519717454285
2024-06-25T00:00:00,Lower_Forest_Soilwater,400.13677457089824
2024-06-26T00:00:00,Lower_Forest_Soilwater,400.1230971138147
2024-06-27T00:00:00,Lower_Forest_Soilwater,400.11078740243636
2024-06-28T00:00:00,Lower_Forest_Soilwater,400.0997086621943
2024-06-29T00:00:00,Lower_Forest_Soilwater,400.0897377959756
2024-06-30T00:00:00,Lower_Forest_Soilwater,400.08076401637845
2024-07-01T00:00:00,Lower_Forest_Soilwater,400.0726876147408
2024-07-02T00:00:00,Lower_Forest_Soilwater,400.0654188532668
2024-07-03T00:00:00,Lower_Forest_Soilwater,400.0588769679402
2024-07-04T00:00:00,Lower_Forest_Soilwater,399.87037456514986
2024-07-05T00:00:00,Lower_Forest_Soilwater,399.7235580297628
2024-07-06T00:00:00,Lower_Forest_Soilwater,399.6372376450502
2024-07-07T00:00:00,Lower_Forest_Soilwater,399.61997854016187
2024-07-08T00:00:00,Lower_Forest_Soilwater,399.5336879863423
2024-07-09T00:00:00,Lower_Forest_Soilwater,399.5336879863423
2024-07-10T00:00:00,Lower_Forest_Soilwater,399.5336879863423
2024-07-11T00:00:00,Lower_Forest_Soilwater,399.5336879863423
2024-07-12T00:00:00,Lower_Forest_Soilwater,399.36115658206216
2024-07-13T00:00:00,Lower_Forest_Soilwater,403.76299592385595
2024-07-14T00:00:00,Lower_Forest_Soilwater,406.9282998314703
2024-07-15T00:00:00,Lower_Forest_Soilwater,407.7341115983233
2024-07-16T00:00:00,Lower_Forest_Soilwater,408.580285313491
2024-07-17T00:00:00,Lower_Forest_Soilwater,409.88057771964196
2024-07-18T00:00:00,Lower_Forest_Soilwater,410.0028451664278
2024-07-19T00:00:00,Lower_Forest_Soilwater,412.21511050916
2024-07-20T00:00:00,Lower_Forest_Soilwater,412.8993111379315
2024-07-21T00:00:00,Lower_Forest_Soilwater,412.3483958639821
2024-07-22T00:00:00,Lower_Forest_Soilwater,411.1759121975058
2024-07-23T00:00:00,Lower_Forest_Soilwater,410.7147784377162
2024-07-24T00:00:00,Lower_Forest_Soilwater,409.539961323925
2024-07-25T00:00:00,Lower_Forest_Soilwater,408.2504715565227
2024-07-26T00:00:00,Lower_Forest_Soilwater,406.85721358336554
2024-07-27T00:00:00,Lower_Forest_Soilwater,405.64244281627657
2024-07-28T00:00:00,Lower_Forest_Soilwater,404.58428183027274
2024-07-29T00:00:00,Lower_Forest_Soilwater,403.63783929505735
2024-07-30T00:00:00,Lower_Forest_Soilwater,402.6373601894575
2024-07-31T00:00:00,Lower_Forest_Soilwater,401.70924458246475
2024-08-01T00:00:00,Lower_Forest_Soilwater,400.96507433019474
2024-08-02T00:00:00,Lower_Forest_Soilwater,400.23980000016354
2024-08-03T00:00:00,Lower_Forest_Soilwater,399.31689303041344
2024-08-04T00:00:00,Lower_Forest_Soilwater,398.29999600163353
2024-08-05T00:00:00,Lower_Forest_Soilwater,397.26922195698637
2024-08-06T00:00:00,Lower_Forest_Soilwater,396.17344405050574
2024-08-07T00:00:00,Lower_Forest_Soilwater,394.8684230360848
2024-08-08T00:00:00,Lower_Forest_Soilwater,394.4885073942041
2024-08-09T00:00:00,Lower_Forest_Soilwater,394.9020330545206
2024-08-10T00:00:00,Lower_Forest_Soilwater,394.8560213397296
2024-08-11T00:00:00,Lower_Forest_Soilwater,394.38772965879207
2024-08-12T00:00:00,Lower_Forest_Soilwater,393.6415487957685
2024-08-13T00:00:00,Lower_Forest_Soilwater,392.76663092890976
2024-08-14T00:00:00,Lower_Forest_Soilwater,392.8625781751623
2024-08-15T00:00:00,Lower_Forest_Soilwater,392.4802140513004
2024-08-16T00:00:00,Lower_Forest_Soilwater,391.5480595520158
2024-08-17T00:00:00,Lower_Forest_Soilwater,390.2230623342816
2024-08-18T00:00:00,Lower_Forest_Soilwater,388.8742612135171
2024-08-19T00:00:00,Lower_Forest_Soilwater,388.19263054178975
2024-08-20T00:00:00,Lower_Forest_Soilwater,387.2018985044349
2024-08-21T00:00:00,Lower_Forest_Soilwater,386.8660292144126
2024-08-22T00:00:00,Lower_Forest_Soilwater,386.26535903232707
2024-08-23T00:00:00,Lower_Forest_Soilwater,385.4260985073643
2024-08-24T00:00:00,Lower_Forest_Soilwater,384.3626905497822
2024-08-25T00:00:00,Lower_Forest_Soilwater,383.1984690906475
2024-08-26T00:00:00,Lower_Forest_Soilwater,383.0385536049654
2024-08-27T00:00:00,Lower_Forest_Soilwater,383.0073272079523
2024-08-28T00:00:00,Lower_Forest_Soilwater,382.2007451780469
2024-08-29T00:00:00,Lower_Forest_Soilwater,381.8126291657925
2024-08-30T00:00:00,Lower_Forest_Soilwater,380.82787472149533
2024-08-31T00:00:00,Lower_Forest_Soilwater,379.65864015365815
2024-09-01T00:00:00,Lower_Forest_Soilwater,380.2434469133963
2024-09-02T00:00:00,Lower_Forest_Soilwater,379.6377836791123
2024-09-03T00:00:00,Lower_Forest_Soilwater,378.7328960309815
2024-09-04T00:00:00,Lower_Forest_Soilwater,378.054286000978
2024-09-05T00:00:00,Lower_Forest_Soilwater,377.09140208311686
2024-09-06T00:00:00,Lower_Forest_Soilwater,375.84168999658306
2024-09-07T00:00:00,Lower_Forest_Soilwater,374.48890658858716
2024-09-08T00:00:00,Lower_Forest_Soilwater,373.19929638327557
2024-09-09T00:00:00,Lower_Forest_Soilwater,375.31586232682986
2024-09-10T00:00:00,Lower_Forest_Soilwater,378.72294619786817
2024-09-11T00:00:00,Lower_Forest_Soilwater,379.69621948724307
2024-09-12T00:00:00,Lower_Forest_Soilwater,379.43509179917044
2024-09-13T00:00:00,Lower_Forest_Soilwater,381.6127384352476
2024-09-14T00:00:00,Lower_Forest_Soilwater,382.98629726376544
2024-09-15T00:00:00,Lower_Forest_Soilwater,384.783737014121
2024-09-16T00:00:00,Lower_Forest_Soilwater,385.1623641158096
2024-09-17T00:00:00,Lower_Forest_Soilwater,384.61134574450824
2024-09-18T00:00:00,Lower_Forest_Soilwater,383.7142210433373
2024-09-19T00:00:00,Lower_Forest_Soilwater,383.5227164853371
2024-09-20T00:00:00,Lower_Forest_Soilwater,382.5533138605247
2024-09-21T00:00:00,Lower_Forest_Soilwater,381.3063449298165
2024-09-22T00:00:00,Lower_Forest_Soilwater,379.96118004891235
2024-09-23T00:00:00,Lower_Forest_Soilwater,378.51811665932985
2024-09-24T00:00:00,Lower_Forest_Soilwater,376.9742860036639
2024-09-25T00:00:00,Lower_Forest_Soilwater,378.00521761543365
2024-09-26T00:00:00,Lower_Forest_Soilwater,377.8818978931694
2024-09-27T00:00:00,Lower_Forest_Soilwater,377.056094524281
2024-09-28T00:00:00,Lower_Forest_Soilwater,375.92723683884805
2024-09-29T00:00:00,Lower_Forest_Soilwater,374.7737938158339
2024-09-30T00:00:00,Lower_Forest_Soilwater,373.5548661187423
2024-10-01T00:00:00,Lower_Forest_Soilwater,372.27073563216857
2024-10-02T00:00:00,Lower_Forest_Soilwater,370.98094156155895
2024-10-03T00:00:00,Lower_Forest_Soilwater,369.67188218187465
2024-10-04T00:00:00,Lower_Forest_Soilwater,368.2477643333861
2024-10-05T00:00:00,Lower_Forest_Soilwater,366.813278261525
2024-10-06T00:00:00,Lower_Forest_Soilwater,365.3391391201128
2024-10-07T00:00:00,Lower_Forest_Soilwater,363.7808341769885
2024-10-08T00:00:00,Lower_Forest_Soilwater,362.39091163930675
2024-10-09T00:00:00,Lower_Forest_Soilwater,361.4677136188765
2024-10-10T00:00:00,Lower_Forest_Soilwater,364.2147820355275
2024-10-11T00:00:00,Lower_Forest_Soilwater,364.9579486854884
2024-10-12T00:00:00,Lower_Forest_Soilwater,364.6254468017429
2024-10-13T00:00:00,Lower_Forest_Soilwater,363.628981008172
2024-10-14T00:00:00,Lower_Forest_Soilwater,362.6972602380582
2024-10-15T00:00:00,Lower_Forest_Soilwater,361.5563084492797
2024-10-16T00:00:00,Lower_Forest_Soilwater,360.25410138284013
2024-10-17T00:00:00,Lower_Forest_Soilwater,358.85310358722353
2024-10-18T00:00:00,Lower_Forest_Soilwater,357.3326772290071
2024-10-19T00:00:00,Lower_Forest_Soilwater,356.0952558915349
2024-10-20T00:00:00,Lower_Forest_Soilwater,354.8894957661169
2024-10-21T00:00:00,Lower_Forest_Soilwater,353.5774031001617
2024-10-22T00:00:00,Lower_Forest_Soilwater,352.45369412572944
2024-10-23T00:00:00,Lower_Forest_Soilwater,351.3563023041636
2024-10-24T00:00:00,Lower_Forest_Soilwater,349.94492440745256
2024-10-25T00:00:00,Lower_Forest_Soilwater,348.51975800863875
2024-10-26T00:00:00,Lower_Forest_Soilwater,346.97382603592024
2024-10-27T00:00:00,Lower_Forest_Soilwater,345.4232554337559
2024-10-28T00:00:00,Lower_Forest_Soilwater,344.3426192779648
2024-10-29T00:00:00,Lower_Forest_Soilwater,343.0173765521465
2024-10-30T00:00:00,Lower_Forest_Soilwater,350.283927129333
2024-10-31T00:00:00,Lower_Forest_Soilwater,355.07200889316215
2024-11-01T00:00:00,Lower_Forest_Soilwater,357.8621319158321
2024-11-02T00:00:00,Lower_Forest_Soilwater,358.37584381012005
2024-11-03T00:00:00,Lower_Forest_Soilwater,358.3737827997712
2024-11-04T00:00:00,Lower_Forest_Soilwater,357.6287790495399
2024-11-05T00:00:00,Lower_Forest_Soilwater,356.5239816312409
2024-11-06T00:00:00,Lower_Forest_Soilwater,355.19904521010983
2024-11-07T00:00:00,Lower_Forest_Soilwater,353.754074500095
2024-11-08T00:00:00,Lower_Forest_Soilwater,359.7320666485776
2024-11-09T00:00:00,Lower_Forest_Soilwater,362.0136152555432
2024-11-10T00:00:00,Lower_Forest_Soilwater,362.5339295267313
2024-11-11T00:00:00,Lower_Forest_Soilwater,367.4309227279594
2024-11-12T00:00:00,Lower_Forest_Soilwater,369.26348084927014
2024-11-13T00:00:00,Lower_Forest_Soilwater,369.5551464224684
2024-11-14T00:00:00,Lower_Forest_Soilwater,369.98396441220757
2024-11-15T00:00:00,Lower_Forest_Soilwater,369.46219021815944
2024-11-16T00:00:00,Lower_Forest_Soilwater,369.06050583948456
2024-11-17T00:00:00,Lower_Forest_Soilwater,368.09718602501124
2024-11-18T00:00:00,Lower_Forest_Soilwater,369.65866995337655
2024-11-19T00:00:00,Lower_Forest_Soilwater,369.8027848571099
2024-11-20T00:00:00,Lower_Forest_Soilwater,369.24910169114963
2024-11-21T00:00:00,Lower_Forest_Soilwater,368.295040809974
2024-11-22T00:00:00,Lower_Forest_Soilwater,367.21383589744676
2024-11-23T00:00:00,Lower_Forest_Soilwater,366.27568811008575
2024-11-24T00:00:00,Lower_Forest_Soilwater,365.27160864234475
2024-11-25T00:00:00,Lower_Forest_Soilwater,364.17945747075686
2024-11-26T00:00:00,Lower_Forest_Soilwater,362.95091915102034
2024-11-27T00:00:00,Lower_Forest_Soilwater,361.6768962908354
2024-11-28T00:00:00,Lower_Forest_Soilwater,360.39109567053566
2024-11-29T00:00:00,Lower_Forest_Soilwater,359.23766267714456
2024-11-30T00:00:00,Lower_Forest_Soilwater,359.306157392083
2024-12-01T00:00:00,Lower_Forest_Soilwater,361.92171844661857
2024-12-02T00:00:00,Lower_Forest_Soilwater,363.34069545984266
2024-12-03T00:00:00,Lower_Forest_Soilwater,364.23387542137607
2024-12-04T00:00:00,Lower_Forest_Soilwater,364.1345069189089
2024-12-05T00:00:00,Lower_Forest_Soilwater,363.37340565070264
2024-12-06T00:00:00,Lower_Forest_Soilwater,362.30050417289715
2024-12-07T00:00:00,Lower_Forest_Soilwater,361.1170449076392
2024-12-08T00:00:00,Lower_Forest_Soilwater,359.8815117700912
2024-12-09T00:00:00,Lower_Forest_Soilwater,358.64558711936314
2024-12-10T00:00:00,Lower_Forest_Soilwater,357.5278326455697
2024-12-11T00:00:00,Lower_Forest_Soilwater,356.20004871627765
2024-12-12T00:00:00,Lower_Forest_Soilwater,354.978829168208
2024-12-13T00:00:00,Lower_Forest_Soilwater,353.88647572973554
2024-12-14T00:00:00,Lower_Forest_Soilwater,352.7979039417112
2024-12-15T00:00:00,Lower_Forest_Soilwater,351.6189027990871
2024-12-16T00:00:00,Lower_Forest_Soilwater,353.4731453024253
2024-12-17T00:00:00,Lower_Forest_Soilwater,356.7825881304213
2024-12-18T00:00:00,Lower_Forest_Soilwater,360.0580253707285
2024-12-19T00:00:00,Lower_Forest_Soilwater,361.23333135348946
2024-12-20T00:00:00,Lower_Forest_Soilwater,363.11572741789905
2024-12-21T00:00:00,Lower_Forest_Soilwater,363.6029691453772
2024-12-22T00:00:00,Lower_Forest_Soilwater,363.35216266143135
2024-12-23T00:00:00,Lower_Forest_Soilwater,363.3387302807837
2024-12-24T00:00:00,Lower_Forest_Soilwater,363.6463955007412
2024-12-25T00:00:00,Lower_Forest_Soilwater,363.54949869799793
2024-12-26T00:00:00,Lower_Forest_Soilwater,363.42172490337623
2024-12-27T00:00:00,Lower_Forest_Soilwater,363.2252066043183
2024-12-28T00:00:00,Lower_Forest_Soilwater,363.73587298148783
2024-12-29T00:00:00,Lower_Forest_Soilwater,363.6487394727792
2024-12-30T00:00:00,Lower_Forest_Soilwater,363.36235451960926
2024-12-31T00:00:00,Lower_Forest_Soilwater,362.8629303639607
2025-01-01T00:00:00,Lower_Forest_Soilwater,362.6328239686841
2025-01-02T00:00:00,Lower_Forest_Soilwater,362.27962823182787
2025-01-03T00:00:00,Lower_Forest_Soilwater,361.820022117326
2025-01-04T00:00:00,Lower_Forest_Soilwater,361.1570559540389
2025-01-05T00:00:00,Lower_Forest_Soilwater,363.14236261828574
2025-01-06T00:00:00,Lower_Forest_Soilwater,363.7836406896726
2025-01-07T00:00:00,Lower_Forest_Soilwater,363.40358651383787
2025-01-08T00:00:00,Lower_Forest_Soilwater,365.09905131474727
2025-01-09T00:00:00,Lower_Forest_Soilwater,365.52018145876286
2025-01-10T00:00:00,Lower_Forest_Soilwater,365.47827728524516
2025-01-11T00:00:00,Lower_Forest_Soilwater,365.39281928485025
2025-01-12T00:00:00,Lower_Forest_Soilwater,365.08261471464874
2025-01-13T00:00:00,Lower_Forest_Soilwater,364.62240248680405
2025-01-14T00:00:00,Lower_Forest_Soilwater,363.96596469128315
2025-01-15T00:00:00,Lower_Forest_Soilwater,363.40295631112747
2025-01-16T00:00:00,Lower_Forest_Soilwater,363.11829564615084
2025-01-17T00:00:00,Lower_Forest_Soilwater,367.93387759318233
2025-01-18T00:00:00,Lower_Forest_Soilwater,370.3863818037229
2025-01-19T00:00:00,Lower_Forest_Soilwater,371.5691579408947
2025-01-20T00:00:00,Lower_Forest_Soilwater,372.18000545761345
2025-01-21T00:00:00,Lower_Forest_Soilwater,372.4265384153122
2025-01-22T00:00:00,Lower_Forest_Soilwater,374.25866097533265
2025-01-23T00:00:00,Lower_Forest_Soilwater,375.13978304576716
2025-01-24T00:00:00,Lower_Forest_Soilwater,375.1511055450497
2025-01-25T00:00:00,Lower_Forest_Soilwater,376.0523084939008
2025-01-26T00:00:00,Lower_Forest_Soilwater,375.88887836585
2025-01-27T00:00:00,Lower_Forest_Soilwater,376.1452788989841
2025-01-28T00:00:00,Lower_Forest_Soilwater,381.6399308655226
2025-01-29T00:00:00,Lower_Forest_Soilwater,384.00620096482214
2025-01-30T00:00:00,Lower_Forest_Soilwater,384.9578986782945
2025-01-31T00:00:00,Lower_Forest_Soilwater,385.74999417431764
2025-02-01T00:00:00,Lower_Forest_Soilwater,386.4635361035277
2025-02-02T00:00:00,Lower_Forest_Soilwater,386.6052583877401
2025-02-03T00:00:00,Lower_Forest_Soilwater,389.9970937520065
2025-02-04T00:00:00,Lower_Forest_Soilwater,395.04591439861457
2025-02-05T00:00:00,Lower_Forest_Soilwater,398.78406658062926
2025-02-06T00:00:00,Lower_Forest_Soilwater,400.9396247127585
2025-02-07T00:00:00,Lower_Forest_Soilwater,402.71500763657866
2025-02-08T00:00:00,Lower_Forest_Soilwater,403.0321475704688
2025-02-09T00:00:00,Lower_Forest_Soilwater,406.56329741219594
2025-02-10T00:00:00,Lower_Forest_Soilwater,408.2573379703633
2025-02-11T00:00:00,Lower_Forest_Soilwater,408.68454932302046
2025-02-12T00:00:00,Lower_Forest_Soilwater,409.06320921556517
2025-02-13T00:00:00,Lower_Forest_Soilwater,408.62103770643205
2025-02-14T00:00:00,Lower_Forest_Soilwater,408.2180921420005
2025-02-15T00:00:00,Lower_Forest_Soilwater,408.1679545309063
2025-02-16T00:00:00,Lower_Forest_Soilwater,407.23544287936863
2025-02-17T00:00:00,Lower_Forest_Soilwater,406.45015249220825
2025-02-18T00:00:00,Lower_Forest_Soilwater,406.0511424433756
2025-02-19T00:00:00,Lower_Forest_Soilwater,405.27354279923213
2025-02-20T00:00:00,Lower_Forest_Soilwater,405.50060431940597
2025-02-21T00:00:00,Lower_Forest_Soilwater,405.5120875375139
2025-02-22T00:00:00,Lower_Forest_Soilwater,405.30385860878675
2025-02-23T00:00:00,Lower_Forest_Soilwater,404.9216346604202
2025-02-24T00:00:00,Lower_Forest_Soilwater,404.53076815063423
2025-02-25T00:00:00,Lower_Forest_Soilwater,404.1283398136988
2025-02-26T00:00:00,Lower_Forest_Soilwater,404.21599632139294
2025-02-27T00:00:00,Lower_Forest_Soilwater,403.5314259337856
2025-02-28T00:00:00,Lower_Forest_Soilwater,402.86017396267306
2025-03-01T00:00:00,Lower_Forest_Soilwater,402.6367178775388
2025-03-02T00:00:00,Lower_Forest_Soilwater,402.4043267453514
2025-03-03T00:00:00,Lower_Forest_Soilwater,401.8218383985995
2025-03-04T00:00:00,Lower_Forest_Soilwater,401.5075067226311
2025-03-05T00:00:00,Lower_Forest_Soilwater,403.0428538823138
2025-03-06T00:00:00,Lower_Forest_Soilwater,403.6865934100553
2025-03-07T00:00:00,Lower_Forest_Soilwater,405.1233637770362
2025-03-08T00:00:00,Lower_Forest_Soilwater,406.2914232533258
2025-03-09T00:00:00,Lower_Forest_Soilwater,406.5374708549898
2025-03-10T00:00:00,Lower_Forest_Soilwater,406.32131873298914
2025-03-11T00:00:00,Lower_Forest_Soilwater,406.3100480914394
2025-03-12T00:00:00,Lower_Forest_Soilwater,405.88060989817
2025-03-13T00:00:00,Lower_Forest_Soilwater,404.9967562162903
2025-03-14T00:00:00,Lower_Forest_Soilwater,403.9837122486299
2025-03-15T00:00:00,Lower_Forest_Soilwater,403.5308328507512
2025-03-16T00:00:00,Lower_Forest_Soilwater,404.12727447916825
2025-03-17T00:00:00,Lower_Forest_Soilwater,404.3822109879975
2025-03-18T00:00:00,Lower_Forest_Soilwater,403.9551178675708
2025-03-19T00:00:00,Lower_Forest_Soilwater,403.40576207000026
2025-03-20T00:00:00,Lower_Forest_Soilwater,403.0776878575935
2025-03-21T00:00:00,Lower_Forest_Soilwater,403.51345231913075
2025-03-22T00:00:00,Lower_Forest_Soilwater,403.405569710866
2025-03-23T00:00:00,Lower_Forest_Soilwater,403.5973938016036
2025-03-24T00:00:00,Lower_Forest_Soilwater,403.2200209523553
2025-03-25T00:00:00,Lower_Forest_Soilwater,403.7921091225758
2025-03-26T00:00:00,Lower_Forest_Soilwater,404.03962159304626
2025-03-27T00:00:00,Lower_Forest_Soilwater,405.1886856251057
2025-03-28T00:00:00,Lower_Forest_Soilwater,406.4394306582771
2025-03-29T00:00:00,Lower_Forest_Soilwater,409.25911164029037
2025-03-30T00:00:00,Lower_Forest_Soilwater,409.7228685001818
2025-03-31T00:00:00,Lower_Forest_Soilwater,409.34043966212386
2025-04-01T00:00:00,Lower_Forest_Soilwater,408.66244470189156
2025-04-02T00:00:00,Lower_Forest_Soilwater,407.72982473469244
2025-04-03T00:00:00,Lower_Forest_Soilwater,406.8458945127182
2025-04-04T00:00:00,Lower_Forest_Soilwater,406.1634019371939
2025-04-05T00:00:00,Lower_Forest_Soilwater,405.77910193134824
2025-04-06T00:00:00,Lower_Forest_Soilwater,406.39977683215034
2025-04-07T00:00:00,Lower_Forest_Soilwater,406.6110624459037
2025-04-08T00:00:00,Lower_Forest_Soilwater,406.71390459979756
2025-04-09T00:00:00,Lower_Forest_Soilwater,406.8343685890599
2025-04-10T00:00:00,Lower_Forest_Soilwater,406.52511045477496
2025-04-11T00:00:00,Lower_Forest_Soilwater,410.12623302160796
2025-04-12T00:00:00,Lower_Forest_Soilwater,412.3470485256024
2025-04-13T00:00:00,Lower_Forest_Soilwater,413.16767807611984
2025-04-14T00:00:00,Lower_Forest_Soilwater,412.8785774700467
2025-04-15T00:00:00,Lower_Forest_Soilwater,412.10455332381144
2025-04-16T00:00:00,Lower_Forest_Soilwater,411.151014791815
2025-04-17T00:00:00,Lower_Forest_Soilwater,410.49333296282583
2025-04-18T00:00:00,Lower_Forest_Soilwater,409.6727094916394
2025-04-19T00:00:00,Lower_Forest_Soilwater,408.81979345502356
2025-04-20T00:00:00,Lower_Forest_Soilwater,407.99499156579526
2025-04-21T00:00:00,Lower_Forest_Soilwater,407.22408113735275
2025-04-22T00:00:00,Lower_Forest_Soilwater,406.515967387686
2025-04-23T00:00:00,Lower_Forest_Soilwater,405.87151783095163
2025-04-24T00:00:00,Lower_Forest_Soilwater,405.2879396388736
2025-04-25T00:00:00,Lower_Forest_Soilwater,404.7609324704948
2025-04-26T00:00:00,Lower_Forest_Soilwater,404.2857326211996
2025-04-27T00:00:00,Lower_Forest_Soilwater,403.8576060579568
2025-04-28T00:00:00,Lower_Forest_Soilwater,403.4720688015997
2025-04-29T00:00:00,Lower_Forest_Soilwater,403.45393484615903
2025-04-30T00:00:00,Lower_Forest_Soilwater,403.2730778239028
2025-05-01T00:00:00,Lower_Forest_Soilwater,403.0280382726923
2025-05-02T00:00:00,Lower_Forest_Soilwater,402.766368561013
2025-05-03T00:00:00,Lower_Forest_Soilwater,404.3744125127066
2025-05-04T00:00:00,Lower_Forest_Soilwater,404.87931166533343
2025-05-05T00:00:00,Lower_Forest_Soilwater,405.10909445074884
2025-05-06T00:00:00,Lower_Forest_Soilwater,404.8637299816483
2025-05-07T00:00:00,Lower_Forest_Soilwater,404.5334574714707
2025-05-08T00:00:00,Lower_Forest_Soilwater,404.1426099683172
2025-05-09T00:00:00,Lower_Forest_Soilwater,403.72849409348225
2025-05-10T00:00:00,Lower_Forest_Soilwater,406.5092497451324
2025-05-11T00:00:00,Lower_Forest_Soilwater,407.6334558011184
2025-05-12T00:00:00,Lower_Forest_Soilwater,408.08742673625613
2025-05-13T00:00:00,Lower_Forest_Soilwater,408.4861753202553
2025-05-14T00:00:00,Lower_Forest_Soilwater,408.6145919170422
2025-05-15T00:00:00,Lower_Forest_Soilwater,408.1911057897442
2025-05-16T00:00:00,Lower_Forest_Soilwater,408.3982277429729
2025-05-17T00:00:00,Lower_Forest_Soilwater,407.97043323477715
2025-05-18T00:00:00,Lower_Forest_Soilwater,408.0707795443502
2025-05-19T00:00:00,Lower_Forest_Soilwater,407.7754144064406
2025-05-20T00:00:00,Lower_Forest_Soilwater,407.1370893740592
2025-05-21T00:00:00,Lower_Forest_Soilwater,406.5785246407846
2025-05-22T00:00:00,Lower_Forest_Soilwater,407.4144077787719
2025-05-23T00:00:00,Lower_Forest_Soilwater,408.2970648019275
2025-05-24T00:00:00,Lower_Forest_Soilwater,412.24095522225116
2025-05-25T00:00:00,Lower_Forest_Soilwater,413.18204215028425
2025-05-26T00:00:00,Lower_Forest_Soilwater,412.62372516038494
2025-05-27T00:00:00,Lower_Forest_Soilwater,411.422480256911
2025-05-28T00:00:00,Lower_Forest_Soilwater,410.3224600375022
2025-05-29T00:00:00,Lower_Forest_Soilwater,409.2802239368931
2025-05-30T00:00:00,Lower_Forest_Soilwater,409.07513324477435
2025-05-31T00:00:00,Lower_Forest_Soilwater,408.42410977108216
2025-06-01T00:00:00,Lower_Forest_Soilwater,407.6555117193666
2025-06-02T00:00:00,Lower_Forest_Soilwater,408.26682976012626
2025-06-03T00:00:00,Lower_Forest_Soilwater,408.01582939046176
2025-06-04T00:00:00,Lower_Forest_Soilwater,407.30379975458965
2025-06-05T00:00:00,Lower_Forest_Soilwater,406.5404364307177
2025-06-06T00:00:00,Lower_Forest_Soilwater,405.7182691134394
2025-06-07T00:00:00,Lower_Forest_Soilwater,404.62692436499225
2025-06-08T00:00:00,Lower_Forest_Soilwater,403.6750810099414
2025-06-09T00:00:00,Lower_Forest_Soilwater,402.5808854496714
2025-06-10T00:00:00,Lower_Forest_Soilwater,402.50774217506637
2025-06-11T00:00:00,Lower_Forest_Soilwater,402.2289125927408
2025-06-12T00:00:00,Lower_Forest_Soilwater,401.64596165105723
2025-06-13T00:00:00,Lower_Forest_Soilwater,401.09138364474677
2025-06-14T00:00:00,Lower_Forest_Soilwater,406.7653581096697
2025-06-15T00:00:00,Lower_Forest_Soilwater,409.0192587134016
2025-06-16T00:00:00,Lower_Forest_Soilwater,410.8245037994109
2025-06-17T00:00:00,Lower_Forest_Soilwater,411.00232689814453
2025-06-18T00:00:00,Lower_Forest_Soilwater,410.5788869476674
2025-06-19T00:00:00,Lower_Forest_Soilwater,413.91658337256933
2025-06-20T00:00:00,Lower_Forest_Soilwater,414.9436045951468
2025-06-21T00:00:00,Lower_Forest_Soilwater,414.0753839155493
2025-06-22T00:00:00,Lower_Forest_Soilwater,412.85261141395296
2025-06-23T00:00:00,Lower_Forest_Soilwater,411.469221217537
2025-06-24T00:00:00,Lower_Forest_Soilwater,410.26157056827293
2025-06-25T00:00:00,Lower_Forest_Soilwater,409.59390999769045
2025-06-26T00:00:00,Lower_Forest_Soilwater,408.6465832410438
2025-06-27T00:00:00,Lower_Forest_Soilwater,407.50413303850064
2025-06-28T00:00:00,Lower_Forest_Soilwater,406.3893197954312
2025-06-29T00:00:00,Lower_Forest_Soilwater,405.2843638462784
2025-06-30T00:00:00,Lower_Forest_Soilwater,404.27019547684574
2025-07-01T00:00:00,Lower_Forest_Soilwater,403.6119739367588
2025-07-02T00:00:00,Lower_Forest_Soilwater,403.18571954688167
2025-07-03T00:00:00,Lower_Forest_Soilwater,402.6596590940929
2025-07-04T00:00:00,Lower_Forest_Soilwater,402.2549569356333
2025-07-05T00:00:00,Lower_Forest_Soilwater,401.8201251175448
2025-07-06T00:00:00,Lower_Forest_Soilwater,401.26517254352774
2025-07-07T00:00:00,Lower_Forest_Soilwater,402.03321125804365
2025-07-08T00:00:00,Lower_Forest_Soilwater,405.2090643666736
2025-07-09T00:00:00,Lower_Forest_Soilwater,410.3665090472234
2025-07-10T00:00:00,Lower_Forest_Soilwater,412.1029377011096
2025-07-11T00:00:00,Lower_Forest_Soilwater,412.092559710303
2025-07-12T00:00:00,Lower_Forest_Soilwater,411.0827976289248
2025-07-13T00:00:00,Lower_Forest_Soilwater,410.4250353108584
2025-07-14T00:00:00,Lower_Forest_Soilwater,409.1995505021856
2025-07-15T00:00:00,Lower_Forest_Soilwater,407.9626008131736
2025-07-16T00:00:00,Lower_Forest_Soilwater,406.7590114124595
2025-07-17T00:00:00,Lower_Forest_Soilwater,405.64227761151517
2025-07-18T00:00:00,Lower_Forest_Soilwater,404.75036927051445
2025-07-19T00:00:00,Lower_Forest_Soilwater,403.87043605353847
2025-07-20T00:00:00,Lower_Forest_Soilwater,402.9776803032223
2025-07-21T00:00:00,Lower_Forest_Soilwater,401.91772820041894
2025-07-22T00:00:00,Lower_Forest_Soilwater,400.85886334413647
2025-07-23T00:00:00,Lower_Forest_Soilwater,399.1161526975634
2025-07-24T00:00:00,Lower_Forest_Soilwater,398.5120456695283
2025-07-25T00:00:00,Lower_Forest_Soilwater,397.9827863786079
2025-07-26T00:00:00,Lower_Forest_Soilwater,397.3066969289221
2025-07-27T00:00:00,Lower_Forest_Soilwater,396.4000188044839
2025-07-28T00:00:00,Lower_Forest_Soilwater,395.29076668827753
2025-07-29T00:00:00,Lower_Forest_Soilwater,394.00684083667556
2025-07-30T00:00:00,Lower_Forest_Soilwater,393.2533600299257
2025-07-31T00:00:00,Lower_Forest_Soilwater,397.3513436243898
2025-08-01T00:00:00,Lower_Forest_Soilwater,399.338330798875
2025-08-02T00:00:00,Lower_Forest_Soilwater,400.02631759982916
2025-08-03T00:00:00,Lower_Forest_Soilwater,400.09353978026706
2025-08-04T00:00:00,Lower_Forest_Soilwater,399.5847506686375
2025-08-05T00:00:00,Lower_Forest_Soilwater,399.2719275320933
2025-08-06T00:00:00,Lower_Forest_Soilwater,399.54196507052364
2025-08-07T00:00:00,Lower_Forest_Soilwater,401.7854524347476
2025-08-08T00:00:00,Lower_Forest_Soilwater,404.74642262691094
2025-08-09T00:00:00,Lower_Forest_Soilwater,406.4567330820389
2025-08-10T00:00:00,Lower_Forest_Soilwater,407.3725058827446
2025-08-11T00:00:00,Lower_Forest_Soilwater,408.0926118489249
2025-08-12T00:00:00,Lower_Forest_Soilwater,407.6659969412598
2025-08-13T00:00:00,Lower_Forest_Soilwater,406.6591523857475
2025-08-14T00:00:00,Lower_Forest_Soilwater,405.6165067164796
2025-08-15T00:00:00,Lower_Forest_Soilwater,404.53601082948506
2025-08-16T00:00:00,Lower_Forest_Soilwater,403.02983513886323
2025-08-17T00:00:00,Lower_Forest_Soilwater,401.5629323211403
2025-08-18T00:00:00,Lower_Forest_Soilwater,400.225927437108
2025-08-19T00:00:00,Lower_Forest_Soilwater,406.51887686743805
2025-08-20T00:00:00,Lower_Forest_Soilwater,408.32103226771466
2025-08-21T00:00:00,Lower_Forest_Soilwater,407.9811185844534
2025-08-22T00:00:00,Lower_Forest_Soilwater,406.56596549776316
2025-08-23T00:00:00,Lower_Forest_Soilwater,404.74937633386435
2025-08-24T00:00:00,Lower_Forest_Soilwater,402.86241039341667
2025-08-25T00:00:00,Lower_Forest_Soilwater,401.1742032005444
2025-08-26T00:00:00,Lower_Forest_Soilwater,398.75070687322443
2025-08-27T00:00:00,Lower_Forest_Soilwater,398.04244740434706
2025-08-28T00:00:00,Lower_Forest_Soilwater,397.39735573067475
2025-08-29T00:00:00,Lower_Forest_Soilwater,396.44598644410644
2025-08-30T00:00:00,Lower_Forest_Soilwater,397.7141327768444
2025-08-31T00:00:00,Lower_Forest_Soilwater,398.93688234580975
2025-09-01T00:00:00,Lower_Forest_Soilwater,398.8590031962372
2025-09-02T00:00:00,Lower_Forest_Soilwater,398.3287367420029
2025-09-03T00:00:00,Lower_Forest_Soilwater,398.4523242086368
2025-09-04T00:00:00,Lower_Forest_Soilwater,397.81734121169933
2025-09-05T00:00:00,Lower_Forest_Soilwater,396.69900572453145
2025-09-06T00:00:00,Lower_Forest_Soilwater,395.5486782598552
2025-09-07T00:00:00,Lower_Forest_Soilwater,394.3291354172966
2025-09-08T00:00:00,Lower_Forest_Soilwater,392.89129515343035
2025-09-09T00:00:00,Lower_Forest_Soilwater,391.2396498947201
2025-09-10T00:00:00,Lower_Forest_Soilwater,389.68042162090336
2025-09-11T00:00:00,Lower_Forest_Soilwater,388.2250698991366
2025-09-12T00:00:00,Lower_Forest_Soilwater,388.99161489792203
2025-09-13T00:00:00,Lower_Forest_Soilwater,388.9161611427081
2025-09-14T00:00:00,Lower_Forest_Soilwater,388.39614931084014
2025-09-15T00:00:00,Lower_Forest_Soilwater,387.3768956567411
2025-09-16T00:00:00,Lower_Forest_Soilwater,386.3440432378553
2025-09-17T00:00:00,Lower_Forest_Soilwater,385.4627860283074
2025-09-18T00:00:00,Lower_Forest_Soilwater,384.7393666682156
2025-09-19T00:00:00,Lower_Forest_Soilwater,387.67764537708206
2025-09-20T00:00:00,Lower_Forest_Soilwater,388.7530437331988
2025-09-21T00:00:00,Lower_Forest_Soilwater,388.9192750855706
2025-09-22T00:00:00,Lower_Forest_Soilwater,389.18392298831156
2025-09-23T00:00:00,Lower_Forest_Soilwater,389.4313487498955
2025-09-24T00:00:00,Lower_Forest_Soilwater,388.80805299323896
2025-09-25T00:00:00,Lower_Forest_Soilwater,388.0402784435226
2025-09-26T00:00:00,Lower_Forest_Soilwater,387.13513801600584
2025-09-27T00:00:00,Lower_Forest_Soilwater,388.88694533428634
2025-09-28T00:00:00,Lower_Forest_Soilwater,393.4016104275664
2025-09-29T00:00:00,Lower_Forest_Soilwater,394.9818117316555
2025-09-30T00:00:00,Lower_Forest_Soilwater,395.2167128380771
2025-10-01T00:00:00,Lower_Forest_Soilwater,394.75129644729816
2025-10-02T00:00:00,Lower_Forest_Soilwater,393.827534737782
2025-10-03T00:00:00,Lower_Forest_Soilwater,393.8631502586804
2025-10-04T00:00:00,Lower_Forest_Soilwater,392.9959418241477
2025-10-05T00:00:00,Lower_Forest_Soilwater,391.69535029955927
2025-10-06T00:00:00,Lower_Forest_Soilwater,390.2085906452154
2025-10-07T00:00:00,Lower_Forest_Soilwater,388.4287932006433
2025-10-08T00:00:00,Lower_Forest_Soilwater,386.576867387102
2025-10-09T00:00:00,Lower_Forest_Soilwater,384.70784152939
2025-10-10T00:00:00,Lower_Forest_Soilwater,382.9554377865835
2025-10-11T00:00:00,Lower_Forest_Soilwater,381.5020050005541
2025-10-12T00:00:00,Lower_Forest_Soilwater,380.10207941100305
2025-10-13T00:00:00,Lower_Forest_Soilwater,378.4900054060132
2025-10-14T00:00:00,Lower_Forest_Soilwater,376.95874474176196
2025-10-15T00:00:00,Lower_Forest_Soilwater,375.4276022360656
2025-10-16T00:00:00,Lower_Forest_Soilwater,373.8175065346317
2025-10-17T00:00:00,Lower_Forest_Soilwater,372.2167419805672
2025-10-18T00:00:00,Lower_Forest_Soilwater,370.6331349216802
2025-10-19T00:00:00,Lower_Forest_Soilwater,369.67597551775725
2025-10-20T00:00:00,Lower_Forest_Soilwater,368.35714990995217
2025-10-21T00:00:00,Lower_Forest_Soilwater,369.8958244885878
2025-10-22T00:00:00,Lower_Forest_Soilwater,369.76616859593133
2025-10-23T00:00:00,Lower_Forest_Soilwater,368.7691394169712
2025-10-24T00:00:00,Lower_Forest_Soilwater,367.31006306259343
2025-10-25T00:00:00,Lower_Forest_Soilwater,365.63087995568065
2025-10-26T00:00:00,Lower_Forest_Soilwater,363.9135863080653
2025-10-27T00:00:00,Lower_Forest_Soilwater,362.26654537996296
2025-10-28T00:00:00,Lower_Forest_Soilwater,360.55324576634297
2025-10-29T00:00:00,Lower_Forest_Soilwater,358.77177953143547
2025-10-30T00:00:00,Lower_Forest_Soilwater,364.6979475768204
2025-10-31T00:00:00,Lower_Forest_Soilwater,366.8309733120764
2025-11-01T00:00:00,Lower_Forest_Soilwater,367.0570414744343
2025-11-02T00:00:00,Lower_Forest_Soilwater,370.31361390007135
2025-11-03T00:00:00,Lower_Forest_Soilwater,370.9378306379053
2025-11-04T00:00:00,Lower_Forest_Soilwater,370.1154063814922
2025-11-05T00:00:00,Lower_Forest_Soilwater,369.6379175119445
2025-11-06T00:00:00,Lower_Forest_Soilwater,375.1998862648417
2025-11-07T00:00:00,Lower_Forest_Soilwater,381.83916484564736
2025-11-08T00:00:00,Lower_Forest_Soilwater,384.2661053065289
2025-11-09T00:00:00,Lower_Forest_Soilwater,387.2073765799595
2025-11-10T00:00:00,Lower_Forest_Soilwater,387.90482063875606
2025-11-11T00:00:00,Lower_Forest_Soilwater,391.90586300518873
2025-11-12T00:00:00,Lower_Forest_Soilwater,393.22841944965245
2025-11-13T00:00:00,Lower_Forest_Soilwater,395.20864743929815
2025-11-14T00:00:00,Lower_Forest_Soilwater,395.47981878999207
2025-11-15T00:00:00,Lower_Forest_Soilwater,397.19508499939275
2025-11-16T00:00:00,Lower_Forest_Soilwater,397.29517528078514
2025-11-17T00:00:00,Lower_Forest_Soilwater,398.6503622541204
2025-11-18T00:00:00,Lower_Forest_Soilwater,398.6387465162807
2025-11-19T00:00:00,Lower_Forest_Soilwater,400.8419533956071
2025-11-20T00:00:00,Lower_Forest_Soilwater,402.6413735715236
2025-11-21T00:00:00,Lower_Forest_Soilwater,402.7241799721099
2025-11-22T00:00:00,Lower_Forest_Soilwater,401.9876018537682
2025-11-23T00:00:00,Lower_Forest_Soilwater,403.010306607826
2025-11-24T00:00:00,Lower_Forest_Soilwater,403.2609594167607
2025-11-25T00:00:00,Lower_Forest_Soilwater,403.6999249599433
2025-11-26T00:00:00,Lower_Forest_Soilwater,404.45987045637827
2025-11-27T00:00:00,Lower_Forest_Soilwater,403.84013240695515
2025-11-28T00:00:00,Lower_Forest_Soilwater,402.85991566436695
2025-11-29T00:00:00,Lower_Forest_Soilwater,401.7081743469839
2025-11-30T00:00:00,Lower_Forest_Soilwater,400.70401803681233
2025-12-01T00:00:00,Lower_Forest_Soilwater,398.8652295455297
2025-12-02T00:00:00,Lower_Forest_Soilwater,397.7136320590817
2025-12-03T00:00:00,Lower_Forest_Soilwater,396.4541838031731
2025-12-04T00:00:00,Lower_Forest_Soilwater,395.1313228547822
2025-12-05T00:00:00,Lower_Forest_Soilwater,393.6483827050767
2025-12-06T00:00:00,Lower_Forest_Soilwater,392.28905565908696
2025-12-07T00:00:00,Lower_Forest_Soilwater,391.0443341010909
2025-12-08T00:00:00,Lower_Forest_Soilwater,389.69538517646527
2025-12-09T00:00:00,Lower_Forest_Soilwater,390.2103541286992
2025-12-10T00:00:00,Lower_Forest_Soilwater,389.89867202495947
2025-12-11T00:00:00,Lower_Forest_Soilwater,389.17169281169066
2025-12-12T00:00:00,Lower_Forest_Soilwater,388.3017694384543
2025-12-13T00:00:00,Lower_Forest_Soilwater,387.2498660619432
2025-12-14T00:00:00,Lower_Forest_Soilwater,386.17591608747904
2025-12-15T00:00:00,Lower_Forest_Soilwater,385.2166182744129
2025-12-16T00:00:00,Lower_Forest_Soilwater,384.1882700410908
2025-12-17T00:00:00,Lower_Forest_Soilwater,383.1071440377413
2025-12-18T00:00:00,Lower_Forest_Soilwater,382.1161343307962
2025-12-19T00:00:00,Lower_Forest_Soilwater,381.11049886166177
2025-12-20T00:00:00,Lower_Forest_Soilwater,380.0832378553803
2025-12-21T00:00:00,Lower_Forest_Soilwater,379.07540260312464
2025-12-22T00:00:00,Lower_Forest_Soilwater,387.29727861576526
2025-12-23T00:00:00,Lower_Forest_Soilwater,392.04483742241194
2025-12-24T00:00:00,Lower_Forest_Soilwater,394.43296682796273
2025-12-25T00:00:00,Lower_Forest_Soilwater,396.54458790519783
2025-12-26T00:00:00,Lower_Forest_Soilwater,399.31707798161966
2025-12-27T00:00:00,Lower_Forest_Soilwater,400.15654736273467
2025-12-28T00:00:00,Lower_Forest_Soilwater,398.8554896230232
2025-12-29T00:00:00,Lower_Forest_Soilwater,398.0832583495577
2025-12-30T00:00:00,Lower_Forest_Soilwater,397.2696185084326
2025-12-31T00:00:00,Lower_Forest_Soilwater,396.8087430673598
2026-01-01T00:00:00,Lower_Forest_Soilwater,396.2496403324499
2026-01-02T00:00:00,Lower_Forest_Soilwater,396.063385339926
2026-01-03T00:00:00,Lower_Forest_Soilwater,395.48459834802
2026-01-04T00:00:00,Lower_Forest_Soilwater,394.6131874615985
2026-01-05T00:00:00,Lower_Forest_Soilwater,393.59784762959976
2026-01-06T00:00:00,Lower_Forest_Soilwater,393.3027775314925
2026-01-07T00:00:00,Lower_Forest_Soilwater,401.5125537672003
2026-01-08T00:00:00,Lower_Forest_Soilwater,406.8780701349088
2026-01-09T00:00:00,Lower_Forest_Soilwater,409.37875899363223
2026-01-10T00:00:00,Lower_Forest_Soilwater,409.4908110303761
2026-01-11T00:00:00,Lower_Forest_Soilwater,408.7712058953921
2026-01-12T00:00:00,Lower_Forest_Soilwater,411.3163570398796
2026-01-13T00:00:00,Lower_Forest_Soilwater,411.5498252029051
2026-01-14T00:00:00,Lower_Forest_Soilwater,410.7274746161213
2026-01-15T00:00:00,Lower_Forest_Soilwater,409.6110911212625
2026-01-16T00:00:00,Lower_Forest_Soilwater,408.4570919925129
2026-01-17T00:00:00,Lower_Forest_Soilwater,407.32831378494996
2026-01-18T00:00:00,Lower_Forest_Soilwater,410.92257615229914
2026-01-19T00:00:00,Lower_Forest_Soilwater,411.87495740999134
2026-01-20T00:00:00,Lower_Forest_Soilwater,412.21686135545326
2026-01-21T00:00:00,Lower_Forest_Soilwater,411.59657906313845
2026-01-22T00:00:00,Lower_Forest_Soilwater,410.6443110784399
2026-01-23T00:00:00,Lower_Forest_Soilwater,409.8142481814035
2026-01-24T00:00:00,Lower_Forest_Soilwater,409.114153968667
2026-01-25T00:00:00,Lower_Forest_Soilwater,408.84272837450214
2026-01-26T00:00:00,Lower_Forest_Soilwater,407.7885624384029
2026-01-27T00:00:00,Lower_Forest_Soilwater,406.3182316452381
2026-01-28T00:00:00,Lower_Forest_Soilwater,404.722479206052
2026-01-29T00:00:00,Lower_Forest_Soilwater,403.6943946481157
2026-01-30T00:00:00,Lower_Forest_Soilwater,403.1442368646385
2026-01-31T00:00:00,Lower_Forest_Soilwater,402.7977740188419
2026-02-01T00:00:00,Lower_Forest_Soilwater,405.43079528729135
2026-02-02T00:00:00,Lower_Forest_Soilwater,405.65982709372895
2026-02-03T00:00:00,Lower_Forest_Soilwater,405.5561615519395
2026-02-04T00:00:00,Lower_Forest_Soilwater,404.81957598053725
2026-02-05T00:00:00,Lower_Forest_Soilwater,404.3132296743794
2026-02-06T00:00:00,Lower_Forest_Soilwater,405.96712635288935
2026-02-07T00:00:00,Lower_Forest_Soilwater,406.30804754057436
2026-02-08T00:00:00,Lower_Forest_Soilwater,405.90500369800384
2026-02-09T00:00:00,Lower_Forest_Soilwater,405.48052753394694
2026-02-10T00:00:00,Lower_Forest_Soilwater,406.394370133424
2026-02-11T00:00:00,Lower_Forest_Soilwater,406.15151279651747
2026-02-12T00:00:00,Lower_Forest_Soilwater,405.5480273550836
2026-02-13T00:00:00,Lower_Forest_Soilwater,404.7152335386842
2026-02-14T00:00:00,Lower_Forest_Soilwater,403.83255464437025
2026-02-15T00:00:00,Lower_Forest_Soilwater,402.97933740971047
2026-02-16T00:00:00,Lower_Forest_Soilwater,402.209254783628
2026-02-17T00:00:00,Lower_Forest_Soilwater,401.6083988627095
2026-02-18T00:00:00,Lower_Forest_Soilwater,401.05152975516074
2026-02-19T00:00:00,Lower_Forest_Soilwater,400.65505016900573
2026-02-20T00:00:00,Lower_Forest_Soilwater,400.59399509678565
2026-02-21T00:00:00,Lower_Forest_Soilwater,400.72036655944737
2026-02-22T00:00:00,Lower_Forest_Soilwater,400.68289538967275
2026-02-23T00:00:00,Lower_Forest_Soilwater,400.35584059379056
2026-02-24T00:00:00,Lower_Forest_Soilwater,401.4935361559541
2026-02-25T00:00:00,Lower_Forest_Soilwater,401.93082235112996
2026-02-26T00:00:00,Lower_Forest_Soilwater,402.1632520214026
2026-02-27T00:00:00,Lower_Forest_Soilwater,402.0274907719552
2026-02-28T00:00:00,Lower_Forest_Soilwater,401.760047671106
2026-03-01T00:00:00,Lower_Forest_Soilwater,401.5439198921686
2026-03-02T00:00:00,Lower_Forest_Soilwater,401.3461383970383
2026-03-03T00:00:00,Lower_Forest_Soilwater,401.1703898043778
2026-03-04T00:00:00,Lower_Forest_Soilwater,400.9122554474617
2026-03-05T00:00:00,Lower_Forest_Soilwater,400.7543702144763
2026-03-06T00:00:00,Lower_Forest_Soilwater,400.4706433489091
2026-03-07T00:00:00,Lower_Forest_Soilwater,400.95791659195845
2026-03-08T00:00:00,Lower_Forest_Soilwater,401.3960469717327
2026-03-09T00:00:00,Lower_Forest_Soilwater,402.2948877940445
2026-03-10T00:00:00,Lower_Forest_Soilwater,402.4329897743826
2026-03-11T00:00:00,Lower_Forest_Soilwater,402.3384941768156
2026-03-12T00:00:00,Lower_Forest_Soilwater,402.67912019906964
2026-03-13T00:00:00,Lower_Forest_Soilwater,402.54292589913047
2026-03-14T00:00:00,Lower_Forest_Soilwater,404.35703491920134
2026-03-15T00:00:00,Lower_Forest_Soilwater,404.92442823227316
2026-03-16T00:00:00,Lower_Forest_Soilwater,404.8868778115418
2026-03-17T00:00:00,Lower_Forest_Soilwater,405.1902669816356
2026-03-18T00:00:00,Lower_Forest_Soilwater,405.08283075909605
2026-03-19T00:00:00,Lower_Forest_Soilwater,406.0238549209984
2026-03-20T00:00:00,Lower_Forest_Soilwater,408.1284562978046
2026-03-21T00:00:00,Lower_Forest_Soilwater,408.3697281024771
2026-03-22T00:00:00,Lower_Forest_Soilwater,408.15701400945585
2026-03-23T00:00:00,Lower_Forest_Soilwater,408.3136932171235
2026-03-24T00:00:00,Lower_Forest_Soilwater,407.91408219971777
2026-03-25T00:00:00,Lower_Forest_Soilwater,407.3657691318993
2026-03-26T00:00:00,Lower_Forest_Soilwater,406.75073979478606
2026-03-27T00:00:00,Lower_Forest_Soilwater,406.13643960334576
2026-03-28T00:00:00,Lower_Forest_Soilwater,405.55318253703035
2026-03-29T00:00:00,Lower_Forest_Soilwater,405.0130577303369
2026-03-30T00:00:00,Lower_Forest_Soilwater,404.519348680808
2026-03-31T00:00:00,Lower_Forest_Soilwater,404.94844217447957
2026-04-01T00:00:00,Lower_Forest_Soilwater,404.8941121379078
2026-04-02T00:00:00,Lower_Forest_Soilwater,404.42278201455514
2026-04-03T00:00:00,Lower_Forest_Soilwater,404.1171193583187
2026-04-04T00:00:00,Lower_Forest_Soilwater,403.84218044509635
2026-04-05T00:00:00,Lower_Forest_Soilwater,403.5496769118915
2026-04-06T00:00:00,Lower_Forest_Soilwater,403.3377664763547
2026-04-07T00:00:00,Lower_Forest_Soilwater,403.0794064565455
2026-04-08T00:00:00,Lower_Forest_Soilwater,403.06503287480405
2026-04-09T00:00:00,Lower_Forest_Soilwater,403.4224778692802
2026-04-10T00:00:00,Lower_Forest_Soilwater,404.00405097333044
2026-04-11T00:00:00,Lower_Forest_Soilwater,404.19774832148653
2026-04-12T00:00:00,Lower_Forest_Soilwater,407.5473934620824
2026-04-13T00:00:00,Lower_Forest_Soilwater,409.3718378522465
2026-04-14T00:00:00,Lower_Forest_Soilwater,411.84421843520795
2026-04-15T00:00:00,Lower_Forest_Soilwater,412.1001947757802
2026-04-16T00:00:00,Lower_Forest_Soilwater,411.5403903902487
2026-04-17T00:00:00,Lower_Forest_Soilwater,413.3773713972471
2026-04-18T00:00:00,Lower_Forest_Soilwater,413.231880280534
2026-04-19T00:00:00,Lower_Forest_Soilwater,412.46593526398647
2026-04-20T00:00:00,Lower_Forest_Soilwater,411.79505099334074
2026-04-21T00:00:00,Lower_Forest_Soilwater,411.3412257718831
2026-04-22T00:00:00,Lower_Forest_Soilwater,410.562167133633
2026-04-23T00:00:00,Lower_Forest_Soilwater,411.0164386397388
2026-04-24T00:00:00,Lower_Forest_Soilwater,412.10720163549945
2026-04-25T00:00:00,Lower_Forest_Soilwater,411.9926849018168
2026-04-26T00:00:00,Lower_Forest_Soilwater,411.8166843765688
2026-04-27T00:00:00,Lower_Forest_Soilwater,411.14664992137875
2026-04-28T00:00:00,Lower_Forest_Soilwater,412.1153644204743
2026-04-29T00:00:00,Lower_Forest_Soilwater,411.9377417240435
2026-04-30T00:00:00,Lower_Forest_Soilwater,412.5658951744475
2026-05-01T00:00:00,Lower_Forest_Soilwater,412.47924671840696
2026-05-02T00:00:00,Lower_Forest_Soilwater,413.24567932726836
2026-05-03T00:00:00,Lower_Forest_Soilwater,417.03525328489263
2026-05-04T00:00:00,Lower_Forest_Soilwater,420.0359874015789
2026-05-05T00:00:00,Lower_Forest_Soilwater,422.0293246340088
2026-05-06T00:00:00,Lower_Forest_Soilwater,422.66553890690176
2026-05-07T00:00:00,Lower_Forest_Soilwater,421.81855838435854
2026-05-08T00:00:00,Lower_Forest_Soilwater,420.34648922999617
2026-05-09T00:00:00,Lower_Forest_Soilwater,418.6667336490333
2026-05-10T00:00:00,Lower_Forest_Soilwater,416.9697309551483
2026-05-11T00:00:00,Lower_Forest_Soilwater,416.34836494514263
2026-05-12T00:00:00,Lower_Forest_Soilwater,414.948067993383
2026-05-13T00:00:00,Lower_Forest_Soilwater,413.613298965422
2026-05-14T00:00:00,Lower_Forest_Soilwater,412.22312395456845
2026-05-15T00:00:00,Lower_Forest_Soilwater,410.88918900195597
2026-05-16T00:00:00,Lower_Forest_Soilwater,409.7794508231825
2026-05-17T00:00:00,Lower_Forest_Soilwater,408.6783441015753
2026-05-18T00:00:00,Lower_Forest_Soilwater,407.81891287177336
2026-05-19T00:00:00,Lower_Forest_Soilwater,407.0412231747738
2026-05-20T00:00:00,Lower_Forest_Soilwater,406.26921765238524
2026-05-21T00:00:00,Lower_Forest_Soilwater,405.27787428469117
2026-05-22T00:00:00,Lower_Forest_Soilwater,404.27627605499424
2026-05-23T00:00:00,Lower_Forest_Soilwater,403.50676704888093
2026-05-24T00:00:00,Lower_Forest_Soilwater,405.1027933936859
2026-05-25T00:00:00,Lower_Forest_Soilwater,405.52309757916385
2026-05-26T00:00:00,Lower_Forest_Soilwater,406.0279060836707
2026-05-27T00:00:00,Lower_Forest_Soilwater,405.8292586065152
2026-05-28T00:00:00,Lower_Forest_Soilwater,405.2112363114696
2026-05-29T00:00:00,Lower_Forest_Soilwater,404.7308844631255
2026-05-30T00:00:00,Lower_Forest_Soilwater,404.14598990821446
2026-05-31T00:00:00,Lower_Forest_Soilwater,403.5977278630937
2026-06-01T00:00:00,Lower_Forest_Soilwater,403.80883654963475
2026-06-02T00:00:00,Lower_Forest_Soilwater,403.49955363109643
2026-06-03T00:00:00,Lower_Forest_Soilwater,404.14739513619935
2026-06-04T00:00:00,Lower_Forest_Soilwater,404.23933005668573
2026-06-05T00:00:00,Lower_Forest_Soilwater,405.8029847680703
2026-06-06T00:00:00,Lower_Forest_Soilwater,406.37981664978986
2026-06-07T00:00:00,Lower_Forest_Soilwater,406.06379216407413
2026-06-08T00:00:00,Lower_Forest_Soilwater,404.9496555372984
2026-06-09T00:00:00,Lower_Forest_Soilwater,404.2046992783844
2026-06-10T00:00:00,Lower_Forest_Soilwater,403.2976499979539
2026-06-11T00:00:00,Lower_Forest_Soilwater,402.60017932186247
2026-06-12T00:00:00,Lower_Forest_Soilwater,402.3079405515282
2026-06-13T00:00:00,Lower_Forest_Soilwater,402.03382007730136
2026-06-14T00:00:00,Lower_Forest_Soilwater,401.6726948600342
2026-06-15T00:00:00,Lower_Forest_Soilwater,401.2049377692623
2026-06-16T00:00:00,Lower_Forest_Soilwater,400.75146418995183
2026-06-17T00:00:00,Lower_Forest_Soilwater,400.35041986976455
2026-06-18T00:00:00,Lower_Forest_Soilwater,399.49829401452587
2026-06-19T00:00:00,Lower_Forest_Soilwater,398.98957899094614
2026-06-20T00:00:00,Lower_Forest_Soilwater,401.2488111042025
2026-06-21T00:00:00,Lower_Forest_Soilwater,402.3118889999578
2026-06-22T00:00:00,Lower_Forest_Soilwater,402.67467960304975
2026-06-23T00:00:00,Lower_Forest_Soilwater,403.0954111442887
2026-06-24T00:00:00,Lower_Forest_Soilwater,402.81504178063176
2026-06-25T00:00:00,Lower_Forest_Soilwater,402.73474747795456
2026-06-26T00:00:00,Lower_Forest_Soilwater,404.44312291785207
2026-06-27T00:00:00,Lower_Forest_Soilwater,405.55436646991336
2026-06-28T00:00:00,Lower_Forest_Soilwater,405.6756197448453
2026-06-29T00:00:00,Lower_Forest_Soilwater,408.47317023132234
2026-06-30T00:00:00,Lower_Forest_Soilwater,411.4898406886709
2026-07-01T00:00:00,Lower_Forest_Soilwater,412.1484343600442
2026-07-02T00:00:00,Lower_Forest_Soilwater,411.8023877941599
2026-07-03T00:00:00,Lower_Forest_Soilwater,410.959347449804
2026-07-04T00:00:00,Lower_Forest_Soilwater,409.82983592235365
2026-07-05T00:00:00,Lower_Forest_Soilwater,408.74452793888327
2026-07-06T00:00:00,Lower_Forest_Soilwater,407.7644809493774
2026-07-07T00:00:00,Lower_Forest_Soilwater,406.73305975663095
2026-07-08T00:00:00,Lower_Forest_Soilwater,405.43071523206345
2026-07-09T00:00:00,Lower_Forest_Soilwater,404.31262843440487
2026-07-10T00:00:00,Lower_Forest_Soilwater,403.2011699537383
2026-07-11T00:00:00,Lower_Forest_Soilwater,402.19881113975146
2026-07-12T00:00:00,Lower_Forest_Soilwater,401.7653841164698
2026-07-13T00:00:00,Lower_Forest_Soilwater,401.44789075016956
2026-07-14T00:00:00,Lower_Forest_Soilwater,400.98379219782595
2026-07-15T00:00:00,Lower_Forest_Soilwater,400.6635502393801
2026-07-16T00:00:00,Lower_Forest_Soilwater,400.1402318461104
2026-07-17T00:00:00,Lower_Forest_Soilwater,400.4436872268335
2026-07-18T00:00:00,Lower_Forest_Soilwater,400.5036257868172
2026-07-19T00:00:00,Lower_Forest_Soilwater,400.1866008494691
2026-07-20T00:00:00,Lower_Forest_Soilwater,399.1091970359272
2026-07-21T00:00:00,Lower_Forest_Soilwater,398.2428181445529
2026-07-22T00:00:00,Lower_Forest_Soilwater,397.4974643580677
2026-07-23T00:00:00,Lower_Forest_Soilwater,396.68021844214275
2026-07-24T00:00:00,Lower_Forest_Soilwater,395.7472544117016
2026-07-25T00:00:00,Lower_Forest_Soilwater,395.103385670297
2026-07-26T00:00:00,Lower_Forest_Soilwater,394.94137128289054
2026-07-27T00:00:00,Lower_Forest_Soilwater,394.28274623460413
2026-07-28T00:00:00,Lower_Forest_Soilwater,393.7045705976108
2026-07-29T00:00:00,Lower_Forest_Soilwater,393.0905390506825
2026-07-30T00:00:00,Lower_Forest_Soilwater,393.07905366018565
2026-07-31T00:00:00,Lower_Forest_Soilwater,394.15212602639684
2026-08-01T00:00:00,Lower_Forest_Soilwater,394.8986303038851
2026-08-02T00:00:00,Lower_Forest_Soilwater,394.9823828753704
2026-08-03T00:00:00,Lower_Forest_Soilwater,394.6502849818097
2026-08-04T00:00:00,Lower_Forest_Soilwater,394.24281870303815
2026-08-05T00:00:00,Lower_Forest_Soilwater,396.5600965248864
2026-08-06T00:00:00,Lower_Forest_Soilwater,397.0179466563193
2026-08-07T00:00:00,Lower_Forest_Soilwater,397.8926028981426
2026-08-08T00:00:00,Lower_Forest_Soilwater,397.9427428019664
2026-08-09T00:00:00,Lower_Forest_Soilwater,399.1352207301172
2026-08-10T00:00:00,Lower_Forest_Soilwater,400.05698506540625
2026-08-11T00:00:00,Lower_Forest_Soilwater,399.0988571998927
2026-08-12T00:00:00,Lower_Forest_Soilwater,402.39392233197856
2026-08-13T00:00:00,Lower_Forest_Soilwater,406.87554602481833
2026-08-14T00:00:00,Lower_Forest_Soilwater,408.1674753853553
2026-08-15T00:00:00,Lower_Forest_Soilwater,408.1616218283292
2026-08-16T00:00:00,Lower_Forest_Soilwater,409.840585136251
2026-08-17T00:00:00,Lower_Forest_Soilwater,415.60078986800323
2026-08-18T00:00:00,Lower_Forest_Soilwater,417.0201545038916
2026-08-19T00:00:00,Lower_Forest_Soilwater,417.80177136484673
2026-08-20T00:00:00,Lower_Forest_Soilwater,416.66854638403424
2026-08-21T00:00:00,Lower_Forest_Soilwater,414.88971182346694
2026-08-22T00:00:00,Lower_Forest_Soilwater,412.8781906800383
2026-08-23T00:00:00,Lower_Forest_Soilwater,410.82365663149346
2026-08-24T00:00:00,Lower_Forest_Soilwater,408.88748547807364
2026-08-25T00:00:00,Lower_Forest_Soilwater,407.12860218513106
2026-08-26T00:00:00,Lower_Forest_Soilwater,405.4830105940503
2026-08-27T00:00:00,Lower_Forest_Soilwater,404.69781684836147
2026-08-28T00:00:00,Lower_Forest_Soilwater,403.68968482038343
2026-08-29T00:00:00,Lower_Forest_Soilwater,402.57331716677413
2026-08-30T00:00:00,Lower_Forest_Soilwater,408.53398486431126
2026-08-31T00:00:00,Lower_Forest_Soilwater,412.1327078349874
2026-09-01T00:00:00,Lower_Forest_Soilwater,414.0095652800423
2026-09-02T00:00:00,Lower_Forest_Soilwater,414.8077478663149
2026-09-03T00:00:00,Lower_Forest_Soilwater,413.84334263682183
2026-09-04T00:00:00,Lower_Forest_Soilwater,412.1106651517089
2026-09-05T00:00:00,Lower_Forest_Soilwater,410.1383390258226
2026-09-06T00:00:00,Lower_Forest_Soilwater,408.2034433178826
2026-09-07T00:00:00,Lower_Forest_Soilwater,407.1699218334155
2026-09-08T00:00:00,Lower_Forest_Soilwater,405.93032507373454
2026-09-09T00:00:00,Lower_Forest_Soilwater,404.5472222781913
2026-09-10T00:00:00,Lower_Forest_Soilwater,402.9781849062873
2026-09-11T00:00:00,Lower_Forest_Soilwater,401.43114484361615
2026-09-12T00:00:00,Lower_Forest_Soilwater,398.31569066172136
2026-09-13T00:00:00,Lower_Forest_Soilwater,398.4494903194479
2026-09-14T00:00:00,Lower_Forest_Soilwater,398.7802772605094
2026-09-15T00:00:00,Lower_Forest_Soilwater,398.6417774396742
2026-09-16T00:00:00,Lower_Forest_Soilwater,397.99216603182447
2026-09-17T00:00:00,Lower_Forest_Soilwater,398.5769859793782
2026-09-18T00:00:00,Lower_Forest_Soilwater,398.9710175105187
2026-09-19T00:00:00,Lower_Forest_Soilwater,398.73186414576486
2026-09-20T00:00:00,Lower_Forest_Soilwater,397.9586825607134
2026-09-21T00:00:00,Lower_Forest_Soilwater,397.02446072498765
2026-09-22T00:00:00,Lower_Forest_Soilwater,395.8875902071174
2026-09-23T00:00:00,Lower_Forest_Soilwater,397.5261136653707
2026-09-24T00:00:00,Lower_Forest_Soilwater,397.7336325370582
2026-09-25T00:00:00,Lower_Forest_Soilwater,397.87266860113004
2026-09-26T00:00:00,Lower_Forest_Soilwater,397.4102532429858
2026-09-27T00:00:00,Lower_Forest_Soilwater,396.35738620269547
2026-09-28T00:00:00,Lower_Forest_Soilwater,395.03961951085836
2026-09-29T00:00:00,Lower_Forest_Soilwater,393.6235577229076
2026-09-30T00:00:00,Lower_Forest_Soilwater,392.1961212568138
2026-10-01T00:00:00,Lower_Forest_Soilwater,390.6023670834957
2026-10-02T00:00:00,Lower_Forest_Soilwater,388.6800219962211
2026-10-03T00:00:00,Lower_Forest_Soilwater,386.7400362849467
2026-10-04T00:00:00,Lower_Forest_Soilwater,384.8516721418437
2026-10-05T00:00:00,Lower_Forest_Soilwater,383.14666939236366
2026-10-06T00:00:00,Lower_Forest_Soilwater,383.84547800775783
2026-10-07T00:00:00,Lower_Forest_Soilwater,384.2777453121098
2026-10-08T00:00:00,Lower_Forest_Soilwater,389.98843818129274
2026-10-09T00:00:00,Lower_Forest_Soilwater,396.0458975779997
2026-10-10T00:00:00,Lower_Forest_Soilwater,398.8157668726889
2026-10-11T00:00:00,Lower_Forest_Soilwater,398.5356400333575
2026-10-12T00:00:00,Lower_Forest_Soilwater,398.20472580001723
2026-10-13T00:00:00,Lower_Forest_Soilwater,397.3658355701572
2026-10-14T00:00:00,Lower_Forest_Soilwater,396.23314480826235
2026-10-15T00:00:00,Lower_Forest_Soilwater,397.65227705430675
2026-10-16T00:00:00,Lower_Forest_Soilwater,400.687275188418
2026-10-17T00:00:00,Lower_Forest_Soilwater,402.0093860893472
2026-10-18T00:00:00,Lower_Forest_Soilwater,402.36784744029796
2026-10-19T00:00:00,Lower_Forest_Soilwater,401.7109226762109
2026-10-20T00:00:00,Lower_Forest_Soilwater,402.02741339856124
2026-10-21T00:00:00,Lower_Forest_Soilwater,402.7598795536908
2026-10-22T00:00:00,Lower_Forest_Soilwater,402.17389534581457
2026-10-23T00:00:00,Lower_Forest_Soilwater,401.64448918497953
2026-10-24T00:00:00,Lower_Forest_Soilwater,400.68639995335474
2026-10-25T00:00:00,Lower_Forest_Soilwater,404.8560028014559
2026-10-26T00:00:00,Lower_Forest_Soilwater,407.0689776930286
2026-10-27T00:00:00,Lower_Forest_Soilwater,407.4322415095849
2026-10-28T00:00:00,Lower_Forest_Soilwater,406.60590615155604
2026-10-29T00:00:00,Lower_Forest_Soilwater,411.8126896828652
2026-10-30T00:00:00,Lower_Forest_Soilwater,416.3679507878111
2026-10-31T00:00:00,Lower_Forest_Soilwater,417.0239967456462
2026-11-01T00:00:00,Lower_Forest_Soilwater,415.8070575893896
2026-11-02T00:00:00,Lower_Forest_Soilwater,414.1448593396047
2026-11-03T00:00:00,Lower_Forest_Soilwater,412.02089116022125
2026-11-04T00:00:00,Lower_Forest_Soilwater,409.81087692148765
2026-11-05T00:00:00,Lower_Forest_Soilwater,408.5973184179831
2026-11-06T00:00:00,Lower_Forest_Soilwater,406.8359751705069
2026-11-07T00:00:00,Lower_Forest_Soilwater,404.8967559506173
2026-11-08T00:00:00,Lower_Forest_Soilwater,403.0172215041361
2026-11-09T00:00:00,Lower_Forest_Soilwater,401.3790499280127
2026-11-10T00:00:00,Lower_Forest_Soilwater,398.3506379788081
2026-11-11T00:00:00,Lower_Forest_Soilwater,396.8751684690313
2026-11-12T00:00:00,Lower_Forest_Soilwater,395.3032270507703
2026-11-13T00:00:00,Lower_Forest_Soilwater,393.9388731955679
2026-11-14T00:00:00,Lower_Forest_Soilwater,392.51913292844574
2026-11-15T00:00:00,Lower_Forest_Soilwater,391.0966105576268
2026-11-16T00:00:00,Lower_Forest_Soilwater,389.63848051052736
2026-11-17T00:00:00,Lower_Forest_Soilwater,388.3124747575743
2026-11-18T00:00:00,Lower_Forest_Soilwater,386.8927468171337
2026-11-19T00:00:00,Lower_Forest_Soilwater,385.5295091651951
2026-11-20T00:00:00,Lower_Forest_Soilwater,384.2138275329775
2026-11-21T00:00:00,Lower_Forest_Soilwater,382.86326259477494
2026-11-22T00:00:00,Lower_Forest_Soilwater,381.54354534276194
2026-11-23T00:00:00,Lower_Forest_Soilwater,380.18943829936256
2026-11-24T00:00:00,Lower_Forest_Soilwater,378.6885219111036
2026-11-25T00:00:00,Lower_Forest_Soilwater,377.9154398357847
2026-11-26T00:00:00,Lower_Forest_Soilwater,376.9916223735442
2026-11-27T00:00:00,Lower_Forest_Soilwater,376.25133919672743
2026-11-28T00:00:00,Lower_Forest_Soilwater,375.24290682040004
2026-11-29T00:00:00,Lower_Forest_Soilwater,374.0555523081458
2026-11-30T00:00:00,Lower_Forest_Soilwater,372.872923429252
2026-12-01T00:00:00,Lower_Forest_Soilwater,372.29249716818606
2026-12-02T00:00:00,Lower_Forest_Soilwater,382.51935803906144
2026-12-03T00:00:00,Lower_Forest_Soilwater,389.80067034924093
2026-12-04T00:00:00,Lower_Forest_Soilwater,392.72795487090366
2026-12-05T00:00:00,Lower_Forest_Soilwater,393.7270018834851
2026-12-06T00:00:00,Lower_Forest_Soilwater,403.48810054283365
2026-12-07T00:00:00,Lower_Forest_Soilwater,410.22593791239876
2026-12-08T00:00:00,Lower_Forest_Soilwater,412.26844383308315
2026-12-09T00:00:00,Lower_Forest_Soilwater,412.11925330573695
2026-12-10T00:00:00,Lower_Forest_Soilwater,411.0806829031443
2026-12-11T00:00:00,Lower_Forest_Soilwater,409.4411000768204
2026-12-12T00:00:00,Lower_Forest_Soilwater,407.7530088011336
2026-12-13T00:00:00,Lower_Forest_Soilwater,405.8981012870178
2026-12-14T00:00:00,Lower_Forest_Soilwater,404.2125038413149
2026-12-15T00:00:00,Lower_Forest_Soilwater,402.58628779868286
2026-12-16T00:00:00,Lower_Forest_Soilwater,403.0232011895643
2026-12-17T00:00:00,Lower_Forest_Soilwater,404.3091266559827
2026-12-18T00:00:00,Lower_Forest_Soilwater,407.16023153307185
2026-12-19T00:00:00,Lower_Forest_Soilwater,411.43632890110837
2026-12-20T00:00:00,Lower_Forest_Soilwater,412.30275627166935
2026-12-21T00:00:00,Lower_Forest_Soilwater,411.7586947748383
2026-12-22T00:00:00,Lower_Forest_Soilwater,410.54102036252243
2026-12-23T00:00:00,Lower_Forest_Soilwater,410.1916543588541
2026-12-24T00:00:00,Lower_Forest_Soilwater,410.0187544392607
2026-12-25T00:00:00,Lower_Forest_Soilwater,411.04520900348064
2026-12-26T00:00:00,Lower_Forest_Soilwater,410.3949811072056
2026-12-27T00:00:00,Lower_Forest_Soilwater,409.2832534985215
2026-12-28T00:00:00,Lower_Forest_Soilwater,407.9727813996876
2026-12-29T00:00:00,Lower_Forest_Soilwater,406.55674988522804
2026-12-30T00:00:00,Lower_Forest_Soilwater,405.2495542094598
2026-12-31T00:00:00,Lower_Forest_Soilwater,403.80786244489104
