5cdefb0d-cc0b-4b3f-8672-9d14dd3b4159,location,waterLevel
2023-01-01T00:00:00,Middle_Forest_Groundwater,211.02076602597404
2023-01-02T00:00:00,Middle_Forest_Groundwater,211.83393822040819
2023-01-03T00:00:00,Middle_Forest_Groundwater,212.4670094333634
2023-01-04T00:00:00,Middle_Forest_Groundwater,212.92836812841924
2023-01-05T00:00:00,Middle_Forest_Groundwater,213.2495090630314
2023-01-06T00:00:00,Middle_Forest_Groundwater,213.43592655973825
2023-01-07T00:00:00,Middle_Forest_Groundwater,213.52694717374436
2023-01-08T00:00:00,Middle_Forest_Groundwater,213.5517887056099
2023-01-09T00:00:00,Middle_Forest_Groundwater,213.5254332287803
2023-01-10T00:00:00,Middle_Forest_Groundwater,213.43569540699588
2023-01-11T00:00:00,Middle_Forest_Groundwater,213.30205076932236
2023-01-12T00:00:00,Middle_Forest_Groundwater,213.13254881108725
2023-01-13T00:00:00,Middle_Forest_Groundwater,212.94494097092885
2023-01-14T00:00:00,Middle_Forest_Groundwater,212.76001324277271
2023-01-15T00:00:00,Middle_Forest_Groundwater,212.57772733930454
2023-01-16T00:00:00,Middle_Forest_Groundwater,212.39804552017162
2023-01-17T00:00:00,Middle_Forest_Groundwater,212.22093058416917
2023-01-18T00:00:00,Middle_Forest_Groundwater,212.04634586153819
2023-01-19T00:00:00,Middle_Forest_Groundwater,211.87425520637336
2023-01-20T00:00:00,Middle_Forest_Groundwater,211.70462298913947
2023-01-21T00:00:00,Middle_Forest_Groundwater,211.53741408929463
2023-01-22T00:00:00,Middle_Forest_Groundwater,211.372593888019
2023-01-23T00:00:00,Middle_Forest_Groundwater,211.2101282610473
2023-01-24T00:00:00,Middle_Forest_Groundwater,211.04998357160375
2023-01-25T00:00:00,Middle_Forest_Groundwater,210.89212666343798
2023-01-26T00:00:00,Middle_Forest_Groundwater,210.7365248539603
2023-01-27T00:00:00,Middle_Forest_Groundwater,210.58314592747516
2023-01-28T00:00:00,Middle_Forest_Groundwater,210.43195812851124
2023-01-29T00:00:00,Middle_Forest_Groundwater,210.2829301552468
2023-01-30T00:00:00,Middle_Forest_Groundwater,210.13603115302897
2023-01-31T00:00:00,Middle_Forest_Groundwater,209.9912307079857
2023-02-01T00:00:00,Middle_Forest_Groundwater,209.84849884072875
2023-02-02T00:00:00,Middle_Forest_Groundwater,209.70780600014692
2023-02-03T00:00:00,Middle_Forest_Groundwater,209.56912305728767
2023-02-04T00:00:00,Middle_Forest_Groundwater,209.43242129932642
2023-02-05T00:00:00,Middle_Forest_Groundwater,209.29767242362175
2023-02-06T00:00:00,Middle_Forest_Groundwater,209.1648485318557
2023-02-07T00:00:00,Middle_Forest_Groundwater,209.03392212425777
2023-02-08T00:00:00,Middle_Forest_Groundwater,208.90486609391124
2023-02-09T00:00:00,Middle_Forest_Groundwater,208.77765372114106
2023-02-10T00:00:00,Middle_Forest_Groundwater,208.6522586679819
2023-02-11T00:00:00,Middle_Forest_Groundwater,208.528654972725
2023-02-12T00:00:00,Middle_Forest_Groundwater,208.40681704454323
2023-02-13T00:00:00,Middle_Forest_Groundwater,208.28671965819262
2023-02-14T00:00:00,Middle_Forest_Groundwater,208.16833794878988
2023-02-15T00:00:00,Middle_Forest_Groundwater,208.0516474066643
2023-02-16T00:00:00,Middle_Forest_Groundwater,207.93662387228338
2023-02-17T00:00:00,Middle_Forest_Groundwater,207.82324353125077
2023-02-18T00:00:00,Middle_Forest_Groundwater,207.71148290937575
2023-02-19T00:00:00,Middle_Forest_Groundwater,207.60131886781323
2023-02-20T00:00:00,Middle_Forest_Groundwater,207.49272859827303
2023-02-21T00:00:00,Middle_Forest_Groundwater,207.3856896182977
2023-02-22T00:00:00,Middle_Forest_Groundwater,207.28017976660774
2023-02-23T00:00:00,Middle_Forest_Groundwater,207.17617719851336
2023-02-24T00:00:00,Middle_Forest_Groundwater,207.07366038139173
2023-02-25T00:00:00,Middle_Forest_Groundwater,206.972608090229
2023-02-26T00:00:00,Middle_Forest_Groundwater,206.87299940322572
2023-02-27T00:00:00,Middle_Forest_Groundwater,206.77481369746536
2023-02-28T00:00:00,Middle_Forest_Groundwater,206.67803064464442
2023-03-01T00:00:00,Middle_Forest_Groundwater,206.5826302068638
2023-03-02T00:00:00,Middle_Forest_Groundwater,206.48859263248002
2023-03-03T00:00:00,Middle_Forest_Groundwater,206.395898452016
2023-03-04T00:00:00,Middle_Forest_Groundwater,206.30452847413008
2023-03-05T00:00:00,Middle_Forest_Groundwater,206.2144637816425
2023-03-06T00:00:00,Middle_Forest_Groundwater,206.12568572761904
2023-03-07T00:00:00,Middle_Forest_Groundwater,206.0381759315102
2023-03-08T00:00:00,Middle_Forest_Groundwater,205.95191627534578
2023-03-09T00:00:00,Middle_Forest_Groundwater,205.8668888999837
2023-03-10T00:00:00,Middle_Forest_Groundwater,205.7830762014125
2023-03-11T00:00:00,Middle_Forest_Groundwater,205.7004608271066
2023-03-12T00:00:00,Middle_Forest_Groundwater,205.61902567243365
2023-03-13T00:00:00,Middle_Forest_Groundwater,205.53875387711318
2023-03-14T00:00:00,Middle_Forest_Groundwater,205.45962882172586
2023-03-15T00:00:00,Middle_Forest_Groundwater,205.38163412427264
2023-03-16T00:00:00,Middle_Forest_Groundwater,205.30475363678303
2023-03-17T00:00:00,Middle_Forest_Groundwater,205.22897144197185
2023-03-18T00:00:00,Middle_Forest_Groundwater,205.15427184994368
2023-03-19T00:00:00,Middle_Forest_Groundwater,205.08063939494448
2023-03-20T00:00:00,Middle_Forest_Groundwater,205.00805883215958
2023-03-21T00:00:00,Middle_Forest_Groundwater,204.9365151345573
2023-03-22T00:00:00,Middle_Forest_Groundwater,204.8659934897779
2023-03-23T00:00:00,Middle_Forest_Groundwater,204.79647929706678
2023-03-24T00:00:00,Middle_Forest_Groundwater,204.72795816425153
2023-03-25T00:00:00,Middle_Forest_Groundwater,204.66041590476223
2023-03-26T00:00:00,Middle_Forest_Groundwater,204.5938385346942
2023-03-27T00:00:00,Middle_Forest_Groundwater,204.52821226991287
2023-03-28T00:00:00,Middle_Forest_Groundwater,204.46352352319983
2023-03-29T00:00:00,Middle_Forest_Groundwater,204.39975890143984
2023-03-30T00:00:00,Middle_Forest_Groundwater,204.33690520284784
2023-03-31T00:00:00,Middle_Forest_Groundwater,204.27494941423572
2023-04-01T00:00:00,Middle_Forest_Groundwater,204.21387870831808
2023-04-02T00:00:00,Middle_Forest_Groundwater,204.1536804410564
2023-04-03T00:00:00,Middle_Forest_Groundwater,204.0943421490413
2023-04-04T00:00:00,Middle_Forest_Groundwater,204.03585154691214
2023-04-05T00:00:00,Middle_Forest_Groundwater,203.9781965248134
2023-04-06T00:00:00,Middle_Forest_Groundwater,203.9213651458875
2023-04-07T00:00:00,Middle_Forest_Groundwater,203.8653456438034
2023-04-08T00:00:00,Middle_Forest_Groundwater,203.8101264203205
2023-04-09T00:00:00,Middle_Forest_Groundwater,203.75569604288734
2023-04-10T00:00:00,Middle_Forest_Groundwater,203.70204324227467
2023-04-11T00:00:00,Middle_Forest_Groundwater,203.64915691024217
2023-04-12T00:00:00,Middle_Forest_Groundwater,203.5970260972387
2023-04-13T00:00:00,Middle_Forest_Groundwater,203.5456400101353
2023-04-14T00:00:00,Middle_Forest_Groundwater,203.4949880099905
2023-04-15T00:00:00,Middle_Forest_Groundwater,203.44505960984776
2023-04-16T00:00:00,Middle_Forest_Groundwater,203.39584447256422
2023-04-17T00:00:00,Middle_Forest_Groundwater,203.34733240867044
2023-04-18T00:00:00,Middle_Forest_Groundwater,203.29951337426087
2023-04-19T00:00:00,Middle_Forest_Groundwater,203.2523774689143
2023-04-20T00:00:00,Middle_Forest_Groundwater,203.2059149336441
2023-04-21T00:00:00,Middle_Forest_Groundwater,203.16011614887776
2023-04-22T00:00:00,Middle_Forest_Groundwater,203.11497163246523
2023-04-23T00:00:00,Middle_Forest_Groundwater,203.07047203771572
2023-04-24T00:00:00,Middle_Forest_Groundwater,203.02660815146263
2023-04-25T00:00:00,Middle_Forest_Groundwater,202.98337089215602
2023-04-26T00:00:00,Middle_Forest_Groundwater,202.94075130798237
2023-04-27T00:00:00,Middle_Forest_Groundwater,202.8987405750112
2023-04-28T00:00:00,Middle_Forest_Groundwater,202.8573299953682
2023-04-29T00:00:00,Middle_Forest_Groundwater,202.81651099543436
2023-04-30T00:00:00,Middle_Forest_Groundwater,202.77627512407102
2023-05-01T00:00:00,Middle_Forest_Groundwater,202.73661405087
2023-05-02T00:00:00,Middle_Forest_Groundwater,202.697519564429
2023-05-03T00:00:00,Middle_Forest_Groundwater,202.65898357065146
2023-05-04T00:00:00,Middle_Forest_Groundwater,202.62099809107073
2023-05-05T00:00:00,Middle_Forest_Groundwater,202.58355526119828
2023-05-06T00:00:00,Middle_Forest_Groundwater,202.54664732889546
2023-05-07T00:00:00,Middle_Forest_Groundwater,202.5102666527684
2023-05-08T00:00:00,Middle_Forest_Groundwater,202.47440570058598
2023-05-09T00:00:00,Middle_Forest_Groundwater,202.43905704772047
2023-05-10T00:00:00,Middle_Forest_Groundwater,202.40421337561017
2023-05-11T00:00:00,Middle_Forest_Groundwater,202.36986747024432
2023-05-12T00:00:00,Middle_Forest_Groundwater,202.3360122206694
2023-05-13T00:00:00,Middle_Forest_Groundwater,202.30264061751697
2023-05-14T00:00:00,Middle_Forest_Groundwater,202.26974575155245
2023-05-15T00:00:00,Middle_Forest_Groundwater,202.23732081224455
2023-05-16T00:00:00,Middle_Forest_Groundwater,202.20535908635534
2023-05-17T00:00:00,Middle_Forest_Groundwater,202.17385395655026
2023-05-18T00:00:00,Middle_Forest_Groundwater,202.1427989000281
2023-05-19T00:00:00,Middle_Forest_Groundwater,202.11218748717056
2023-05-20T00:00:00,Middle_Forest_Groundwater,202.08201338021098
2023-05-21T00:00:00,Middle_Forest_Groundwater,202.05227033192224
2023-05-22T00:00:00,Middle_Forest_Groundwater,202.02295218432334
2023-05-23T00:00:00,Middle_Forest_Groundwater,201.99405286740443
2023-05-24T00:00:00,Middle_Forest_Groundwater,201.96556639787008
2023-05-25T00:00:00,Middle_Forest_Groundwater,201.9374868779005
2023-05-26T00:00:00,Middle_Forest_Groundwater,201.9098084939305
2023-05-27T00:00:00,Middle_Forest_Groundwater,201.8825255154458
2023-05-28T00:00:00,Middle_Forest_Groundwater,201.85563229379656
2023-05-29T00:00:00,Middle_Forest_Groundwater,201.82912326102803
2023-05-30T00:00:00,Middle_Forest_Groundwater,201.80299292872763
2023-05-31T00:00:00,Middle_Forest_Groundwater,201.77723588688866
2023-06-01T00:00:00,Middle_Forest_Groundwater,201.75184680279025
2023-06-02T00:00:00,Middle_Forest_Groundwater,201.72682041989324
2023-06-03T00:00:00,Middle_Forest_Groundwater,201.70215155675191
2023-06-04T00:00:00,Middle_Forest_Groundwater,201.67783510594117
2023-06-05T00:00:00,Middle_Forest_Groundwater,201.65386603299916
2023-06-06T00:00:00,Middle_Forest_Groundwater,201.6302393753849
2023-06-07T00:00:00,Middle_Forest_Groundwater,201.60695024145082
2023-06-08T00:00:00,Middle_Forest_Groundwater,201.5839938094301
2023-06-09T00:00:00,Middle_Forest_Groundwater,201.56136532643825
2023-06-10T00:00:00,Middle_Forest_Groundwater,201.53906010748912
2023-06-11T00:00:00,Middle_Forest_Groundwater,201.517073534525
2023-06-12T00:00:00,Middle_Forest_Groundwater,201.49540105546035
2023-06-13T00:00:00,Middle_Forest_Groundwater,201.4740381832395
2023-06-14T00:00:00,Middle_Forest_Groundwater,201.4529804949075
2023-06-15T00:00:00,Middle_Forest_Groundwater,201.43222363069455
2023-06-16T00:00:00,Middle_Forest_Groundwater,201.4117632931132
2023-06-17T00:00:00,Middle_Forest_Groundwater,201.39159524606873
2023-06-18T00:00:00,Middle_Forest_Groundwater,201.37171531398204
2023-06-19T00:00:00,Middle_Forest_Groundwater,201.35211938092516
2023-06-20T00:00:00,Middle_Forest_Groundwater,201.33280338976908
2023-06-21T00:00:00,Middle_Forest_Groundwater,201.31376334134382
2023-06-22T00:00:00,Middle_Forest_Groundwater,201.29499529361033
2023-06-23T00:00:00,Middle_Forest_Groundwater,201.27649536084448
2023-06-24T00:00:00,Middle_Forest_Groundwater,201.25825971283243
2023-06-25T00:00:00,Middle_Forest_Groundwater,201.2402845740777
2023-06-26T00:00:00,Middle_Forest_Groundwater,201.22256622301944
2023-06-27T00:00:00,Middle_Forest_Groundwater,201.20510099126201
2023-06-28T00:00:00,Middle_Forest_Groundwater,201.18788526281543
2023-06-29T00:00:00,Middle_Forest_Groundwater,201.17091547334664
2023-06-30T00:00:00,Middle_Forest_Groundwater,201.1541881094417
2023-07-01T00:00:00,Middle_Forest_Groundwater,201.13769970787823
2023-07-02T00:00:00,Middle_Forest_Groundwater,201.12144685490853
2023-07-03T00:00:00,Middle_Forest_Groundwater,201.1054261855527
2023-07-04T00:00:00,Middle_Forest_Groundwater,201.08963438290195
2023-07-05T00:00:00,Middle_Forest_Groundwater,201.0740681774319
2023-07-06T00:00:00,Middle_Forest_Groundwater,201.05872434632573
2023-07-07T00:00:00,Middle_Forest_Groundwater,201.04359971280678
2023-07-08T00:00:00,Middle_Forest_Groundwater,201.02869114548096
2023-07-09T00:00:00,Middle_Forest_Groundwater,201.0139955576884
2023-07-10T00:00:00,Middle_Forest_Groundwater,200.99950990686426
2023-07-11T00:00:00,Middle_Forest_Groundwater,200.98523119390904
2023-07-12T00:00:00,Middle_Forest_Groundwater,200.97115646256748
2023-07-13T00:00:00,Middle_Forest_Groundwater,200.95728279881652
2023-07-14T00:00:00,Middle_Forest_Groundwater,200.943607330262
2023-07-15T00:00:00,Middle_Forest_Groundwater,200.93012722554397
2023-07-16T00:00:00,Middle_Forest_Groundwater,200.9168396937505
2023-07-17T00:00:00,Middle_Forest_Groundwater,200.90374198383978
2023-07-18T00:00:00,Middle_Forest_Groundwater,200.89083138407065
2023-07-19T00:00:00,Middle_Forest_Groundwater,200.87810522144107
2023-07-20T00:00:00,Middle_Forest_Groundwater,200.86556086113478
2023-07-21T00:00:00,Middle_Forest_Groundwater,200.8531957059757
2023-07-22T00:00:00,Middle_Forest_Groundwater,200.84100719589034
2023-07-23T00:00:00,Middle_Forest_Groundwater,200.82899280737763
2023-07-24T00:00:00,Middle_Forest_Groundwater,200.81715005298653
2023-07-25T00:00:00,Middle_Forest_Groundwater,200.80547648080102
2023-07-26T00:00:00,Middle_Forest_Groundwater,200.79396967393242
2023-07-27T00:00:00,Middle_Forest_Groundwater,200.7826272500191
2023-07-28T00:00:00,Middle_Forest_Groundwater,200.7714468607331
2023-07-29T00:00:00,Middle_Forest_Groundwater,200.76042619129407
2023-07-30T00:00:00,Middle_Forest_Groundwater,200.74956295998987
2023-07-31T00:00:00,Middle_Forest_Groundwater,200.73885491770432
2023-08-01T00:00:00,Middle_Forest_Groundwater,200.7282998474514
2023-08-02T00:00:00,Middle_Forest_Groundwater,200.7178955639164
2023-08-03T00:00:00,Middle_Forest_Groundwater,200.7076399130033
2023-08-04T00:00:00,Middle_Forest_Groundwater,200.69753077138898
2023-08-05T00:00:00,Middle_Forest_Groundwater,200.68756604608342
2023-08-06T00:00:00,Middle_Forest_Groundwater,200.6777436739965
2023-08-07T00:00:00,Middle_Forest_Groundwater,200.66806162151084
2023-08-08T00:00:00,Middle_Forest_Groundwater,200.6585178840607
2023-08-09T00:00:00,Middle_Forest_Groundwater,200.649110485717
2023-08-10T00:00:00,Middle_Forest_Groundwater,200.63983747877816
2023-08-11T00:00:00,Middle_Forest_Groundwater,200.63069694336704
2023-08-12T00:00:00,Middle_Forest_Groundwater,200.62168698703323
2023-08-13T00:00:00,Middle_Forest_Groundwater,200.61280574436134
2023-08-14T00:00:00,Middle_Forest_Groundwater,200.60405137658475
2023-08-15T00:00:00,Middle_Forest_Groundwater,200.59542207120498
2023-08-16T00:00:00,Middle_Forest_Groundwater,200.58691604161635
2023-08-17T00:00:00,Middle_Forest_Groundwater,200.57853152673613
2023-08-18T00:00:00,Middle_Forest_Groundwater,200.5702667906399
2023-08-19T00:00:00,Middle_Forest_Groundwater,200.56212012220217
2023-08-20T00:00:00,Middle_Forest_Groundwater,200.55408983474214
2023-08-21T00:00:00,Middle_Forest_Groundwater,200.5461742656744
2023-08-22T00:00:00,Middle_Forest_Groundwater,200.53837177616478
2023-08-23T00:00:00,Middle_Forest_Groundwater,200.530680750791
2023-08-24T00:00:00,Middle_Forest_Groundwater,200.52309959720827
2023-08-25T00:00:00,Middle_Forest_Groundwater,200.5156267458196
2023-08-26T00:00:00,Middle_Forest_Groundwater,200.50826064945073
2023-08-27T00:00:00,Middle_Forest_Groundwater,200.50099978303
2023-08-28T00:00:00,Middle_Forest_Groundwater,200.49384264327244
2023-08-29T00:00:00,Middle_Forest_Groundwater,200.48678774836856
2023-08-30T00:00:00,Middle_Forest_Groundwater,200.4798336376776
2023-08-31T00:00:00,Middle_Forest_Groundwater,200.47297887142506
2023-09-01T00:00:00,Middle_Forest_Groundwater,200.4662220304047
2023-09-02T00:00:00,Middle_Forest_Groundwater,200.45956171568463
2023-09-03T00:00:00,Middle_Forest_Groundwater,200.4529965483177
2023-09-04T00:00:00,Middle_Forest_Groundwater,200.44652516905603
2023-09-05T00:00:00,Middle_Forest_Groundwater,200.4401462380695
2023-09-06T00:00:00,Middle_Forest_Groundwater,200.4338584346685
2023-09-07T00:00:00,Middle_Forest_Groundwater,200.42766045703038
2023-09-08T00:00:00,Middle_Forest_Groundwater,200.42155102192996
2023-09-09T00:00:00,Middle_Forest_Groundwater,200.41552886447383
2023-09-10T00:00:00,Middle_Forest_Groundwater,200.4095927378385
2023-09-11T00:00:00,Middle_Forest_Groundwater,200.40374141301223
2023-09-12T00:00:00,Middle_Forest_Groundwater,200.39797367854064
2023-09-13T00:00:00,Middle_Forest_Groundwater,200.39228834027577
2023-09-14T00:00:00,Middle_Forest_Groundwater,200.38668422112897
2023-09-15T00:00:00,Middle_Forest_Groundwater,200.38116016082714
2023-09-16T00:00:00,Middle_Forest_Groundwater,200.37571501567245
2023-09-17T00:00:00,Middle_Forest_Groundwater,200.37034765830572
2023-09-18T00:00:00,Middle_Forest_Groundwater,200.3650569774728
2023-09-19T00:00:00,Middle_Forest_Groundwater,200.3598418777946
2023-09-20T00:00:00,Middle_Forest_Groundwater,200.3547012795404
2023-09-21T00:00:00,Middle_Forest_Groundwater,200.3496341184041
2023-09-22T00:00:00,Middle_Forest_Groundwater,200.34463934528407
2023-09-23T00:00:00,Middle_Forest_Groundwater,200.3397159260657
2023-09-24T00:00:00,Middle_Forest_Groundwater,200.3348628414076
2023-09-25T00:00:00,Middle_Forest_Groundwater,200.33007908653036
2023-09-26T00:00:00,Middle_Forest_Groundwater,200.3253636710085
2023-09-27T00:00:00,Middle_Forest_Groundwater,200.32071561856552
2023-09-28T00:00:00,Middle_Forest_Groundwater,200.31613396687172
2023-09-29T00:00:00,Middle_Forest_Groundwater,200.31161776734498
2023-09-30T00:00:00,Middle_Forest_Groundwater,200.30716608495433
2023-10-01T00:00:00,Middle_Forest_Groundwater,200.30277799802641
2023-10-02T00:00:00,Middle_Forest_Groundwater,200.2984525980546
2023-10-03T00:00:00,Middle_Forest_Groundwater,200.29418898951099
2023-10-04T00:00:00,Middle_Forest_Groundwater,200.28998628966082
2023-10-05T00:00:00,Middle_Forest_Groundwater,200.28584362837995
2023-10-06T00:00:00,Middle_Forest_Groundwater,200.28176014797452
2023-10-07T00:00:00,Middle_Forest_Groundwater,200.27773500300347
2023-10-08T00:00:00,Middle_Forest_Groundwater,200.27376736010342
2023-10-09T00:00:00,Middle_Forest_Groundwater,200.26985639781623
2023-10-10T00:00:00,Middle_Forest_Groundwater,200.26600130641884
2023-10-11T00:00:00,Middle_Forest_Groundwater,200.26220128775572
2023-10-12T00:00:00,Middle_Forest_Groundwater,200.25845555507348
2023-10-13T00:00:00,Middle_Forest_Groundwater,200.25476333285815
2023-10-14T00:00:00,Middle_Forest_Groundwater,200.25112385667447
2023-10-15T00:00:00,Middle_Forest_Groundwater,200.24753637300768
2023-10-16T00:00:00,Middle_Forest_Groundwater,200.24400013910756
2023-10-17T00:00:00,Middle_Forest_Groundwater,200.2405144228346
2023-10-18T00:00:00,Middle_Forest_Groundwater,200.23707850250838
2023-10-19T00:00:00,Middle_Forest_Groundwater,200.23369166675826
2023-10-20T00:00:00,Middle_Forest_Groundwater,200.230353214376
2023-10-21T00:00:00,Middle_Forest_Groundwater,200.22706245417064
2023-10-22T00:00:00,Middle_Forest_Groundwater,200.22381870482533
2023-10-23T00:00:00,Middle_Forest_Groundwater,200.2206212947564
2023-10-24T00:00:00,Middle_Forest_Groundwater,200.21746956197416
2023-10-25T00:00:00,Middle_Forest_Groundwater,200.21436285394594
2023-10-26T00:00:00,Middle_Forest_Groundwater,200.211300527461
2023-10-27T00:00:00,Middle_Forest_Groundwater,200.20828194849727
2023-10-28T00:00:00,Middle_Forest_Groundwater,200.20530649209016
2023-10-29T00:00:00,Middle_Forest_Groundwater,200.20237354220316
2023-10-30T00:00:00,Middle_Forest_Groundwater,200.19948249160026
2023-10-31T00:00:00,Middle_Forest_Groundwater,200.19663274172026
2023-11-01T00:00:00,Middle_Forest_Groundwater,200.19382370255283
2023-11-02T00:00:00,Middle_Forest_Groundwater,200.19105479251635
2023-11-03T00:00:00,Middle_Forest_Groundwater,200.18832543833756
2023-11-04T00:00:00,Middle_Forest_Groundwater,200.18563507493275
2023-11-05T00:00:00,Middle_Forest_Groundwater,200.18298314529085
2023-11-06T00:00:00,Middle_Forest_Groundwater,200.18036910035812
2023-11-07T00:00:00,Middle_Forest_Groundwater,200.17779239892442
2023-11-08T00:00:00,Middle_Forest_Groundwater,200.17525250751123
2023-11-09T00:00:00,Middle_Forest_Groundwater,200.17274890026107
2023-11-10T00:00:00,Middle_Forest_Groundwater,200.17028105882878
2023-11-11T00:00:00,Middle_Forest_Groundwater,200.16784847227407
2023-11-12T00:00:00,Middle_Forest_Groundwater,200.16545063695588
2023-11-13T00:00:00,Middle_Forest_Groundwater,200.16308705642794
2023-11-14T00:00:00,Middle_Forest_Groundwater,200.1607572413361
2023-11-15T00:00:00,Middle_Forest_Groundwater,200.15846070931704
2023-11-16T00:00:00,Middle_Forest_Groundwater,200.15619698489823
2023-11-17T00:00:00,Middle_Forest_Groundwater,200.1539655993997
2023-11-18T00:00:00,Middle_Forest_Groundwater,200.15176609083684
2023-11-19T00:00:00,Middle_Forest_Groundwater,200.14959800382488
2023-11-20T00:00:00,Middle_Forest_Groundwater,200.14746088948453
2023-11-21T00:00:00,Middle_Forest_Groundwater,200.14535430534903
2023-11-22T00:00:00,Middle_Forest_Groundwater,200.14327781527263
2023-11-23T00:00:00,Middle_Forest_Groundwater,200.14123098934016
2023-11-24T00:00:00,Middle_Forest_Groundwater,200.13921340377814
2023-11-25T00:00:00,Middle_Forest_Groundwater,200.13722464086703
2023-11-26T00:00:00,Middle_Forest_Groundwater,200.13526428885464
2023-11-27T00:00:00,Middle_Forest_Groundwater,200.133331941871
2023-11-28T00:00:00,Middle_Forest_Groundwater,200.13142719984427
2023-11-29T00:00:00,Middle_Forest_Groundwater,200.12954966841792
2023-11-30T00:00:00,Middle_Forest_Groundwater,200.1276989588691
2023-12-01T00:00:00,Middle_Forest_Groundwater,200.12587468802812
2023-12-02T00:00:00,Middle_Forest_Groundwater,200.12407647819916
2023-12-03T00:00:00,Middle_Forest_Groundwater,200.12230395708204
2023-12-04T00:00:00,Middle_Forest_Groundwater,200.12055675769514
2023-12-05T00:00:00,Middle_Forest_Groundwater,200.1188345182995
2023-12-06T00:00:00,Middle_Forest_Groundwater,200.1171368823238
2023-12-07T00:00:00,Middle_Forest_Groundwater,200.11546349829058
2023-12-08T00:00:00,Middle_Forest_Groundwater,200.1138140197436
2023-12-09T00:00:00,Middle_Forest_Groundwater,200.11218810517582
2023-12-10T00:00:00,Middle_Forest_Groundwater,200.11058541795902
2023-12-11T00:00:00,Middle_Forest_Groundwater,200.1090056262739
2023-12-12T00:00:00,Middle_Forest_Groundwater,200.10744840304142
2023-12-13T00:00:00,Middle_Forest_Groundwater,200.1059134258551
2023-12-14T00:00:00,Middle_Forest_Groundwater,200.10440037691433
2023-12-15T00:00:00,Middle_Forest_Groundwater,200.1029089429584
2023-12-16T00:00:00,Middle_Forest_Groundwater,200.10143881520185
2023-12-17T00:00:00,Middle_Forest_Groundwater,200.0999896892704
2023-12-18T00:00:00,Middle_Forest_Groundwater,200.09856126513796
2023-12-19T00:00:00,Middle_Forest_Groundwater,200.09715324706457
2023-12-20T00:00:00,Middle_Forest_Groundwater,200.09576534353508
2023-12-21T00:00:00,Middle_Forest_Groundwater,200.09439726719887
2023-12-22T00:00:00,Middle_Forest_Groundwater,200.0930487348103
2023-12-23T00:00:00,Middle_Forest_Groundwater,200.09171946717015
2023-12-24T00:00:00,Middle_Forest_Groundwater,200.0904091890677
2023-12-25T00:00:00,Middle_Forest_Groundwater,200.0891176292239
2023-12-26T00:00:00,Middle_Forest_Groundwater,200.08784452023497
2023-12-27T00:00:00,Middle_Forest_Groundwater,200.08658959851732
2023-12-28T00:00:00,Middle_Forest_Groundwater,200.0853526042528
2023-12-29T00:00:00,Middle_Forest_Groundwater,200.08413328133489
2023-12-30T00:00:00,Middle_Forest_Groundwater,200.08293137731582
2023-12-31T00:00:00,Middle_Forest_Groundwater,200.08174664335417
2024-01-01T00:00:00,Middle_Forest_Groundwater,200.0805788341634
2024-01-02T00:00:00,Middle_Forest_Groundwater,200.07942770796106
2024-01-03T00:00:00,Middle_Forest_Groundwater,200.07829302641875
2024-01-04T00:00:00,Middle_Forest_Groundwater,200.07717455461275
2024-01-05T00:00:00,Middle_Forest_Groundwater,200.07607206097543
2024-01-06T00:00:00,Middle_Forest_Groundwater,200.0749853172472
2024-01-07T00:00:00,Middle_Forest_Groundwater,200.07391409842938
2024-01-08T00:00:00,Middle_Forest_Groundwater,200.07285818273755
2024-01-09T00:00:00,Middle_Forest_Groundwater,200.07181735155558
2024-01-10T00:00:00,Middle_Forest_Groundwater,200.0707913893905
2024-01-11T00:00:00,Middle_Forest_Groundwater,200.0697800838278
2024-01-12T00:00:00,Middle_Forest_Groundwater,200.0687832254874
2024-01-13T00:00:00,Middle_Forest_Groundwater,200.06780060798044
2024-01-14T00:00:00,Middle_Forest_Groundwater,200.06683202786644
2024-01-15T00:00:00,Middle_Forest_Groundwater,200.06587728461122
2024-01-16T00:00:00,Middle_Forest_Groundwater,200.06493618054535
2024-01-17T00:00:00,Middle_Forest_Groundwater,200.06400852082328
2024-01-18T00:00:00,Middle_Forest_Groundwater,200.06309411338296
2024-01-19T00:00:00,Middle_Forest_Groundwater,200.06219276890607
2024-01-20T00:00:00,Middle_Forest_Groundwater,200.06130430077883
2024-01-21T00:00:00,Middle_Forest_Groundwater,200.06042852505342
2024-01-22T00:00:00,Middle_Forest_Groundwater,200.0595652604098
2024-01-23T00:00:00,Middle_Forest_Groundwater,200.05871432811824
2024-01-24T00:00:00,Middle_Forest_Groundwater,200.05787555200226
2024-01-25T00:00:00,Middle_Forest_Groundwater,200.05704875840223
2024-01-26T00:00:00,Middle_Forest_Groundwater,200.05623377613935
2024-01-27T00:00:00,Middle_Forest_Groundwater,200.0554304364802
2024-01-28T00:00:00,Middle_Forest_Groundwater,200.05463857310193
2024-01-29T00:00:00,Middle_Forest_Groundwater,200.05385802205763
2024-01-30T00:00:00,Middle_Forest_Groundwater,200.05308862174252
2024-01-31T00:00:00,Middle_Forest_Groundwater,200.05233021286048
2024-02-01T00:00:00,Middle_Forest_Groundwater,200.05158263839104
2024-02-02T00:00:00,Middle_Forest_Groundwater,200.0508457435569
2024-02-03T00:00:00,Middle_Forest_Groundwater,200.05011937579178
2024-02-04T00:00:00,Middle_Forest_Groundwater,200.04940338470905
2024-02-05T00:00:00,Middle_Forest_Groundwater,200.04869762207036
2024-02-06T00:00:00,Middle_Forest_Groundwater,200.04800194175507
2024-02-07T00:00:00,Middle_Forest_Groundwater,200.04731619973
2024-02-08T00:00:00,Middle_Forest_Groundwater,200.04664025401956
2024-02-09T00:00:00,Middle_Forest_Groundwater,200.04597396467642
2024-02-10T00:00:00,Middle_Forest_Groundwater,200.04531719375248
2024-02-11T00:00:00,Middle_Forest_Groundwater,200.0446698052703
2024-02-12T00:00:00,Middle_Forest_Groundwater,200.044031665195
2024-02-13T00:00:00,Middle_Forest_Groundwater,200.04340264140652
2024-02-14T00:00:00,Middle_Forest_Groundwater,200.04278260367215
2024-02-15T00:00:00,Middle_Forest_Groundwater,200.0421714236197
2024-02-16T00:00:00,Middle_Forest_Groundwater,200.04156897471083
2024-02-17T00:00:00,Middle_Forest_Groundwater,200.04097513221495
2024-02-18T00:00:00,Middle_Forest_Groundwater,200.0403897731833
2024-02-19T00:00:00,Middle_Forest_Groundwater,200.03981277642356
2024-02-20T00:00:00,Middle_Forest_Groundwater,200.03924402247466
2024-02-21T00:00:00,Middle_Forest_Groundwater,200.03868339358218
2024-02-22T00:00:00,Middle_Forest_Groundwater,200.03813077367386
2024-02-23T00:00:00,Middle_Forest_Groundwater,200.03758604833567
2024-02-24T00:00:00,Middle_Forest_Groundwater,200.03704910478803
2024-02-25T00:00:00,Middle_Forest_Groundwater,200.03651983186248
2024-02-26T00:00:00,Middle_Forest_Groundwater,200.03599811997873
2024-02-27T00:00:00,Middle_Forest_Groundwater,200.0354838611219
2024-02-28T00:00:00,Middle_Forest_Groundwater,200.03497694882014
2024-02-29T00:00:00,Middle_Forest_Groundwater,200.03447727812272
2024-03-01T00:00:00,Middle_Forest_Groundwater,200.03398474557812
2024-03-02T00:00:00,Middle_Forest_Groundwater,200.03349924921272
2024-03-03T00:00:00,Middle_Forest_Groundwater,200.03302068850968
2024-03-04T00:00:00,Middle_Forest_Groundwater,200.03254896438813
2024-03-05T00:00:00,Middle_Forest_Groundwater,200.03208397918257
2024-03-06T00:00:00,Middle_Forest_Groundwater,200.03162563662283
2024-03-07T00:00:00,Middle_Forest_Groundwater,200.03117384181394
2024-03-08T00:00:00,Middle_Forest_Groundwater,200.0307285012166
2024-03-09T00:00:00,Middle_Forest_Groundwater,200.03028952262778
2024-03-10T00:00:00,Middle_Forest_Groundwater,200.02985681516168
2024-03-11T00:00:00,Middle_Forest_Groundwater,200.0294302892308
2024-03-12T00:00:00,Middle_Forest_Groundwater,200.0290098565275
2024-03-13T00:00:00,Middle_Forest_Groundwater,200.02859543000568
2024-03-14T00:00:00,Middle_Forest_Groundwater,200.02818692386273
2024-03-15T00:00:00,Middle_Forest_Groundwater,200.02778425352184
2024-03-16T00:00:00,Middle_Forest_Groundwater,200.02738733561438
2024-03-17T00:00:00,Middle_Forest_Groundwater,200.02699608796274
2024-03-18T00:00:00,Middle_Forest_Groundwater,200.02661042956328
2024-03-19T00:00:00,Middle_Forest_Groundwater,200.0262302805695
2024-03-20T00:00:00,Middle_Forest_Groundwater,200.02585556227567
2024-03-21T00:00:00,Middle_Forest_Groundwater,200.0254861971003
2024-03-22T00:00:00,Middle_Forest_Groundwater,200.0251221085703
2024-03-23T00:00:00,Middle_Forest_Groundwater,200.024763221305
2024-03-24T00:00:00,Middle_Forest_Groundwater,200.02440946100063
2024-03-25T00:00:00,Middle_Forest_Groundwater,200.0240607544149
2024-03-26T00:00:00,Middle_Forest_Groundwater,200.02371702935184
2024-03-27T00:00:00,Middle_Forest_Groundwater,200.0233782146468
2024-03-28T00:00:00,Middle_Forest_Groundwater,200.02304424015185
2024-03-29T00:00:00,Middle_Forest_Groundwater,200.0227150367211
2024-03-30T00:00:00,Middle_Forest_Groundwater,200.02239053619653
2024-03-31T00:00:00,Middle_Forest_Groundwater,200.02207067139372
2024-04-01T00:00:00,Middle_Forest_Groundwater,200.0217553760881
2024-04-02T00:00:00,Middle_Forest_Groundwater,200.02144458500112
2024-04-03T00:00:00,Middle_Forest_Groundwater,200.02113823378681
2024-04-04T00:00:00,Middle_Forest_Groundwater,200.02083625901844
2024-04-05T00:00:00,Middle_Forest_Groundwater,200.0205385981753
2024-04-06T00:00:00,Middle_Forest_Groundwater,200.02024518962995
2024-04-07T00:00:00,Middle_Forest_Groundwater,200.01995597263524
2024-04-08T00:00:00,Middle_Forest_Groundwater,200.0196708873119
2024-04-09T00:00:00,Middle_Forest_Groundwater,200.019389874636
2024-04-10T00:00:00,Middle_Forest_Groundwater,200.01911287642693
2024-04-11T00:00:00,Middle_Forest_Groundwater,200.01883983533511
2024-04-12T00:00:00,Middle_Forest_Groundwater,200.01857069483032
2024-04-13T00:00:00,Middle_Forest_Groundwater,200.01830539918987
2024-04-14T00:00:00,Middle_Forest_Groundwater,200.01804389348715
2024-04-15T00:00:00,Middle_Forest_Groundwater,200.01778612358018
2024-04-16T00:00:00,Middle_Forest_Groundwater,200.01753203610048
2024-04-17T00:00:00,Middle_Forest_Groundwater,200.0172815784419
2024-04-18T00:00:00,Middle_Forest_Groundwater,200.01703469874988
2024-04-19T00:00:00,Middle_Forest_Groundwater,200.0167913459106
2024-04-20T00:00:00,Middle_Forest_Groundwater,200.01655146954045
2024-04-21T00:00:00,Middle_Forest_Groundwater,200.0163150199756
2024-04-22T00:00:00,Middle_Forest_Groundwater,200.01608194826164
2024-04-23T00:00:00,Middle_Forest_Groundwater,200.01585220614362
2024-04-24T00:00:00,Middle_Forest_Groundwater,200.01562574605586
2024-04-25T00:00:00,Middle_Forest_Groundwater,200.0154025211122
2024-04-26T00:00:00,Middle_Forest_Groundwater,200.01518248509632
2024-04-27T00:00:00,Middle_Forest_Groundwater,200.01496559245209
2024-04-28T00:00:00,Middle_Forest_Groundwater,200.0147517982742
2024-04-29T00:00:00,Middle_Forest_Groundwater,200.01454105829885
2024-04-30T00:00:00,Middle_Forest_Groundwater,200.01433332889457
2024-05-01T00:00:00,Middle_Forest_Groundwater,200.0141285670532
2024-05-02T00:00:00,Middle_Forest_Groundwater,200.01392673038103
2024-05-03T00:00:00,Middle_Forest_Groundwater,200.01372777708988
2024-05-04T00:00:00,Middle_Forest_Groundwater,200.0135316659886
2024-05-05T00:00:00,Middle_Forest_Groundwater,200.0133383564745
2024-05-06T00:00:00,Middle_Forest_Groundwater,200.01314780852485
2024-05-07T00:00:00,Middle_Forest_Groundwater,200.01295998268878
2024-05-08T00:00:00,Middle_Forest_Groundwater,200.01277484007895
2024-05-09T00:00:00,Middle_Forest_Groundwater,200.01259234236355
2024-05-10T00:00:00,Middle_Forest_Groundwater,200.01241245175837
2024-05-11T00:00:00,Middle_Forest_Groundwater,200.01223513101897
2024-05-12T00:00:00,Middle_Forest_Groundwater,200.01206034343298
2024-05-13T00:00:00,Middle_Forest_Groundwater,200.0118880528125
2024-05-14T00:00:00,Middle_Forest_Groundwater,200.0117182234866
2024-05-15T00:00:00,Middle_Forest_Groundwater,200.01155082029393
2024-05-16T00:00:00,Middle_Forest_Groundwater,200.01138580857545
2024-05-17T00:00:00,Middle_Forest_Groundwater,200.01122315416723
2024-05-18T00:00:00,Middle_Forest_Groundwater,200.01106282339342
2024-05-19T00:00:00,Middle_Forest_Groundwater,200.01090478305923
2024-05-20T00:00:00,Middle_Forest_Groundwater,200.0107490004441
2024-05-21T00:00:00,Middle_Forest_Groundwater,200.0105954432949
2024-05-22T00:00:00,Middle_Forest_Groundwater,200.01044407981925
2024-05-23T00:00:00,Middle_Forest_Groundwater,200.01029487867896
2024-05-24T00:00:00,Middle_Forest_Groundwater,200.01014780898356
2024-05-25T00:00:00,Middle_Forest_Groundwater,200.0100028402838
2024-05-26T00:00:00,Middle_Forest_Groundwater,200.00985994256544
2024-05-27T00:00:00,Middle_Forest_Groundwater,200.00971908624308
2024-05-28T00:00:00,Middle_Forest_Groundwater,200.0095802421539
2024-05-29T00:00:00,Middle_Forest_Groundwater,200.0094433815517
2024-05-30T00:00:00,Middle_Forest_Groundwater,200.00930847610095
2024-05-31T00:00:00,Middle_Forest_Groundwater,200.00917549787093
2024-06-01T00:00:00,Middle_Forest_Groundwater,200.0090444193299
2024-06-02T00:00:00,Middle_Forest_Groundwater,200.0089152133395
2024-06-03T00:00:00,Middle_Forest_Groundwater,200.00878785314893
2024-06-04T00:00:00,Middle_Forest_Groundwater,200.00866231238967
2024-06-05T00:00:00,Middle_Forest_Groundwater,200.0085385650698
2024-06-06T00:00:00,Middle_Forest_Groundwater,200.00841658556882
2024-06-07T00:00:00,Middle_Forest_Groundwater,200.00829634863211
2024-06-08T00:00:00,Middle_Forest_Groundwater,200.00817782936593
2024-06-09T00:00:00,Middle_Forest_Groundwater,200.00806100323214
2024-06-10T00:00:00,Middle_Forest_Groundwater,200.0079458460431
2024-06-11T00:00:00,Middle_Forest_Groundwater,200.00783233395677
2024-06-12T00:00:00,Middle_Forest_Groundwater,200.00772044347167
2024-06-13T00:00:00,Middle_Forest_Groundwater,200.00761015142209
2024-06-14T00:00:00,Middle_Forest_Groundwater,200.0075014349732
2024-06-15T00:00:00,Middle_Forest_Groundwater,200.00739427161642
2024-06-16T00:00:00,Middle_Forest_Groundwater,200.00728863916476
2024-06-17T00:00:00,Middle_Forest_Groundwater,200.00718451574812
2024-06-18T00:00:00,Middle_Forest_Groundwater,200.00708187980885
2024-06-19T00:00:00,Middle_Forest_Groundwater,200.0069807100973
2024-06-20T00:00:00,Middle_Forest_Groundwater,200.00688098566735
2024-06-21T00:00:00,Middle_Forest_Groundwater,200.0067826858721
2024-06-22T00:00:00,Middle_Forest_Groundwater,200.00668579035965
2024-06-23T00:00:00,Middle_Forest_Groundwater,200.0065902790688
2024-06-24T00:00:00,Middle_Forest_Groundwater,200.00649613222495
2024-06-25T00:00:00,Middle_Forest_Groundwater,200.006403330336
2024-06-26T00:00:00,Middle_Forest_Groundwater,200.00631185418837
2024-06-27T00:00:00,Middle_Forest_Groundwater,200.0062216848428
2024-06-28T00:00:00,Middle_Forest_Groundwater,200.00613280363078
2024-06-29T00:00:00,Middle_Forest_Groundwater,200.00604519215034
2024-06-30T00:00:00,Middle_Forest_Groundwater,200.00595883226248
2024-07-01T00:00:00,Middle_Forest_Groundwater,200.0058737060873
2024-07-02T00:00:00,Middle_Forest_Groundwater,200.00578979600033
2024-07-03T00:00:00,Middle_Forest_Groundwater,200.0057070846289
2024-07-04T00:00:00,Middle_Forest_Groundwater,200.0056255548485
2024-07-05T00:00:00,Middle_Forest_Groundwater,200.00554518977924
2024-07-06T00:00:00,Middle_Forest_Groundwater,200.0054659727824
2024-07-07T00:00:00,Middle_Forest_Groundwater,200.00538788745692
2024-07-08T00:00:00,Middle_Forest_Groundwater,200.0053109176361
2024-07-09T00:00:00,Middle_Forest_Groundwater,200.00523504738416
2024-07-10T00:00:00,Middle_Forest_Groundwater,200.00516026099297
2024-07-11T00:00:00,Middle_Forest_Groundwater,200.00508654297877
2024-07-12T00:00:00,Middle_Forest_Groundwater,200.00501387807907
2024-07-13T00:00:00,Middle_Forest_Groundwater,200.00494225124936
2024-07-14T00:00:00,Middle_Forest_Groundwater,200.00487164766008
2024-07-15T00:00:00,Middle_Forest_Groundwater,200.00480205269352
2024-07-16T00:00:00,Middle_Forest_Groundwater,200.00473345194075
2024-07-17T00:00:00,Middle_Forest_Groundwater,200.00466583119874
2024-07-18T00:00:00,Middle_Forest_Groundwater,200.00459917646734
2024-07-19T00:00:00,Middle_Forest_Groundwater,200.00453347394637
2024-07-20T00:00:00,Middle_Forest_Groundwater,200.00446871003285
2024-07-21T00:00:00,Middle_Forest_Groundwater,200.0044048713181
2024-07-22T00:00:00,Middle_Forest_Groundwater,200.00434194458498
2024-07-23T00:00:00,Middle_Forest_Groundwater,200.0042799168052
2024-07-24T00:00:00,Middle_Forest_Groundwater,200.00421877513654
2024-07-25T00:00:00,Middle_Forest_Groundwater,200.0041585069203
2024-07-26T00:00:00,Middle_Forest_Groundwater,200.0040990996786
2024-07-27T00:00:00,Middle_Forest_Groundwater,200.00404054111175
2024-07-28T00:00:00,Middle_Forest_Groundwater,200.00398281909585
2024-07-29T00:00:00,Middle_Forest_Groundwater,200.0039259216802
2024-07-30T00:00:00,Middle_Forest_Groundwater,200.00386983708478
2024-07-31T00:00:00,Middle_Forest_Groundwater,200.00381455369785
2024-08-01T00:00:00,Middle_Forest_Groundwater,200.0037600600736
2024-08-02T00:00:00,Middle_Forest_Groundwater,200.0037063449297
2024-08-03T00:00:00,Middle_Forest_Groundwater,200.00365339714497
2024-08-04T00:00:00,Middle_Forest_Groundwater,200.00360120575718
2024-08-05T00:00:00,Middle_Forest_Groundwater,200.00354975996063
2024-08-06T00:00:00,Middle_Forest_Groundwater,200.00349904910405
2024-08-07T00:00:00,Middle_Forest_Groundwater,200.00344906268828
2024-08-08T00:00:00,Middle_Forest_Groundwater,200.00339979036417
2024-08-09T00:00:00,Middle_Forest_Groundwater,200.0033512219304
2024-08-10T00:00:00,Middle_Forest_Groundwater,200.00330334733138
2024-08-11T00:00:00,Middle_Forest_Groundwater,200.00325615665523
2024-08-12T00:00:00,Middle_Forest_Groundwater,200.0032096401316
2024-08-13T00:00:00,Middle_Forest_Groundwater,200.0031637881297
2024-08-14T00:00:00,Middle_Forest_Groundwater,200.00311859115644
2024-08-15T00:00:00,Middle_Forest_Groundwater,200.0030740398542
2024-08-16T00:00:00,Middle_Forest_Groundwater,200.00303012499913
2024-08-17T00:00:00,Middle_Forest_Groundwater,200.00298683749915
2024-08-18T00:00:00,Middle_Forest_Groundwater,200.00294416839202
2024-08-19T00:00:00,Middle_Forest_Groundwater,200.00290210884356
2024-08-20T00:00:00,Middle_Forest_Groundwater,200.0028606501458
2024-08-21T00:00:00,Middle_Forest_Groundwater,200.00281978371515
2024-08-22T00:00:00,Middle_Forest_Groundwater,200.00277950109066
2024-08-23T00:00:00,Middle_Forest_Groundwater,200.00273979393222
2024-08-24T00:00:00,Middle_Forest_Groundwater,200.0027006540189
2024-08-25T00:00:00,Middle_Forest_Groundwater,200.0026620732472
2024-08-26T00:00:00,Middle_Forest_Groundwater,200.00262404362937
2024-08-27T00:00:00,Middle_Forest_Groundwater,200.0025865572918
2024-08-28T00:00:00,Middle_Forest_Groundwater,200.00254960647337
2024-08-29T00:00:00,Middle_Forest_Groundwater,200.00251318352375
2024-08-30T00:00:00,Middle_Forest_Groundwater,200.00247728090199
2024-08-31T00:00:00,Middle_Forest_Groundwater,200.0024418911748
2024-09-01T00:00:00,Middle_Forest_Groundwater,200.00240700701517
2024-09-02T00:00:00,Middle_Forest_Groundwater,200.00237262120066
2024-09-03T00:00:00,Middle_Forest_Groundwater,200.0023387266121
2024-09-04T00:00:00,Middle_Forest_Groundwater,200.0023053162319
2024-09-05T00:00:00,Middle_Forest_Groundwater,200.0022723831429
2024-09-06T00:00:00,Middle_Forest_Groundwater,200.00223992052656
2024-09-07T00:00:00,Middle_Forest_Groundwater,200.0022079216619
2024-09-08T00:00:00,Middle_Forest_Groundwater,200.00217637992387
2024-09-09T00:00:00,Middle_Forest_Groundwater,200.0021452887821
2024-09-10T00:00:00,Middle_Forest_Groundwater,200.0021146417995
2024-09-11T00:00:00,Middle_Forest_Groundwater,200.00208443263094
2024-09-12T00:00:00,Middle_Forest_Groundwater,200.00205465502194
2024-09-13T00:00:00,Middle_Forest_Groundwater,200.00202530280734
2024-09-14T00:00:00,Middle_Forest_Groundwater,200.0019963699101
2024-09-15T00:00:00,Middle_Forest_Groundwater,200.00196785033995
2024-09-16T00:00:00,Middle_Forest_Groundwater,200.00193973819225
2024-09-17T00:00:00,Middle_Forest_Groundwater,200.00191202764665
2024-09-18T00:00:00,Middle_Forest_Groundwater,200.001884712966
2024-09-19T00:00:00,Middle_Forest_Groundwater,200.00185778849504
2024-09-20T00:00:00,Middle_Forest_Groundwater,200.0018312486594
2024-09-21T00:00:00,Middle_Forest_Groundwater,200.00180508796427
2024-09-22T00:00:00,Middle_Forest_Groundwater,200.00177930099335
2024-09-23T00:00:00,Middle_Forest_Groundwater,200.00175388240774
2024-09-24T00:00:00,Middle_Forest_Groundwater,200.00172882694477
2024-09-25T00:00:00,Middle_Forest_Groundwater,200.001704129417
2024-09-26T00:00:00,Middle_Forest_Groundwater,200.00167978471103
2024-09-27T00:00:00,Middle_Forest_Groundwater,200.00165578778658
2024-09-28T00:00:00,Middle_Forest_Groundwater,200.00163213367534
2024-09-29T00:00:00,Middle_Forest_Groundwater,200.00160881748
2024-09-30T00:00:00,Middle_Forest_Groundwater,200.00158583437315
2024-10-01T00:00:00,Middle_Forest_Groundwater,200.0015631795964
2024-10-02T00:00:00,Middle_Forest_Groundwater,200.00154084845929
2024-10-03T00:00:00,Middle_Forest_Groundwater,200.00151883633845
2024-10-04T00:00:00,Middle_Forest_Groundwater,200.00149713867648
2024-10-05T00:00:00,Middle_Forest_Groundwater,200.00147575098111
2024-10-06T00:00:00,Middle_Forest_Groundwater,200.00145466882424
2024-10-07T00:00:00,Middle_Forest_Groundwater,200.00143388784105
2024-10-08T00:00:00,Middle_Forest_Groundwater,200.00141340372903
2024-10-09T00:00:00,Middle_Forest_Groundwater,200.0013932122472
2024-10-10T00:00:00,Middle_Forest_Groundwater,200.0013733092151
2024-10-11T00:00:00,Middle_Forest_Groundwater,200.00135369051202
2024-10-12T00:00:00,Middle_Forest_Groundwater,200.00133435207613
2024-10-13T00:00:00,Middle_Forest_Groundwater,200.0013152899036
2024-10-14T00:00:00,Middle_Forest_Groundwater,200.00129650004783
2024-10-15T00:00:00,Middle_Forest_Groundwater,200.00127797861856
2024-10-16T00:00:00,Middle_Forest_Groundwater,200.00125972178114
2024-10-17T00:00:00,Middle_Forest_Groundwater,200.0012417257557
2024-10-18T00:00:00,Middle_Forest_Groundwater,200.00122398681634
2024-10-19T00:00:00,Middle_Forest_Groundwater,200.0012065012904
2024-10-20T00:00:00,Middle_Forest_Groundwater,200.00118926555768
2024-10-21T00:00:00,Middle_Forest_Groundwater,200.00117227604972
2024-10-22T00:00:00,Middle_Forest_Groundwater,200.00115552924902
2024-10-23T00:00:00,Middle_Forest_Groundwater,200.00113902168832
2024-10-24T00:00:00,Middle_Forest_Groundwater,200.0011227499499
2024-10-25T00:00:00,Middle_Forest_Groundwater,200.0011067106649
2024-10-26T00:00:00,Middle_Forest_Groundwater,200.00109090051257
2024-10-27T00:00:00,Middle_Forest_Groundwater,200.00107531621953
2024-10-28T00:00:00,Middle_Forest_Groundwater,200.00105995455925
2024-10-29T00:00:00,Middle_Forest_Groundwater,200.00104481235127
2024-10-30T00:00:00,Middle_Forest_Groundwater,200.00102988646054
2024-10-31T00:00:00,Middle_Forest_Groundwater,200.00101517379682
2024-11-01T00:00:00,Middle_Forest_Groundwater,200.00100067131402
2024-11-02T00:00:00,Middle_Forest_Groundwater,200.00098637600954
2024-11-03T00:00:00,Middle_Forest_Groundwater,200.00097228492368
2024-11-04T00:00:00,Middle_Forest_Groundwater,200.00095839513907
2024-11-05T00:00:00,Middle_Forest_Groundwater,200.00094470377994
2024-11-06T00:00:00,Middle_Forest_Groundwater,200.00093120801165
2024-11-07T00:00:00,Middle_Forest_Groundwater,200.00091790504007
2024-11-08T00:00:00,Middle_Forest_Groundwater,200.00090479211093
2024-11-09T00:00:00,Middle_Forest_Groundwater,200.00089186650933
2024-11-10T00:00:00,Middle_Forest_Groundwater,200.0008791255592
2024-11-11T00:00:00,Middle_Forest_Groundwater,200.00086656662265
2024-11-12T00:00:00,Middle_Forest_Groundwater,200.00085418709946
2024-11-13T00:00:00,Middle_Forest_Groundwater,200.00084198442661
2024-11-14T00:00:00,Middle_Forest_Groundwater,200.00082995607767
2024-11-15T00:00:00,Middle_Forest_Groundwater,200.00081809956228
2024-11-16T00:00:00,Middle_Forest_Groundwater,200.00080641242567
2024-11-17T00:00:00,Middle_Forest_Groundwater,200.00079489224817
2024-11-18T00:00:00,Middle_Forest_Groundwater,200.00078353664463
2024-11-19T00:00:00,Middle_Forest_Groundwater,200.000772343264
2024-11-20T00:00:00,Middle_Forest_Groundwater,200.0007613097888
2024-11-21T00:00:00,Middle_Forest_Groundwater,200.00075043393468
2024-11-22T00:00:00,Middle_Forest_Groundwater,200.0007397134499
2024-11-23T00:00:00,Middle_Forest_Groundwater,200.00072914611488
2024-11-24T00:00:00,Middle_Forest_Groundwater,200.0007187297418
2024-11-25T00:00:00,Middle_Forest_Groundwater,200.00070846217406
2024-11-26T00:00:00,Middle_Forest_Groundwater,200.00069834128587
2024-11-27T00:00:00,Middle_Forest_Groundwater,200.00068836498178
2024-11-28T00:00:00,Middle_Forest_Groundwater,200.00067853119634
2024-11-29T00:00:00,Middle_Forest_Groundwater,200.00066883789353
2024-11-30T00:00:00,Middle_Forest_Groundwater,200.00065928306648
2024-12-01T00:00:00,Middle_Forest_Groundwater,200.00064986473697
2024-12-02T00:00:00,Middle_Forest_Groundwater,200.000640580955
2024-12-03T00:00:00,Middle_Forest_Groundwater,200.00063142979852
2024-12-04T00:00:00,Middle_Forest_Groundwater,200.00062240937282
2024-12-05T00:00:00,Middle_Forest_Groundwater,200.00061351781036
2024-12-06T00:00:00,Middle_Forest_Groundwater,200.0006047532702
2024-12-07T00:00:00,Middle_Forest_Groundwater,200.00059611393777
2024-12-08T00:00:00,Middle_Forest_Groundwater,200.00058759802437
2024-12-09T00:00:00,Middle_Forest_Groundwater,200.00057920376688
2024-12-10T00:00:00,Middle_Forest_Groundwater,200.00057092942734
2024-12-11T00:00:00,Middle_Forest_Groundwater,200.00056277329267
2024-12-12T00:00:00,Middle_Forest_Groundwater,200.0005547336742
2024-12-13T00:00:00,Middle_Forest_Groundwater,200.00054680890742
2024-12-14T00:00:00,Middle_Forest_Groundwater,200.00053899735158
2024-12-15T00:00:00,Middle_Forest_Groundwater,200.00053129738941
2024-12-16T00:00:00,Middle_Forest_Groundwater,200.0005237074267
2024-12-17T00:00:00,Middle_Forest_Groundwater,200.00051622589203
2024-12-18T00:00:00,Middle_Forest_Groundwater,200.00050885123642
2024-12-19T00:00:00,Middle_Forest_Groundwater,200.00050158193304
2024-12-20T00:00:00,Middle_Forest_Groundwater,200.00049441647684
2024-12-21T00:00:00,Middle_Forest_Groundwater,200.0004873533843
2024-12-22T00:00:00,Middle_Forest_Groundwater,200.0004803911931
2024-12-23T00:00:00,Middle_Forest_Groundwater,200.00047352846175
2024-12-24T00:00:00,Middle_Forest_Groundwater,200.00046676376945
2024-12-25T00:00:00,Middle_Forest_Groundwater,200.0004600957156
2024-12-26T00:00:00,Middle_Forest_Groundwater,200.00045352291966
2024-12-27T00:00:00,Middle_Forest_Groundwater,200.0004470440208
2024-12-28T00:00:00,Middle_Forest_Groundwater,200.00044065767764
2024-12-29T00:00:00,Middle_Forest_Groundwater,200.00043436256797
2024-12-30T00:00:00,Middle_Forest_Groundwater,200.00042815738843
2024-12-31T00:00:00,Middle_Forest_Groundwater,200.00042204085432
2025-01-01T00:00:00,Middle_Forest_Groundwater,200.00041601169926
2025-01-02T00:00:00,Middle_Forest_Groundwater,200.000410068675
2025-01-03T00:00:00,Middle_Forest_Groundwater,200.00040421055107
2025-01-04T00:00:00,Middle_Forest_Groundwater,200.00039843611464
2025-01-05T00:00:00,Middle_Forest_Groundwater,200.00039274417014
2025-01-06T00:00:00,Middle_Forest_Groundwater,200.00038713353914
2025-01-07T00:00:00,Middle_Forest_Groundwater,200.00038160306
2025-01-08T00:00:00,Middle_Forest_Groundwater,200.00037615158772
2025-01-09T00:00:00,Middle_Forest_Groundwater,200.0003707779936
2025-01-10T00:00:00,Middle_Forest_Groundwater,200.00036548116512
2025-01-11T00:00:00,Middle_Forest_Groundwater,200.0003602600056
2025-01-12T00:00:00,Middle_Forest_Groundwater,200.0003551134341
2025-01-13T00:00:00,Middle_Forest_Groundwater,200.00035004038503
2025-01-14T00:00:00,Middle_Forest_Groundwater,200.0003450398081
2025-01-15T00:00:00,Middle_Forest_Groundwater,200.000340110668
2025-01-16T00:00:00,Middle_Forest_Groundwater,200.00033525194416
2025-01-17T00:00:00,Middle_Forest_Groundwater,200.00033046263067
2025-01-18T00:00:00,Middle_Forest_Groundwater,200.00032574173594
2025-01-19T00:00:00,Middle_Forest_Groundwater,200.00032108828256
2025-01-20T00:00:00,Middle_Forest_Groundwater,200.00031650130708
2025-01-21T00:00:00,Middle_Forest_Groundwater,200.00031197985984
2025-01-22T00:00:00,Middle_Forest_Groundwater,200.0003075230047
2025-01-23T00:00:00,Middle_Forest_Groundwater,200.00030312981892
2025-01-24T00:00:00,Middle_Forest_Groundwater,200.00029879939294
2025-01-25T00:00:00,Middle_Forest_Groundwater,200.0002945308302
2025-01-26T00:00:00,Middle_Forest_Groundwater,200.0002903232469
2025-01-27T00:00:00,Middle_Forest_Groundwater,200.00028617577195
2025-01-28T00:00:00,Middle_Forest_Groundwater,200.00028208754662
2025-01-29T00:00:00,Middle_Forest_Groundwater,200.00027805772453
2025-01-30T00:00:00,Middle_Forest_Groundwater,200.00027408547132
2025-01-31T00:00:00,Middle_Forest_Groundwater,200.00027016996458
2025-02-01T00:00:00,Middle_Forest_Groundwater,200.00026631039367
2025-02-02T00:00:00,Middle_Forest_Groundwater,200.00026250595948
2025-02-03T00:00:00,Middle_Forest_Groundwater,200.00025875587434
2025-02-04T00:00:00,Middle_Forest_Groundwater,200.00025505936185
2025-02-05T00:00:00,Middle_Forest_Groundwater,200.0002514156567
2025-02-06T00:00:00,Middle_Forest_Groundwater,200.00024782400445
2025-02-07T00:00:00,Middle_Forest_Groundwater,200.00024428366152
2025-02-08T00:00:00,Middle_Forest_Groundwater,200.00024079389493
2025-02-09T00:00:00,Middle_Forest_Groundwater,200.00023735398216
2025-02-10T00:00:00,Middle_Forest_Groundwater,200.00023396321097
2025-02-11T00:00:00,Middle_Forest_Groundwater,200.0002306208794
2025-02-12T00:00:00,Middle_Forest_Groundwater,200.0002273262954
2025-02-13T00:00:00,Middle_Forest_Groundwater,200.0002240787769
2025-02-14T00:00:00,Middle_Forest_Groundwater,200.00022087765151
2025-02-15T00:00:00,Middle_Forest_Groundwater,200.00021772225648
2025-02-16T00:00:00,Middle_Forest_Groundwater,200.00021461193853
2025-02-17T00:00:00,Middle_Forest_Groundwater,200.0002115460537
2025-02-18T00:00:00,Middle_Forest_Groundwater,200.00020852396722
2025-02-19T00:00:00,Middle_Forest_Groundwater,200.0002055450534
2025-02-20T00:00:00,Middle_Forest_Groundwater,200.0002026086955
2025-02-21T00:00:00,Middle_Forest_Groundwater,200.00019971428557
2025-02-22T00:00:00,Middle_Forest_Groundwater,200.00019686122434
2025-02-23T00:00:00,Middle_Forest_Groundwater,200.00019404892114
2025-02-24T00:00:00,Middle_Forest_Groundwater,200.00019127679371
2025-02-25T00:00:00,Middle_Forest_Groundwater,200.0001885442681
2025-02-26T00:00:00,Middle_Forest_Groundwater,200.00018585077856
2025-02-27T00:00:00,Middle_Forest_Groundwater,200.00018319576745
2025-02-28T00:00:00,Middle_Forest_Groundwater,200.00018057868505
2025-03-01T00:00:00,Middle_Forest_Groundwater,200.00017799898956
2025-03-02T00:00:00,Middle_Forest_Groundwater,200.00017545614685
2025-03-03T00:00:00,Middle_Forest_Groundwater,200.00017294963047
2025-03-04T00:00:00,Middle_Forest_Groundwater,200.00017047892146
2025-03-05T00:00:00,Middle_Forest_Groundwater,200.0001680435083
2025-03-06T00:00:00,Middle_Forest_Groundwater,200.00016564288674
2025-03-07T00:00:00,Middle_Forest_Groundwater,200.0001632765598
2025-03-08T00:00:00,Middle_Forest_Groundwater,200.0001609440375
2025-03-09T00:00:00,Middle_Forest_Groundwater,200.00015864483697
2025-03-10T00:00:00,Middle_Forest_Groundwater,200.00015637848216
2025-03-11T00:00:00,Middle_Forest_Groundwater,200.00015414450385
2025-03-12T00:00:00,Middle_Forest_Groundwater,200.00015194243952
2025-03-13T00:00:00,Middle_Forest_Groundwater,200.00014977183324
2025-03-14T00:00:00,Middle_Forest_Groundwater,200.0001476322356
2025-03-15T00:00:00,Middle_Forest_Groundwater,200.00014552320368
2025-03-16T00:00:00,Middle_Forest_Groundwater,200.00014344430076
2025-03-17T00:00:00,Middle_Forest_Groundwater,200.00014139509648
2025-03-18T00:00:00,Middle_Forest_Groundwater,200.00013937516653
2025-03-19T00:00:00,Middle_Forest_Groundwater,200.0001373840927
2025-03-20T00:00:00,Middle_Forest_Groundwater,200.0001354214628
2025-03-21T00:00:00,Middle_Forest_Groundwater,200.00013348687048
2025-03-22T00:00:00,Middle_Forest_Groundwater,200.00013157991518
2025-03-23T00:00:00,Middle_Forest_Groundwater,200.0001297002021
2025-03-24T00:00:00,Middle_Forest_Groundwater,200.00012784734207
2025-03-25T00:00:00,Middle_Forest_Groundwater,200.00012602095148
2025-03-26T00:00:00,Middle_Forest_Groundwater,200.00012422065217
2025-03-27T00:00:00,Middle_Forest_Groundwater,200.00012244607143
2025-03-28T00:00:00,Middle_Forest_Groundwater,200.00012069684183
2025-03-29T00:00:00,Middle_Forest_Groundwater,200.00011897260123
2025-03-30T00:00:00,Middle_Forest_Groundwater,200.00011727299264
2025-03-31T00:00:00,Middle_Forest_Groundwater,200.00011559766418
2025-04-01T00:00:00,Middle_Forest_Groundwater,200.00011394626898
2025-04-02T00:00:00,Middle_Forest_Groundwater,200.00011231846514
2025-04-03T00:00:00,Middle_Forest_Groundwater,200.00011071391563
2025-04-04T00:00:00,Middle_Forest_Groundwater,200.00010913228826
2025-04-05T00:00:00,Middle_Forest_Groundwater,200.00010757325558
2025-04-06T00:00:00,Middle_Forest_Groundwater,200.00010603649477
2025-04-07T00:00:00,Middle_Forest_Groundwater,200.0001045216877
2025-04-08T00:00:00,Middle_Forest_Groundwater,200.00010302852073
2025-04-09T00:00:00,Middle_Forest_Groundwater,200.0001015566847
2025-04-10T00:00:00,Middle_Forest_Groundwater,200.00010010587494
2025-04-11T00:00:00,Middle_Forest_Groundwater,200.000098675791
2025-04-12T00:00:00,Middle_Forest_Groundwater,200.00009726613686
2025-04-13T00:00:00,Middle_Forest_Groundwater,200.00009587662063
2025-04-14T00:00:00,Middle_Forest_Groundwater,200.0000945069546
2025-04-15T00:00:00,Middle_Forest_Groundwater,200.00009315685526
2025-04-16T00:00:00,Middle_Forest_Groundwater,200.00009182604305
2025-04-17T00:00:00,Middle_Forest_Groundwater,200.00009051424243
2025-04-18T00:00:00,Middle_Forest_Groundwater,200.00008922118184
2025-04-19T00:00:00,Middle_Forest_Groundwater,200.00008794659354
2025-04-20T00:00:00,Middle_Forest_Groundwater,200.00008669021364
2025-04-21T00:00:00,Middle_Forest_Groundwater,200.000085451782
2025-04-22T00:00:00,Middle_Forest_Groundwater,200.00008423104228
2025-04-23T00:00:00,Middle_Forest_Groundwater,200.00008302774168
2025-04-24T00:00:00,Middle_Forest_Groundwater,200.00008184163107
2025-04-25T00:00:00,Middle_Forest_Groundwater,200.00008067246492
2025-04-26T00:00:00,Middle_Forest_Groundwater,200.00007952000112
2025-04-27T00:00:00,Middle_Forest_Groundwater,200.0000783840011
2025-04-28T00:00:00,Middle_Forest_Groundwater,200.00007726422967
2025-04-29T00:00:00,Middle_Forest_Groundwater,200.00007616045497
2025-04-30T00:00:00,Middle_Forest_Groundwater,200.00007507244845
2025-05-01T00:00:00,Middle_Forest_Groundwater,200.0000739999849
2025-05-02T00:00:00,Middle_Forest_Groundwater,200.00007294284225
2025-05-03T00:00:00,Middle_Forest_Groundwater,200.00007190080166
2025-05-04T00:00:00,Middle_Forest_Groundwater,200.00007087364736
2025-05-05T00:00:00,Middle_Forest_Groundwater,200.00006986116668
2025-05-06T00:00:00,Middle_Forest_Groundwater,200.00006886315
2025-05-07T00:00:00,Middle_Forest_Groundwater,200.0000678793907
2025-05-08T00:00:00,Middle_Forest_Groundwater,200.00006690968513
2025-05-09T00:00:00,Middle_Forest_Groundwater,200.0000659538325
2025-05-10T00:00:00,Middle_Forest_Groundwater,200.0000650116349
2025-05-11T00:00:00,Middle_Forest_Groundwater,200.00006408289724
2025-05-12T00:00:00,Middle_Forest_Groundwater,200.00006316742727
2025-05-13T00:00:00,Middle_Forest_Groundwater,200.00006226503547
2025-05-14T00:00:00,Middle_Forest_Groundwater,200.00006137553495
2025-05-15T00:00:00,Middle_Forest_Groundwater,200.0000604987416
2025-05-16T00:00:00,Middle_Forest_Groundwater,200.00005963447384
2025-05-17T00:00:00,Middle_Forest_Groundwater,200.0000587825528
2025-05-18T00:00:00,Middle_Forest_Groundwater,200.00005794280204
2025-05-19T00:00:00,Middle_Forest_Groundwater,200.00005711504772
2025-05-20T00:00:00,Middle_Forest_Groundwater,200.00005629911848
2025-05-21T00:00:00,Middle_Forest_Groundwater,200.00005549484536
2025-05-22T00:00:00,Middle_Forest_Groundwater,200.00005470206185
2025-05-23T00:00:00,Middle_Forest_Groundwater,200.00005392060382
2025-05-24T00:00:00,Middle_Forest_Groundwater,200.00005315030947
2025-05-25T00:00:00,Middle_Forest_Groundwater,200.00005239101932
2025-05-26T00:00:00,Middle_Forest_Groundwater,200.00005164257618
2025-05-27T00:00:00,Middle_Forest_Groundwater,200.0000509048251
2025-05-28T00:00:00,Middle_Forest_Groundwater,200.0000501776133
2025-05-29T00:00:00,Middle_Forest_Groundwater,200.00004946079025
2025-05-30T00:00:00,Middle_Forest_Groundwater,200.00004875420754
2025-05-31T00:00:00,Middle_Forest_Groundwater,200.00004805771886
2025-06-01T00:00:00,Middle_Forest_Groundwater,200.00004737118002
2025-06-02T00:00:00,Middle_Forest_Groundwater,200.00004669444888
2025-06-03T00:00:00,Middle_Forest_Groundwater,200.00004602738534
2025-06-04T00:00:00,Middle_Forest_Groundwater,200.00004536985125
2025-06-05T00:00:00,Middle_Forest_Groundwater,200.0000447217105
2025-06-06T00:00:00,Middle_Forest_Groundwater,200.00004408282894
2025-06-07T00:00:00,Middle_Forest_Groundwater,200.00004345307423
2025-06-08T00:00:00,Middle_Forest_Groundwater,200.000042832316
2025-06-09T00:00:00,Middle_Forest_Groundwater,200.0000422204258
2025-06-10T00:00:00,Middle_Forest_Groundwater,200.00004161727685
2025-06-11T00:00:00,Middle_Forest_Groundwater,200.0000410227443
2025-06-12T00:00:00,Middle_Forest_Groundwater,200.00004043670512
2025-06-13T00:00:00,Middle_Forest_Groundwater,200.0000398590379
2025-06-14T00:00:00,Middle_Forest_Groundwater,200.0000392896231
2025-06-15T00:00:00,Middle_Forest_Groundwater,200.00003872834276
2025-06-16T00:00:00,Middle_Forest_Groundwater,200.00003817508073
2025-06-17T00:00:00,Middle_Forest_Groundwater,200.00003762972244
2025-06-18T00:00:00,Middle_Forest_Groundwater,200.00003709215497
2025-06-19T00:00:00,Middle_Forest_Groundwater,200.00003656226704
2025-06-20T00:00:00,Middle_Forest_Groundwater,200.00003603994895
2025-06-21T00:00:00,Middle_Forest_Groundwater,200.00003552509253
2025-06-22T00:00:00,Middle_Forest_Groundwater,200.00003501759122
2025-06-23T00:00:00,Middle_Forest_Groundwater,200.0000345173399
2025-06-24T00:00:00,Middle_Forest_Groundwater,200.00003402423505
2025-06-25T00:00:00,Middle_Forest_Groundwater,200.00003353817453
2025-06-26T00:00:00,Middle_Forest_Groundwater,200.00003305905776
2025-06-27T00:00:00,Middle_Forest_Groundwater,200.0000325867855
2025-06-28T00:00:00,Middle_Forest_Groundwater,200.00003212125998
2025-06-29T00:00:00,Middle_Forest_Groundwater,200.00003166238483
2025-06-30T00:00:00,Middle_Forest_Groundwater,200.00003121006503
2025-07-01T00:00:00,Middle_Forest_Groundwater,200.00003076420697
2025-07-02T00:00:00,Middle_Forest_Groundwater,200.0000303247183
2025-07-03T00:00:00,Middle_Forest_Groundwater,200.00002989150804
2025-07-04T00:00:00,Middle_Forest_Groundwater,200.0000294644865
2025-07-05T00:00:00,Middle_Forest_Groundwater,200.00002904356526
2025-07-06T00:00:00,Middle_Forest_Groundwater,200.0000286286572
2025-07-07T00:00:00,Middle_Forest_Groundwater,200.00002821967638
2025-07-08T00:00:00,Middle_Forest_Groundwater,200.00002781653814
2025-07-09T00:00:00,Middle_Forest_Groundwater,200.000027419159
2025-07-10T00:00:00,Middle_Forest_Groundwater,200.00002702745675
2025-07-11T00:00:00,Middle_Forest_Groundwater,200.00002664135022
2025-07-12T00:00:00,Middle_Forest_Groundwater,200.0000262607595
2025-07-13T00:00:00,Middle_Forest_Groundwater,200.0000258856058
2025-07-14T00:00:00,Middle_Forest_Groundwater,200.00002551581142
2025-07-15T00:00:00,Middle_Forest_Groundwater,200.00002515129984
2025-07-16T00:00:00,Middle_Forest_Groundwater,200.00002479199554
2025-07-17T00:00:00,Middle_Forest_Groundwater,200.00002443782418
2025-07-18T00:00:00,Middle_Forest_Groundwater,200.0000240887124
2025-07-19T00:00:00,Middle_Forest_Groundwater,200.00002374458793
2025-07-20T00:00:00,Middle_Forest_Groundwater,200.00002340537952
2025-07-21T00:00:00,Middle_Forest_Groundwater,200.00002307101695
2025-07-22T00:00:00,Middle_Forest_Groundwater,200.000022741431
2025-07-23T00:00:00,Middle_Forest_Groundwater,200.0000224165534
2025-07-24T00:00:00,Middle_Forest_Groundwater,200.00002209631694
2025-07-25T00:00:00,Middle_Forest_Groundwater,200.00002178065526
2025-07-26T00:00:00,Middle_Forest_Groundwater,200.00002146950305
2025-07-27T00:00:00,Middle_Forest_Groundwater,200.00002116279586
2025-07-28T00:00:00,Middle_Forest_Groundwater,200.00002086047022
2025-07-29T00:00:00,Middle_Forest_Groundwater,200.0000205624635
2025-07-30T00:00:00,Middle_Forest_Groundwater,200.00002026871402
2025-07-31T00:00:00,Middle_Forest_Groundwater,200.00001997916095
2025-08-01T00:00:00,Middle_Forest_Groundwater,200.00001969374438
2025-08-02T00:00:00,Middle_Forest_Groundwater,200.00001941240518
2025-08-03T00:00:00,Middle_Forest_Groundwater,200.0000191350851
2025-08-04T00:00:00,Middle_Forest_Groundwater,200.00001886172674
2025-08-05T00:00:00,Middle_Forest_Groundwater,200.0000185922735
2025-08-06T00:00:00,Middle_Forest_Groundwater,200.0000183266696
2025-08-07T00:00:00,Middle_Forest_Groundwater,200.00001806486003
2025-08-08T00:00:00,Middle_Forest_Groundwater,200.0000178067906
2025-08-09T00:00:00,Middle_Forest_Groundwater,200.00001755240788
2025-08-10T00:00:00,Middle_Forest_Groundwater,200.0000173016592
2025-08-11T00:00:00,Middle_Forest_Groundwater,200.00001705449264
2025-08-12T00:00:00,Middle_Forest_Groundwater,200.00001681085703
2025-08-13T00:00:00,Middle_Forest_Groundwater,200.00001657070194
2025-08-14T00:00:00,Middle_Forest_Groundwater,200.00001633397764
2025-08-15T00:00:00,Middle_Forest_Groundwater,200.0000161006351
2025-08-16T00:00:00,Middle_Forest_Groundwater,200.00001587062602
2025-08-17T00:00:00,Middle_Forest_Groundwater,200.0000156439028
2025-08-18T00:00:00,Middle_Forest_Groundwater,200.00001542041846
2025-08-19T00:00:00,Middle_Forest_Groundwater,200.00001520012677
2025-08-20T00:00:00,Middle_Forest_Groundwater,200.0000149829821
2025-08-21T00:00:00,Middle_Forest_Groundwater,200.00001476893948
2025-08-22T00:00:00,Middle_Forest_Groundwater,200.00001455795464
2025-08-23T00:00:00,Middle_Forest_Groundwater,200.00001434998387
2025-08-24T00:00:00,Middle_Forest_Groundwater,200.0000141449841
2025-08-25T00:00:00,Middle_Forest_Groundwater,200.00001394291291
2025-08-26T00:00:00,Middle_Forest_Groundwater,200.00001374372843
2025-08-27T00:00:00,Middle_Forest_Groundwater,200.00001354738944
2025-08-28T00:00:00,Middle_Forest_Groundwater,200.0000133538553
2025-08-29T00:00:00,Middle_Forest_Groundwater,200.00001316308595
2025-08-30T00:00:00,Middle_Forest_Groundwater,200.00001297504187
2025-08-31T00:00:00,Middle_Forest_Groundwater,200.00001278968412
2025-09-01T00:00:00,Middle_Forest_Groundwater,200.00001260697434
2025-09-02T00:00:00,Middle_Forest_Groundwater,200.0000124268747
2025-09-03T00:00:00,Middle_Forest_Groundwater,200.00001224934792
2025-09-04T00:00:00,Middle_Forest_Groundwater,200.00001207435724
2025-09-05T00:00:00,Middle_Forest_Groundwater,200.00001190186643
2025-09-06T00:00:00,Middle_Forest_Groundwater,200.00001173183978
2025-09-07T00:00:00,Middle_Forest_Groundwater,200.00001156424207
2025-09-08T00:00:00,Middle_Forest_Groundwater,200.0000113990386
2025-09-09T00:00:00,Middle_Forest_Groundwater,200.0000112361952
2025-09-10T00:00:00,Middle_Forest_Groundwater,200.00001107567815
2025-09-11T00:00:00,Middle_Forest_Groundwater,200.00001091745418
2025-09-12T00:00:00,Middle_Forest_Groundwater,200.00001076149056
2025-09-13T00:00:00,Middle_Forest_Groundwater,200.00001060775497
2025-09-14T00:00:00,Middle_Forest_Groundwater,200.00001045621562
2025-09-15T00:00:00,Middle_Forest_Groundwater,200.00001030684112
2025-09-16T00:00:00,Middle_Forest_Groundwater,200.00001015960052
2025-09-17T00:00:00,Middle_Forest_Groundwater,200.00001001446338
2025-09-18T00:00:00,Middle_Forest_Groundwater,200.0000098713996
2025-09-19T00:00:00,Middle_Forest_Groundwater,200.00000973037962
2025-09-20T00:00:00,Middle_Forest_Groundwater,200.00000959137418
2025-09-21T00:00:00,Middle_Forest_Groundwater,200.00000945435454
2025-09-22T00:00:00,Middle_Forest_Groundwater,200.00000931929233
2025-09-23T00:00:00,Middle_Forest_Groundwater,200.0000091861596
2025-09-24T00:00:00,Middle_Forest_Groundwater,200.00000905492874
2025-09-25T00:00:00,Middle_Forest_Groundwater,200.00000892557262
2025-09-26T00:00:00,Middle_Forest_Groundwater,200.00000879806444
2025-09-27T00:00:00,Middle_Forest_Groundwater,200.00000867237782
2025-09-28T00:00:00,Middle_Forest_Groundwater,200.0000085484867
2025-09-29T00:00:00,Middle_Forest_Groundwater,200.00000842636547
2025-09-30T00:00:00,Middle_Forest_Groundwater,200.0000083059888
2025-10-01T00:00:00,Middle_Forest_Groundwater,200.00000818733184
2025-10-02T00:00:00,Middle_Forest_Groundwater,200.00000807036997
2025-10-03T00:00:00,Middle_Forest_Groundwater,200.00000795507898
2025-10-04T00:00:00,Middle_Forest_Groundwater,200.000007841435
2025-10-05T00:00:00,Middle_Forest_Groundwater,200.0000077294145
2025-10-06T00:00:00,Middle_Forest_Groundwater,200.0000076189943
2025-10-07T00:00:00,Middle_Forest_Groundwater,200.0000075101515
2025-10-08T00:00:00,Middle_Forest_Groundwater,200.00000740286362
2025-10-09T00:00:00,Middle_Forest_Groundwater,200.00000729710843
2025-10-10T00:00:00,Middle_Forest_Groundwater,200.00000719286402
2025-10-11T00:00:00,Middle_Forest_Groundwater,200.00000709010882
2025-10-12T00:00:00,Middle_Forest_Groundwater,200.00000698882155
2025-10-13T00:00:00,Middle_Forest_Groundwater,200.00000688898123
2025-10-14T00:00:00,Middle_Forest_Groundwater,200.00000679056723
2025-10-15T00:00:00,Middle_Forest_Groundwater,200.00000669355913
2025-10-16T00:00:00,Middle_Forest_Groundwater,200.00000659793685
2025-10-17T00:00:00,Middle_Forest_Groundwater,200.0000065036806
2025-10-18T00:00:00,Middle_Forest_Groundwater,200.00000641077088
2025-10-19T00:00:00,Middle_Forest_Groundwater,200.00000631918843
2025-10-20T00:00:00,Middle_Forest_Groundwater,200.00000622891432
2025-10-21T00:00:00,Middle_Forest_Groundwater,200.00000613992984
2025-10-22T00:00:00,Middle_Forest_Groundwater,200.00000605221655
2025-10-23T00:00:00,Middle_Forest_Groundwater,200.00000596575632
2025-10-24T00:00:00,Middle_Forest_Groundwater,200.00000588053123
2025-10-25T00:00:00,Middle_Forest_Groundwater,200.00000579652365
2025-10-26T00:00:00,Middle_Forest_Groundwater,200.00000571371618
2025-10-27T00:00:00,Middle_Forest_Groundwater,200.00000563209167
2025-10-28T00:00:00,Middle_Forest_Groundwater,200.00000555163322
2025-10-29T00:00:00,Middle_Forest_Groundwater,200.00000547232418
2025-10-30T00:00:00,Middle_Forest_Groundwater,200.0000053941481
2025-10-31T00:00:00,Middle_Forest_Groundwater,200.00000531708883
2025-11-01T00:00:00,Middle_Forest_Groundwater,200.00000524113042
2025-11-02T00:00:00,Middle_Forest_Groundwater,200.00000516625713
2025-11-03T00:00:00,Middle_Forest_Groundwater,200.00000509245345
2025-11-04T00:00:00,Middle_Forest_Groundwater,200.0000050197041
2025-11-05T00:00:00,Middle_Forest_Groundwater,200.00000494799406
2025-11-06T00:00:00,Middle_Forest_Groundwater,200.00000487730844
2025-11-07T00:00:00,Middle_Forest_Groundwater,200.0000048076326
2025-11-08T00:00:00,Middle_Forest_Groundwater,200.00000473895213
2025-11-09T00:00:00,Middle_Forest_Groundwater,200.0000046712528
2025-11-10T00:00:00,Middle_Forest_Groundwater,200.00000460452063
2025-11-11T00:00:00,Middle_Forest_Groundwater,200.00000453874176
2025-11-12T00:00:00,Middle_Forest_Groundwater,200.0000044739026
2025-11-13T00:00:00,Middle_Forest_Groundwater,200.0000044099897
2025-11-14T00:00:00,Middle_Forest_Groundwater,200.00000434698987
2025-11-15T00:00:00,Middle_Forest_Groundwater,200.00000428489003
2025-11-16T00:00:00,Middle_Forest_Groundwater,200.0000042236773
2025-11-17T00:00:00,Middle_Forest_Groundwater,200.00000416333907
2025-11-18T00:00:00,Middle_Forest_Groundwater,200.0000041038628
2025-11-19T00:00:00,Middle_Forest_Groundwater,200.00000404523618
2025-11-20T00:00:00,Middle_Forest_Groundwater,200.0000039874471
2025-11-21T00:00:00,Middle_Forest_Groundwater,200.00000393048356
2025-11-22T00:00:00,Middle_Forest_Groundwater,200.0000038743338
2025-11-23T00:00:00,Middle_Forest_Groundwater,200.0000038189862
2025-11-24T00:00:00,Middle_Forest_Groundwater,200.00000376442924
2025-11-25T00:00:00,Middle_Forest_Groundwater,200.00000371065167
2025-11-26T00:00:00,Middle_Forest_Groundwater,200.00000365764237
2025-11-27T00:00:00,Middle_Forest_Groundwater,200.00000360539033
2025-11-28T00:00:00,Middle_Forest_Groundwater,200.00000355388477
2025-11-29T00:00:00,Middle_Forest_Groundwater,200.00000350311498
2025-11-30T00:00:00,Middle_Forest_Groundwater,200.0000034530705
2025-12-01T00:00:00,Middle_Forest_Groundwater,200.00000340374092
2025-12-02T00:00:00,Middle_Forest_Groundwater,200.00000335511604
2025-12-03T00:00:00,Middle_Forest_Groundwater,200.0000033071858
2025-12-04T00:00:00,Middle_Forest_Groundwater,200.00000325994029
2025-12-05T00:00:00,Middle_Forest_Groundwater,200.00000321336972
2025-12-06T00:00:00,Middle_Forest_Groundwater,200.00000316746443
2025-12-07T00:00:00,Middle_Forest_Groundwater,200.00000312221493
2025-12-08T00:00:00,Middle_Forest_Groundwater,200.00000307761186
2025-12-09T00:00:00,Middle_Forest_Groundwater,200.00000303364598
2025-12-10T00:00:00,Middle_Forest_Groundwater,200.0000029903082
2025-12-11T00:00:00,Middle_Forest_Groundwater,200.0000029475895
2025-12-12T00:00:00,Middle_Forest_Groundwater,200.0000029054811
2025-12-13T00:00:00,Middle_Forest_Groundwater,200.00000286397423
2025-12-14T00:00:00,Middle_Forest_Groundwater,200.0000028230603
2025-12-15T00:00:00,Middle_Forest_Groundwater,200.00000278273086
2025-12-16T00:00:00,Middle_Forest_Groundwater,200.00000274297756
2025-12-17T00:00:00,Middle_Forest_Groundwater,200.00000270379218
2025-12-18T00:00:00,Middle_Forest_Groundwater,200.00000266516656
2025-12-19T00:00:00,Middle_Forest_Groundwater,200.00000262709275
2025-12-20T00:00:00,Middle_Forest_Groundwater,200.00000258956285
2025-12-21T00:00:00,Middle_Forest_Groundwater,200.0000025525691
2025-12-22T00:00:00,Middle_Forest_Groundwater,200.00000251610382
2025-12-23T00:00:00,Middle_Forest_Groundwater,200.00000248015948
2025-12-24T00:00:00,Middle_Forest_Groundwater,200.00000244472864
2025-12-25T00:00:00,Middle_Forest_Groundwater,200.00000240980395
2025-12-26T00:00:00,Middle_Forest_Groundwater,200.0000023753782
2025-12-27T00:00:00,Middle_Forest_Groundwater,200.0000023414442
2025-12-28T00:00:00,Middle_Forest_Groundwater,200.000002307995
2025-12-29T00:00:00,Middle_Forest_Groundwater,200.00000227502363
2025-12-30T00:00:00,Middle_Forest_Groundwater,200.0000022425233
2025-12-31T00:00:00,Middle_Forest_Groundwater,200.00000221048725
2026-01-01T00:00:00,Middle_Forest_Groundwater,200.00000217890886
2026-01-02T00:00:00,Middle_Forest_Groundwater,200.0000021477816
2026-01-03T00:00:00,Middle_Forest_Groundwater,200.000002117099
2026-01-04T00:00:00,Middle_Forest_Groundwater,200.00000208685472
2026-01-05T00:00:00,Middle_Forest_Groundwater,200.0000020570425
2026-01-06T00:00:00,Middle_Forest_Groundwater,200.0000020276562
2026-01-07T00:00:00,Middle_Forest_Groundwater,200.00000199868967
2026-01-08T00:00:00,Middle_Forest_Groundwater,200.00000197013696
2026-01-09T00:00:00,Middle_Forest_Groundwater,200.00000194199214
2026-01-10T00:00:00,Middle_Forest_Groundwater,200.0000019142494
2026-01-11T00:00:00,Middle_Forest_Groundwater,200.00000188690296
2026-01-12T00:00:00,Middle_Forest_Groundwater,200.00000185994722
2026-01-13T00:00:00,Middle_Forest_Groundwater,200.00000183337653
2026-01-14T00:00:00,Middle_Forest_Groundwater,200.00000180718544
2026-01-15T00:00:00,Middle_Forest_Groundwater,200.0000017813685
2026-01-16T00:00:00,Middle_Forest_Groundwater,200.00000175592038
2026-01-17T00:00:00,Middle_Forest_Groundwater,200.0000017308358
2026-01-18T00:00:00,Middle_Forest_Groundwater,200.00000170610957
2026-01-19T00:00:00,Middle_Forest_Groundwater,200.0000016817366
2026-01-20T00:00:00,Middle_Forest_Groundwater,200.00000165771178
2026-01-21T00:00:00,Middle_Forest_Groundwater,200.00000163403018
2026-01-22T00:00:00,Middle_Forest_Groundwater,200.0000016106869
2026-01-23T00:00:00,Middle_Forest_Groundwater,200.00000158767708
2026-01-24T00:00:00,Middle_Forest_Groundwater,200.00000156499598
2026-01-25T00:00:00,Middle_Forest_Groundwater,200.0000015426389
2026-01-26T00:00:00,Middle_Forest_Groundwater,200.0000015206012
2026-01-27T00:00:00,Middle_Forest_Groundwater,200.0000014988783
2026-01-28T00:00:00,Middle_Forest_Groundwater,200.00000147746576
2026-01-29T00:00:00,Middle_Forest_Groundwater,200.00000145635912
2026-01-30T00:00:00,Middle_Forest_Groundwater,200.000001435554
2026-01-31T00:00:00,Middle_Forest_Groundwater,200.00000141504609
2026-02-01T00:00:00,Middle_Forest_Groundwater,200.00000139483114
2026-02-02T00:00:00,Middle_Forest_Groundwater,200.000001374905
2026-02-03T00:00:00,Middle_Forest_Groundwater,200.0000013552635
2026-02-04T00:00:00,Middle_Forest_Groundwater,200.0000013359026
2026-02-05T00:00:00,Middle_Forest_Groundwater,200.00000131681827
2026-02-06T00:00:00,Middle_Forest_Groundwater,200.0000012980066
2026-02-07T00:00:00,Middle_Forest_Groundwater,200.00000127946365
2026-02-08T00:00:00,Middle_Forest_Groundwater,200.0000012611856
2026-02-09T00:00:00,Middle_Forest_Groundwater,200.00000124316864
2026-02-10T00:00:00,Middle_Forest_Groundwater,200.00000122540908
2026-02-11T00:00:00,Middle_Forest_Groundwater,200.00000120790324
2026-02-12T00:00:00,Middle_Forest_Groundwater,200.00000119064748
2026-02-13T00:00:00,Middle_Forest_Groundwater,200.00000117363822
2026-02-14T00:00:00,Middle_Forest_Groundwater,200.00000115687197
2026-02-15T00:00:00,Middle_Forest_Groundwater,200.00000114034523
2026-02-16T00:00:00,Middle_Forest_Groundwater,200.0000011240546
2026-02-17T00:00:00,Middle_Forest_Groundwater,200.00000110799667
2026-02-18T00:00:00,Middle_Forest_Groundwater,200.00000109216813
2026-02-19T00:00:00,Middle_Forest_Groundwater,200.00000107656572
2026-02-20T00:00:00,Middle_Forest_Groundwater,200.00000106118623
2026-02-21T00:00:00,Middle_Forest_Groundwater,200.00000104602643
2026-02-22T00:00:00,Middle_Forest_Groundwater,200.0000010310832
2026-02-23T00:00:00,Middle_Forest_Groundwater,200.00000101635345
2026-02-24T00:00:00,Middle_Forest_Groundwater,200.0000010018341
2026-02-25T00:00:00,Middle_Forest_Groundwater,200.00000098752218
2026-02-26T00:00:00,Middle_Forest_Groundwater,200.00000097341473
2026-02-27T00:00:00,Middle_Forest_Groundwater,200.0000009595088
2026-02-28T00:00:00,Middle_Forest_Groundwater,200.00000094580153
2026-03-01T00:00:00,Middle_Forest_Groundwater,200.00000093229008
2026-03-02T00:00:00,Middle_Forest_Groundwater,200.00000091897164
2026-03-03T00:00:00,Middle_Forest_Groundwater,200.00000090584348
2026-03-04T00:00:00,Middle_Forest_Groundwater,200.00000089290285
2026-03-05T00:00:00,Middle_Forest_Groundwater,200.0000008801471
2026-03-06T00:00:00,Middle_Forest_Groundwater,200.00000086757356
2026-03-07T00:00:00,Middle_Forest_Groundwater,200.00000085517965
2026-03-08T00:00:00,Middle_Forest_Groundwater,200.0000008429628
2026-03-09T00:00:00,Middle_Forest_Groundwater,200.00000083092047
2026-03-10T00:00:00,Middle_Forest_Groundwater,200.00000081905017
2026-03-11T00:00:00,Middle_Forest_Groundwater,200.00000080734947
2026-03-12T00:00:00,Middle_Forest_Groundwater,200.0000007958159
2026-03-13T00:00:00,Middle_Forest_Groundwater,200.0000007844471
2026-03-14T00:00:00,Middle_Forest_Groundwater,200.0000007732407
2026-03-15T00:00:00,Middle_Forest_Groundwater,200.00000076219442
2026-03-16T00:00:00,Middle_Forest_Groundwater,200.00000075130592
2026-03-17T00:00:00,Middle_Forest_Groundwater,200.00000074057297
2026-03-18T00:00:00,Middle_Forest_Groundwater,200.00000072999336
2026-03-19T00:00:00,Middle_Forest_Groundwater,200.0000007195649
2026-03-20T00:00:00,Middle_Forest_Groundwater,200.0000007092854
2026-03-21T00:00:00,Middle_Forest_Groundwater,200.00000069915274
2026-03-22T00:00:00,Middle_Forest_Groundwater,200.00000068916484
2026-03-23T00:00:00,Middle_Forest_Groundwater,200.0000006793196
2026-03-24T00:00:00,Middle_Forest_Groundwater,200.00000066961505
2026-03-25T00:00:00,Middle_Forest_Groundwater,200.00000066004912
2026-03-26T00:00:00,Middle_Forest_Groundwater,200.00000065061985
2026-03-27T00:00:00,Middle_Forest_Groundwater,200.00000064132527
2026-03-28T00:00:00,Middle_Forest_Groundwater,200.00000063216348
2026-03-29T00:00:00,Middle_Forest_Groundwater,200.00000062313256
2026-03-30T00:00:00,Middle_Forest_Groundwater,200.00000061423066
2026-03-31T00:00:00,Middle_Forest_Groundwater,200.00000060545594
2026-04-01T00:00:00,Middle_Forest_Groundwater,200.00000059680656
2026-04-02T00:00:00,Middle_Forest_Groundwater,200.00000058828076
2026-04-03T00:00:00,Middle_Forest_Groundwater,200.00000057987674
2026-04-04T00:00:00,Middle_Forest_Groundwater,200.00000057159278
2026-04-05T00:00:00,Middle_Forest_Groundwater,200.00000056342716
2026-04-06T00:00:00,Middle_Forest_Groundwater,200.0000005553782
2026-04-07T00:00:00,Middle_Forest_Groundwater,200.00000054744422
2026-04-08T00:00:00,Middle_Forest_Groundwater,200.00000053962358
2026-04-09T00:00:00,Middle_Forest_Groundwater,200.00000053191468
2026-04-10T00:00:00,Middle_Forest_Groundwater,200.0000005243159
2026-04-11T00:00:00,Middle_Forest_Groundwater,200.00000051682568
2026-04-12T00:00:00,Middle_Forest_Groundwater,200.00000050944246
2026-04-13T00:00:00,Middle_Forest_Groundwater,200.0000005021647
2026-04-14T00:00:00,Middle_Forest_Groundwater,200.00000049499093
2026-04-15T00:00:00,Middle_Forest_Groundwater,200.00000048791964
2026-04-16T00:00:00,Middle_Forest_Groundwater,200.00000048094935
2026-04-17T00:00:00,Middle_Forest_Groundwater,200.00000047407866
2026-04-18T00:00:00,Middle_Forest_Groundwater,200.0000004673061
2026-04-19T00:00:00,Middle_Forest_Groundwater,200.0000004606303
2026-04-20T00:00:00,Middle_Forest_Groundwater,200.00000045404988
2026-04-21T00:00:00,Middle_Forest_Groundwater,200.00000044756345
2026-04-22T00:00:00,Middle_Forest_Groundwater,200.00000044116968
2026-04-23T00:00:00,Middle_Forest_Groundwater,200.00000043486725
2026-04-24T00:00:00,Middle_Forest_Groundwater,200.00000042865486
2026-04-25T00:00:00,Middle_Forest_Groundwater,200.00000042253123
2026-04-26T00:00:00,Middle_Forest_Groundwater,200.00000041649506
2026-04-27T00:00:00,Middle_Forest_Groundwater,200.0000004105451
2026-04-28T00:00:00,Middle_Forest_Groundwater,200.00000040468018
2026-04-29T00:00:00,Middle_Forest_Groundwater,200.00000039889903
2026-04-30T00:00:00,Middle_Forest_Groundwater,200.00000039320048
2026-05-01T00:00:00,Middle_Forest_Groundwater,200.00000038758333
2026-05-02T00:00:00,Middle_Forest_Groundwater,200.0000003820464
2026-05-03T00:00:00,Middle_Forest_Groundwater,200.00000037658862
2026-05-04T00:00:00,Middle_Forest_Groundwater,200.00000037120878
2026-05-05T00:00:00,Middle_Forest_Groundwater,200.0000003659058
2026-05-06T00:00:00,Middle_Forest_Groundwater,200.00000036067857
2026-05-07T00:00:00,Middle_Forest_Groundwater,200.00000035552603
2026-05-08T00:00:00,Middle_Forest_Groundwater,200.0000003504471
2026-05-09T00:00:00,Middle_Forest_Groundwater,200.0000003454407
2026-05-10T00:00:00,Middle_Forest_Groundwater,200.00000034050584
2026-05-11T00:00:00,Middle_Forest_Groundwater,200.00000033564146
2026-05-12T00:00:00,Middle_Forest_Groundwater,200.00000033084658
2026-05-13T00:00:00,Middle_Forest_Groundwater,200.0000003261202
2026-05-14T00:00:00,Middle_Forest_Groundwater,200.00000032146133
2026-05-15T00:00:00,Middle_Forest_Groundwater,200.00000031686903
2026-05-16T00:00:00,Middle_Forest_Groundwater,200.00000031234234
2026-05-17T00:00:00,Middle_Forest_Groundwater,200.0000003078803
2026-05-18T00:00:00,Middle_Forest_Groundwater,200.000000303482
2026-05-19T00:00:00,Middle_Forest_Groundwater,200.00000029914656
2026-05-20T00:00:00,Middle_Forest_Groundwater,200.00000029487305
2026-05-21T00:00:00,Middle_Forest_Groundwater,200.00000029066058
2026-05-22T00:00:00,Middle_Forest_Groundwater,200.00000028650828
2026-05-23T00:00:00,Middle_Forest_Groundwater,200.0000002824153
2026-05-24T00:00:00,Middle_Forest_Groundwater,200.0000002783808
2026-05-25T00:00:00,Middle_Forest_Groundwater,200.00000027440393
2026-05-26T00:00:00,Middle_Forest_Groundwater,200.00000027048387
2026-05-27T00:00:00,Middle_Forest_Groundwater,200.00000026661982
2026-05-28T00:00:00,Middle_Forest_Groundwater,200.00000026281097
2026-05-29T00:00:00,Middle_Forest_Groundwater,200.00000025905652
2026-05-30T00:00:00,Middle_Forest_Groundwater,200.0000002553557
2026-05-31T00:00:00,Middle_Forest_Groundwater,200.00000025170777
2026-06-01T00:00:00,Middle_Forest_Groundwater,200.00000024811195
2026-06-02T00:00:00,Middle_Forest_Groundwater,200.0000002445675
2026-06-03T00:00:00,Middle_Forest_Groundwater,200.00000024107368
2026-06-04T00:00:00,Middle_Forest_Groundwater,200.00000023762976
2026-06-05T00:00:00,Middle_Forest_Groundwater,200.00000023423505
2026-06-06T00:00:00,Middle_Forest_Groundwater,200.00000023088884
2026-06-07T00:00:00,Middle_Forest_Groundwater,200.00000022759042
2026-06-08T00:00:00,Middle_Forest_Groundwater,200.00000022433912
2026-06-09T00:00:00,Middle_Forest_Groundwater,200.0000002211343
2026-06-10T00:00:00,Middle_Forest_Groundwater,200.0000002179752
2026-06-11T00:00:00,Middle_Forest_Groundwater,200.00000021486127
2026-06-12T00:00:00,Middle_Forest_Groundwater,200.00000021179181
2026-06-13T00:00:00,Middle_Forest_Groundwater,200.0000002087662
2026-06-14T00:00:00,Middle_Forest_Groundwater,200.00000020578383
2026-06-15T00:00:00,Middle_Forest_Groundwater,200.00000020284406
2026-06-16T00:00:00,Middle_Forest_Groundwater,200.0000001999463
2026-06-17T00:00:00,Middle_Forest_Groundwater,200.00000019708992
2026-06-18T00:00:00,Middle_Forest_Groundwater,200.00000019427435
2026-06-19T00:00:00,Middle_Forest_Groundwater,200.000000191499
2026-06-20T00:00:00,Middle_Forest_Groundwater,200.0000001887633
2026-06-21T00:00:00,Middle_Forest_Groundwater,200.00000018606667
2026-06-22T00:00:00,Middle_Forest_Groundwater,200.0000001834086
2026-06-23T00:00:00,Middle_Forest_Groundwater,200.00000018078848
2026-06-24T00:00:00,Middle_Forest_Groundwater,200.0000001782058
2026-06-25T00:00:00,Middle_Forest_Groundwater,200.00000017566
2026-06-26T00:00:00,Middle_Forest_Groundwater,200.00000017315057
2026-06-27T00:00:00,Middle_Forest_Groundwater,200.000000170677
2026-06-28T00:00:00,Middle_Forest_Groundwater,200.00000016823876
2026-06-29T00:00:00,Middle_Forest_Groundwater,200.00000016583533
2026-06-30T00:00:00,Middle_Forest_Groundwater,200.00000016346627
2026-07-01T00:00:00,Middle_Forest_Groundwater,200.00000016113103
2026-07-02T00:00:00,Middle_Forest_Groundwater,200.00000015882915
2026-07-03T00:00:00,Middle_Forest_Groundwater,200.00000015656016
2026-07-04T00:00:00,Middle_Forest_Groundwater,200.0000001543236
2026-07-05T00:00:00,Middle_Forest_Groundwater,200.000000152119
2026-07-06T00:00:00,Middle_Forest_Groundwater,200.00000014994586
2026-07-07T00:00:00,Middle_Forest_Groundwater,200.00000014780377
2026-07-08T00:00:00,Middle_Forest_Groundwater,200.0000001456923
2026-07-09T00:00:00,Middle_Forest_Groundwater,200.00000014361098
2026-07-10T00:00:00,Middle_Forest_Groundwater,200.00000014155938
2026-07-11T00:00:00,Middle_Forest_Groundwater,200.0000001395371
2026-07-12T00:00:00,Middle_Forest_Groundwater,200.0000001375437
2026-07-13T00:00:00,Middle_Forest_Groundwater,200.0000001355788
2026-07-14T00:00:00,Middle_Forest_Groundwater,200.00000013364195
2026-07-15T00:00:00,Middle_Forest_Groundwater,200.00000013173278
2026-07-16T00:00:00,Middle_Forest_Groundwater,200.0000001298509
2026-07-17T00:00:00,Middle_Forest_Groundwater,200.0000001279959
2026-07-18T00:00:00,Middle_Forest_Groundwater,200.00000012616738
2026-07-19T00:00:00,Middle_Forest_Groundwater,200.000000124365
2026-07-20T00:00:00,Middle_Forest_Groundwater,200.00000012258835
2026-07-21T00:00:00,Middle_Forest_Groundwater,200.0000001208371
2026-07-22T00:00:00,Middle_Forest_Groundwater,200.00000011911084
2026-07-23T00:00:00,Middle_Forest_Groundwater,200.00000011740926
2026-07-24T00:00:00,Middle_Forest_Groundwater,200.00000011573198
2026-07-25T00:00:00,Middle_Forest_Groundwater,200.00000011407866
2026-07-26T00:00:00,Middle_Forest_Groundwater,200.00000011244896
2026-07-27T00:00:00,Middle_Forest_Groundwater,200.00000011084254
2026-07-28T00:00:00,Middle_Forest_Groundwater,200.00000010925908
2026-07-29T00:00:00,Middle_Forest_Groundwater,200.00000010769824
2026-07-30T00:00:00,Middle_Forest_Groundwater,200.0000001061597
2026-07-31T00:00:00,Middle_Forest_Groundwater,200.00000010464314
2026-08-01T00:00:00,Middle_Forest_Groundwater,200.00000010314824
2026-08-02T00:00:00,Middle_Forest_Groundwater,200.0000001016747
2026-08-03T00:00:00,Middle_Forest_Groundwater,200.0000001002222
2026-08-04T00:00:00,Middle_Forest_Groundwater,200.00000009879045
2026-08-05T00:00:00,Middle_Forest_Groundwater,200.00000009737917
2026-08-06T00:00:00,Middle_Forest_Groundwater,200.00000009598804
2026-08-07T00:00:00,Middle_Forest_Groundwater,200.00000009461678
2026-08-08T00:00:00,Middle_Forest_Groundwater,200.0000000932651
2026-08-09T00:00:00,Middle_Forest_Groundwater,200.00000009193275
2026-08-10T00:00:00,Middle_Forest_Groundwater,200.0000000906194
2026-08-11T00:00:00,Middle_Forest_Groundwater,200.00000008932486
2026-08-12T00:00:00,Middle_Forest_Groundwater,200.00000008804878
2026-08-13T00:00:00,Middle_Forest_Groundwater,200.00000008679095
2026-08-14T00:00:00,Middle_Forest_Groundwater,200.00000008555108
2026-08-15T00:00:00,Middle_Forest_Groundwater,200.00000008432892
2026-08-16T00:00:00,Middle_Forest_Groundwater,200.0000000831242
2026-08-17T00:00:00,Middle_Forest_Groundwater,200.00000008193672
2026-08-18T00:00:00,Middle_Forest_Groundwater,200.0000000807662
2026-08-19T00:00:00,Middle_Forest_Groundwater,200.0000000796124
2026-08-20T00:00:00,Middle_Forest_Groundwater,200.00000007847507
2026-08-21T00:00:00,Middle_Forest_Groundwater,200.000000077354
2026-08-22T00:00:00,Middle_Forest_Groundwater,200.00000007624894
2026-08-23T00:00:00,Middle_Forest_Groundwater,200.00000007515968
2026-08-24T00:00:00,Middle_Forest_Groundwater,200.00000007408596
2026-08-25T00:00:00,Middle_Forest_Groundwater,200.0000000730276
2026-08-26T00:00:00,Middle_Forest_Groundwater,200.00000007198435
2026-08-27T00:00:00,Middle_Forest_Groundwater,200.000000070956
2026-08-28T00:00:00,Middle_Forest_Groundwater,200.00000006994233
2026-08-29T00:00:00,Middle_Forest_Groundwater,200.00000006894317
2026-08-30T00:00:00,Middle_Forest_Groundwater,200.00000006795827
2026-08-31T00:00:00,Middle_Forest_Groundwater,200.00000006698744
2026-09-01T00:00:00,Middle_Forest_Groundwater,200.00000006603048
2026-09-02T00:00:00,Middle_Forest_Groundwater,200.0000000650872
2026-09-03T00:00:00,Middle_Forest_Groundwater,200.00000006415738
2026-09-04T00:00:00,Middle_Forest_Groundwater,200.00000006324083
2026-09-05T00:00:00,Middle_Forest_Groundwater,200.0000000623374
2026-09-06T00:00:00,Middle_Forest_Groundwater,200.00000006144685
2026-09-07T00:00:00,Middle_Forest_Groundwater,200.00000006056905
2026-09-08T00:00:00,Middle_Forest_Groundwater,200.00000005970378
2026-09-09T00:00:00,Middle_Forest_Groundwater,200.00000005885087
2026-09-10T00:00:00,Middle_Forest_Groundwater,200.00000005801016
2026-09-11T00:00:00,Middle_Forest_Groundwater,200.00000005718144
2026-09-12T00:00:00,Middle_Forest_Groundwater,200.00000005636457
2026-09-13T00:00:00,Middle_Forest_Groundwater,200.00000005555935
2026-09-14T00:00:00,Middle_Forest_Groundwater,200.00000005476565
2026-09-15T00:00:00,Middle_Forest_Groundwater,200.00000005398329
2026-09-16T00:00:00,Middle_Forest_Groundwater,200.0000000532121
2026-09-17T00:00:00,Middle_Forest_Groundwater,200.00000005245192
2026-09-18T00:00:00,Middle_Forest_Groundwater,200.0000000517026
2026-09-19T00:00:00,Middle_Forest_Groundwater,200.00000005096402
2026-09-20T00:00:00,Middle_Forest_Groundwater,200.00000005023597
2026-09-21T00:00:00,Middle_Forest_Groundwater,200.00000004951832
2026-09-22T00:00:00,Middle_Forest_Groundwater,200.0000000488109
2026-09-23T00:00:00,Middle_Forest_Groundwater,200.0000000481136
2026-09-24T00:00:00,Middle_Forest_Groundwater,200.00000004742625
2026-09-25T00:00:00,Middle_Forest_Groundwater,200.00000004674874
2026-09-26T00:00:00,Middle_Forest_Groundwater,200.0000000460809
2026-09-27T00:00:00,Middle_Forest_Groundwater,200.0000000454226
2026-09-28T00:00:00,Middle_Forest_Groundwater,200.0000000447737
2026-09-29T00:00:00,Middle_Forest_Groundwater,200.00000004413408
2026-09-30T00:00:00,Middle_Forest_Groundwater,200.0000000435036
2026-10-01T00:00:00,Middle_Forest_Groundwater,200.00000004288214
2026-10-02T00:00:00,Middle_Forest_Groundwater,200.00000004226953
2026-10-03T00:00:00,Middle_Forest_Groundwater,200.0000000416657
2026-10-04T00:00:00,Middle_Forest_Groundwater,200.00000004107045
2026-10-05T00:00:00,Middle_Forest_Groundwater,200.00000004048374
2026-10-06T00:00:00,Middle_Forest_Groundwater,200.0000000399054
2026-10-07T00:00:00,Middle_Forest_Groundwater,200.0000000393353
2026-10-08T00:00:00,Middle_Forest_Groundwater,200.00000003877338
2026-10-09T00:00:00,Middle_Forest_Groundwater,200.00000003821947
2026-10-10T00:00:00,Middle_Forest_Groundwater,200.0000000376735
2026-10-11T00:00:00,Middle_Forest_Groundwater,200.0000000371353
2026-10-12T00:00:00,Middle_Forest_Groundwater,200.0000000366048
2026-10-13T00:00:00,Middle_Forest_Groundwater,200.00000003608187
2026-10-14T00:00:00,Middle_Forest_Groundwater,200.00000003556642
2026-10-15T00:00:00,Middle_Forest_Groundwater,200.00000003505832
2026-10-16T00:00:00,Middle_Forest_Groundwater,200.0000000345575
2026-10-17T00:00:00,Middle_Forest_Groundwater,200.00000003406382
2026-10-18T00:00:00,Middle_Forest_Groundwater,200.00000003357718
2026-10-19T00:00:00,Middle_Forest_Groundwater,200.0000000330975
2026-10-20T00:00:00,Middle_Forest_Groundwater,200.00000003262468
2026-10-21T00:00:00,Middle_Forest_Groundwater,200.00000003215862
2026-10-22T00:00:00,Middle_Forest_Groundwater,200.00000003169922
2026-10-23T00:00:00,Middle_Forest_Groundwater,200.00000003124637
2026-10-24T00:00:00,Middle_Forest_Groundwater,200.0000000308
2026-10-25T00:00:00,Middle_Forest_Groundwater,200.00000003036
2026-10-26T00:00:00,Middle_Forest_Groundwater,200.0000000299263
2026-10-27T00:00:00,Middle_Forest_Groundwater,200.00000002949878
2026-10-28T00:00:00,Middle_Forest_Groundwater,200.00000002907737
2026-10-29T00:00:00,Middle_Forest_Groundwater,200.000000028662
2026-10-30T00:00:00,Middle_Forest_Groundwater,200.00000002825254
2026-10-31T00:00:00,Middle_Forest_Groundwater,200.00000002784893
2026-11-01T00:00:00,Middle_Forest_Groundwater,200.00000002745108
2026-11-02T00:00:00,Middle_Forest_Groundwater,200.00000002705892
2026-11-03T00:00:00,Middle_Forest_Groundwater,200.00000002667235
2026-11-04T00:00:00,Middle_Forest_Groundwater,200.00000002629133
2026-11-05T00:00:00,Middle_Forest_Groundwater,200.00000002591574
2026-11-06T00:00:00,Middle_Forest_Groundwater,200.00000002554552
2026-11-07T00:00:00,Middle_Forest_Groundwater,200.00000002518058
2026-11-08T00:00:00,Middle_Forest_Groundwater,200.00000002482085
2026-11-09T00:00:00,Middle_Forest_Groundwater,200.00000002446626
2026-11-10T00:00:00,Middle_Forest_Groundwater,200.00000002411673
2026-11-11T00:00:00,Middle_Forest_Groundwater,200.0000000237722
2026-11-12T00:00:00,Middle_Forest_Groundwater,200.0000000234326
2026-11-13T00:00:00,Middle_Forest_Groundwater,200.00000002309784
2026-11-14T00:00:00,Middle_Forest_Groundwater,200.00000002276786
2026-11-15T00:00:00,Middle_Forest_Groundwater,200.0000000224426
2026-11-16T00:00:00,Middle_Forest_Groundwater,200.000000022122
2026-11-17T00:00:00,Middle_Forest_Groundwater,200.000000021806
2026-11-18T00:00:00,Middle_Forest_Groundwater,200.0000000214945
2026-11-19T00:00:00,Middle_Forest_Groundwater,200.00000002118742
2026-11-20T00:00:00,Middle_Forest_Groundwater,200.00000002088473
2026-11-21T00:00:00,Middle_Forest_Groundwater,200.00000002058638
2026-11-22T00:00:00,Middle_Forest_Groundwater,200.0000000202923
2026-11-23T00:00:00,Middle_Forest_Groundwater,200.0000000200024
2026-11-24T00:00:00,Middle_Forest_Groundwater,200.00000001971665
2026-11-25T00:00:00,Middle_Forest_Groundwater,200.000000019435
2026-11-26T00:00:00,Middle_Forest_Groundwater,200.00000001915734
2026-11-27T00:00:00,Middle_Forest_Groundwater,200.00000001888367
2026-11-28T00:00:00,Middle_Forest_Groundwater,200.0000000186139
2026-11-29T00:00:00,Middle_Forest_Groundwater,200.00000001834798
2026-11-30T00:00:00,Middle_Forest_Groundwater,200.00000001808587
2026-12-01T00:00:00,Middle_Forest_Groundwater,200.0000000178275
2026-12-02T00:00:00,Middle_Forest_Groundwater,200.0000000175728
2026-12-03T00:00:00,Middle_Forest_Groundwater,200.00000001732175
2026-12-04T00:00:00,Middle_Forest_Groundwater,200.00000001707429
2026-12-05T00:00:00,Middle_Forest_Groundwater,200.00000001683037
2026-12-06T00:00:00,Middle_Forest_Groundwater,200.00000001658992
2026-12-07T00:00:00,Middle_Forest_Groundwater,200.0000000163529
2026-12-08T00:00:00,Middle_Forest_Groundwater,200.0000000161193
2026-12-09T00:00:00,Middle_Forest_Groundwater,200.00000001588901
2026-12-10T00:00:00,Middle_Forest_Groundwater,200.00000001566204
2026-12-11T00:00:00,Middle_Forest_Groundwater,200.0000000154383
2026-12-12T00:00:00,Middle_Forest_Groundwater,200.00000001521775
2026-12-13T00:00:00,Middle_Forest_Groundwater,200.00000001500035
2026-12-14T00:00:00,Middle_Forest_Groundwater,200.00000001478605
2026-12-15T00:00:00,Middle_Forest_Groundwater,200.00000001457482
2026-12-16T00:00:00,Middle_Forest_Groundwater,200.0000000143666
2026-12-17T00:00:00,Middle_Forest_Groundwater,200.00000001416137
2026-12-18T00:00:00,Middle_Forest_Groundwater,200.00000001395907
2026-12-19T00:00:00,Middle_Forest_Groundwater,200.00000001375966
2026-12-20T00:00:00,Middle_Forest_Groundwater,200.0000000135631
2026-12-21T00:00:00,Middle_Forest_Groundwater,200.00000001336934
2026-12-22T00:00:00,Middle_Forest_Groundwater,200.00000001317835
2026-12-23T00:00:00,Middle_Forest_Groundwater,200.00000001299009
2026-12-24T00:00:00,Middle_Forest_Groundwater,200.00000001280452
2026-12-25T00:00:00,Middle_Forest_Groundwater,200.0000000126216
2026-12-26T00:00:00,Middle_Forest_Groundwater,200.0000000124413
2026-12-27T00:00:00,Middle_Forest_Groundwater,200.00000001226357
2026-12-28T00:00:00,Middle_Forest_Groundwater,200.00000001208838
2026-12-29T00:00:00,Middle_Forest_Groundwater,200.0000000119157
2026-12-30T00:00:00,Middle_Forest_Groundwater,200.00000001174547
2026-12-31T00:00:00,Middle_Forest_Groundwater,200.00000001157767
