03256395-781e-4b39-b718-c31ef8ed22d9,location,waterLevel
2023-01-01T00:00:00,Middle_Forest_Soilwater,321.2487709090909
2023-01-02T00:00:00,Middle_Forest_Soilwater,317.7242138181818
2023-01-03T00:00:00,Middle_Forest_Soilwater,314.6475451636363
2023-01-04T00:00:00,Middle_Forest_Soilwater,311.67707428363633
2023-01-05T00:00:00,Middle_Forest_Soilwater,309.2369304916364
2023-01-06T00:00:00,Middle_Forest_Soilwater,306.86053926065455
2023-01-07T00:00:00,Middle_Forest_Soilwater,305.16713988004364
2023-01-08T00:00:00,Middle_Forest_Soilwater,303.98239680113016
2023-01-09T00:00:00,Middle_Forest_Soilwater,303.05397530283534
2023-01-10T00:00:00,Middle_Forest_Soilwater,301.8896832270973
2023-01-11T00:00:00,Middle_Forest_Soilwater,301.06449672256934
2023-01-12T00:00:00,Middle_Forest_Soilwater,300.3748470503124
2023-01-13T00:00:00,Middle_Forest_Soilwater,299.4688244963648
2023-01-14T00:00:00,Middle_Forest_Soilwater,299.0810571015439
2023-01-15T00:00:00,Middle_Forest_Soilwater,298.31875763562414
2023-01-16T00:00:00,Middle_Forest_Soilwater,297.4075009732664
2023-01-17T00:00:00,Middle_Forest_Soilwater,296.6748678987452
2023-01-18T00:00:00,Middle_Forest_Soilwater,295.79433663562907
2023-01-19T00:00:00,Middle_Forest_Soilwater,294.975417922908
2023-01-20T00:00:00,Middle_Forest_Soilwater,294.3896408673156
2023-01-21T00:00:00,Middle_Forest_Soilwater,293.92013686926447
2023-01-22T00:00:00,Middle_Forest_Soilwater,292.59499242852
2023-01-23T00:00:00,Middle_Forest_Soilwater,291.6192711796058
2023-01-24T00:00:00,Middle_Forest_Soilwater,291.1113059116424
2023-01-25T00:00:00,Middle_Forest_Soilwater,290.3907815408453
2023-01-26T00:00:00,Middle_Forest_Soilwater,289.51595320791796
2023-01-27T00:00:00,Middle_Forest_Soilwater,288.55583093152063
2023-01-28T00:00:00,Middle_Forest_Soilwater,287.5228192410427
2023-01-29T00:00:00,Middle_Forest_Soilwater,286.79373051983356
2023-01-30T00:00:00,Middle_Forest_Soilwater,285.7593687277041
2023-01-31T00:00:00,Middle_Forest_Soilwater,284.87299256899684
2023-02-01T00:00:00,Middle_Forest_Soilwater,283.67501557714974
2023-02-02T00:00:00,Middle_Forest_Soilwater,282.549722245352
2023-02-03T00:00:00,Middle_Forest_Soilwater,281.58187680886573
2023-02-04T00:00:00,Middle_Forest_Soilwater,280.65125318277694
2023-02-05T00:00:00,Middle_Forest_Soilwater,279.7998930950501
2023-02-06T00:00:00,Middle_Forest_Soilwater,278.91017784223646
2023-02-07T00:00:00,Middle_Forest_Soilwater,278.17241732706157
2023-02-08T00:00:00,Middle_Forest_Soilwater,277.65811454570076
2023-02-09T00:00:00,Middle_Forest_Soilwater,277.1976247127983
2023-02-10T00:00:00,Middle_Forest_Soilwater,276.63394295971193
2023-02-11T00:00:00,Middle_Forest_Soilwater,276.29056657459824
2023-02-12T00:00:00,Middle_Forest_Soilwater,276.2282558725217
2023-02-13T00:00:00,Middle_Forest_Soilwater,275.9583382675271
2023-02-14T00:00:00,Middle_Forest_Soilwater,275.48152316324723
2023-02-15T00:00:00,Middle_Forest_Soilwater,275.16106199621964
2023-02-16T00:00:00,Middle_Forest_Soilwater,274.9959647334218
2023-02-17T00:00:00,Middle_Forest_Soilwater,274.74855225673684
2023-02-18T00:00:00,Middle_Forest_Soilwater,274.3779582360964
2023-02-19T00:00:00,Middle_Forest_Soilwater,273.95678790933124
2023-02-20T00:00:00,Middle_Forest_Soilwater,273.51613955130347
2023-02-21T00:00:00,Middle_Forest_Soilwater,272.9437255811182
2023-02-22T00:00:00,Middle_Forest_Soilwater,272.70940255511266
2023-02-23T00:00:00,Middle_Forest_Soilwater,272.1396499369381
2023-02-24T00:00:00,Middle_Forest_Soilwater,271.4196680265473
2023-02-25T00:00:00,Middle_Forest_Soilwater,270.55122482111244
2023-02-26T00:00:00,Middle_Forest_Soilwater,270.02877990551497
2023-02-27T00:00:00,Middle_Forest_Soilwater,269.0872532653691
2023-02-28T00:00:00,Middle_Forest_Soilwater,268.74858686864707
2023-03-01T00:00:00,Middle_Forest_Soilwater,268.1322556662803
2023-03-02T00:00:00,Middle_Forest_Soilwater,267.4389393829146
2023-03-03T00:00:00,Middle_Forest_Soilwater,266.89643721931395
2023-03-04T00:00:00,Middle_Forest_Soilwater,266.61131741492983
2023-03-05T00:00:00,Middle_Forest_Soilwater,266.4346488325364
2023-03-06T00:00:00,Middle_Forest_Soilwater,265.9836411950455
2023-03-07T00:00:00,Middle_Forest_Soilwater,265.8858617409597
2023-03-08T00:00:00,Middle_Forest_Soilwater,265.8858617409597
2023-03-09T00:00:00,Middle_Forest_Soilwater,265.7979120731712
2023-03-10T00:00:00,Middle_Forest_Soilwater,265.7979120731712
2023-03-11T00:00:00,Middle_Forest_Soilwater,265.55373696629977
2023-03-12T00:00:00,Middle_Forest_Soilwater,265.4367055246043
2023-03-13T00:00:00,Middle_Forest_Soilwater,265.4367055246043
2023-03-14T00:00:00,Middle_Forest_Soilwater,265.20280810239353
2023-03-15T00:00:00,Middle_Forest_Soilwater,264.8427260544787
2023-03-16T00:00:00,Middle_Forest_Soilwater,264.48342885448943
2023-03-17T00:00:00,Middle_Forest_Soilwater,264.1927417765866
2023-03-18T00:00:00,Middle_Forest_Soilwater,263.9606030929403
2023-03-19T00:00:00,Middle_Forest_Soilwater,263.7867452316243
2023-03-20T00:00:00,Middle_Forest_Soilwater,263.6999084772433
2023-03-21T00:00:00,Middle_Forest_Soilwater,263.6806216516627
2023-03-22T00:00:00,Middle_Forest_Soilwater,263.6131257153162
2023-03-23T00:00:00,Middle_Forest_Soilwater,263.6131257153162
2023-03-24T00:00:00,Middle_Forest_Soilwater,263.6131257153162
2023-03-25T00:00:00,Middle_Forest_Soilwater,263.2565085969389
2023-03-26T00:00:00,Middle_Forest_Soilwater,263.06416274681015
2023-03-27T00:00:00,Middle_Forest_Soilwater,262.6703183217322
2023-03-28T00:00:00,Middle_Forest_Soilwater,261.8749491944035
2023-03-29T00:00:00,Middle_Forest_Soilwater,261.1025408004657
2023-03-30T00:00:00,Middle_Forest_Soilwater,260.9222231202534
2023-03-31T00:00:00,Middle_Forest_Soilwater,260.4482340266992
2023-04-01T00:00:00,Middle_Forest_Soilwater,260.4387821670947
2023-04-02T00:00:00,Middle_Forest_Soilwater,260.4387821670947
2023-04-03T00:00:00,Middle_Forest_Soilwater,260.4387821670947
2023-04-04T00:00:00,Middle_Forest_Soilwater,260.04182744932564
2023-04-05T00:00:00,Middle_Forest_Soilwater,259.75898989245155
2023-04-06T00:00:00,Middle_Forest_Soilwater,259.49547470039624
2023-04-07T00:00:00,Middle_Forest_Soilwater,259.49547470039624
2023-04-08T00:00:00,Middle_Forest_Soilwater,259.49547470039624
2023-04-09T00:00:00,Middle_Forest_Soilwater,259.49547470039624
2023-04-10T00:00:00,Middle_Forest_Soilwater,259.49547470039624
2023-04-11T00:00:00,Middle_Forest_Soilwater,259.49547470039624
2023-04-12T00:00:00,Middle_Forest_Soilwater,259.49547470039624
2023-04-13T00:00:00,Middle_Forest_Soilwater,259.23239416467226
2023-04-14T00:00:00,Middle_Forest_Soilwater,259.03540921741836
2023-04-15T00:00:00,Middle_Forest_Soilwater,259.03540921741836
2023-04-16T00:00:00,Middle_Forest_Soilwater,259.03540921741836
2023-04-17T00:00:00,Middle_Forest_Soilwater,259.03540921741836
2023-04-18T00:00:00,Middle_Forest_Soilwater,259.03540921741836
2023-04-19T00:00:00,Middle_Forest_Soilwater,258.9510915350042
2023-04-20T00:00:00,Middle_Forest_Soilwater,258.8949095491962
2023-04-21T00:00:00,Middle_Forest_Soilwater,258.8855491945246
2023-04-22T00:00:00,Middle_Forest_Soilwater,258.8855491945246
2023-04-23T00:00:00,Middle_Forest_Soilwater,258.8855491945246
2023-04-24T00:00:00,Middle_Forest_Soilwater,258.8855491945246
2023-04-25T00:00:00,Middle_Forest_Soilwater,258.8855491945246
2023-04-26T00:00:00,Middle_Forest_Soilwater,258.8855491945246
2023-04-27T00:00:00,Middle_Forest_Soilwater,258.8855491945246
2023-04-28T00:00:00,Middle_Forest_Soilwater,258.8855491945246
2023-04-29T00:00:00,Middle_Forest_Soilwater,258.8855491945246
2023-04-30T00:00:00,Middle_Forest_Soilwater,258.8855491945246
2023-05-01T00:00:00,Middle_Forest_Soilwater,258.8855491945246
2023-05-02T00:00:00,Middle_Forest_Soilwater,258.8855491945246
2023-05-03T00:00:00,Middle_Forest_Soilwater,258.8855491945246
2023-05-04T00:00:00,Middle_Forest_Soilwater,258.8855491945246
2023-05-05T00:00:00,Middle_Forest_Soilwater,258.8855491945246
2023-05-06T00:00:00,Middle_Forest_Soilwater,258.8855491945246
2023-05-07T00:00:00,Middle_Forest_Soilwater,258.8855491945246
2023-05-08T00:00:00,Middle_Forest_Soilwater,258.8855491945246
2023-05-09T00:00:00,Middle_Forest_Soilwater,258.8855491945246
2023-05-10T00:00:00,Middle_Forest_Soilwater,258.8855491945246
2023-05-11T00:00:00,Middle_Forest_Soilwater,258.8855491945246
2023-05-12T00:00:00,Middle_Forest_Soilwater,258.8855491945246
2023-05-13T00:00:00,Middle_Forest_Soilwater,258.8855491945246
2023-05-14T00:00:00,Middle_Forest_Soilwater,258.8855491945246
2023-05-15T00:00:00,Middle_Forest_Soilwater,258.8855491945246
2023-05-16T00:00:00,Middle_Forest_Soilwater,258.8855491945246
2023-05-17T00:00:00,Middle_Forest_Soilwater,258.8855491945246
2023-05-18T00:00:00,Middle_Forest_Soilwater,258.8855491945246
2023-05-19T00:00:00,Middle_Forest_Soilwater,258.8855491945246
2023-05-20T00:00:00,Middle_Forest_Soilwater,258.8855491945246
2023-05-21T00:00:00,Middle_Forest_Soilwater,258.8855491945246
2023-05-22T00:00:00,Middle_Forest_Soilwater,258.717072735815
2023-05-23T00:00:00,Middle_Forest_Soilwater,258.717072735815
2023-05-24T00:00:00,Middle_Forest_Soilwater,258.49267565261613
2023-05-25T00:00:00,Middle_Forest_Soilwater,258.3152791232857
2023-05-26T00:00:00,Middle_Forest_Soilwater,257.99818801149985
2023-05-27T00:00:00,Middle_Forest_Soilwater,257.6445018859003
2023-05-28T00:00:00,Middle_Forest_Soilwater,257.47734138862785
2023-05-29T00:00:00,Middle_Forest_Soilwater,257.47734138862785
2023-05-30T00:00:00,Middle_Forest_Soilwater,257.47734138862785
2023-05-31T00:00:00,Middle_Forest_Soilwater,257.0969906608085
2023-06-01T00:00:00,Middle_Forest_Soilwater,256.76383078825074
2023-06-02T00:00:00,Middle_Forest_Soilwater,256.36673375360675
2023-06-03T00:00:00,Middle_Forest_Soilwater,255.9798540239851
2023-06-04T00:00:00,Middle_Forest_Soilwater,255.94309949838237
2023-06-05T00:00:00,Middle_Forest_Soilwater,255.94309949838237
2023-06-06T00:00:00,Middle_Forest_Soilwater,255.94309949838237
2023-06-07T00:00:00,Middle_Forest_Soilwater,255.94309949838237
2023-06-08T00:00:00,Middle_Forest_Soilwater,255.94309949838237
2023-06-09T00:00:00,Middle_Forest_Soilwater,255.9247265659324
2023-06-10T00:00:00,Middle_Forest_Soilwater,255.58486736191924
2023-06-11T00:00:00,Middle_Forest_Soilwater,255.08993775476213
2023-06-12T00:00:00,Middle_Forest_Soilwater,254.71535325782864
2023-06-13T00:00:00,Middle_Forest_Soilwater,254.1229341051723
2023-06-14T00:00:00,Middle_Forest_Soilwater,253.49646641156227
2023-06-15T00:00:00,Middle_Forest_Soilwater,253.37891602673946
2023-06-16T00:00:00,Middle_Forest_Soilwater,253.098818238999
2023-06-17T00:00:00,Middle_Forest_Soilwater,252.6929671899218
2023-06-18T00:00:00,Middle_Forest_Soilwater,252.26120700342403
2023-06-19T00:00:00,Middle_Forest_Soilwater,251.88448509344175
2023-06-20T00:00:00,Middle_Forest_Soilwater,251.6965901777007
2023-06-21T00:00:00,Middle_Forest_Soilwater,251.5357366297159
2023-06-22T00:00:00,Middle_Forest_Soilwater,250.76802903599764
2023-06-23T00:00:00,Middle_Forest_Soilwater,249.95092114336038
2023-06-24T00:00:00,Middle_Forest_Soilwater,249.25307682016302
2023-06-25T00:00:00,Middle_Forest_Soilwater,248.59364958984847
2023-06-26T00:00:00,Middle_Forest_Soilwater,248.12095968198955
2023-06-27T00:00:00,Middle_Forest_Soilwater,247.52761404858708
2023-06-28T00:00:00,Middle_Forest_Soilwater,246.63247013294537
2023-06-29T00:00:00,Middle_Forest_Soilwater,245.94143129188248
2023-06-30T00:00:00,Middle_Forest_Soilwater,245.5029701626703
2023-07-01T00:00:00,Middle_Forest_Soilwater,245.22868383637092
2023-07-02T00:00:00,Middle_Forest_Soilwater,245.2201285466322
2023-07-03T00:00:00,Middle_Forest_Soilwater,245.2201285466322
2023-07-04T00:00:00,Middle_Forest_Soilwater,245.20301897512343
2023-07-05T00:00:00,Middle_Forest_Soilwater,245.18591141943327
2023-07-06T00:00:00,Middle_Forest_Soilwater,245.01485601834273
2023-07-07T00:00:00,Middle_Forest_Soilwater,244.69023367156132
2023-07-08T00:00:00,Middle_Forest_Soilwater,244.64761582091623
2023-07-09T00:00:00,Middle_Forest_Soilwater,244.64761582091623
2023-07-10T00:00:00,Middle_Forest_Soilwater,244.56240522541447
2023-07-11T00:00:00,Middle_Forest_Soilwater,244.29840798939918
2023-07-12T00:00:00,Middle_Forest_Soilwater,243.9583884680278
2023-07-13T00:00:00,Middle_Forest_Soilwater,243.43260008483767
2023-07-14T00:00:00,Middle_Forest_Soilwater,242.78198981085285
2023-07-15T00:00:00,Middle_Forest_Soilwater,242.52124393709644
2023-07-16T00:00:00,Middle_Forest_Soilwater,242.25257843579828
2023-07-17T00:00:00,Middle_Forest_Soilwater,241.8838597524927
2023-07-18T00:00:00,Middle_Forest_Soilwater,241.49102204043615
2023-07-19T00:00:00,Middle_Forest_Soilwater,241.27430924595095
2023-07-20T00:00:00,Middle_Forest_Soilwater,240.98302730652384
2023-07-21T00:00:00,Middle_Forest_Soilwater,240.49302157016174
2023-07-22T00:00:00,Middle_Forest_Soilwater,240.29438998184727
2023-07-23T00:00:00,Middle_Forest_Soilwater,239.88942384814695
2023-07-24T00:00:00,Middle_Forest_Soilwater,239.42794135609225
2023-07-25T00:00:00,Middle_Forest_Soilwater,238.84477765373668
2023-07-26T00:00:00,Middle_Forest_Soilwater,238.21497774229934
2023-07-27T00:00:00,Middle_Forest_Soilwater,237.54732400981618
2023-07-28T00:00:00,Middle_Forest_Soilwater,236.8423814699637
2023-07-29T00:00:00,Middle_Forest_Soilwater,235.96370409832858
2023-07-30T00:00:00,Middle_Forest_Soilwater,235.02659280833595
2023-07-31T00:00:00,Middle_Forest_Soilwater,234.23911771907774
2023-08-01T00:00:00,Middle_Forest_Soilwater,233.55113003721132
2023-08-02T00:00:00,Middle_Forest_Soilwater,232.85093360343805
2023-08-03T00:00:00,Middle_Forest_Soilwater,231.88831989326275
2023-08-04T00:00:00,Middle_Forest_Soilwater,231.22791910601538
2023-08-05T00:00:00,Middle_Forest_Soilwater,230.64813029978333
2023-08-06T00:00:00,Middle_Forest_Soilwater,229.97085039230925
2023-08-07T00:00:00,Middle_Forest_Soilwater,229.39661554421232
2023-08-08T00:00:00,Middle_Forest_Soilwater,228.82491777008062
2023-08-09T00:00:00,Middle_Forest_Soilwater,228.21021210790644
2023-08-10T00:00:00,Middle_Forest_Soilwater,227.52291212721744
2023-08-11T00:00:00,Middle_Forest_Soilwater,226.5237817036927
2023-08-12T00:00:00,Middle_Forest_Soilwater,225.43558516374515
2023-08-13T00:00:00,Middle_Forest_Soilwater,224.79271638654595
2023-08-14T00:00:00,Middle_Forest_Soilwater,224.09433096647723
2023-08-15T00:00:00,Middle_Forest_Soilwater,223.31213055448708
2023-08-16T00:00:00,Middle_Forest_Soilwater,222.4113690713676
2023-08-17T00:00:00,Middle_Forest_Soilwater,221.66862139706765
2023-08-18T00:00:00,Middle_Forest_Soilwater,220.84437179102133
2023-08-19T00:00:00,Middle_Forest_Soilwater,220.03994376556446
2023-08-20T00:00:00,Middle_Forest_Soilwater,219.21965626620354
2023-08-21T00:00:00,Middle_Forest_Soilwater,218.15214178769483
2023-08-22T00:00:00,Middle_Forest_Soilwater,217.05938485161184
2023-08-23T00:00:00,Middle_Forest_Soilwater,215.997422112238
2023-08-24T00:00:00,Middle_Forest_Soilwater,214.9450934988358
2023-08-25T00:00:00,Middle_Forest_Soilwater,213.79397063521475
2023-08-26T00:00:00,Middle_Forest_Soilwater,212.6074512483078
2023-08-27T00:00:00,Middle_Forest_Soilwater,211.57924284800052
2023-08-28T00:00:00,Middle_Forest_Soilwater,210.52098473455996
2023-08-29T00:00:00,Middle_Forest_Soilwater,209.70714839242365
2023-08-30T00:00:00,Middle_Forest_Soilwater,209.060873554621
2023-08-31T00:00:00,Middle_Forest_Soilwater,208.47622795536927
2023-09-01T00:00:00,Middle_Forest_Soilwater,207.81803365003717
2023-09-02T00:00:00,Middle_Forest_Soilwater,207.37978274816803
2023-09-03T00:00:00,Middle_Forest_Soilwater,207.2068388520238
2023-09-04T00:00:00,Middle_Forest_Soilwater,206.98672191075167
2023-09-05T00:00:00,Middle_Forest_Soilwater,206.75056731293495
2023-09-06T00:00:00,Middle_Forest_Soilwater,206.42977039198314
2023-09-07T00:00:00,Middle_Forest_Soilwater,206.0331607963885
2023-09-08T00:00:00,Middle_Forest_Soilwater,205.54051956679604
2023-09-09T00:00:00,Middle_Forest_Soilwater,205.06804705134823
2023-09-10T00:00:00,Middle_Forest_Soilwater,204.64944052833644
2023-09-11T00:00:00,Middle_Forest_Soilwater,204.31354826227786
2023-09-12T00:00:00,Middle_Forest_Soilwater,204.0923758235951
2023-09-13T00:00:00,Middle_Forest_Soilwater,203.86378501408282
2023-09-14T00:00:00,Middle_Forest_Soilwater,203.50581321641394
2023-09-15T00:00:00,Middle_Forest_Soilwater,203.148994746302
2023-09-16T00:00:00,Middle_Forest_Soilwater,202.74367066493997
2023-09-17T00:00:00,Middle_Forest_Soilwater,202.87768484500313
2023-09-18T00:00:00,Middle_Forest_Soilwater,203.57683464288192
2023-09-19T00:00:00,Middle_Forest_Soilwater,204.22417428632698
2023-09-20T00:00:00,Middle_Forest_Soilwater,204.66402038571962
2023-09-21T00:00:00,Middle_Forest_Soilwater,204.98870901679362
2023-09-22T00:00:00,Middle_Forest_Soilwater,205.1698897215861
2023-09-23T00:00:00,Middle_Forest_Soilwater,205.29674667139273
2023-09-24T00:00:00,Middle_Forest_Soilwater,205.397080141
2023-09-25T00:00:00,Middle_Forest_Soilwater,205.64534112210933
2023-09-26T00:00:00,Middle_Forest_Soilwater,206.40306083392775
2023-09-27T00:00:00,Middle_Forest_Soilwater,206.9704675787324
2023-09-28T00:00:00,Middle_Forest_Soilwater,207.43710073821148
2023-09-29T00:00:00,Middle_Forest_Soilwater,207.7228328772915
2023-09-30T00:00:00,Middle_Forest_Soilwater,207.91883855654424
2023-10-01T00:00:00,Middle_Forest_Soilwater,207.8807286473655
2023-10-02T00:00:00,Middle_Forest_Soilwater,207.6746707136604
2023-10-03T00:00:00,Middle_Forest_Soilwater,207.53130953252338
2023-10-04T00:00:00,Middle_Forest_Soilwater,207.19114003359616
2023-10-05T00:00:00,Middle_Forest_Soilwater,206.78031655634692
2023-10-06T00:00:00,Middle_Forest_Soilwater,206.34557463035227
2023-10-07T00:00:00,Middle_Forest_Soilwater,205.76801831971682
2023-10-08T00:00:00,Middle_Forest_Soilwater,204.99399154563287
2023-10-09T00:00:00,Middle_Forest_Soilwater,204.66578122414725
2023-10-10T00:00:00,Middle_Forest_Soilwater,204.2538051239528
2023-10-11T00:00:00,Middle_Forest_Soilwater,204.26598116767255
2023-10-12T00:00:00,Middle_Forest_Soilwater,204.21198001005064
2023-10-13T00:00:00,Middle_Forest_Soilwater,204.05126278043156
2023-10-14T00:00:00,Middle_Forest_Soilwater,204.1618299910679
2023-10-15T00:00:00,Middle_Forest_Soilwater,204.3946487979206
2023-10-16T00:00:00,Middle_Forest_Soilwater,204.8292388255584
2023-10-17T00:00:00,Middle_Forest_Soilwater,205.08533584120562
2023-10-18T00:00:00,Middle_Forest_Soilwater,205.34332299966917
2023-10-19T00:00:00,Middle_Forest_Soilwater,205.54054246012896
2023-10-20T00:00:00,Middle_Forest_Soilwater,205.5579733059348
2023-10-21T00:00:00,Middle_Forest_Soilwater,205.7281638341851
2023-10-22T00:00:00,Middle_Forest_Soilwater,205.8154726077732
2023-10-23T00:00:00,Middle_Forest_Soilwater,205.75646713239112
2023-10-24T00:00:00,Middle_Forest_Soilwater,205.53759412090787
2023-10-25T00:00:00,Middle_Forest_Soilwater,204.96949249339028
2023-10-26T00:00:00,Middle_Forest_Soilwater,204.30355312518478
2023-10-27T00:00:00,Middle_Forest_Soilwater,203.7836354265396
2023-10-28T00:00:00,Middle_Forest_Soilwater,203.30778907649272
2023-10-29T00:00:00,Middle_Forest_Soilwater,202.5686795196969
2023-10-30T00:00:00,Middle_Forest_Soilwater,202.00032225267694
2023-10-31T00:00:00,Middle_Forest_Soilwater,201.42377556507788
2023-11-01T00:00:00,Middle_Forest_Soilwater,201.01901956474893
2023-11-02T00:00:00,Middle_Forest_Soilwater,200.56353128952776
2023-11-03T00:00:00,Middle_Forest_Soilwater,199.97398273761416
2023-11-04T00:00:00,Middle_Forest_Soilwater,199.2995559195481
2023-11-05T00:00:00,Middle_Forest_Soilwater,198.66076200605656
2023-11-06T00:00:00,Middle_Forest_Soilwater,197.9851380485281
2023-11-07T00:00:00,Middle_Forest_Soilwater,198.23804372312307
2023-11-08T00:00:00,Middle_Forest_Soilwater,198.67172670794218
2023-11-09T00:00:00,Middle_Forest_Soilwater,199.99549887143934
2023-11-10T00:00:00,Middle_Forest_Soilwater,201.1454632088223
2023-11-11T00:00:00,Middle_Forest_Soilwater,202.06158985486633
2023-11-12T00:00:00,Middle_Forest_Soilwater,202.79604093152207
2023-11-13T00:00:00,Middle_Forest_Soilwater,203.221035323084
2023-11-14T00:00:00,Middle_Forest_Soilwater,203.4963285873919
2023-11-15T00:00:00,Middle_Forest_Soilwater,203.68730023531919
2023-11-16T00:00:00,Middle_Forest_Soilwater,203.6289872895213
2023-11-17T00:00:00,Middle_Forest_Soilwater,203.54545474141125
2023-11-18T00:00:00,Middle_Forest_Soilwater,203.28122003534898
2023-11-19T00:00:00,Middle_Forest_Soilwater,203.15949642004972
2023-11-20T00:00:00,Middle_Forest_Soilwater,202.7878493850393
2023-11-21T00:00:00,Middle_Forest_Soilwater,202.51484571714238
2023-11-22T00:00:00,Middle_Forest_Soilwater,202.1822757478101
2023-11-23T00:00:00,Middle_Forest_Soilwater,202.68895630146847
2023-11-24T00:00:00,Middle_Forest_Soilwater,203.36421480517095
2023-11-25T00:00:00,Middle_Forest_Soilwater,203.9796388735815
2023-11-26T00:00:00,Middle_Forest_Soilwater,204.51207448175504
2023-11-27T00:00:00,Middle_Forest_Soilwater,205.45646160753722
2023-11-28T00:00:00,Middle_Forest_Soilwater,206.39772718248793
2023-11-29T00:00:00,Middle_Forest_Soilwater,207.2722199812457
2023-11-30T00:00:00,Middle_Forest_Soilwater,207.63319580585514
2023-12-01T00:00:00,Middle_Forest_Soilwater,208.0792499262952
2023-12-02T00:00:00,Middle_Forest_Soilwater,209.81850578195585
2023-12-03T00:00:00,Middle_Forest_Soilwater,211.67085395656977
2023-12-04T00:00:00,Middle_Forest_Soilwater,213.196975171193
2023-12-05T00:00:00,Middle_Forest_Soilwater,214.31773068615655
2023-12-06T00:00:00,Middle_Forest_Soilwater,215.31296058818626
2023-12-07T00:00:00,Middle_Forest_Soilwater,216.10429484055854
2023-12-08T00:00:00,Middle_Forest_Soilwater,217.01571612374806
2023-12-09T00:00:00,Middle_Forest_Soilwater,217.7434434830413
2023-12-10T00:00:00,Middle_Forest_Soilwater,218.31273085814735
2023-12-11T00:00:00,Middle_Forest_Soilwater,218.85975070061463
2023-12-12T00:00:00,Middle_Forest_Soilwater,218.8409167462106
2023-12-13T00:00:00,Middle_Forest_Soilwater,218.65887505235386
2023-12-14T00:00:00,Middle_Forest_Soilwater,218.69784250595205
2023-12-15T00:00:00,Middle_Forest_Soilwater,218.73330285167938
2023-12-16T00:00:00,Middle_Forest_Soilwater,218.96143993817847
2023-12-17T00:00:00,Middle_Forest_Soilwater,218.97177297531874
2023-12-18T00:00:00,Middle_Forest_Soilwater,218.8327243652177
2023-12-19T00:00:00,Middle_Forest_Soilwater,218.59503564606135
2023-12-20T00:00:00,Middle_Forest_Soilwater,218.81537800485154
2023-12-21T00:00:00,Middle_Forest_Soilwater,219.03882084133795
2023-12-22T00:00:00,Middle_Forest_Soilwater,219.2596880016284
2023-12-23T00:00:00,Middle_Forest_Soilwater,220.12623817258765
2023-12-24T00:00:00,Middle_Forest_Soilwater,220.91770749603785
2023-12-25T00:00:00,Middle_Forest_Soilwater,221.52730133448344
2023-12-26T00:00:00,Middle_Forest_Soilwater,222.19483570661566
2023-12-27T00:00:00,Middle_Forest_Soilwater,222.7954050261444
2023-12-28T00:00:00,Middle_Forest_Soilwater,223.68670262608467
2023-12-29T00:00:00,Middle_Forest_Soilwater,224.40051757034118
2023-12-30T00:00:00,Middle_Forest_Soilwater,225.2182465614566
2023-12-31T00:00:00,Middle_Forest_Soilwater,225.98115675005877
2024-01-01T00:00:00,Middle_Forest_Soilwater,226.70399022309905
2024-01-02T00:00:00,Middle_Forest_Soilwater,227.21417112795368
2024-01-03T00:00:00,Middle_Forest_Soilwater,227.57627694467735
2024-01-04T00:00:00,Middle_Forest_Soilwater,228.0921407504717
2024-01-05T00:00:00,Middle_Forest_Soilwater,228.71378843836266
2024-01-06T00:00:00,Middle_Forest_Soilwater,229.3480506301994
2024-01-07T00:00:00,Middle_Forest_Soilwater,229.87140474038293
2024-01-08T00:00:00,Middle_Forest_Soilwater,230.1734410259895
2024-01-09T00:00:00,Middle_Forest_Soilwater,230.40492046780497
2024-01-10T00:00:00,Middle_Forest_Soilwater,230.69994903010453
2024-01-11T00:00:00,Middle_Forest_Soilwater,231.05220592648914
2024-01-12T00:00:00,Middle_Forest_Soilwater,231.30721632368375
2024-01-13T00:00:00,Middle_Forest_Soilwater,231.67451194881087
2024-01-14T00:00:00,Middle_Forest_Soilwater,231.84961830959196
2024-01-15T00:00:00,Middle_Forest_Soilwater,232.00558063570574
2024-01-16T00:00:00,Middle_Forest_Soilwater,232.72334853144997
2024-01-17T00:00:00,Middle_Forest_Soilwater,233.36768281861683
2024-01-18T00:00:00,Middle_Forest_Soilwater,233.75108623761045
2024-01-19T00:00:00,Middle_Forest_Soilwater,234.24188312679294
2024-01-20T00:00:00,Middle_Forest_Soilwater,234.553391664411
2024-01-21T00:00:00,Middle_Forest_Soilwater,235.51703653395734
2024-01-22T00:00:00,Middle_Forest_Soilwater,236.38471337144517
2024-01-23T00:00:00,Middle_Forest_Soilwater,237.40518736892528
2024-01-24T00:00:00,Middle_Forest_Soilwater,238.29464854420593
2024-01-25T00:00:00,Middle_Forest_Soilwater,238.97684481508014
2024-01-26T00:00:00,Middle_Forest_Soilwater,239.88444644623533
2024-01-27T00:00:00,Middle_Forest_Soilwater,240.675107301041
2024-01-28T00:00:00,Middle_Forest_Soilwater,241.4837347791891
2024-01-29T00:00:00,Middle_Forest_Soilwater,242.21149950952235
2024-01-30T00:00:00,Middle_Forest_Soilwater,242.83263452337727
2024-01-31T00:00:00,Middle_Forest_Soilwater,243.36491491818168
2024-02-01T00:00:00,Middle_Forest_Soilwater,243.92291587040918
2024-02-02T00:00:00,Middle_Forest_Soilwater,244.08307140449307
2024-02-03T00:00:00,Middle_Forest_Soilwater,244.10492556622125
2024-02-04T00:00:00,Middle_Forest_Soilwater,244.3123816593266
2024-02-05T00:00:00,Middle_Forest_Soilwater,244.64380372437319
2024-02-06T00:00:00,Middle_Forest_Soilwater,244.89208001629157
2024-02-07T00:00:00,Middle_Forest_Soilwater,245.225663542676
2024-02-08T00:00:00,Middle_Forest_Soilwater,245.40983546914848
2024-02-09T00:00:00,Middle_Forest_Soilwater,245.6981945914778
2024-02-10T00:00:00,Middle_Forest_Soilwater,246.03500986734178
2024-02-11T00:00:00,Middle_Forest_Soilwater,245.84320730688964
2024-02-12T00:00:00,Middle_Forest_Soilwater,245.5321655836465
2024-02-13T00:00:00,Middle_Forest_Soilwater,245.44969832081497
2024-02-14T00:00:00,Middle_Forest_Soilwater,245.63255352110787
2024-02-15T00:00:00,Middle_Forest_Soilwater,245.22915035713024
2024-02-16T00:00:00,Middle_Forest_Soilwater,245.00374343348406
2024-02-17T00:00:00,Middle_Forest_Soilwater,244.74444623745762
2024-02-18T00:00:00,Middle_Forest_Soilwater,244.48904422506732
2024-02-19T00:00:00,Middle_Forest_Soilwater,244.3087322317552
2024-02-20T00:00:00,Middle_Forest_Soilwater,244.15467094969003
2024-02-21T00:00:00,Middle_Forest_Soilwater,243.8506067627373
2024-02-22T00:00:00,Middle_Forest_Soilwater,243.45919127892543
2024-02-23T00:00:00,Middle_Forest_Soilwater,243.0762440120884
2024-02-24T00:00:00,Middle_Forest_Soilwater,242.678125983318
2024-02-25T00:00:00,Middle_Forest_Soilwater,242.4274940067563
2024-02-26T00:00:00,Middle_Forest_Soilwater,242.4749590430541
2024-02-27T00:00:00,Middle_Forest_Soilwater,242.401681491226
2024-02-28T00:00:00,Middle_Forest_Soilwater,242.96028193232868
2024-02-29T00:00:00,Middle_Forest_Soilwater,243.8777664716719
2024-03-01T00:00:00,Middle_Forest_Soilwater,244.89671647910853
2024-03-02T00:00:00,Middle_Forest_Soilwater,245.8755214858015
2024-03-03T00:00:00,Middle_Forest_Soilwater,246.75644599182516
2024-03-04T00:00:00,Middle_Forest_Soilwater,247.54927804724647
2024-03-05T00:00:00,Middle_Forest_Soilwater,248.26282689712565
2024-03-06T00:00:00,Middle_Forest_Soilwater,249.1615208620169
2024-03-07T00:00:00,Middle_Forest_Soilwater,250.29334543041904
2024-03-08T00:00:00,Middle_Forest_Soilwater,251.31198754198095
2024-03-09T00:00:00,Middle_Forest_Soilwater,252.26676544238668
2024-03-10T00:00:00,Middle_Forest_Soilwater,253.12606555275184
2024-03-11T00:00:00,Middle_Forest_Soilwater,253.98968565208048
2024-03-12T00:00:00,Middle_Forest_Soilwater,254.76694374147627
2024-03-13T00:00:00,Middle_Forest_Soilwater,255.70397602193248
2024-03-14T00:00:00,Middle_Forest_Soilwater,256.54730507434306
2024-03-15T00:00:00,Middle_Forest_Soilwater,257.30630122151257
2024-03-16T00:00:00,Middle_Forest_Soilwater,258.03689775396515
2024-03-17T00:00:00,Middle_Forest_Soilwater,258.86068463317247
2024-03-18T00:00:00,Middle_Forest_Soilwater,259.583759137818
2024-03-19T00:00:00,Middle_Forest_Soilwater,260.32718731510903
2024-03-20T00:00:00,Middle_Forest_Soilwater,261.1072779500512
2024-03-21T00:00:00,Middle_Forest_Soilwater,261.8093595214991
2024-03-22T00:00:00,Middle_Forest_Soilwater,262.44123293580225
2024-03-23T00:00:00,Middle_Forest_Soilwater,263.0526690086751
2024-03-24T00:00:00,Middle_Forest_Soilwater,263.6457114742606
2024-03-25T00:00:00,Middle_Forest_Soilwater,264.2411996932876
2024-03-26T00:00:00,Middle_Forest_Soilwater,264.9053890904119
2024-03-27T00:00:00,Middle_Forest_Soilwater,265.68840954782377
2024-03-28T00:00:00,Middle_Forest_Soilwater,266.5492531171458
2024-03-29T00:00:00,Middle_Forest_Soilwater,267.3416746876494
2024-03-30T00:00:00,Middle_Forest_Soilwater,268.05485410110265
2024-03-31T00:00:00,Middle_Forest_Soilwater,268.82317531805
2024-04-01T00:00:00,Middle_Forest_Soilwater,269.26827717829724
2024-04-02T00:00:00,Middle_Forest_Soilwater,269.8454029129928
2024-04-03T00:00:00,Middle_Forest_Soilwater,270.1831021339143
2024-04-04T00:00:00,Middle_Forest_Soilwater,270.7531955155852
2024-04-05T00:00:00,Middle_Forest_Soilwater,271.44477625784316
2024-04-06T00:00:00,Middle_Forest_Soilwater,271.8127308499073
2024-04-07T00:00:00,Middle_Forest_Soilwater,272.38109245437096
2024-04-08T00:00:00,Middle_Forest_Soilwater,272.89261789838827
2024-04-09T00:00:00,Middle_Forest_Soilwater,273.5619907980038
2024-04-10T00:00:00,Middle_Forest_Soilwater,274.1336468035727
2024-04-11T00:00:00,Middle_Forest_Soilwater,274.6758388522613
2024-04-12T00:00:00,Middle_Forest_Soilwater,275.239811696081
2024-04-13T00:00:00,Middle_Forest_Soilwater,275.7473872555188
2024-04-14T00:00:00,Middle_Forest_Soilwater,276.2042052590128
2024-04-15T00:00:00,Middle_Forest_Soilwater,276.61534146215735
2024-04-16T00:00:00,Middle_Forest_Soilwater,277.0328640449875
2024-04-17T00:00:00,Middle_Forest_Soilwater,277.6841343695346
2024-04-18T00:00:00,Middle_Forest_Soilwater,278.270277661627
2024-04-19T00:00:00,Middle_Forest_Soilwater,278.79780662451014
2024-04-20T00:00:00,Middle_Forest_Soilwater,279.272582691105
2024-04-21T00:00:00,Middle_Forest_Soilwater,279.73788115104037
2024-04-22T00:00:00,Middle_Forest_Soilwater,280.1566497649822
2024-04-23T00:00:00,Middle_Forest_Soilwater,280.53354151752984
2024-04-24T00:00:00,Middle_Forest_Soilwater,280.87274409482274
2024-04-25T00:00:00,Middle_Forest_Soilwater,281.17802641438635
2024-04-26T00:00:00,Middle_Forest_Soilwater,281.4527805019936
2024-04-27T00:00:00,Middle_Forest_Soilwater,281.70005918084007
2024-04-28T00:00:00,Middle_Forest_Soilwater,281.92260999180195
2024-04-29T00:00:00,Middle_Forest_Soilwater,282.22740572166765
2024-04-30T00:00:00,Middle_Forest_Soilwater,282.27595065751734
2024-05-01T00:00:00,Middle_Forest_Soilwater,282.30779011287444
2024-05-02T00:00:00,Middle_Forest_Soilwater,282.2712394070518
2024-05-03T00:00:00,Middle_Forest_Soilwater,282.37610594142575
2024-05-04T00:00:00,Middle_Forest_Soilwater,282.62533977195415
2024-05-05T00:00:00,Middle_Forest_Soilwater,282.8496502194297
2024-05-06T00:00:00,Middle_Forest_Soilwater,283.05152962215766
2024-05-07T00:00:00,Middle_Forest_Soilwater,283.31397108461283
2024-05-08T00:00:00,Middle_Forest_Soilwater,283.5823602487325
2024-05-09T00:00:00,Middle_Forest_Soilwater,284.2343128333212
2024-05-10T00:00:00,Middle_Forest_Soilwater,284.91607015945107
2024-05-11T00:00:00,Middle_Forest_Soilwater,285.6294017529679
2024-05-12T00:00:00,Middle_Forest_Soilwater,286.27140018713305
2024-05-13T00:00:00,Middle_Forest_Soilwater,286.9441987778817
2024-05-14T00:00:00,Middle_Forest_Soilwater,287.68271750955546
2024-05-15T00:00:00,Middle_Forest_Soilwater,288.4518843680619
2024-05-16T00:00:00,Middle_Forest_Soilwater,289.23913454071766
2024-05-17T00:00:00,Middle_Forest_Soilwater,289.93647005215485
2024-05-18T00:00:00,Middle_Forest_Soilwater,290.54046304351573
2024-05-19T00:00:00,Middle_Forest_Soilwater,291.01304305605254
2024-05-20T00:00:00,Middle_Forest_Soilwater,291.5176687308718
2024-05-21T00:00:00,Middle_Forest_Soilwater,292.0457070853233
2024-05-22T00:00:00,Middle_Forest_Soilwater,292.5209416043296
2024-05-23T00:00:00,Middle_Forest_Soilwater,292.9486526714353
2024-05-24T00:00:00,Middle_Forest_Soilwater,293.33359263183047
2024-05-25T00:00:00,Middle_Forest_Soilwater,293.6800385961861
2024-05-26T00:00:00,Middle_Forest_Soilwater,293.99183996410613
2024-05-27T00:00:00,Middle_Forest_Soilwater,294.2724611952342
2024-05-28T00:00:00,Middle_Forest_Soilwater,294.52502030324945
2024-05-29T00:00:00,Middle_Forest_Soilwater,294.75232350046315
2024-05-30T00:00:00,Middle_Forest_Soilwater,294.7616559079101
2024-05-31T00:00:00,Middle_Forest_Soilwater,294.8538988722492
2024-06-01T00:00:00,Middle_Forest_Soilwater,294.8702533453039
2024-06-02T00:00:00,Middle_Forest_Soilwater,295.01938697299585
2024-06-03T00:00:00,Middle_Forest_Soilwater,295.1536072379186
2024-06-04T00:00:00,Middle_Forest_Soilwater,295.20538485012247
2024-06-05T00:00:00,Middle_Forest_Soilwater,295.01495308181865
2024-06-06T00:00:00,Middle_Forest_Soilwater,294.8369456312897
2024-06-07T00:00:00,Middle_Forest_Soilwater,294.9250075471055
2024-06-08T00:00:00,Middle_Forest_Soilwater,295.0042632713397
2024-06-09T00:00:00,Middle_Forest_Soilwater,295.0755934231505
2024-06-10T00:00:00,Middle_Forest_Soilwater,295.13979055978024
2024-06-11T00:00:00,Middle_Forest_Soilwater,295.197567982747
2024-06-12T00:00:00,Middle_Forest_Soilwater,295.24956766341705
2024-06-13T00:00:00,Middle_Forest_Soilwater,295.2963673760201
2024-06-14T00:00:00,Middle_Forest_Soilwater,295.3384871173629
2024-06-15T00:00:00,Middle_Forest_Soilwater,295.37639488457137
2024-06-16T00:00:00,Middle_Forest_Soilwater,295.410511875059
2024-06-17T00:00:00,Middle_Forest_Soilwater,295.4412171664979
2024-06-18T00:00:00,Middle_Forest_Soilwater,295.4688519287929
2024-06-19T00:00:00,Middle_Forest_Soilwater,295.4937232148584
2024-06-20T00:00:00,Middle_Forest_Soilwater,295.5161073723173
2024-06-21T00:00:00,Middle_Forest_Soilwater,295.5362531140304
2024-06-22T00:00:00,Middle_Forest_Soilwater,295.55438428157214
2024-06-23T00:00:00,Middle_Forest_Soilwater,295.5707023323597
2024-06-24T00:00:00,Middle_Forest_Soilwater,295.5853885780685
2024-06-25T00:00:00,Middle_Forest_Soilwater,295.5986061992064
2024-06-26T00:00:00,Middle_Forest_Soilwater,295.61050205823057
2024-06-27T00:00:00,Middle_Forest_Soilwater,295.6212083313523
2024-06-28T00:00:00,Middle_Forest_Soilwater,295.6308439771619
2024-06-29T00:00:00,Middle_Forest_Soilwater,295.6395160583905
2024-06-30T00:00:00,Middle_Forest_Soilwater,295.6473209314962
2024-07-01T00:00:00,Middle_Forest_Soilwater,295.65434531729136
2024-07-02T00:00:00,Middle_Forest_Soilwater,295.660667264507
2024-07-03T00:00:00,Middle_Forest_Soilwater,295.66635701700113
2024-07-04T00:00:00,Middle_Forest_Soilwater,295.5216290188877
2024-07-05T00:00:00,Middle_Forest_Soilwater,295.35346362471495
2024-07-06T00:00:00,Middle_Forest_Soilwater,295.26554473993957
2024-07-07T00:00:00,Middle_Forest_Soilwater,295.26927778655096
2024-07-08T00:00:00,Middle_Forest_Soilwater,295.1806108600514
2024-07-09T00:00:00,Middle_Forest_Soilwater,295.1836346278066
2024-07-10T00:00:00,Middle_Forest_Soilwater,295.1863560187863
2024-07-11T00:00:00,Middle_Forest_Soilwater,295.188805270668
2024-07-12T00:00:00,Middle_Forest_Soilwater,294.98403614863946
2024-07-13T00:00:00,Middle_Forest_Soilwater,295.31003367005314
2024-07-14T00:00:00,Middle_Forest_Soilwater,295.77786180742453
2024-07-15T00:00:00,Middle_Forest_Soilwater,295.906847160358
2024-07-16T00:00:00,Middle_Forest_Soilwater,295.948528766973
2024-07-17T00:00:00,Middle_Forest_Soilwater,296.19660331394687
2024-07-18T00:00:00,Middle_Forest_Soilwater,295.9762447399753
2024-07-19T00:00:00,Middle_Forest_Soilwater,296.14834872268705
2024-07-20T00:00:00,Middle_Forest_Soilwater,296.40413147855577
2024-07-21T00:00:00,Middle_Forest_Soilwater,296.6651703075238
2024-07-22T00:00:00,Middle_Forest_Soilwater,296.74477920752946
2024-07-23T00:00:00,Middle_Forest_Soilwater,296.9904375766204
2024-07-24T00:00:00,Middle_Forest_Soilwater,296.841670688247
2024-07-25T00:00:00,Middle_Forest_Soilwater,296.6820252256618
2024-07-26T00:00:00,Middle_Forest_Soilwater,296.3102761488123
2024-07-27T00:00:00,Middle_Forest_Soilwater,296.03692691692123
2024-07-28T00:00:00,Middle_Forest_Soilwater,295.80960676585033
2024-07-29T00:00:00,Middle_Forest_Soilwater,295.56437359701454
2024-07-30T00:00:00,Middle_Forest_Soilwater,295.06407304531285
2024-07-31T00:00:00,Middle_Forest_Soilwater,294.48833127311286
2024-08-01T00:00:00,Middle_Forest_Soilwater,294.01422247393225
2024-08-02T00:00:00,Middle_Forest_Soilwater,293.42690896591233
2024-08-03T00:00:00,Middle_Forest_Soilwater,292.83359219494014
2024-08-04T00:00:00,Middle_Forest_Soilwater,291.77094348133795
2024-08-05T00:00:00,Middle_Forest_Soilwater,290.667427905299
2024-08-06T00:00:00,Middle_Forest_Soilwater,289.45867511453304
2024-08-07T00:00:00,Middle_Forest_Soilwater,287.95894916951175
2024-08-08T00:00:00,Middle_Forest_Soilwater,286.6923067572622
2024-08-09T00:00:00,Middle_Forest_Soilwater,285.52912639933083
2024-08-10T00:00:00,Middle_Forest_Soilwater,284.26922784024106
2024-08-11T00:00:00,Middle_Forest_Soilwater,283.2425175059907
2024-08-12T00:00:00,Middle_Forest_Soilwater,282.2315530962477
2024-08-13T00:00:00,Middle_Forest_Soilwater,281.2284922333157
2024-08-14T00:00:00,Middle_Forest_Soilwater,280.5978466606941
2024-08-15T00:00:00,Middle_Forest_Soilwater,279.89283388270536
2024-08-16T00:00:00,Middle_Forest_Soilwater,278.7462230334356
2024-08-17T00:00:00,Middle_Forest_Soilwater,277.2217995547091
2024-08-18T00:00:00,Middle_Forest_Soilwater,275.71840269944477
2024-08-19T00:00:00,Middle_Forest_Soilwater,274.33384124574985
2024-08-20T00:00:00,Middle_Forest_Soilwater,272.96506472854946
2024-08-21T00:00:00,Middle_Forest_Soilwater,271.7806327419706
2024-08-22T00:00:00,Middle_Forest_Soilwater,270.7981156704089
2024-08-23T00:00:00,Middle_Forest_Soilwater,269.7744389014108
2024-08-24T00:00:00,Middle_Forest_Soilwater,268.5927988970132
2024-08-25T00:00:00,Middle_Forest_Soilwater,267.3384568741897
2024-08-26T00:00:00,Middle_Forest_Soilwater,266.21188913068994
2024-08-27T00:00:00,Middle_Forest_Soilwater,265.1843639322181
2024-08-28T00:00:00,Middle_Forest_Soilwater,263.87750655490146
2024-08-29T00:00:00,Middle_Forest_Soilwater,262.72955598761575
2024-08-30T00:00:00,Middle_Forest_Soilwater,261.37475430064075
2024-08-31T00:00:00,Middle_Forest_Soilwater,260.0406118629734
2024-09-01T00:00:00,Middle_Forest_Soilwater,258.99309456567636
2024-09-02T00:00:00,Middle_Forest_Soilwater,257.62763249453315
2024-09-03T00:00:00,Middle_Forest_Soilwater,256.431509226736
2024-09-04T00:00:00,Middle_Forest_Soilwater,255.73638572427217
2024-09-05T00:00:00,Middle_Forest_Soilwater,254.8191124551668
2024-09-06T00:00:00,Middle_Forest_Soilwater,253.61377847552106
2024-09-07T00:00:00,Middle_Forest_Soilwater,252.3020944653179
2024-09-08T00:00:00,Middle_Forest_Soilwater,251.06008804944915
2024-09-09T00:00:00,Middle_Forest_Soilwater,250.46074541935474
2024-09-10T00:00:00,Middle_Forest_Soilwater,250.2326523536051
2024-09-11T00:00:00,Middle_Forest_Soilwater,249.66467314356854
2024-09-12T00:00:00,Middle_Forest_Soilwater,248.87604628424614
2024-09-13T00:00:00,Middle_Forest_Soilwater,248.48515655320745
2024-09-14T00:00:00,Middle_Forest_Soilwater,248.13352491801422
2024-09-15T00:00:00,Middle_Forest_Soilwater,247.80499555024164
2024-09-16T00:00:00,Middle_Forest_Soilwater,247.53054874695403
2024-09-17T00:00:00,Middle_Forest_Soilwater,247.00484038045374
2024-09-18T00:00:00,Middle_Forest_Soilwater,246.44113469141757
2024-09-19T00:00:00,Middle_Forest_Soilwater,245.8396012073501
2024-09-20T00:00:00,Middle_Forest_Soilwater,244.95531884929997
2024-09-21T00:00:00,Middle_Forest_Soilwater,244.01632041109195
2024-09-22T00:00:00,Middle_Forest_Soilwater,243.06447872381287
2024-09-23T00:00:00,Middle_Forest_Soilwater,242.02978174036537
2024-09-24T00:00:00,Middle_Forest_Soilwater,240.877575981565
2024-09-25T00:00:00,Middle_Forest_Soilwater,240.06521028613503
2024-09-26T00:00:00,Middle_Forest_Soilwater,239.30546164523614
2024-09-27T00:00:00,Middle_Forest_Soilwater,238.4140759989518
2024-09-28T00:00:00,Middle_Forest_Soilwater,237.48175163676112
2024-09-29T00:00:00,Middle_Forest_Soilwater,236.63657174609818
2024-09-30T00:00:00,Middle_Forest_Soilwater,235.7600874989657
2024-10-01T00:00:00,Middle_Forest_Soilwater,234.81713865508968
2024-10-02T00:00:00,Middle_Forest_Soilwater,233.85290970044454
2024-10-03T00:00:00,Middle_Forest_Soilwater,232.84762631204953
2024-10-04T00:00:00,Middle_Forest_Soilwater,231.70343978673964
2024-10-05T00:00:00,Middle_Forest_Soilwater,230.5279601930335
2024-10-06T00:00:00,Middle_Forest_Soilwater,229.2937961806227
2024-10-07T00:00:00,Middle_Forest_Soilwater,227.95922095723142
2024-10-08T00:00:00,Middle_Forest_Soilwater,226.77865632498947
2024-10-09T00:00:00,Middle_Forest_Soilwater,225.553339258439
2024-10-10T00:00:00,Middle_Forest_Soilwater,225.04637064890002
2024-10-11T00:00:00,Middle_Forest_Soilwater,224.45119539010898
2024-10-12T00:00:00,Middle_Forest_Soilwater,223.71634781244822
2024-10-13T00:00:00,Middle_Forest_Soilwater,222.76945752669903
2024-10-14T00:00:00,Middle_Forest_Soilwater,222.07763874531497
2024-10-15T00:00:00,Middle_Forest_Soilwater,221.26401999887162
2024-10-16T00:00:00,Middle_Forest_Soilwater,220.3207227315483
2024-10-17T00:00:00,Middle_Forest_Soilwater,219.2827728401629
2024-10-18T00:00:00,Middle_Forest_Soilwater,218.12056616413423
2024-10-19T00:00:00,Middle_Forest_Soilwater,217.2101708181477
2024-10-20T00:00:00,Middle_Forest_Soilwater,216.31188003628037
2024-10-21T00:00:00,Middle_Forest_Soilwater,215.29717982827364
2024-10-22T00:00:00,Middle_Forest_Soilwater,214.44331909246478
2024-10-23T00:00:00,Middle_Forest_Soilwater,213.59950477180405
2024-10-24T00:00:00,Middle_Forest_Soilwater,212.45219818915686
2024-10-25T00:00:00,Middle_Forest_Soilwater,211.28361349519528
2024-10-26T00:00:00,Middle_Forest_Soilwater,209.99741418512926
2024-10-27T00:00:00,Middle_Forest_Soilwater,208.70278691488858
2024-10-28T00:00:00,Middle_Forest_Soilwater,207.5123227249275
2024-10-29T00:00:00,Middle_Forest_Soilwater,206.27790997574436
2024-10-30T00:00:00,Middle_Forest_Soilwater,206.27492106507586
2024-10-31T00:00:00,Middle_Forest_Soilwater,206.4281546066893
2024-11-01T00:00:00,Middle_Forest_Soilwater,206.5582142410519
2024-11-02T00:00:00,Middle_Forest_Soilwater,206.36510658154842
2024-11-03T00:00:00,Middle_Forest_Soilwater,206.07619202054332
2024-11-04T00:00:00,Middle_Forest_Soilwater,205.72598362120794
2024-11-05T00:00:00,Middle_Forest_Soilwater,205.31263943843015
2024-11-06T00:00:00,Middle_Forest_Soilwater,204.79594108838438
2024-11-07T00:00:00,Middle_Forest_Soilwater,204.18570850075963
2024-11-08T00:00:00,Middle_Forest_Soilwater,204.5809770954179
2024-11-09T00:00:00,Middle_Forest_Soilwater,204.79035721473102
2024-11-10T00:00:00,Middle_Forest_Soilwater,204.91751246685672
2024-11-11T00:00:00,Middle_Forest_Soilwater,205.56283180233908
2024-11-12T00:00:00,Middle_Forest_Soilwater,206.06690567061167
2024-11-13T00:00:00,Middle_Forest_Soilwater,206.42265179765013
2024-11-14T00:00:00,Middle_Forest_Soilwater,206.8437900057317
2024-11-15T00:00:00,Middle_Forest_Soilwater,206.9845513331398
2024-11-16T00:00:00,Middle_Forest_Soilwater,207.0487009004796
2024-11-17T00:00:00,Middle_Forest_Soilwater,206.9114319106188
2024-11-18T00:00:00,Middle_Forest_Soilwater,206.99476829048604
2024-11-19T00:00:00,Middle_Forest_Soilwater,207.01857285251424
2024-11-20T00:00:00,Middle_Forest_Soilwater,206.97015667031215
2024-11-21T00:00:00,Middle_Forest_Soilwater,206.79761220090072
2024-11-22T00:00:00,Middle_Forest_Soilwater,206.58191835068618
2024-11-23T00:00:00,Middle_Forest_Soilwater,206.47758207924045
2024-11-24T00:00:00,Middle_Forest_Soilwater,206.28267903214152
2024-11-25T00:00:00,Middle_Forest_Soilwater,205.96747489045816
2024-11-26T00:00:00,Middle_Forest_Soilwater,205.48965173795958
2024-11-27T00:00:00,Middle_Forest_Soilwater,204.92618422934603
2024-11-28T00:00:00,Middle_Forest_Soilwater,204.3084149539249
2024-11-29T00:00:00,Middle_Forest_Soilwater,203.75896091630884
2024-11-30T00:00:00,Middle_Forest_Soilwater,203.34933530041417
2024-12-01T00:00:00,Middle_Forest_Soilwater,203.2178885366514
2024-12-02T00:00:00,Middle_Forest_Soilwater,203.15728544423112
2024-12-03T00:00:00,Middle_Forest_Soilwater,203.18614868901045
2024-12-04T00:00:00,Middle_Forest_Soilwater,203.08698606995407
2024-12-05T00:00:00,Middle_Forest_Soilwater,202.75879399704093
2024-12-06T00:00:00,Middle_Forest_Soilwater,202.30297533197347
2024-12-07T00:00:00,Middle_Forest_Soilwater,201.79439508881936
2024-12-08T00:00:00,Middle_Forest_Soilwater,201.23931429028326
2024-12-09T00:00:00,Middle_Forest_Soilwater,200.66132434484044
2024-12-10T00:00:00,Middle_Forest_Soilwater,200.14841037391932
2024-12-11T00:00:00,Middle_Forest_Soilwater,199.43661783764117
2024-12-12T00:00:00,Middle_Forest_Soilwater,198.78071637028324
2024-12-13T00:00:00,Middle_Forest_Soilwater,198.19987691720985
2024-12-14T00:00:00,Middle_Forest_Soilwater,197.59661075954241
2024-12-15T00:00:00,Middle_Forest_Soilwater,196.8989446973705
2024-12-16T00:00:00,Middle_Forest_Soilwater,196.56252291921308
2024-12-17T00:00:00,Middle_Forest_Soilwater,196.57735962879084
2024-12-18T00:00:00,Middle_Forest_Soilwater,196.9317480555465
2024-12-19T00:00:00,Middle_Forest_Soilwater,197.1524275495876
2024-12-20T00:00:00,Middle_Forest_Soilwater,197.5598984680926
2024-12-21T00:00:00,Middle_Forest_Soilwater,197.81539462984688
2024-12-22T00:00:00,Middle_Forest_Soilwater,197.92355660701836
2024-12-23T00:00:00,Middle_Forest_Soilwater,198.0181941149345
2024-12-24T00:00:00,Middle_Forest_Soilwater,198.20323293615883
2024-12-25T00:00:00,Middle_Forest_Soilwater,198.42046017026692
2024-12-26T00:00:00,Middle_Forest_Soilwater,198.75360703706656
2024-12-27T00:00:00,Middle_Forest_Soilwater,199.07552756731775
2024-12-28T00:00:00,Middle_Forest_Soilwater,199.3010392696748
2024-12-29T00:00:00,Middle_Forest_Soilwater,199.40457994129963
2024-12-30T00:00:00,Middle_Forest_Soilwater,199.49874806962254
2024-12-31T00:00:00,Middle_Forest_Soilwater,199.47734985251785
2025-01-01T00:00:00,Middle_Forest_Soilwater,199.66962436882937
2025-01-02T00:00:00,Middle_Forest_Soilwater,199.74985169177205
2025-01-03T00:00:00,Middle_Forest_Soilwater,199.72230577523854
2025-01-04T00:00:00,Middle_Forest_Soilwater,199.50857268723897
2025-01-05T00:00:00,Middle_Forest_Soilwater,199.48022481950008
2025-01-06T00:00:00,Middle_Forest_Soilwater,199.4398874056754
2025-01-07T00:00:00,Middle_Forest_Soilwater,199.09915747386086
2025-01-08T00:00:00,Middle_Forest_Soilwater,198.94068203079524
2025-01-09T00:00:00,Middle_Forest_Soilwater,198.834523272469
2025-01-10T00:00:00,Middle_Forest_Soilwater,198.85730585694418
2025-01-11T00:00:00,Middle_Forest_Soilwater,199.0612560147953
2025-01-12T00:00:00,Middle_Forest_Soilwater,199.1763433874718
2025-01-13T00:00:00,Middle_Forest_Soilwater,199.19637878882037
2025-01-14T00:00:00,Middle_Forest_Soilwater,199.05610316146837
2025-01-15T00:00:00,Middle_Forest_Soilwater,198.965844599131
2025-01-16T00:00:00,Middle_Forest_Soilwater,199.0634884139692
2025-01-17T00:00:00,Middle_Forest_Soilwater,199.5914735447677
2025-01-18T00:00:00,Middle_Forest_Soilwater,200.25799874686356
2025-01-19T00:00:00,Middle_Forest_Soilwater,200.88981699370416
2025-01-20T00:00:00,Middle_Forest_Soilwater,201.51956654455796
2025-01-21T00:00:00,Middle_Forest_Soilwater,202.0591223892609
2025-01-22T00:00:00,Middle_Forest_Soilwater,202.37942647602466
2025-01-23T00:00:00,Middle_Forest_Soilwater,202.39453644147514
2025-01-24T00:00:00,Middle_Forest_Soilwater,202.4025116555812
2025-01-25T00:00:00,Middle_Forest_Soilwater,202.704223831893
2025-01-26T00:00:00,Middle_Forest_Soilwater,202.70194568664508
2025-01-27T00:00:00,Middle_Forest_Soilwater,202.66709962357507
2025-01-28T00:00:00,Middle_Forest_Soilwater,203.32728519100604
2025-01-29T00:00:00,Middle_Forest_Soilwater,203.91222240571088
2025-01-30T00:00:00,Middle_Forest_Soilwater,204.51660669537017
2025-01-31T00:00:00,Middle_Forest_Soilwater,205.1328385407371
2025-02-01T00:00:00,Middle_Forest_Soilwater,205.66100650282965
2025-02-02T00:00:00,Middle_Forest_Soilwater,206.17351878027895
2025-02-03T00:00:00,Middle_Forest_Soilwater,207.05532265947306
2025-02-04T00:00:00,Middle_Forest_Soilwater,208.19871767850074
2025-02-05T00:00:00,Middle_Forest_Soilwater,209.42945241367255
2025-02-06T00:00:00,Middle_Forest_Soilwater,210.601298865782
2025-02-07T00:00:00,Middle_Forest_Soilwater,211.76381502133296
2025-02-08T00:00:00,Middle_Forest_Soilwater,212.63258556898992
2025-02-09T00:00:00,Middle_Forest_Soilwater,213.94052310054258
2025-02-10T00:00:00,Middle_Forest_Soilwater,215.20329920893556
2025-02-11T00:00:00,Middle_Forest_Soilwater,216.53367957438314
2025-02-12T00:00:00,Middle_Forest_Soilwater,217.51297796096628
2025-02-13T00:00:00,Middle_Forest_Soilwater,218.42591829355763
2025-02-14T00:00:00,Middle_Forest_Soilwater,219.42889351717145
2025-02-15T00:00:00,Middle_Forest_Soilwater,220.15331973024266
2025-02-16T00:00:00,Middle_Forest_Soilwater,220.52980311925162
2025-02-17T00:00:00,Middle_Forest_Soilwater,221.14278787117013
2025-02-18T00:00:00,Middle_Forest_Soilwater,221.71379419533082
2025-02-19T00:00:00,Middle_Forest_Soilwater,222.09798843686607
2025-02-20T00:00:00,Middle_Forest_Soilwater,222.882116963065
2025-02-21T00:00:00,Middle_Forest_Soilwater,223.4606115235402
2025-02-22T00:00:00,Middle_Forest_Soilwater,224.13408272632688
2025-02-23T00:00:00,Middle_Forest_Soilwater,224.7429556551625
2025-02-24T00:00:00,Middle_Forest_Soilwater,225.32401925759652
2025-02-25T00:00:00,Middle_Forest_Soilwater,225.84697649978716
2025-02-26T00:00:00,Middle_Forest_Soilwater,226.37938801775874
2025-02-27T00:00:00,Middle_Forest_Soilwater,226.38027855363327
2025-02-28T00:00:00,Middle_Forest_Soilwater,226.4006625198887
2025-03-01T00:00:00,Middle_Forest_Soilwater,226.78879051648997
2025-03-02T00:00:00,Middle_Forest_Soilwater,227.13810571343112
2025-03-03T00:00:00,Middle_Forest_Soilwater,227.1221325381775
2025-03-04T00:00:00,Middle_Forest_Soilwater,227.28499277068846
2025-03-05T00:00:00,Middle_Forest_Soilwater,227.3756380792426
2025-03-06T00:00:00,Middle_Forest_Soilwater,227.7440696423065
2025-03-07T00:00:00,Middle_Forest_Soilwater,228.16034534678752
2025-03-08T00:00:00,Middle_Forest_Soilwater,228.7674420985621
2025-03-09T00:00:00,Middle_Forest_Soilwater,229.36163799938194
2025-03-10T00:00:00,Middle_Forest_Soilwater,229.8964143101198
2025-03-11T00:00:00,Middle_Forest_Soilwater,230.4299629897839
2025-03-12T00:00:00,Middle_Forest_Soilwater,230.81761522154625
2025-03-13T00:00:00,Middle_Forest_Soilwater,230.81680852781102
2025-03-14T00:00:00,Middle_Forest_Soilwater,230.6338038000144
2025-03-15T00:00:00,Middle_Forest_Soilwater,230.90670368458063
2025-03-16T00:00:00,Middle_Forest_Soilwater,231.2773789501344
2025-03-17T00:00:00,Middle_Forest_Soilwater,231.39787893311274
2025-03-18T00:00:00,Middle_Forest_Soilwater,231.33143121595145
2025-03-19T00:00:00,Middle_Forest_Soilwater,231.31621789924276
2025-03-20T00:00:00,Middle_Forest_Soilwater,231.5578387898742
2025-03-21T00:00:00,Middle_Forest_Soilwater,231.63830903350103
2025-03-22T00:00:00,Middle_Forest_Soilwater,231.7363113687271
2025-03-23T00:00:00,Middle_Forest_Soilwater,231.75949467200562
2025-03-24T00:00:00,Middle_Forest_Soilwater,231.67531582009394
2025-03-25T00:00:00,Middle_Forest_Soilwater,231.81584038388058
2025-03-26T00:00:00,Middle_Forest_Soilwater,231.8586995455829
2025-03-27T00:00:00,Middle_Forest_Soilwater,231.99467976679674
2025-03-28T00:00:00,Middle_Forest_Soilwater,232.5002104579022
2025-03-29T00:00:00,Middle_Forest_Soilwater,233.30317979665676
2025-03-30T00:00:00,Middle_Forest_Soilwater,233.7609180585858
2025-03-31T00:00:00,Middle_Forest_Soilwater,234.24711500998066
2025-04-01T00:00:00,Middle_Forest_Soilwater,234.77924309551565
2025-04-02T00:00:00,Middle_Forest_Soilwater,235.14268931200874
2025-04-03T00:00:00,Middle_Forest_Soilwater,235.5123978010488
2025-04-04T00:00:00,Middle_Forest_Soilwater,235.7680743622243
2025-04-05T00:00:00,Middle_Forest_Soilwater,236.0033473795885
2025-04-06T00:00:00,Middle_Forest_Soilwater,236.28068116669183
2025-04-07T00:00:00,Middle_Forest_Soilwater,236.7250208310965
2025-04-08T00:00:00,Middle_Forest_Soilwater,237.06288685588126
2025-04-09T00:00:00,Middle_Forest_Soilwater,237.2241572220136
2025-04-10T00:00:00,Middle_Forest_Soilwater,237.36165290798485
2025-04-11T00:00:00,Middle_Forest_Soilwater,238.02929066305467
2025-04-12T00:00:00,Middle_Forest_Soilwater,239.1626995423442
2025-04-13T00:00:00,Middle_Forest_Soilwater,240.23976753370476
2025-04-14T00:00:00,Middle_Forest_Soilwater,241.20912872592928
2025-04-15T00:00:00,Middle_Forest_Soilwater,242.08155379893134
2025-04-16T00:00:00,Middle_Forest_Soilwater,242.8667363646332
2025-04-17T00:00:00,Middle_Forest_Soilwater,243.61615067376488
2025-04-18T00:00:00,Middle_Forest_Soilwater,244.2906235519834
2025-04-19T00:00:00,Middle_Forest_Soilwater,244.89764914238006
2025-04-20T00:00:00,Middle_Forest_Soilwater,245.44397217373705
2025-04-21T00:00:00,Middle_Forest_Soilwater,245.93566290195835
2025-04-22T00:00:00,Middle_Forest_Soilwater,246.3781845573575
2025-04-23T00:00:00,Middle_Forest_Soilwater,246.77645404721676
2025-04-24T00:00:00,Middle_Forest_Soilwater,247.13489658809007
2025-04-25T00:00:00,Middle_Forest_Soilwater,247.45749487487606
2025-04-26T00:00:00,Middle_Forest_Soilwater,247.74783333298345
2025-04-27T00:00:00,Middle_Forest_Soilwater,248.0091379452801
2025-04-28T00:00:00,Middle_Forest_Soilwater,248.24431209634707
2025-04-29T00:00:00,Middle_Forest_Soilwater,248.49871883230736
2025-04-30T00:00:00,Middle_Forest_Soilwater,248.72768489467163
2025-05-01T00:00:00,Middle_Forest_Soilwater,248.93375435079946
2025-05-02T00:00:00,Middle_Forest_Soilwater,249.11921686131453
2025-05-03T00:00:00,Middle_Forest_Soilwater,249.52838312077807
2025-05-04T00:00:00,Middle_Forest_Soilwater,249.89663275429527
2025-05-05T00:00:00,Middle_Forest_Soilwater,250.1209556512063
2025-05-06T00:00:00,Middle_Forest_Soilwater,250.28898623921046
2025-05-07T00:00:00,Middle_Forest_Soilwater,250.546532551366
2025-05-08T00:00:00,Middle_Forest_Soilwater,250.79069124121187
2025-05-09T00:00:00,Middle_Forest_Soilwater,250.99793133399626
2025-05-10T00:00:00,Middle_Forest_Soilwater,251.48224745645996
2025-05-11T00:00:00,Middle_Forest_Soilwater,251.8495632109102
2025-05-12T00:00:00,Middle_Forest_Soilwater,252.22759127395946
2025-05-13T00:00:00,Middle_Forest_Soilwater,252.61897627278984
2025-05-14T00:00:00,Middle_Forest_Soilwater,253.14452920155966
2025-05-15T00:00:00,Middle_Forest_Soilwater,253.6144922124096
2025-05-16T00:00:00,Middle_Forest_Soilwater,254.12204682001567
2025-05-17T00:00:00,Middle_Forest_Soilwater,254.52019414700266
2025-05-18T00:00:00,Middle_Forest_Soilwater,254.9286573255044
2025-05-19T00:00:00,Middle_Forest_Soilwater,255.15698351829832
2025-05-20T00:00:00,Middle_Forest_Soilwater,255.380462397939
2025-05-21T00:00:00,Middle_Forest_Soilwater,255.8163386437857
2025-05-22T00:00:00,Middle_Forest_Soilwater,256.4304449298404
2025-05-23T00:00:00,Middle_Forest_Soilwater,257.09714058728963
2025-05-24T00:00:00,Middle_Forest_Soilwater,258.08934963352846
2025-05-25T00:00:00,Middle_Forest_Soilwater,258.78012099185577
2025-05-26T00:00:00,Middle_Forest_Soilwater,259.15142081859545
2025-05-27T00:00:00,Middle_Forest_Soilwater,259.32640631468087
2025-05-28T00:00:00,Middle_Forest_Soilwater,259.7673837742351
2025-05-29T00:00:00,Middle_Forest_Soilwater,260.2562624078075
2025-05-30T00:00:00,Middle_Forest_Soilwater,260.7490216751897
2025-05-31T00:00:00,Middle_Forest_Soilwater,261.16061683816633
2025-06-01T00:00:00,Middle_Forest_Soilwater,261.56491004425106
2025-06-02T00:00:00,Middle_Forest_Soilwater,262.08675083141856
2025-06-03T00:00:00,Middle_Forest_Soilwater,262.49939722000744
2025-06-04T00:00:00,Middle_Forest_Soilwater,262.72337722997645
2025-06-05T00:00:00,Middle_Forest_Soilwater,262.97656741446093
2025-06-06T00:00:00,Middle_Forest_Soilwater,263.13001402488226
2025-06-07T00:00:00,Middle_Forest_Soilwater,262.86136602144643
2025-06-08T00:00:00,Middle_Forest_Soilwater,262.6197888479329
2025-06-09T00:00:00,Middle_Forest_Soilwater,262.063489948267
2025-06-10T00:00:00,Middle_Forest_Soilwater,261.8009469459434
2025-06-11T00:00:00,Middle_Forest_Soilwater,261.69090378630153
2025-06-12T00:00:00,Middle_Forest_Soilwater,261.36414112350144
2025-06-13T00:00:00,Middle_Forest_Soilwater,261.0827764348982
2025-06-14T00:00:00,Middle_Forest_Soilwater,261.54467702936427
2025-06-15T00:00:00,Middle_Forest_Soilwater,262.26170236593447
2025-06-16T00:00:00,Middle_Forest_Soilwater,263.27829161197025
2025-06-17T00:00:00,Middle_Forest_Soilwater,264.09649719902717
2025-06-18T00:00:00,Middle_Forest_Soilwater,264.91993448831613
2025-06-19T00:00:00,Middle_Forest_Soilwater,266.18827804867624
2025-06-20T00:00:00,Middle_Forest_Soilwater,267.13041156285135
2025-06-21T00:00:00,Middle_Forest_Soilwater,267.34698307204485
2025-06-22T00:00:00,Middle_Forest_Soilwater,267.7327641462774
2025-06-23T00:00:00,Middle_Forest_Soilwater,268.08005727820034
2025-06-24T00:00:00,Middle_Forest_Soilwater,268.59780948353654
2025-06-25T00:00:00,Middle_Forest_Soilwater,269.04749874819294
2025-06-26T00:00:00,Middle_Forest_Soilwater,269.3785705427189
2025-06-27T00:00:00,Middle_Forest_Soilwater,269.4687105212611
2025-06-28T00:00:00,Middle_Forest_Soilwater,269.48565219558765
2025-06-29T00:00:00,Middle_Forest_Soilwater,269.3658221283969
2025-06-30T00:00:00,Middle_Forest_Soilwater,269.1955190421198
2025-07-01T00:00:00,Middle_Forest_Soilwater,269.3197344176354
2025-07-02T00:00:00,Middle_Forest_Soilwater,269.62233253383425
2025-07-03T00:00:00,Middle_Forest_Soilwater,269.70734701785466
2025-07-04T00:00:00,Middle_Forest_Soilwater,269.8488898570875
2025-07-05T00:00:00,Middle_Forest_Soilwater,269.86995451930983
2025-07-06T00:00:00,Middle_Forest_Soilwater,269.6534206062002
2025-07-07T00:00:00,Middle_Forest_Soilwater,269.3521232787564
2025-07-08T00:00:00,Middle_Forest_Soilwater,269.55362548003035
2025-07-09T00:00:00,Middle_Forest_Soilwater,270.36861808076685
2025-07-10T00:00:00,Middle_Forest_Soilwater,271.1905085733976
2025-07-11T00:00:00,Middle_Forest_Soilwater,271.80946358549437
2025-07-12T00:00:00,Middle_Forest_Soilwater,272.0022974006007
2025-07-13T00:00:00,Middle_Forest_Soilwater,272.14964071013895
2025-07-14T00:00:00,Middle_Forest_Soilwater,272.0548226677991
2025-07-15T00:00:00,Middle_Forest_Soilwater,272.04358521115955
2025-07-16T00:00:00,Middle_Forest_Soilwater,272.01140883422875
2025-07-17T00:00:00,Middle_Forest_Soilwater,271.95534292186386
2025-07-18T00:00:00,Middle_Forest_Soilwater,271.55790426283295
2025-07-19T00:00:00,Middle_Forest_Soilwater,271.2876772949775
2025-07-20T00:00:00,Middle_Forest_Soilwater,270.9770033899291
2025-07-21T00:00:00,Middle_Forest_Soilwater,270.3585897132864
2025-07-22T00:00:00,Middle_Forest_Soilwater,269.6014468797859
2025-07-23T00:00:00,Middle_Forest_Soilwater,268.94180073321246
2025-07-24T00:00:00,Middle_Forest_Soilwater,268.56117412227445
2025-07-25T00:00:00,Middle_Forest_Soilwater,268.2410017953523
2025-07-26T00:00:00,Middle_Forest_Soilwater,267.72566464032997
2025-07-27T00:00:00,Middle_Forest_Soilwater,266.9207530126278
2025-07-28T00:00:00,Middle_Forest_Soilwater,265.86222531252776
2025-07-29T00:00:00,Middle_Forest_Soilwater,264.5862565997757
2025-07-30T00:00:00,Middle_Forest_Soilwater,263.90522508250984
2025-07-31T00:00:00,Middle_Forest_Soilwater,264.01195366537723
2025-08-01T00:00:00,Middle_Forest_Soilwater,264.2824582511976
2025-08-02T00:00:00,Middle_Forest_Soilwater,264.33518692759685
2025-08-03T00:00:00,Middle_Forest_Soilwater,264.2933154022809
2025-08-04T00:00:00,Middle_Forest_Soilwater,264.29860627829544
2025-08-05T00:00:00,Middle_Forest_Soilwater,264.2103200735492
2025-08-06T00:00:00,Middle_Forest_Soilwater,264.1670095842291
2025-08-07T00:00:00,Middle_Forest_Soilwater,264.30918902786857
2025-08-08T00:00:00,Middle_Forest_Soilwater,264.6838011808994
2025-08-09T00:00:00,Middle_Forest_Soilwater,264.87263043635824
2025-08-10T00:00:00,Middle_Forest_Soilwater,265.17113113627147
2025-08-11T00:00:00,Middle_Forest_Soilwater,265.3284693011566
2025-08-12T00:00:00,Middle_Forest_Soilwater,265.3846155708917
2025-08-13T00:00:00,Middle_Forest_Soilwater,265.24242826665227
2025-08-14T00:00:00,Middle_Forest_Soilwater,265.18602194220654
2025-08-15T00:00:00,Middle_Forest_Soilwater,265.04690776520323
2025-08-16T00:00:00,Middle_Forest_Soilwater,264.25711139363705
2025-08-17T00:00:00,Middle_Forest_Soilwater,263.3177598748409
2025-08-18T00:00:00,Middle_Forest_Soilwater,262.33367582818
2025-08-19T00:00:00,Middle_Forest_Soilwater,262.49317969521206
2025-08-20T00:00:00,Middle_Forest_Soilwater,262.2633018973971
2025-08-21T00:00:00,Middle_Forest_Soilwater,261.7484049307042
2025-08-22T00:00:00,Middle_Forest_Soilwater,260.88795724485357
2025-08-23T00:00:00,Middle_Forest_Soilwater,259.8327897629709
2025-08-24T00:00:00,Middle_Forest_Soilwater,258.6723105723511
2025-08-25T00:00:00,Middle_Forest_Soilwater,257.5956302873745
2025-08-26T00:00:00,Middle_Forest_Soilwater,256.93392140141503
2025-08-27T00:00:00,Middle_Forest_Soilwater,256.75032498191547
2025-08-28T00:00:00,Middle_Forest_Soilwater,256.59173061815807
2025-08-29T00:00:00,Middle_Forest_Soilwater,256.05658234136246
2025-08-30T00:00:00,Middle_Forest_Soilwater,255.7687185041831
2025-08-31T00:00:00,Middle_Forest_Soilwater,255.42671533892553
2025-09-01T00:00:00,Middle_Forest_Soilwater,254.92754468311767
2025-09-02T00:00:00,Middle_Forest_Soilwater,254.37224879325385
2025-09-03T00:00:00,Middle_Forest_Soilwater,253.92660776472263
2025-09-04T00:00:00,Middle_Forest_Soilwater,253.2448282997361
2025-09-05T00:00:00,Middle_Forest_Soilwater,252.30972833455428
2025-09-06T00:00:00,Middle_Forest_Soilwater,251.44698373476882
2025-09-07T00:00:00,Middle_Forest_Soilwater,250.54355070547894
2025-09-08T00:00:00,Middle_Forest_Soilwater,249.40900385720772
2025-09-09T00:00:00,Middle_Forest_Soilwater,248.03513159124398
2025-09-10T00:00:00,Middle_Forest_Soilwater,246.73813317453866
2025-09-11T00:00:00,Middle_Forest_Soilwater,245.52757212939653
2025-09-12T00:00:00,Middle_Forest_Soilwater,244.62747074371512
2025-09-13T00:00:00,Middle_Forest_Soilwater,243.92479465668066
2025-09-14T00:00:00,Middle_Forest_Soilwater,243.27567686286275
2025-09-15T00:00:00,Middle_Forest_Soilwater,242.35332881537653
2025-09-16T00:00:00,Middle_Forest_Soilwater,241.5200721714892
2025-09-17T00:00:00,Middle_Forest_Soilwater,240.87761937225972
2025-09-18T00:00:00,Middle_Forest_Soilwater,239.9297587303486
2025-09-19T00:00:00,Middle_Forest_Soilwater,239.67939612582063
2025-09-20T00:00:00,Middle_Forest_Soilwater,239.4660114893039
2025-09-21T00:00:00,Middle_Forest_Soilwater,239.26314185827025
2025-09-22T00:00:00,Middle_Forest_Soilwater,239.0207277833461
2025-09-23T00:00:00,Middle_Forest_Soilwater,238.8419810143379
2025-09-24T00:00:00,Middle_Forest_Soilwater,238.26765697141357
2025-09-25T00:00:00,Middle_Forest_Soilwater,237.75856714803177
2025-09-26T00:00:00,Middle_Forest_Soilwater,237.19653226917197
2025-09-27T00:00:00,Middle_Forest_Soilwater,236.91902410890992
2025-09-28T00:00:00,Middle_Forest_Soilwater,237.01431268374745
2025-09-29T00:00:00,Middle_Forest_Soilwater,236.88226912128945
2025-09-30T00:00:00,Middle_Forest_Soilwater,236.7067455562091
2025-10-01T00:00:00,Middle_Forest_Soilwater,236.44131150320047
2025-10-02T00:00:00,Middle_Forest_Soilwater,235.99075247114544
2025-10-03T00:00:00,Middle_Forest_Soilwater,235.56647594474245
2025-10-04T00:00:00,Middle_Forest_Soilwater,234.84909911005786
2025-10-05T00:00:00,Middle_Forest_Soilwater,233.9715278823726
2025-10-06T00:00:00,Middle_Forest_Soilwater,233.01533728804995
2025-10-07T00:00:00,Middle_Forest_Soilwater,231.8073092224478
2025-10-08T00:00:00,Middle_Forest_Soilwater,230.52367581305967
2025-10-09T00:00:00,Middle_Forest_Soilwater,229.20229992853638
2025-10-10T00:00:00,Middle_Forest_Soilwater,227.96306621330223
2025-10-11T00:00:00,Middle_Forest_Soilwater,226.97330001409435
2025-10-12T00:00:00,Middle_Forest_Soilwater,226.00439474224981
2025-10-13T00:00:00,Middle_Forest_Soilwater,224.81337002558018
2025-10-14T00:00:00,Middle_Forest_Soilwater,223.6746766966879
2025-10-15T00:00:00,Middle_Forest_Soilwater,222.51626675050952
2025-10-16T00:00:00,Middle_Forest_Soilwater,221.26871412712632
2025-10-17T00:00:00,Middle_Forest_Soilwater,220.01562052634674
2025-10-18T00:00:00,Middle_Forest_Soilwater,218.76616266797325
2025-10-19T00:00:00,Middle_Forest_Soilwater,217.69044576493843
2025-10-20T00:00:00,Middle_Forest_Soilwater,216.4947588611303
2025-10-21T00:00:00,Middle_Forest_Soilwater,215.65805391057165
2025-10-22T00:00:00,Middle_Forest_Soilwater,214.67072398437537
2025-10-23T00:00:00,Middle_Forest_Soilwater,213.56187940174087
2025-10-24T00:00:00,Middle_Forest_Soilwater,212.35279462550452
2025-10-25T00:00:00,Middle_Forest_Soilwater,211.0903553692608
2025-10-26T00:00:00,Middle_Forest_Soilwater,209.85194745154806
2025-10-27T00:00:00,Middle_Forest_Soilwater,208.6915582590303
2025-10-28T00:00:00,Middle_Forest_Soilwater,207.4743778521052
2025-10-29T00:00:00,Middle_Forest_Soilwater,206.19217883335796
2025-10-30T00:00:00,Middle_Forest_Soilwater,205.9415224548013
2025-10-31T00:00:00,Middle_Forest_Soilwater,205.58705237978887
2025-11-01T00:00:00,Middle_Forest_Soilwater,205.12820852019556
2025-11-02T00:00:00,Middle_Forest_Soilwater,205.06071258962032
2025-11-03T00:00:00,Middle_Forest_Soilwater,204.73876600975188
2025-11-04T00:00:00,Middle_Forest_Soilwater,204.13539022769461
2025-11-05T00:00:00,Middle_Forest_Soilwater,203.7575303705504
2025-11-06T00:00:00,Middle_Forest_Soilwater,204.11928742363548
2025-11-07T00:00:00,Middle_Forest_Soilwater,204.90781509264386
2025-11-08T00:00:00,Middle_Forest_Soilwater,205.44713757791817
2025-11-09T00:00:00,Middle_Forest_Soilwater,206.07769940084108
2025-11-10T00:00:00,Middle_Forest_Soilwater,206.5952426072283
2025-11-11T00:00:00,Middle_Forest_Soilwater,207.52861603356487
2025-11-12T00:00:00,Middle_Forest_Soilwater,208.32747481681454
2025-11-13T00:00:00,Middle_Forest_Soilwater,209.2131467019649
2025-11-14T00:00:00,Middle_Forest_Soilwater,209.88534653750813
2025-11-15T00:00:00,Middle_Forest_Soilwater,210.63329131523724
2025-11-16T00:00:00,Middle_Forest_Soilwater,211.16521210310995
2025-11-17T00:00:00,Middle_Forest_Soilwater,211.90229682895927
2025-11-18T00:00:00,Middle_Forest_Soilwater,212.5502909038963
2025-11-19T00:00:00,Middle_Forest_Soilwater,213.37247015336737
2025-11-20T00:00:00,Middle_Forest_Soilwater,214.18687556072905
2025-11-21T00:00:00,Middle_Forest_Soilwater,214.79557727920718
2025-11-22T00:00:00,Middle_Forest_Soilwater,215.1906093484281
2025-11-23T00:00:00,Middle_Forest_Soilwater,215.82688555555694
2025-11-24T00:00:00,Middle_Forest_Soilwater,216.3877690115956
2025-11-25T00:00:00,Middle_Forest_Soilwater,216.94071669895064
2025-11-26T00:00:00,Middle_Forest_Soilwater,217.5438547903298
2025-11-27T00:00:00,Middle_Forest_Soilwater,217.76725091868764
2025-11-28T00:00:00,Middle_Forest_Soilwater,217.95002965476584
2025-11-29T00:00:00,Middle_Forest_Soilwater,218.00747740853024
2025-11-30T00:00:00,Middle_Forest_Soilwater,218.10650149109284
2025-12-01T00:00:00,Middle_Forest_Soilwater,218.06104370921068
2025-12-02T00:00:00,Middle_Forest_Soilwater,217.88172207242033
2025-12-03T00:00:00,Middle_Forest_Soilwater,217.550345031134
2025-12-04T00:00:00,Middle_Forest_Soilwater,217.10416242270068
2025-12-05T00:00:00,Middle_Forest_Soilwater,216.4683021654623
2025-12-06T00:00:00,Middle_Forest_Soilwater,215.8796368264658
2025-12-07T00:00:00,Middle_Forest_Soilwater,215.33535338546824
2025-12-08T00:00:00,Middle_Forest_Soilwater,214.6618742043397
2025-12-09T00:00:00,Middle_Forest_Soilwater,214.14123289675373
2025-12-10T00:00:00,Middle_Forest_Soilwater,213.66824062132827
2025-12-11T00:00:00,Middle_Forest_Soilwater,213.1935829611909
2025-12-12T00:00:00,Middle_Forest_Soilwater,212.74890660191764
2025-12-13T00:00:00,Middle_Forest_Soilwater,212.2114581758612
2025-12-14T00:00:00,Middle_Forest_Soilwater,211.66635609983405
2025-12-15T00:00:00,Middle_Forest_Soilwater,211.20300486749028
2025-12-16T00:00:00,Middle_Forest_Soilwater,210.66561430597756
2025-12-17T00:00:00,Middle_Forest_Soilwater,210.06482863413595
2025-12-18T00:00:00,Middle_Forest_Soilwater,209.51482702830634
2025-12-19T00:00:00,Middle_Forest_Soilwater,208.93298057419372
2025-12-20T00:00:00,Middle_Forest_Soilwater,208.31550882537329
2025-12-21T00:00:00,Middle_Forest_Soilwater,207.6968980665911
2025-12-22T00:00:00,Middle_Forest_Soilwater,208.1413000553577
2025-12-23T00:00:00,Middle_Forest_Soilwater,208.77633769203786
2025-12-24T00:00:00,Middle_Forest_Soilwater,209.59784166010928
2025-12-25T00:00:00,Middle_Forest_Soilwater,210.36560214692338
2025-12-26T00:00:00,Middle_Forest_Soilwater,211.14376343979313
2025-12-27T00:00:00,Middle_Forest_Soilwater,211.58543697385917
2025-12-28T00:00:00,Middle_Forest_Soilwater,211.76345820911004
2025-12-29T00:00:00,Middle_Forest_Soilwater,211.77046933737046
2025-12-30T00:00:00,Middle_Forest_Soilwater,211.82386004740678
2025-12-31T00:00:00,Middle_Forest_Soilwater,212.15131914943328
2026-01-01T00:00:00,Middle_Forest_Soilwater,212.36872535270382
2026-01-02T00:00:00,Middle_Forest_Soilwater,212.29211167500864
2026-01-03T00:00:00,Middle_Forest_Soilwater,212.16553927771437
2026-01-04T00:00:00,Middle_Forest_Soilwater,211.9099945785969
2026-01-05T00:00:00,Middle_Forest_Soilwater,211.5661765530651
2026-01-06T00:00:00,Middle_Forest_Soilwater,211.50471350217404
2026-01-07T00:00:00,Middle_Forest_Soilwater,212.4188625661286
2026-01-08T00:00:00,Middle_Forest_Soilwater,213.3013040289016
2026-01-09T00:00:00,Middle_Forest_Soilwater,214.13336118833388
2026-01-10T00:00:00,Middle_Forest_Soilwater,214.71883357793573
2026-01-11T00:00:00,Middle_Forest_Soilwater,215.33439417687794
2026-01-12T00:00:00,Middle_Forest_Soilwater,216.3604714751794
2026-01-13T00:00:00,Middle_Forest_Soilwater,217.225034244765
2026-01-14T00:00:00,Middle_Forest_Soilwater,217.93833757558176
2026-01-15T00:00:00,Middle_Forest_Soilwater,218.64216810926624
2026-01-16T00:00:00,Middle_Forest_Soilwater,219.3228142619549
2026-01-17T00:00:00,Middle_Forest_Soilwater,219.92944255704015
2026-01-18T00:00:00,Middle_Forest_Soilwater,220.89590521429676
2026-01-19T00:00:00,Middle_Forest_Soilwater,221.40941525501313
2026-01-20T00:00:00,Middle_Forest_Soilwater,222.1005344405589
2026-01-21T00:00:00,Middle_Forest_Soilwater,222.8534290599301
2026-01-22T00:00:00,Middle_Forest_Soilwater,223.6470828496345
2026-01-23T00:00:00,Middle_Forest_Soilwater,224.35464478670613
2026-01-24T00:00:00,Middle_Forest_Soilwater,224.75244774698436
2026-01-25T00:00:00,Middle_Forest_Soilwater,225.06457369333512
2026-01-26T00:00:00,Middle_Forest_Soilwater,225.18107843476676
2026-01-27T00:00:00,Middle_Forest_Soilwater,225.04673293078844
2026-01-28T00:00:00,Middle_Forest_Soilwater,224.73985688169162
2026-01-29T00:00:00,Middle_Forest_Soilwater,224.83237431285693
2026-01-30T00:00:00,Middle_Forest_Soilwater,225.2547587493519
2026-01-31T00:00:00,Middle_Forest_Soilwater,225.7774333448927
2026-02-01T00:00:00,Middle_Forest_Soilwater,226.26010449076458
2026-02-02T00:00:00,Middle_Forest_Soilwater,226.22747929796068
2026-02-03T00:00:00,Middle_Forest_Soilwater,226.20655422843987
2026-02-04T00:00:00,Middle_Forest_Soilwater,226.14048662466942
2026-02-05T00:00:00,Middle_Forest_Soilwater,226.4785261091056
2026-02-06T00:00:00,Middle_Forest_Soilwater,227.2387862069668
2026-02-07T00:00:00,Middle_Forest_Soilwater,227.87346342364705
2026-02-08T00:00:00,Middle_Forest_Soilwater,228.27744299187412
2026-02-09T00:00:00,Middle_Forest_Soilwater,228.4797335054579
2026-02-10T00:00:00,Middle_Forest_Soilwater,228.69216507275178
2026-02-11T00:00:00,Middle_Forest_Soilwater,228.81872585054464
2026-02-12T00:00:00,Middle_Forest_Soilwater,229.0132788133099
2026-02-13T00:00:00,Middle_Forest_Soilwater,229.1153956726314
2026-02-14T00:00:00,Middle_Forest_Soilwater,229.15521141065236
2026-02-15T00:00:00,Middle_Forest_Soilwater,229.146802867819
2026-02-16T00:00:00,Middle_Forest_Soilwater,229.11883040732715
2026-02-17T00:00:00,Middle_Forest_Soilwater,229.1526531735295
2026-02-18T00:00:00,Middle_Forest_Soilwater,229.13809541358773
2026-02-19T00:00:00,Middle_Forest_Soilwater,229.19377105130044
2026-02-20T00:00:00,Middle_Forest_Soilwater,229.2285108638846
2026-02-21T00:00:00,Middle_Forest_Soilwater,229.3205935233732
2026-02-22T00:00:00,Middle_Forest_Soilwater,229.45453083918375
2026-02-23T00:00:00,Middle_Forest_Soilwater,229.38159456438967
2026-02-24T00:00:00,Middle_Forest_Soilwater,229.3412581993555
2026-02-25T00:00:00,Middle_Forest_Soilwater,229.51470484216975
2026-02-26T00:00:00,Middle_Forest_Soilwater,229.89095411178207
2026-02-27T00:00:00,Middle_Forest_Soilwater,230.11450286328974
2026-02-28T00:00:00,Middle_Forest_Soilwater,230.26560716518108
2026-03-01T00:00:00,Middle_Forest_Soilwater,230.46299301855754
2026-03-02T00:00:00,Middle_Forest_Soilwater,230.65595017522784
2026-03-03T00:00:00,Middle_Forest_Soilwater,230.8395720506226
2026-03-04T00:00:00,Middle_Forest_Soilwater,230.90829620942853
2026-03-05T00:00:00,Middle_Forest_Soilwater,231.03419903916665
2026-03-06T00:00:00,Middle_Forest_Soilwater,231.0029458466482
2026-03-07T00:00:00,Middle_Forest_Soilwater,231.12598008848497
2026-03-08T00:00:00,Middle_Forest_Soilwater,231.26852000912768
2026-03-09T00:00:00,Middle_Forest_Soilwater,231.39296991738078
2026-03-10T00:00:00,Middle_Forest_Soilwater,231.45130175363644
2026-03-11T00:00:00,Middle_Forest_Soilwater,231.5790286885922
2026-03-12T00:00:00,Middle_Forest_Soilwater,231.65968750619467
2026-03-13T00:00:00,Middle_Forest_Soilwater,231.69021633055627
2026-03-14T00:00:00,Middle_Forest_Soilwater,232.09061482134473
2026-03-15T00:00:00,Middle_Forest_Soilwater,232.48344494496288
2026-03-16T00:00:00,Middle_Forest_Soilwater,232.83520703069485
2026-03-17T00:00:00,Middle_Forest_Soilwater,233.0243684930618
2026-03-18T00:00:00,Middle_Forest_Soilwater,233.3437169980106
2026-03-19T00:00:00,Middle_Forest_Soilwater,233.90343503618237
2026-03-20T00:00:00,Middle_Forest_Soilwater,234.59065997107365
2026-03-21T00:00:00,Middle_Forest_Soilwater,234.94501052233818
2026-03-22T00:00:00,Middle_Forest_Soilwater,235.50846091987304
2026-03-23T00:00:00,Middle_Forest_Soilwater,236.15381867471754
2026-03-24T00:00:00,Middle_Forest_Soilwater,236.69436608719403
2026-03-25T00:00:00,Middle_Forest_Soilwater,237.21710586861806
2026-03-26T00:00:00,Middle_Forest_Soilwater,237.68757167189972
2026-03-27T00:00:00,Middle_Forest_Soilwater,238.1109908948532
2026-03-28T00:00:00,Middle_Forest_Soilwater,238.4920681955113
2026-03-29T00:00:00,Middle_Forest_Soilwater,238.83503776610362
2026-03-30T00:00:00,Middle_Forest_Soilwater,239.1437103796367
2026-03-31T00:00:00,Middle_Forest_Soilwater,239.53551573181647
2026-04-01T00:00:00,Middle_Forest_Soilwater,239.88814054877827
2026-04-02T00:00:00,Middle_Forest_Soilwater,240.00727779487545
2026-04-03T00:00:00,Middle_Forest_Soilwater,239.92824174898038
2026-04-04T00:00:00,Middle_Forest_Soilwater,239.80005894169454
2026-04-05T00:00:00,Middle_Forest_Soilwater,239.9097083395975
2026-04-06T00:00:00,Middle_Forest_Soilwater,240.19411026776527
2026-04-07T00:00:00,Middle_Forest_Soilwater,240.45007200311628
2026-04-08T00:00:00,Middle_Forest_Soilwater,240.71368756493217
2026-04-09T00:00:00,Middle_Forest_Soilwater,241.00557659235963
2026-04-10T00:00:00,Middle_Forest_Soilwater,241.1259425183965
2026-04-11T00:00:00,Middle_Forest_Soilwater,241.4741557629603
2026-04-12T00:00:00,Middle_Forest_Soilwater,242.2387976830677
2026-04-13T00:00:00,Middle_Forest_Soilwater,243.01722541116436
2026-04-14T00:00:00,Middle_Forest_Soilwater,243.99331036645137
2026-04-15T00:00:00,Middle_Forest_Soilwater,244.59869033787982
2026-04-16T00:00:00,Middle_Forest_Soilwater,245.18376508880348
2026-04-17T00:00:00,Middle_Forest_Soilwater,246.108986735387
2026-04-18T00:00:00,Middle_Forest_Soilwater,246.6672246419153
2026-04-19T00:00:00,Middle_Forest_Soilwater,247.29365756738153
2026-04-20T00:00:00,Middle_Forest_Soilwater,247.89401530205097
2026-04-21T00:00:00,Middle_Forest_Soilwater,248.68126786030138
2026-04-22T00:00:00,Middle_Forest_Soilwater,249.38979516272676
2026-04-23T00:00:00,Middle_Forest_Soilwater,250.1943713997834
2026-04-24T00:00:00,Middle_Forest_Soilwater,251.11170351474794
2026-04-25T00:00:00,Middle_Forest_Soilwater,251.93730241821603
2026-04-26T00:00:00,Middle_Forest_Soilwater,252.74209143133731
2026-04-27T00:00:00,Middle_Forest_Soilwater,253.46640154314647
2026-04-28T00:00:00,Middle_Forest_Soilwater,254.35578064377472
2026-04-29T00:00:00,Middle_Forest_Soilwater,255.15622183434013
2026-04-30T00:00:00,Middle_Forest_Soilwater,255.93316042632955
2026-05-01T00:00:00,Middle_Forest_Soilwater,256.65244656796705
2026-05-02T00:00:00,Middle_Forest_Soilwater,257.55403781486507
2026-05-03T00:00:00,Middle_Forest_Soilwater,258.90553833574256
2026-05-04T00:00:00,Middle_Forest_Soilwater,260.43952562935954
2026-05-05T00:00:00,Middle_Forest_Soilwater,262.0338641936148
2026-05-06T00:00:00,Middle_Forest_Soilwater,263.5780189014446
2026-05-07T00:00:00,Middle_Forest_Soilwater,264.9677581384914
2026-05-08T00:00:00,Middle_Forest_Soilwater,266.21852345183345
2026-05-09T00:00:00,Middle_Forest_Soilwater,267.34421223384135
2026-05-10T00:00:00,Middle_Forest_Soilwater,268.3573321376484
2026-05-11T00:00:00,Middle_Forest_Soilwater,269.3973900510748
2026-05-12T00:00:00,Middle_Forest_Soilwater,269.9621772086546
2026-05-13T00:00:00,Middle_Forest_Soilwater,270.6838807769713
2026-05-14T00:00:00,Middle_Forest_Soilwater,271.25019254805505
2026-05-15T00:00:00,Middle_Forest_Soilwater,271.7198783201078
2026-05-16T00:00:00,Middle_Forest_Soilwater,272.28326191452874
2026-05-17T00:00:00,Middle_Forest_Soilwater,272.6730855540861
2026-05-18T00:00:00,Middle_Forest_Soilwater,273.1705420298984
2026-05-19T00:00:00,Middle_Forest_Soilwater,273.6182528581295
2026-05-20T00:00:00,Middle_Forest_Soilwater,273.94943259175113
2026-05-21T00:00:00,Middle_Forest_Soilwater,273.8499928894316
2026-05-22T00:00:00,Middle_Forest_Soilwater,273.5710003437621
2026-05-23T00:00:00,Middle_Forest_Soilwater,273.43457043117644
2026-05-24T00:00:00,Middle_Forest_Soilwater,273.72296530131956
2026-05-25T00:00:00,Middle_Forest_Soilwater,274.0386556684889
2026-05-26T00:00:00,Middle_Forest_Soilwater,274.40076114264235
2026-05-27T00:00:00,Middle_Forest_Soilwater,274.63779885116804
2026-05-28T00:00:00,Middle_Forest_Soilwater,274.6415500059301
2026-05-29T00:00:00,Middle_Forest_Soilwater,274.9017443447309
2026-05-30T00:00:00,Middle_Forest_Soilwater,275.0201531702307
2026-05-31T00:00:00,Middle_Forest_Soilwater,275.12455758417326
2026-06-01T00:00:00,Middle_Forest_Soilwater,275.28232755359045
2026-06-02T00:00:00,Middle_Forest_Soilwater,275.23693128314284
2026-06-03T00:00:00,Middle_Forest_Soilwater,275.4985116687041
2026-06-04T00:00:00,Middle_Forest_Soilwater,275.8207816328852
2026-06-05T00:00:00,Middle_Forest_Soilwater,276.258789149166
2026-06-06T00:00:00,Middle_Forest_Soilwater,276.4980894620614
2026-06-07T00:00:00,Middle_Forest_Soilwater,276.5129390163639
2026-06-08T00:00:00,Middle_Forest_Soilwater,275.84039636866925
2026-06-09T00:00:00,Middle_Forest_Soilwater,275.7075445159445
2026-06-10T00:00:00,Middle_Forest_Soilwater,275.33640688110813
2026-06-11T00:00:00,Middle_Forest_Soilwater,275.14675700215696
2026-06-12T00:00:00,Middle_Forest_Soilwater,275.39940499137884
2026-06-13T00:00:00,Middle_Forest_Soilwater,275.62155489724637
2026-06-14T00:00:00,Middle_Forest_Soilwater,275.67121488470553
2026-06-15T00:00:00,Middle_Forest_Soilwater,275.5096858346722
2026-06-16T00:00:00,Middle_Forest_Soilwater,275.28496831412264
2026-06-17T00:00:00,Middle_Forest_Soilwater,275.0512113881636
2026-06-18T00:00:00,Middle_Forest_Soilwater,274.6349312957112
2026-06-19T00:00:00,Middle_Forest_Soilwater,274.19360851967065
2026-06-20T00:00:00,Middle_Forest_Soilwater,274.3658862104998
2026-06-21T00:00:00,Middle_Forest_Soilwater,274.7616634576793
2026-06-22T00:00:00,Middle_Forest_Soilwater,275.11786298014084
2026-06-23T00:00:00,Middle_Forest_Soilwater,275.14610382921194
2026-06-24T00:00:00,Middle_Forest_Soilwater,274.9161606494033
2026-06-25T00:00:00,Middle_Forest_Soilwater,275.2076375800685
2026-06-26T00:00:00,Middle_Forest_Soilwater,275.4982996249952
2026-06-27T00:00:00,Middle_Forest_Soilwater,275.6227644126356
2026-06-28T00:00:00,Middle_Forest_Soilwater,275.8093515986192
2026-06-29T00:00:00,Middle_Forest_Soilwater,276.3889153915909
2026-06-30T00:00:00,Middle_Forest_Soilwater,277.1007966833451
2026-07-01T00:00:00,Middle_Forest_Soilwater,277.7507125874504
2026-07-02T00:00:00,Middle_Forest_Soilwater,278.445132782549
2026-07-03T00:00:00,Middle_Forest_Soilwater,279.0367019423076
2026-07-04T00:00:00,Middle_Forest_Soilwater,279.3969530274624
2026-07-05T00:00:00,Middle_Forest_Soilwater,279.76730560824933
2026-07-06T00:00:00,Middle_Forest_Soilwater,280.1554238255517
2026-07-07T00:00:00,Middle_Forest_Soilwater,280.3234235463702
2026-07-08T00:00:00,Middle_Forest_Soilwater,279.9471701034172
2026-07-09T00:00:00,Middle_Forest_Soilwater,279.60930411170835
2026-07-10T00:00:00,Middle_Forest_Soilwater,279.0914439826708
2026-07-11T00:00:00,Middle_Forest_Soilwater,278.5370001010204
2026-07-12T00:00:00,Middle_Forest_Soilwater,278.0489482219958
2026-07-13T00:00:00,Middle_Forest_Soilwater,277.56363241750154
2026-07-14T00:00:00,Middle_Forest_Soilwater,277.1479859555753
2026-07-15T00:00:00,Middle_Forest_Soilwater,277.0035085526923
2026-07-16T00:00:00,Middle_Forest_Soilwater,276.5992193383908
2026-07-17T00:00:00,Middle_Forest_Soilwater,276.320617553497
2026-07-18T00:00:00,Middle_Forest_Soilwater,276.2581674848698
2026-07-19T00:00:00,Middle_Forest_Soilwater,275.9359074034635
2026-07-20T00:00:00,Middle_Forest_Soilwater,275.14044969893877
2026-07-21T00:00:00,Middle_Forest_Soilwater,274.28326884977594
2026-07-22T00:00:00,Middle_Forest_Soilwater,273.5835176742579
2026-07-23T00:00:00,Middle_Forest_Soilwater,272.79536514426263
2026-07-24T00:00:00,Middle_Forest_Soilwater,271.8608381375336
2026-07-25T00:00:00,Middle_Forest_Soilwater,271.26029456959384
2026-07-26T00:00:00,Middle_Forest_Soilwater,270.612708362618
2026-07-27T00:00:00,Middle_Forest_Soilwater,269.69680721959196
2026-07-28T00:00:00,Middle_Forest_Soilwater,269.02898830446685
2026-07-29T00:00:00,Middle_Forest_Soilwater,268.38810794923296
2026-07-30T00:00:00,Middle_Forest_Soilwater,267.9262006687077
2026-07-31T00:00:00,Middle_Forest_Soilwater,267.50810600988297
2026-08-01T00:00:00,Middle_Forest_Soilwater,267.18351328145576
2026-08-02T00:00:00,Middle_Forest_Soilwater,266.84338032005576
2026-08-03T00:00:00,Middle_Forest_Soilwater,266.38303727002483
2026-08-04T00:00:00,Middle_Forest_Soilwater,266.0031263743439
2026-08-05T00:00:00,Middle_Forest_Soilwater,265.68787300670317
2026-08-06T00:00:00,Middle_Forest_Soilwater,264.9819917709033
2026-08-07T00:00:00,Middle_Forest_Soilwater,264.5164273927507
2026-08-08T00:00:00,Middle_Forest_Soilwater,264.1004888917618
2026-08-09T00:00:00,Middle_Forest_Soilwater,263.8595585895639
2026-08-10T00:00:00,Middle_Forest_Soilwater,263.8048887912799
2026-08-11T00:00:00,Middle_Forest_Soilwater,263.4394504689979
2026-08-12T00:00:00,Middle_Forest_Soilwater,263.2775080769032
2026-08-13T00:00:00,Middle_Forest_Soilwater,263.8433693558202
2026-08-14T00:00:00,Middle_Forest_Soilwater,264.21069839024074
2026-08-15T00:00:00,Middle_Forest_Soilwater,264.6764860325107
2026-08-16T00:00:00,Middle_Forest_Soilwater,265.2728557512603
2026-08-17T00:00:00,Middle_Forest_Soilwater,266.67034511674046
2026-08-18T00:00:00,Middle_Forest_Soilwater,267.64395730724846
2026-08-19T00:00:00,Middle_Forest_Soilwater,268.6718444571296
2026-08-20T00:00:00,Middle_Forest_Soilwater,269.11350283039263
2026-08-21T00:00:00,Middle_Forest_Soilwater,269.39883406486234
2026-08-22T00:00:00,Middle_Forest_Soilwater,269.5039863319013
2026-08-23T00:00:00,Middle_Forest_Soilwater,269.41379348524873
2026-08-24T00:00:00,Middle_Forest_Soilwater,269.2224800905303
2026-08-25T00:00:00,Middle_Forest_Soilwater,268.9719801917701
2026-08-26T00:00:00,Middle_Forest_Soilwater,268.5825929299778
2026-08-27T00:00:00,Middle_Forest_Soilwater,268.1788590610196
2026-08-28T00:00:00,Middle_Forest_Soilwater,267.78486599385855
2026-08-29T00:00:00,Middle_Forest_Soilwater,267.2892363043888
2026-08-30T00:00:00,Middle_Forest_Soilwater,267.8554140041653
2026-08-31T00:00:00,Middle_Forest_Soilwater,268.3204526477946
2026-09-01T00:00:00,Middle_Forest_Soilwater,268.70334651650813
2026-09-02T00:00:00,Middle_Forest_Soilwater,269.20572465766344
2026-09-03T00:00:00,Middle_Forest_Soilwater,269.34630000637094
2026-09-04T00:00:00,Middle_Forest_Soilwater,269.21349840122514
2026-09-05T00:00:00,Middle_Forest_Soilwater,268.9142726565892
2026-09-06T00:00:00,Middle_Forest_Soilwater,268.5430338341019
2026-09-07T00:00:00,Middle_Forest_Soilwater,268.3010483086089
2026-09-08T00:00:00,Middle_Forest_Soilwater,268.06863485180924
2026-09-09T00:00:00,Middle_Forest_Soilwater,267.656495347985
2026-09-10T00:00:00,Middle_Forest_Soilwater,266.87714817147736
2026-09-11T00:00:00,Middle_Forest_Soilwater,265.922135105763
2026-09-12T00:00:00,Middle_Forest_Soilwater,264.64483056413115
2026-09-13T00:00:00,Middle_Forest_Soilwater,263.7500331047494
2026-09-14T00:00:00,Middle_Forest_Soilwater,263.2306957788222
2026-09-15T00:00:00,Middle_Forest_Soilwater,262.76869583515514
2026-09-16T00:00:00,Middle_Forest_Soilwater,262.19758842121496
2026-09-17T00:00:00,Middle_Forest_Soilwater,261.83011206279286
2026-09-18T00:00:00,Middle_Forest_Soilwater,261.49782612887867
2026-09-19T00:00:00,Middle_Forest_Soilwater,261.0417423402344
2026-09-20T00:00:00,Middle_Forest_Soilwater,260.3851354584506
2026-09-21T00:00:00,Middle_Forest_Soilwater,259.7178390035238
2026-09-22T00:00:00,Middle_Forest_Soilwater,258.8853793943394
2026-09-23T00:00:00,Middle_Forest_Soilwater,258.3289242881352
2026-09-24T00:00:00,Middle_Forest_Soilwater,257.7167926840228
2026-09-25T00:00:00,Middle_Forest_Soilwater,257.0812905374819
2026-09-26T00:00:00,Middle_Forest_Soilwater,256.4906613445378
2026-09-27T00:00:00,Middle_Forest_Soilwater,255.58066441909094
2026-09-28T00:00:00,Middle_Forest_Soilwater,254.51984842000257
2026-09-29T00:00:00,Middle_Forest_Soilwater,253.39910712478877
2026-09-30T00:00:00,Middle_Forest_Soilwater,252.26988356313652
2026-10-01T00:00:00,Middle_Forest_Soilwater,250.94772325034893
2026-10-02T00:00:00,Middle_Forest_Soilwater,249.2545513581291
2026-10-03T00:00:00,Middle_Forest_Soilwater,247.52347395446782
2026-10-04T00:00:00,Middle_Forest_Soilwater,245.828713285438
2026-10-05T00:00:00,Middle_Forest_Soilwater,244.30953495004
2026-10-06T00:00:00,Middle_Forest_Soilwater,243.29684986461695
2026-10-07T00:00:00,Middle_Forest_Soilwater,242.3411237752229
2026-10-08T00:00:00,Middle_Forest_Soilwater,242.20889856656098
2026-10-09T00:00:00,Middle_Forest_Soilwater,242.4412727944113
2026-10-10T00:00:00,Middle_Forest_Soilwater,242.71213254824272
2026-10-11T00:00:00,Middle_Forest_Soilwater,242.56904674133543
2026-10-12T00:00:00,Middle_Forest_Soilwater,242.40287309285523
2026-10-13T00:00:00,Middle_Forest_Soilwater,242.12465562520336
2026-10-14T00:00:00,Middle_Forest_Soilwater,241.7046379096653
2026-10-15T00:00:00,Middle_Forest_Soilwater,241.47820959596197
2026-10-16T00:00:00,Middle_Forest_Soilwater,241.53088901766887
2026-10-17T00:00:00,Middle_Forest_Soilwater,241.62814544749259
2026-10-18T00:00:00,Middle_Forest_Soilwater,241.5459025660243
2026-10-19T00:00:00,Middle_Forest_Soilwater,241.263519706053
2026-10-20T00:00:00,Middle_Forest_Soilwater,241.0909187884241
2026-10-21T00:00:00,Middle_Forest_Soilwater,241.1281931487394
2026-10-22T00:00:00,Middle_Forest_Soilwater,240.80879723833564
2026-10-23T00:00:00,Middle_Forest_Soilwater,240.4490400860417
2026-10-24T00:00:00,Middle_Forest_Soilwater,240.02116775448124
2026-10-25T00:00:00,Middle_Forest_Soilwater,240.34486304008863
2026-10-26T00:00:00,Middle_Forest_Soilwater,240.5374144914688
2026-10-27T00:00:00,Middle_Forest_Soilwater,240.68031778129247
2026-10-28T00:00:00,Middle_Forest_Soilwater,240.66424956711478
2026-10-29T00:00:00,Middle_Forest_Soilwater,241.33875433022186
2026-10-30T00:00:00,Middle_Forest_Soilwater,242.30920231915215
2026-10-31T00:00:00,Middle_Forest_Soilwater,243.06614225823665
2026-11-01T00:00:00,Middle_Forest_Soilwater,243.53136845629
2026-11-02T00:00:00,Middle_Forest_Soilwater,243.82071729127614
2026-11-03T00:00:00,Middle_Forest_Soilwater,243.90714937597977
2026-11-04T00:00:00,Middle_Forest_Soilwater,243.8434520687361
2026-11-05T00:00:00,Middle_Forest_Soilwater,243.7045923159522
2026-11-06T00:00:00,Middle_Forest_Soilwater,243.32261808190884
2026-11-07T00:00:00,Middle_Forest_Soilwater,242.74817758101827
2026-11-08T00:00:00,Middle_Forest_Soilwater,242.0807979386786
2026-11-09T00:00:00,Middle_Forest_Soilwater,241.45859598841218
2026-11-10T00:00:00,Middle_Forest_Soilwater,240.67993363033335
2026-11-11T00:00:00,Middle_Forest_Soilwater,239.96437016676833
2026-11-12T00:00:00,Middle_Forest_Soilwater,239.09395623642814
2026-11-13T00:00:00,Middle_Forest_Soilwater,238.36655520542473
2026-11-14T00:00:00,Middle_Forest_Soilwater,237.5311516135918
2026-11-15T00:00:00,Middle_Forest_Soilwater,236.64402076816623
2026-11-16T00:00:00,Middle_Forest_Soilwater,235.67865719121772
2026-11-17T00:00:00,Middle_Forest_Soilwater,234.80138605266802
2026-11-18T00:00:00,Middle_Forest_Soilwater,233.79893538632672
2026-11-19T00:00:00,Middle_Forest_Soilwater,232.8199074154084
2026-11-20T00:00:00,Middle_Forest_Soilwater,231.8589102087091
2026-11-21T00:00:00,Middle_Forest_Soilwater,230.84042130286744
2026-11-22T00:00:00,Middle_Forest_Soilwater,229.83011052190815
2026-11-23T00:00:00,Middle_Forest_Soilwater,228.76872988783688
2026-11-24T00:00:00,Middle_Forest_Soilwater,227.5532777175986
2026-11-25T00:00:00,Middle_Forest_Soilwater,226.21229051155385
2026-11-26T00:00:00,Middle_Forest_Soilwater,225.1662757378248
2026-11-27T00:00:00,Middle_Forest_Soilwater,224.07125706194566
2026-11-28T00:00:00,Middle_Forest_Soilwater,223.06245776749418
2026-11-29T00:00:00,Middle_Forest_Soilwater,222.04563814027475
2026-11-30T00:00:00,Middle_Forest_Soilwater,221.10253496430192
2026-12-01T00:00:00,Middle_Forest_Soilwater,220.28496142110828
2026-12-02T00:00:00,Middle_Forest_Soilwater,220.76806270280926
2026-12-03T00:00:00,Middle_Forest_Soilwater,221.45153960896164
2026-12-04T00:00:00,Middle_Forest_Soilwater,221.87374236281093
2026-12-05T00:00:00,Middle_Forest_Soilwater,222.30744845959308
2026-12-06T00:00:00,Middle_Forest_Soilwater,223.72489850653747
2026-12-07T00:00:00,Middle_Forest_Soilwater,225.40628072571727
2026-12-08T00:00:00,Middle_Forest_Soilwater,226.8193487228653
2026-12-09T00:00:00,Middle_Forest_Soilwater,228.01442997972373
2026-12-10T00:00:00,Middle_Forest_Soilwater,229.09301727794255
2026-12-11T00:00:00,Middle_Forest_Soilwater,229.7775736272816
2026-12-12T00:00:00,Middle_Forest_Soilwater,230.3274437218824
2026-12-13T00:00:00,Middle_Forest_Soilwater,230.51244339568464
2026-12-14T00:00:00,Middle_Forest_Soilwater,230.60637704144963
2026-12-15T00:00:00,Middle_Forest_Soilwater,230.49949115443647
2026-12-16T00:00:00,Middle_Forest_Soilwater,230.54372585859514
2026-12-17T00:00:00,Middle_Forest_Soilwater,230.7226176818346
2026-12-18T00:00:00,Middle_Forest_Soilwater,231.08111056951572
2026-12-19T00:00:00,Middle_Forest_Soilwater,231.86356291745867
2026-12-20T00:00:00,Middle_Forest_Soilwater,232.56066859885087
2026-12-21T00:00:00,Middle_Forest_Soilwater,233.30440287408467
2026-12-22T00:00:00,Middle_Forest_Soilwater,233.93149741000377
2026-12-23T00:00:00,Middle_Forest_Soilwater,234.4600508337205
2026-12-24T00:00:00,Middle_Forest_Soilwater,234.83719069085606
2026-12-25T00:00:00,Middle_Forest_Soilwater,235.39153638698383
2026-12-26T00:00:00,Middle_Forest_Soilwater,235.7281773583439
2026-12-27T00:00:00,Middle_Forest_Soilwater,236.16293858372657
2026-12-28T00:00:00,Middle_Forest_Soilwater,236.54038339287035
2026-12-29T00:00:00,Middle_Forest_Soilwater,236.7523173923673
2026-12-30T00:00:00,Middle_Forest_Soilwater,236.92462930447218
2026-12-31T00:00:00,Middle_Forest_Soilwater,236.77579128806747
