6f989668-ccfb-43c4-b33b-616360d3ff86,location,actualEvapotranspiration
2023-01-01T00:00:00,Middle_Forest_Soilwater,1.3902545454545456
2023-01-02T00:00:00,Middle_Forest_Soilwater,1.5552
2023-01-03T00:00:00,Middle_Forest_Soilwater,1.4491636363636364
2023-01-04T00:00:00,Middle_Forest_Soilwater,1.6730181818181817
2023-01-05T00:00:00,Middle_Forest_Soilwater,1.4138181818181819
2023-01-06T00:00:00,Middle_Forest_Soilwater,1.614109090909091
2023-01-07T00:00:00,Middle_Forest_Soilwater,1.1192727272727274
2023-01-08T00:00:00,Middle_Forest_Soilwater,0.7422545454545455
2023-01-09T00:00:00,Middle_Forest_Soilwater,0.5890909090909091
2023-01-10T00:00:00,Middle_Forest_Soilwater,0.9543272727272727
2023-01-11T00:00:00,Middle_Forest_Soilwater,0.7069090909090909
2023-01-12T00:00:00,Middle_Forest_Soilwater,0.648
2023-01-13T00:00:00,Middle_Forest_Soilwater,0.9060225539475744
2023-01-14T00:00:00,Middle_Forest_Soilwater,0.38776739482093314
2023-01-15T00:00:00,Middle_Forest_Soilwater,0.7622994659197299
2023-01-16T00:00:00,Middle_Forest_Soilwater,0.9112566623577261
2023-01-17T00:00:00,Middle_Forest_Soilwater,0.732633074521148
2023-01-18T00:00:00,Middle_Forest_Soilwater,0.8805312631161276
2023-01-19T00:00:00,Middle_Forest_Soilwater,0.8189187127210928
2023-01-20T00:00:00,Middle_Forest_Soilwater,0.5857770555923875
2023-01-21T00:00:00,Middle_Forest_Soilwater,0.4695039980511674
2023-01-22T00:00:00,Middle_Forest_Soilwater,1.3251444407444428
2023-01-23T00:00:00,Middle_Forest_Soilwater,0.9757212489142331
2023-01-24T00:00:00,Middle_Forest_Soilwater,0.5079652679633914
2023-01-25T00:00:00,Middle_Forest_Soilwater,0.7205243707970577
2023-01-26T00:00:00,Middle_Forest_Soilwater,0.8748283329273169
2023-01-27T00:00:00,Middle_Forest_Soilwater,0.9601222763973503
2023-01-28T00:00:00,Middle_Forest_Soilwater,1.0330116904779236
2023-01-29T00:00:00,Middle_Forest_Soilwater,0.7290887212091741
2023-01-30T00:00:00,Middle_Forest_Soilwater,1.0343617921294639
2023-01-31T00:00:00,Middle_Forest_Soilwater,0.8863761587072485
2023-02-01T00:00:00,Middle_Forest_Soilwater,1.1979769918470995
2023-02-02T00:00:00,Middle_Forest_Soilwater,1.1252933317977523
2023-02-03T00:00:00,Middle_Forest_Soilwater,0.9678454364862661
2023-02-04T00:00:00,Middle_Forest_Soilwater,0.9306236260887831
2023-02-05T00:00:00,Middle_Forest_Soilwater,0.8513600877268325
2023-02-06T00:00:00,Middle_Forest_Soilwater,0.8897152528136152
2023-02-07T00:00:00,Middle_Forest_Soilwater,0.7377605151748952
2023-02-08T00:00:00,Middle_Forest_Soilwater,0.5143027813608054
2023-02-09T00:00:00,Middle_Forest_Soilwater,0.46048983290245643
2023-02-10T00:00:00,Middle_Forest_Soilwater,0.5636817530863854
2023-02-11T00:00:00,Middle_Forest_Soilwater,0.34337638511367996
2023-02-12T00:00:00,Middle_Forest_Soilwater,0.062310702076548916
2023-02-13T00:00:00,Middle_Forest_Soilwater,0.26991760499456774
2023-02-14T00:00:00,Middle_Forest_Soilwater,0.47681510427985885
2023-02-15T00:00:00,Middle_Forest_Soilwater,0.32046116702757366
2023-02-16T00:00:00,Middle_Forest_Soilwater,0.1650972627978914
2023-02-17T00:00:00,Middle_Forest_Soilwater,0.24741247668492508
2023-02-18T00:00:00,Middle_Forest_Soilwater,0.3705940206404688
2023-02-19T00:00:00,Middle_Forest_Soilwater,0.4211703267651462
2023-02-20T00:00:00,Middle_Forest_Soilwater,0.4406483580277824
2023-02-21T00:00:00,Middle_Forest_Soilwater,0.5724139701852454
2023-02-22T00:00:00,Middle_Forest_Soilwater,0.2343230260055441
2023-02-23T00:00:00,Middle_Forest_Soilwater,0.5697526181745389
2023-02-24T00:00:00,Middle_Forest_Soilwater,0.7199819103907861
2023-02-25T00:00:00,Middle_Forest_Soilwater,0.8684432054348571
2023-02-26T00:00:00,Middle_Forest_Soilwater,0.5224449155974732
2023-02-27T00:00:00,Middle_Forest_Soilwater,0.9415266401458844
2023-02-28T00:00:00,Middle_Forest_Soilwater,0.3386663967220557
2023-03-01T00:00:00,Middle_Forest_Soilwater,0.6163312023667967
2023-03-02T00:00:00,Middle_Forest_Soilwater,0.6933162833656795
2023-03-03T00:00:00,Middle_Forest_Soilwater,0.5425021636006433
2023-03-04T00:00:00,Middle_Forest_Soilwater,0.28511980438412254
2023-03-05T00:00:00,Middle_Forest_Soilwater,0.17666858239343106
2023-03-06T00:00:00,Middle_Forest_Soilwater,0.45100763749093137
2023-03-07T00:00:00,Middle_Forest_Soilwater,0.09777945408580863
2023-03-08T00:00:00,Middle_Forest_Soilwater,0.0
2023-03-09T00:00:00,Middle_Forest_Soilwater,0.08794966778847971
2023-03-10T00:00:00,Middle_Forest_Soilwater,0.0
2023-03-11T00:00:00,Middle_Forest_Soilwater,0.24417510687139757
2023-03-12T00:00:00,Middle_Forest_Soilwater,0.11703144169544973
2023-03-13T00:00:00,Middle_Forest_Soilwater,0.0
2023-03-14T00:00:00,Middle_Forest_Soilwater,0.23389742221078602
2023-03-15T00:00:00,Middle_Forest_Soilwater,0.36008204791481707
2023-03-16T00:00:00,Middle_Forest_Soilwater,0.3592971999892892
2023-03-17T00:00:00,Middle_Forest_Soilwater,0.29068707790284315
2023-03-18T00:00:00,Middle_Forest_Soilwater,0.23213868364631596
2023-03-19T00:00:00,Middle_Forest_Soilwater,0.17385786131600506
2023-03-20T00:00:00,Middle_Forest_Soilwater,0.08683675438098482
2023-03-21T00:00:00,Middle_Forest_Soilwater,0.019286825580591575
2023-03-22T00:00:00,Middle_Forest_Soilwater,0.06749593634654018
2023-03-23T00:00:00,Middle_Forest_Soilwater,0.0
2023-03-24T00:00:00,Middle_Forest_Soilwater,0.0
2023-03-25T00:00:00,Middle_Forest_Soilwater,0.356617118377311
2023-03-26T00:00:00,Middle_Forest_Soilwater,0.19234585012875707
2023-03-27T00:00:00,Middle_Forest_Soilwater,0.39384442507793194
2023-03-28T00:00:00,Middle_Forest_Soilwater,0.7953691273287316
2023-03-29T00:00:00,Middle_Forest_Soilwater,0.7724083939378045
2023-03-30T00:00:00,Middle_Forest_Soilwater,0.18031768021230307
2023-03-31T00:00:00,Middle_Forest_Soilwater,0.473989093554201
2023-04-01T00:00:00,Middle_Forest_Soilwater,0.009451859604481918
2023-04-02T00:00:00,Middle_Forest_Soilwater,0.0
2023-04-03T00:00:00,Middle_Forest_Soilwater,0.0
2023-04-04T00:00:00,Middle_Forest_Soilwater,0.3969547177690591
2023-04-05T00:00:00,Middle_Forest_Soilwater,0.28283755687408096
2023-04-06T00:00:00,Middle_Forest_Soilwater,0.26351519205533097
2023-04-07T00:00:00,Middle_Forest_Soilwater,0.0
2023-04-08T00:00:00,Middle_Forest_Soilwater,0.0
2023-04-09T00:00:00,Middle_Forest_Soilwater,0.0
2023-04-10T00:00:00,Middle_Forest_Soilwater,0.0
2023-04-11T00:00:00,Middle_Forest_Soilwater,0.0
2023-04-12T00:00:00,Middle_Forest_Soilwater,0.0
2023-04-13T00:00:00,Middle_Forest_Soilwater,0.26308053572399903
2023-04-14T00:00:00,Middle_Forest_Soilwater,0.1969849472538964
2023-04-15T00:00:00,Middle_Forest_Soilwater,0.0
2023-04-16T00:00:00,Middle_Forest_Soilwater,0.0
2023-04-17T00:00:00,Middle_Forest_Soilwater,0.0
2023-04-18T00:00:00,Middle_Forest_Soilwater,0.0
2023-04-19T00:00:00,Middle_Forest_Soilwater,0.08431768241418036
2023-04-20T00:00:00,Middle_Forest_Soilwater,0.05618198580800876
2023-04-21T00:00:00,Middle_Forest_Soilwater,0.009360354671625378
2023-04-22T00:00:00,Middle_Forest_Soilwater,0.0
2023-04-23T00:00:00,Middle_Forest_Soilwater,0.0
2023-04-24T00:00:00,Middle_Forest_Soilwater,0.0
2023-04-25T00:00:00,Middle_Forest_Soilwater,0.0
2023-04-26T00:00:00,Middle_Forest_Soilwater,0.0
2023-04-27T00:00:00,Middle_Forest_Soilwater,0.0
2023-04-28T00:00:00,Middle_Forest_Soilwater,0.0
2023-04-29T00:00:00,Middle_Forest_Soilwater,0.0
2023-04-30T00:00:00,Middle_Forest_Soilwater,0.0
2023-05-01T00:00:00,Middle_Forest_Soilwater,0.0
2023-05-02T00:00:00,Middle_Forest_Soilwater,0.0
2023-05-03T00:00:00,Middle_Forest_Soilwater,0.0
2023-05-04T00:00:00,Middle_Forest_Soilwater,0.0
2023-05-05T00:00:00,Middle_Forest_Soilwater,0.0
2023-05-06T00:00:00,Middle_Forest_Soilwater,0.0
2023-05-07T00:00:00,Middle_Forest_Soilwater,0.0
2023-05-08T00:00:00,Middle_Forest_Soilwater,0.0
2023-05-09T00:00:00,Middle_Forest_Soilwater,0.0
2023-05-10T00:00:00,Middle_Forest_Soilwater,0.0
2023-05-11T00:00:00,Middle_Forest_Soilwater,0.0
2023-05-12T00:00:00,Middle_Forest_Soilwater,0.0
2023-05-13T00:00:00,Middle_Forest_Soilwater,0.0
2023-05-14T00:00:00,Middle_Forest_Soilwater,0.0
2023-05-15T00:00:00,Middle_Forest_Soilwater,0.0
2023-05-16T00:00:00,Middle_Forest_Soilwater,0.0
2023-05-17T00:00:00,Middle_Forest_Soilwater,0.0
2023-05-18T00:00:00,Middle_Forest_Soilwater,0.0
2023-05-19T00:00:00,Middle_Forest_Soilwater,0.0
2023-05-20T00:00:00,Middle_Forest_Soilwater,0.0
2023-05-21T00:00:00,Middle_Forest_Soilwater,0.0
2023-05-22T00:00:00,Middle_Forest_Soilwater,0.1684764587095395
2023-05-23T00:00:00,Middle_Forest_Soilwater,0.0
2023-05-24T00:00:00,Middle_Forest_Soilwater,0.22439708319885412
2023-05-25T00:00:00,Middle_Forest_Soilwater,0.17739652933045544
2023-05-26T00:00:00,Middle_Forest_Soilwater,0.3170911117858391
2023-05-27T00:00:00,Middle_Forest_Soilwater,0.3536861255995611
2023-05-28T00:00:00,Middle_Forest_Soilwater,0.16716049727246737
2023-05-29T00:00:00,Middle_Forest_Soilwater,0.0
2023-05-30T00:00:00,Middle_Forest_Soilwater,0.0
2023-05-31T00:00:00,Middle_Forest_Soilwater,0.3803507278193695
2023-06-01T00:00:00,Middle_Forest_Soilwater,0.33315987255775825
2023-06-02T00:00:00,Middle_Forest_Soilwater,0.39709703464398355
2023-06-03T00:00:00,Middle_Forest_Soilwater,0.38687972962165107
2023-06-04T00:00:00,Middle_Forest_Soilwater,0.03675452560274267
2023-06-05T00:00:00,Middle_Forest_Soilwater,0.0
2023-06-06T00:00:00,Middle_Forest_Soilwater,0.0
2023-06-07T00:00:00,Middle_Forest_Soilwater,0.0
2023-06-08T00:00:00,Middle_Forest_Soilwater,0.0
2023-06-09T00:00:00,Middle_Forest_Soilwater,0.018372932449991233
2023-06-10T00:00:00,Middle_Forest_Soilwater,0.3398592040131632
2023-06-11T00:00:00,Middle_Forest_Soilwater,0.4949296071571162
2023-06-12T00:00:00,Middle_Forest_Soilwater,0.3745844969335018
2023-06-13T00:00:00,Middle_Forest_Soilwater,0.5924191526563403
2023-06-14T00:00:00,Middle_Forest_Soilwater,0.6264676936100423
2023-06-15T00:00:00,Middle_Forest_Soilwater,0.11755038482281824
2023-06-16T00:00:00,Middle_Forest_Soilwater,0.28009778774046745
2023-06-17T00:00:00,Middle_Forest_Soilwater,0.405851049077201
2023-06-18T00:00:00,Middle_Forest_Soilwater,0.4317601864977571
2023-06-19T00:00:00,Middle_Forest_Soilwater,0.3767219099822899
2023-06-20T00:00:00,Middle_Forest_Soilwater,0.1878949157410505
2023-06-21T00:00:00,Middle_Forest_Soilwater,0.16085354798479098
2023-06-22T00:00:00,Middle_Forest_Soilwater,0.7677075937182553
2023-06-23T00:00:00,Middle_Forest_Soilwater,0.8171078926372759
2023-06-24T00:00:00,Middle_Forest_Soilwater,0.697844323197355
2023-06-25T00:00:00,Middle_Forest_Soilwater,0.6594272303145384
2023-06-26T00:00:00,Middle_Forest_Soilwater,0.47268990785890713
2023-06-27T00:00:00,Middle_Forest_Soilwater,0.5933456334024716
2023-06-28T00:00:00,Middle_Forest_Soilwater,0.8951439156417178
2023-06-29T00:00:00,Middle_Forest_Soilwater,0.691038841062899
2023-06-30T00:00:00,Middle_Forest_Soilwater,0.4384611292121938
2023-07-01T00:00:00,Middle_Forest_Soilwater,0.2742863262993756
2023-07-02T00:00:00,Middle_Forest_Soilwater,0.008555289738724397
2023-07-03T00:00:00,Middle_Forest_Soilwater,0.0
2023-07-04T00:00:00,Middle_Forest_Soilwater,0.01710957150876685
2023-07-05T00:00:00,Middle_Forest_Soilwater,0.01710755569016
2023-07-06T00:00:00,Middle_Forest_Soilwater,0.1710554010905323
2023-07-07T00:00:00,Middle_Forest_Soilwater,0.32462234678142465
2023-07-08T00:00:00,Middle_Forest_Soilwater,0.04261785064507806
2023-07-09T00:00:00,Middle_Forest_Soilwater,0.0
2023-07-10T00:00:00,Middle_Forest_Soilwater,0.0852105955017761
2023-07-11T00:00:00,Middle_Forest_Soilwater,0.26399723601528413
2023-07-12T00:00:00,Middle_Forest_Soilwater,0.3400195213713843
2023-07-13T00:00:00,Middle_Forest_Soilwater,0.525788383190135
2023-07-14T00:00:00,Middle_Forest_Soilwater,0.6506102739848236
2023-07-15T00:00:00,Middle_Forest_Soilwater,0.26074587375640107
2023-07-16T00:00:00,Middle_Forest_Soilwater,0.26866550129814837
2023-07-17T00:00:00,Middle_Forest_Soilwater,0.3687186833055892
2023-07-18T00:00:00,Middle_Forest_Soilwater,0.39283771205653795
2023-07-19T00:00:00,Middle_Forest_Soilwater,0.21671279448520622
2023-07-20T00:00:00,Middle_Forest_Soilwater,0.2912819394271061
2023-07-21T00:00:00,Middle_Forest_Soilwater,0.4900057363620927
2023-07-22T00:00:00,Middle_Forest_Soilwater,0.1986315883144687
2023-07-23T00:00:00,Middle_Forest_Soilwater,0.40496613370032863
2023-07-24T00:00:00,Middle_Forest_Soilwater,0.46148249205468694
2023-07-25T00:00:00,Middle_Forest_Soilwater,0.5831637023555538
2023-07-26T00:00:00,Middle_Forest_Soilwater,0.6297999114373496
2023-07-27T00:00:00,Middle_Forest_Soilwater,0.6676537324831652
2023-07-28T00:00:00,Middle_Forest_Soilwater,0.7049425398524906
2023-07-29T00:00:00,Middle_Forest_Soilwater,0.8786773716351343
2023-07-30T00:00:00,Middle_Forest_Soilwater,0.9371112899926255
2023-07-31T00:00:00,Middle_Forest_Soilwater,0.7874750892582154
2023-08-01T00:00:00,Middle_Forest_Soilwater,0.6879876818664298
2023-08-02T00:00:00,Middle_Forest_Soilwater,0.7001964337732774
2023-08-03T00:00:00,Middle_Forest_Soilwater,0.9626137101753115
2023-08-04T00:00:00,Middle_Forest_Soilwater,0.6604007872473556
2023-08-05T00:00:00,Middle_Forest_Soilwater,0.5797888062320316
2023-08-06T00:00:00,Middle_Forest_Soilwater,0.6772799074740768
2023-08-07T00:00:00,Middle_Forest_Soilwater,0.5742348480969299
2023-08-08T00:00:00,Middle_Forest_Soilwater,0.5716977741317018
2023-08-09T00:00:00,Middle_Forest_Soilwater,0.6147056621741811
2023-08-10T00:00:00,Middle_Forest_Soilwater,0.6872999806890024
2023-08-11T00:00:00,Middle_Forest_Soilwater,0.9991304235247371
2023-08-12T00:00:00,Middle_Forest_Soilwater,1.0881965399475417
2023-08-13T00:00:00,Middle_Forest_Soilwater,0.6428687771992088
2023-08-14T00:00:00,Middle_Forest_Soilwater,0.6983854200687063
2023-08-15T00:00:00,Middle_Forest_Soilwater,0.7822004119901514
2023-08-16T00:00:00,Middle_Forest_Soilwater,0.9007614831194679
2023-08-17T00:00:00,Middle_Forest_Soilwater,0.7427476742999418
2023-08-18T00:00:00,Middle_Forest_Soilwater,0.8242496060463166
2023-08-19T00:00:00,Middle_Forest_Soilwater,0.804428025456886
2023-08-20T00:00:00,Middle_Forest_Soilwater,0.8202874993609045
2023-08-21T00:00:00,Middle_Forest_Soilwater,1.0675144785087258
2023-08-22T00:00:00,Middle_Forest_Soilwater,1.0927569360829927
2023-08-23T00:00:00,Middle_Forest_Soilwater,1.0619627393738227
2023-08-24T00:00:00,Middle_Forest_Soilwater,1.0523286134022232
2023-08-25T00:00:00,Middle_Forest_Soilwater,1.1511228636210682
2023-08-26T00:00:00,Middle_Forest_Soilwater,1.1865193869069628
2023-08-27T00:00:00,Middle_Forest_Soilwater,1.028208400307276
2023-08-28T00:00:00,Middle_Forest_Soilwater,1.0582581134405635
2023-08-29T00:00:00,Middle_Forest_Soilwater,0.8138363421363051
2023-08-30T00:00:00,Middle_Forest_Soilwater,0.6462748378026411
2023-08-31T00:00:00,Middle_Forest_Soilwater,0.5846455992517173
2023-09-01T00:00:00,Middle_Forest_Soilwater,0.6581943053321061
2023-09-02T00:00:00,Middle_Forest_Soilwater,0.43825090186913296
2023-09-03T00:00:00,Middle_Forest_Soilwater,0.36119389614421216
2023-09-04T00:00:00,Middle_Forest_Soilwater,0.5320419412721236
2023-09-05T00:00:00,Middle_Forest_Soilwater,0.607137097816731
2023-09-06T00:00:00,Middle_Forest_Soilwater,0.7259311709518103
2023-09-07T00:00:00,Middle_Forest_Soilwater,0.761230420594656
2023-09-08T00:00:00,Middle_Forest_Soilwater,0.8207999720924697
2023-09-09T00:00:00,Middle_Forest_Soilwater,0.8485653836977943
2023-09-10T00:00:00,Middle_Forest_Soilwater,0.7950901044367947
2023-09-11T00:00:00,Middle_Forest_Soilwater,0.8362274893410567
2023-09-12T00:00:00,Middle_Forest_Soilwater,0.8282241396370339
2023-09-13T00:00:00,Middle_Forest_Soilwater,0.8699373403710676
2023-09-14T00:00:00,Middle_Forest_Soilwater,0.9351836754418388
2023-09-15T00:00:00,Middle_Forest_Soilwater,0.8763091601075944
2023-09-16T00:00:00,Middle_Forest_Soilwater,0.8728657023581193
2023-09-17T00:00:00,Middle_Forest_Soilwater,0.7570232788333187
2023-09-18T00:00:00,Middle_Forest_Soilwater,0.867533915128023
2023-09-19T00:00:00,Middle_Forest_Soilwater,0.947925698261091
2023-09-20T00:00:00,Middle_Forest_Soilwater,0.9958927081428787
2023-09-21T00:00:00,Middle_Forest_Soilwater,0.9674762957079692
2023-09-22T00:00:00,Middle_Forest_Soilwater,0.9817677293113181
2023-09-23T00:00:00,Middle_Forest_Soilwater,0.9197966408867724
2023-09-24T00:00:00,Middle_Forest_Soilwater,0.8701547620167752
2023-09-25T00:00:00,Middle_Forest_Soilwater,0.9481784273523386
2023-09-26T00:00:00,Middle_Forest_Soilwater,0.7893257557970644
2023-09-27T00:00:00,Middle_Forest_Soilwater,0.9151841760492899
2023-09-28T00:00:00,Middle_Forest_Soilwater,0.8676986692894768
2023-09-29T00:00:00,Middle_Forest_Soilwater,0.9151665068116853
2023-09-30T00:00:00,Middle_Forest_Soilwater,1.0463031020497577
2023-10-01T00:00:00,Middle_Forest_Soilwater,1.1561878123510305
2023-10-02T00:00:00,Middle_Forest_Soilwater,1.2123280465601571
2023-10-03T00:00:00,Middle_Forest_Soilwater,1.049004282706556
2023-10-04T00:00:00,Middle_Forest_Soilwater,1.1552482903398003
2023-10-05T00:00:00,Middle_Forest_Soilwater,1.1443943895205437
2023-10-06T00:00:00,Middle_Forest_Soilwater,1.094955747038823
2023-10-07T00:00:00,Middle_Forest_Soilwater,1.1717487495752397
2023-10-08T00:00:00,Middle_Forest_Soilwater,1.3087999691297572
2023-10-09T00:00:00,Middle_Forest_Soilwater,1.184756197026814
2023-10-10T00:00:00,Middle_Forest_Soilwater,1.230367388181535
2023-10-11T00:00:00,Middle_Forest_Soilwater,1.004626115468639
2023-10-12T00:00:00,Middle_Forest_Soilwater,1.016623100891458
2023-10-13T00:00:00,Middle_Forest_Soilwater,1.0650769785616683
2023-10-14T00:00:00,Middle_Forest_Soilwater,0.9598565634119964
2023-10-15T00:00:00,Middle_Forest_Soilwater,0.9870625897907892
2023-10-16T00:00:00,Middle_Forest_Soilwater,1.010053229341378
2023-10-17T00:00:00,Middle_Forest_Soilwater,1.0440819156340144
2023-10-18T00:00:00,Middle_Forest_Soilwater,0.9644238796895422
2023-10-19T00:00:00,Middle_Forest_Soilwater,0.9029504738780053
2023-10-20T00:00:00,Middle_Forest_Soilwater,0.9727220950981593
2023-10-21T00:00:00,Middle_Forest_Soilwater,0.9679471185633337
2023-10-22T00:00:00,Middle_Forest_Soilwater,0.9370151085441704
2023-10-23T00:00:00,Middle_Forest_Soilwater,0.9808969693010784
2023-10-24T00:00:00,Middle_Forest_Soilwater,1.0485753560103805
2023-10-25T00:00:00,Middle_Forest_Soilwater,1.3148337375920063
2023-10-26T00:00:00,Middle_Forest_Soilwater,1.3379982672724677
2023-10-27T00:00:00,Middle_Forest_Soilwater,1.1247707078054654
2023-10-28T00:00:00,Middle_Forest_Soilwater,1.0202140582911299
2023-10-29T00:00:00,Middle_Forest_Soilwater,1.2290404942156439
2023-10-30T00:00:00,Middle_Forest_Soilwater,1.1422951106977968
2023-10-31T00:00:00,Middle_Forest_Soilwater,1.0930907469091211
2023-11-01T00:00:00,Middle_Forest_Soilwater,0.955145653708005
2023-11-02T00:00:00,Middle_Forest_Soilwater,0.9508389632623153
2023-11-03T00:00:00,Middle_Forest_Soilwater,1.0353641711506407
2023-11-04T00:00:00,Middle_Forest_Soilwater,1.1659108753793876
2023-11-05T00:00:00,Middle_Forest_Soilwater,1.081129565073544
2023-11-06T00:00:00,Middle_Forest_Soilwater,1.0737260439522378
2023-11-07T00:00:00,Middle_Forest_Soilwater,1.0173862031864775
2023-11-08T00:00:00,Middle_Forest_Soilwater,1.004079705184155
2023-11-09T00:00:00,Middle_Forest_Soilwater,0.9154642575057901
2023-11-10T00:00:00,Middle_Forest_Soilwater,0.865348441519701
2023-11-11T00:00:00,Middle_Forest_Soilwater,0.8976548549683624
2023-11-12T00:00:00,Middle_Forest_Soilwater,0.8979522742554127
2023-11-13T00:00:00,Middle_Forest_Soilwater,1.0441686242581096
2023-11-14T00:00:00,Middle_Forest_Soilwater,1.0469534499301267
2023-11-15T00:00:00,Middle_Forest_Soilwater,0.9990503948869561
2023-11-16T00:00:00,Middle_Forest_Soilwater,1.1293327843306968
2023-11-17T00:00:00,Middle_Forest_Soilwater,1.04745040278956
2023-11-18T00:00:00,Middle_Forest_Soilwater,1.1317607752738346
2023-11-19T00:00:00,Middle_Forest_Soilwater,1.0497470775896751
2023-11-20T00:00:00,Middle_Forest_Soilwater,1.2068681510717998
2023-11-21T00:00:00,Middle_Forest_Soilwater,1.024702672352176
2023-11-22T00:00:00,Middle_Forest_Soilwater,1.009099073341972
2023-11-23T00:00:00,Middle_Forest_Soilwater,0.9524456399503771
2023-11-24T00:00:00,Middle_Forest_Soilwater,0.927705070545372
2023-11-25T00:00:00,Middle_Forest_Soilwater,0.926993148412529
2023-11-26T00:00:00,Middle_Forest_Soilwater,0.9317398869672551
2023-11-27T00:00:00,Middle_Forest_Soilwater,0.914870819844521
2023-11-28T00:00:00,Middle_Forest_Soilwater,0.7320665761133216
2023-11-29T00:00:00,Middle_Forest_Soilwater,0.6932561371998224
2023-11-30T00:00:00,Middle_Forest_Soilwater,1.0499982177524385
2023-12-01T00:00:00,Middle_Forest_Soilwater,1.0803225176855933
2023-12-02T00:00:00,Middle_Forest_Soilwater,1.0119831186524637
2023-12-03T00:00:00,Middle_Forest_Soilwater,0.9420169022678913
2023-12-04T00:00:00,Middle_Forest_Soilwater,0.9888073545703744
2023-12-05T00:00:00,Middle_Forest_Soilwater,1.1426801973107072
2023-12-06T00:00:00,Middle_Forest_Soilwater,1.0418622390171113
2023-12-07T00:00:00,Middle_Forest_Soilwater,1.042048674569844
2023-12-08T00:00:00,Middle_Forest_Soilwater,0.8051233510583866
2023-12-09T00:00:00,Middle_Forest_Soilwater,0.8171628115299283
2023-12-10T00:00:00,Middle_Forest_Soilwater,0.821113778634752
2023-12-11T00:00:00,Middle_Forest_Soilwater,0.7043411958994649
2023-12-12T00:00:00,Middle_Forest_Soilwater,1.1450588889340862
2023-12-13T00:00:00,Middle_Forest_Soilwater,1.2431441349337988
2023-12-14T00:00:00,Middle_Forest_Soilwater,0.9160247433711807
2023-12-15T00:00:00,Middle_Forest_Soilwater,0.8240326315451042
2023-12-16T00:00:00,Middle_Forest_Soilwater,0.8114065930460777
2023-12-17T00:00:00,Middle_Forest_Soilwater,0.9252562744504002
2023-12-18T00:00:00,Middle_Forest_Soilwater,0.9810789905326496
2023-12-19T00:00:00,Middle_Forest_Soilwater,1.071516061544761
2023-12-20T00:00:00,Middle_Forest_Soilwater,0.824602249359387
2023-12-21T00:00:00,Middle_Forest_Soilwater,0.7835073108482223
2023-12-22T00:00:00,Middle_Forest_Soilwater,0.6853879723107197
2023-12-23T00:00:00,Middle_Forest_Soilwater,0.6188294483817977
2023-12-24T00:00:00,Middle_Forest_Soilwater,0.7021223339567253
2023-12-25T00:00:00,Middle_Forest_Soilwater,0.7346386532206627
2023-12-26T00:00:00,Middle_Forest_Soilwater,0.542274870367398
2023-12-27T00:00:00,Middle_Forest_Soilwater,0.6545089987209224
2023-12-28T00:00:00,Middle_Forest_Soilwater,0.8510228864844359
2023-12-29T00:00:00,Middle_Forest_Soilwater,0.9302734935256913
2023-12-30T00:00:00,Middle_Forest_Soilwater,0.7569506028885963
2023-12-31T00:00:00,Middle_Forest_Soilwater,0.7540514460014316
2024-01-01T00:00:00,Middle_Forest_Soilwater,0.7659319981029606
2024-01-02T00:00:00,Middle_Forest_Soilwater,0.9437080191743059
2024-01-03T00:00:00,Middle_Forest_Soilwater,0.9463942149023596
2024-01-04T00:00:00,Middle_Forest_Soilwater,0.8660362226690778
2024-01-05T00:00:00,Middle_Forest_Soilwater,0.75506233772615
2024-01-06T00:00:00,Middle_Forest_Soilwater,0.6047768312186284
2024-01-07T00:00:00,Middle_Forest_Soilwater,0.5917810105663057
2024-01-08T00:00:00,Middle_Forest_Soilwater,0.7015853230682944
2024-01-09T00:00:00,Middle_Forest_Soilwater,0.6717800059918883
2024-01-10T00:00:00,Middle_Forest_Soilwater,0.5179049407270567
2024-01-11T00:00:00,Middle_Forest_Soilwater,0.37938325633937925
2024-01-12T00:00:00,Middle_Forest_Soilwater,0.4034657402569587
2024-01-13T00:00:00,Middle_Forest_Soilwater,0.22533289857928693
2024-01-14T00:00:00,Middle_Forest_Soilwater,0.3582593105546664
2024-01-15T00:00:00,Middle_Forest_Soilwater,0.47606677808840503
2024-01-16T00:00:00,Middle_Forest_Soilwater,0.6205582980377397
2024-01-17T00:00:00,Middle_Forest_Soilwater,0.56015928723692
2024-01-18T00:00:00,Middle_Forest_Soilwater,0.7766407979697716
2024-01-19T00:00:00,Middle_Forest_Soilwater,0.7954929060845876
2024-01-20T00:00:00,Middle_Forest_Soilwater,0.9981522781222907
2024-01-21T00:00:00,Middle_Forest_Soilwater,0.6900498646199925
2024-01-22T00:00:00,Middle_Forest_Soilwater,0.6538984232618712
2024-01-23T00:00:00,Middle_Forest_Soilwater,0.34894373719462957
2024-01-24T00:00:00,Middle_Forest_Soilwater,0.34301478592662615
2024-01-25T00:00:00,Middle_Forest_Soilwater,0.42703209421231986
2024-01-26T00:00:00,Middle_Forest_Soilwater,0.09070389742269042
2024-01-27T00:00:00,Middle_Forest_Soilwater,0.10781412091441386
2024-01-28T00:00:00,Middle_Forest_Soilwater,0.0
2024-01-29T00:00:00,Middle_Forest_Soilwater,0.0
2024-01-30T00:00:00,Middle_Forest_Soilwater,0.21910324344503837
2024-01-31T00:00:00,Middle_Forest_Soilwater,0.30468403676554623
2024-02-01T00:00:00,Middle_Forest_Soilwater,0.19526703618544416
2024-02-02T00:00:00,Middle_Forest_Soilwater,0.6222856554877576
2024-02-03T00:00:00,Middle_Forest_Soilwater,0.6823429088863251
2024-02-04T00:00:00,Middle_Forest_Soilwater,0.42632127044769885
2024-02-05T00:00:00,Middle_Forest_Soilwater,0.23897756215115432
2024-02-06T00:00:00,Middle_Forest_Soilwater,0.26508337255956743
2024-02-07T00:00:00,Middle_Forest_Soilwater,0.1284401716457461
2024-02-08T00:00:00,Middle_Forest_Soilwater,0.2316494017546656
2024-02-09T00:00:00,Middle_Forest_Soilwater,0.08588007307511845
2024-02-10T00:00:00,Middle_Forest_Soilwater,0.0
2024-02-11T00:00:00,Middle_Forest_Soilwater,0.5519363087297242
2024-02-12T00:00:00,Middle_Forest_Soilwater,0.706412096692956
2024-02-13T00:00:00,Middle_Forest_Soilwater,0.43830059893635837
2024-02-14T00:00:00,Middle_Forest_Soilwater,0.13739480220146102
2024-02-15T00:00:00,Middle_Forest_Soilwater,0.7913781662225635
2024-02-16T00:00:00,Middle_Forest_Soilwater,0.574584425666626
2024-02-17T00:00:00,Middle_Forest_Soilwater,0.5735569478448265
2024-02-18T00:00:00,Middle_Forest_Soilwater,0.5382357890268528
2024-02-19T00:00:00,Middle_Forest_Soilwater,0.4348623922850255
2024-02-20T00:00:00,Middle_Forest_Soilwater,0.38315664114078424
2024-02-21T00:00:00,Middle_Forest_Soilwater,0.510250010120793
2024-02-22T00:00:00,Middle_Forest_Soilwater,0.5769827246631024
2024-02-23T00:00:00,Middle_Forest_Soilwater,0.549957783603139
2024-02-24T00:00:00,Middle_Forest_Soilwater,0.5484274938598849
2024-02-25T00:00:00,Middle_Forest_Soilwater,0.47141049514226313
2024-02-26T00:00:00,Middle_Forest_Soilwater,0.15123563042467786
2024-02-27T00:00:00,Middle_Forest_Soilwater,0.252108151878359
2024-02-28T00:00:00,Middle_Forest_Soilwater,0.2530970989425375
2024-02-29T00:00:00,Middle_Forest_Soilwater,0.09329324669750338
2024-03-01T00:00:00,Middle_Forest_Soilwater,0.0
2024-03-02T00:00:00,Middle_Forest_Soilwater,0.0
2024-03-03T00:00:00,Middle_Forest_Soilwater,0.0
2024-03-04T00:00:00,Middle_Forest_Soilwater,0.0
2024-03-05T00:00:00,Middle_Forest_Soilwater,0.0
2024-03-06T00:00:00,Middle_Forest_Soilwater,0.0
2024-03-07T00:00:00,Middle_Forest_Soilwater,0.0
2024-03-08T00:00:00,Middle_Forest_Soilwater,0.0
2024-03-09T00:00:00,Middle_Forest_Soilwater,0.0
2024-03-10T00:00:00,Middle_Forest_Soilwater,0.0
2024-03-11T00:00:00,Middle_Forest_Soilwater,0.0
2024-03-12T00:00:00,Middle_Forest_Soilwater,0.0
2024-03-13T00:00:00,Middle_Forest_Soilwater,0.0
2024-03-14T00:00:00,Middle_Forest_Soilwater,0.0
2024-03-15T00:00:00,Middle_Forest_Soilwater,0.0
2024-03-16T00:00:00,Middle_Forest_Soilwater,0.0
2024-03-17T00:00:00,Middle_Forest_Soilwater,0.0
2024-03-18T00:00:00,Middle_Forest_Soilwater,0.06583368664106783
2024-03-19T00:00:00,Middle_Forest_Soilwater,0.028339194866853927
2024-03-20T00:00:00,Middle_Forest_Soilwater,0.0
2024-03-21T00:00:00,Middle_Forest_Soilwater,0.0
2024-03-22T00:00:00,Middle_Forest_Soilwater,0.0
2024-03-23T00:00:00,Middle_Forest_Soilwater,0.0
2024-03-24T00:00:00,Middle_Forest_Soilwater,0.0
2024-03-25T00:00:00,Middle_Forest_Soilwater,0.0
2024-03-26T00:00:00,Middle_Forest_Soilwater,0.0
2024-03-27T00:00:00,Middle_Forest_Soilwater,0.0
2024-03-28T00:00:00,Middle_Forest_Soilwater,0.019624842348682257
2024-03-29T00:00:00,Middle_Forest_Soilwater,0.0
2024-03-30T00:00:00,Middle_Forest_Soilwater,0.0
2024-03-31T00:00:00,Middle_Forest_Soilwater,0.0397902551605238
2024-04-01T00:00:00,Middle_Forest_Soilwater,0.32969846464988917
2024-04-02T00:00:00,Middle_Forest_Soilwater,0.30069455771186354
2024-04-03T00:00:00,Middle_Forest_Soilwater,0.4523390422451646
2024-04-04T00:00:00,Middle_Forest_Soilwater,0.14094105517908853
2024-04-05T00:00:00,Middle_Forest_Soilwater,0.010100250907060923
2024-04-06T00:00:00,Middle_Forest_Soilwater,0.2635583017843364
2024-04-07T00:00:00,Middle_Forest_Soilwater,0.0
2024-04-08T00:00:00,Middle_Forest_Soilwater,0.0
2024-04-09T00:00:00,Middle_Forest_Soilwater,0.0
2024-04-10T00:00:00,Middle_Forest_Soilwater,0.03077960408513516
2024-04-11T00:00:00,Middle_Forest_Soilwater,0.0
2024-04-12T00:00:00,Middle_Forest_Soilwater,0.0
2024-04-13T00:00:00,Middle_Forest_Soilwater,0.0
2024-04-14T00:00:00,Middle_Forest_Soilwater,0.0
2024-04-15T00:00:00,Middle_Forest_Soilwater,0.0
2024-04-16T00:00:00,Middle_Forest_Soilwater,0.0
2024-04-17T00:00:00,Middle_Forest_Soilwater,0.0
2024-04-18T00:00:00,Middle_Forest_Soilwater,0.0
2024-04-19T00:00:00,Middle_Forest_Soilwater,0.0
2024-04-20T00:00:00,Middle_Forest_Soilwater,0.0
2024-04-21T00:00:00,Middle_Forest_Soilwater,0.0
2024-04-22T00:00:00,Middle_Forest_Soilwater,0.0
2024-04-23T00:00:00,Middle_Forest_Soilwater,0.0
2024-04-24T00:00:00,Middle_Forest_Soilwater,0.0
2024-04-25T00:00:00,Middle_Forest_Soilwater,0.0
2024-04-26T00:00:00,Middle_Forest_Soilwater,0.0
2024-04-27T00:00:00,Middle_Forest_Soilwater,0.0
2024-04-28T00:00:00,Middle_Forest_Soilwater,0.0
2024-04-29T00:00:00,Middle_Forest_Soilwater,0.0
2024-04-30T00:00:00,Middle_Forest_Soilwater,0.22577122102938765
2024-05-01T00:00:00,Middle_Forest_Soilwater,0.2150450858341148
2024-05-02T00:00:00,Middle_Forest_Soilwater,0.34424679289473564
2024-05-03T00:00:00,Middle_Forest_Soilwater,0.17205994399090913
2024-05-04T00:00:00,Middle_Forest_Soilwater,0.0
2024-05-05T00:00:00,Middle_Forest_Soilwater,0.0
2024-05-06T00:00:00,Middle_Forest_Soilwater,0.0
2024-05-07T00:00:00,Middle_Forest_Soilwater,0.0
2024-05-08T00:00:00,Middle_Forest_Soilwater,0.08655815208998764
2024-05-09T00:00:00,Middle_Forest_Soilwater,0.0
2024-05-10T00:00:00,Middle_Forest_Soilwater,0.0
2024-05-11T00:00:00,Middle_Forest_Soilwater,0.0
2024-05-12T00:00:00,Middle_Forest_Soilwater,0.0
2024-05-13T00:00:00,Middle_Forest_Soilwater,0.0
2024-05-14T00:00:00,Middle_Forest_Soilwater,0.0
2024-05-15T00:00:00,Middle_Forest_Soilwater,0.0
2024-05-16T00:00:00,Middle_Forest_Soilwater,0.0
2024-05-17T00:00:00,Middle_Forest_Soilwater,0.011189643953007082
2024-05-18T00:00:00,Middle_Forest_Soilwater,0.03367964849029634
2024-05-19T00:00:00,Middle_Forest_Soilwater,0.10132536332925769
2024-05-20T00:00:00,Middle_Forest_Soilwater,0.045139163460191686
2024-05-21T00:00:00,Middle_Forest_Soilwater,0.0
2024-05-22T00:00:00,Middle_Forest_Soilwater,0.0
2024-05-23T00:00:00,Middle_Forest_Soilwater,0.0
2024-05-24T00:00:00,Middle_Forest_Soilwater,0.0
2024-05-25T00:00:00,Middle_Forest_Soilwater,0.0
2024-05-26T00:00:00,Middle_Forest_Soilwater,0.0
2024-05-27T00:00:00,Middle_Forest_Soilwater,0.0
2024-05-28T00:00:00,Middle_Forest_Soilwater,0.0
2024-05-29T00:00:00,Middle_Forest_Soilwater,0.0
2024-05-30T00:00:00,Middle_Forest_Soilwater,0.19524047004541437
2024-05-31T00:00:00,Middle_Forest_Soilwater,0.09187262540398494
2024-06-01T00:00:00,Middle_Forest_Soilwater,0.14934955771409308
2024-06-02T00:00:00,Middle_Forest_Soilwater,0.0
2024-06-03T00:00:00,Middle_Forest_Soilwater,0.0
2024-06-04T00:00:00,Middle_Forest_Soilwater,0.06902062622654956
2024-06-05T00:00:00,Middle_Forest_Soilwater,0.2991501828912575
2024-06-06T00:00:00,Middle_Forest_Soilwater,0.2758540236576128
2024-06-07T00:00:00,Middle_Forest_Soilwater,0.0
2024-06-08T00:00:00,Middle_Forest_Soilwater,0.0
2024-06-09T00:00:00,Middle_Forest_Soilwater,0.0
2024-06-10T00:00:00,Middle_Forest_Soilwater,0.0
2024-06-11T00:00:00,Middle_Forest_Soilwater,0.0
2024-06-12T00:00:00,Middle_Forest_Soilwater,0.0
2024-06-13T00:00:00,Middle_Forest_Soilwater,0.0
2024-06-14T00:00:00,Middle_Forest_Soilwater,0.0
2024-06-15T00:00:00,Middle_Forest_Soilwater,0.0
2024-06-16T00:00:00,Middle_Forest_Soilwater,0.0
2024-06-17T00:00:00,Middle_Forest_Soilwater,0.0
2024-06-18T00:00:00,Middle_Forest_Soilwater,0.0
2024-06-19T00:00:00,Middle_Forest_Soilwater,0.0
2024-06-20T00:00:00,Middle_Forest_Soilwater,0.0
2024-06-21T00:00:00,Middle_Forest_Soilwater,0.0
2024-06-22T00:00:00,Middle_Forest_Soilwater,0.0
2024-06-23T00:00:00,Middle_Forest_Soilwater,0.0
2024-06-24T00:00:00,Middle_Forest_Soilwater,0.0
2024-06-25T00:00:00,Middle_Forest_Soilwater,0.0
2024-06-26T00:00:00,Middle_Forest_Soilwater,0.0
2024-06-27T00:00:00,Middle_Forest_Soilwater,0.0
2024-06-28T00:00:00,Middle_Forest_Soilwater,0.0
2024-06-29T00:00:00,Middle_Forest_Soilwater,0.0
2024-06-30T00:00:00,Middle_Forest_Soilwater,0.0
2024-07-01T00:00:00,Middle_Forest_Soilwater,0.0
2024-07-02T00:00:00,Middle_Forest_Soilwater,0.0
2024-07-03T00:00:00,Middle_Forest_Soilwater,0.0
2024-07-04T00:00:00,Middle_Forest_Soilwater,0.14984877535806604
2024-07-05T00:00:00,Middle_Forest_Soilwater,0.17277409369299318
2024-07-06T00:00:00,Middle_Forest_Soilwater,0.0920667143435458
2024-07-07T00:00:00,Middle_Forest_Soilwater,0.0
2024-07-08T00:00:00,Middle_Forest_Soilwater,0.0920266684497955
2024-07-09T00:00:00,Middle_Forest_Soilwater,0.0
2024-07-10T00:00:00,Middle_Forest_Soilwater,0.0
2024-07-11T00:00:00,Middle_Forest_Soilwater,0.0
2024-07-12T00:00:00,Middle_Forest_Soilwater,0.20697344872214776
2024-07-13T00:00:00,Middle_Forest_Soilwater,0.2649863726105326
2024-07-14T00:00:00,Middle_Forest_Soilwater,0.2540573672503787
2024-07-15T00:00:00,Middle_Forest_Soilwater,0.520711601226163
2024-07-16T00:00:00,Middle_Forest_Soilwater,0.6950456521286065
2024-07-17T00:00:00,Middle_Forest_Soilwater,0.614479985895435
2024-07-18T00:00:00,Middle_Forest_Soilwater,1.0679076535538758
2024-07-19T00:00:00,Middle_Forest_Soilwater,0.9754401889123802
2024-07-20T00:00:00,Middle_Forest_Soilwater,0.8482569985930042
2024-07-21T00:00:00,Middle_Forest_Soilwater,0.7325969500475539
2024-07-22T00:00:00,Middle_Forest_Soilwater,0.8146633011083464
2024-07-23T00:00:00,Middle_Forest_Soilwater,0.6636866119116017
2024-07-24T00:00:00,Middle_Forest_Soilwater,0.9671773712757612
2024-07-25T00:00:00,Middle_Forest_Soilwater,0.8962148971972889
2024-07-26T00:00:00,Middle_Forest_Soilwater,1.0346615680003657
2024-07-27T00:00:00,Middle_Forest_Soilwater,0.8699704739268379
2024-07-28T00:00:00,Middle_Forest_Soilwater,0.7642792689031214
2024-07-29T00:00:00,Middle_Forest_Soilwater,0.7284963748848018
2024-07-30T00:00:00,Middle_Forest_Soilwater,0.9352374371457535
2024-07-31T00:00:00,Middle_Forest_Soilwater,0.9671849690996467
2024-08-01T00:00:00,Middle_Forest_Soilwater,0.8264076763903135
2024-08-02T00:00:00,Middle_Forest_Soilwater,0.904382497508677
2024-08-03T00:00:00,Middle_Forest_Soilwater,0.8786788615120672
2024-08-04T00:00:00,Middle_Forest_Soilwater,1.3194745950880722
2024-08-05T00:00:00,Middle_Forest_Soilwater,1.334658869376252
2024-08-06T00:00:00,Middle_Forest_Soilwater,1.416781754769529
2024-08-07T00:00:00,Middle_Forest_Soilwater,1.6869520126245152
2024-08-08T00:00:00,Middle_Forest_Soilwater,1.5301458730924398
2024-08-09T00:00:00,Middle_Forest_Soilwater,1.542833472689975
2024-08-10T00:00:00,Middle_Forest_Soilwater,1.6538363623724845
2024-08-11T00:00:00,Middle_Forest_Soilwater,1.3812543572048672
2024-08-12T00:00:00,Middle_Forest_Soilwater,1.3300540304020445
2024-08-13T00:00:00,Middle_Forest_Soilwater,1.2902415215251293
2024-08-14T00:00:00,Middle_Forest_Soilwater,0.9841081653554334
2024-08-15T00:00:00,Middle_Forest_Soilwater,1.0231291114491239
2024-08-16T00:00:00,Middle_Forest_Soilwater,1.4329155493840977
2024-08-17T00:00:00,Middle_Forest_Soilwater,1.7820977088295125
2024-08-18T00:00:00,Middle_Forest_Soilwater,1.7353036623569353
2024-08-19T00:00:00,Middle_Forest_Soilwater,1.6692775800782729
2024-08-20T00:00:00,Middle_Forest_Soilwater,1.6250210309454662
2024-08-21T00:00:00,Middle_Forest_Soilwater,1.5005520489494433
2024-08-22T00:00:00,Middle_Forest_Soilwater,1.2670251276951296
2024-08-23T00:00:00,Middle_Forest_Soilwater,1.2797340195182525
2024-08-24T00:00:00,Middle_Forest_Soilwater,1.4120915298657342
2024-08-25T00:00:00,Middle_Forest_Soilwater,1.4617483957448074
2024-08-26T00:00:00,Middle_Forest_Soilwater,1.4319834791289623
2024-08-27T00:00:00,Middle_Forest_Soilwater,1.3736493605380766
2024-08-28T00:00:00,Middle_Forest_Soilwater,1.6183691231763158
2024-08-29T00:00:00,Middle_Forest_Soilwater,1.4995611385593666
2024-08-30T00:00:00,Middle_Forest_Soilwater,1.6712512011213343
2024-08-31T00:00:00,Middle_Forest_Soilwater,1.6189470003990094
2024-09-01T00:00:00,Middle_Forest_Soilwater,1.5128414037555182
2024-09-02T00:00:00,Middle_Forest_Soilwater,1.7842537669558667
2024-09-03T00:00:00,Middle_Forest_Soilwater,1.5730357940285427
2024-09-04T00:00:00,Middle_Forest_Soilwater,1.0343447760720894
2024-09-05T00:00:00,Middle_Forest_Soilwater,1.2225724153528055
2024-09-06T00:00:00,Middle_Forest_Soilwater,1.4801032112684012
2024-09-07T00:00:00,Middle_Forest_Soilwater,1.5589763186635857
2024-09-08T00:00:00,Middle_Forest_Soilwater,1.4645694934831528
2024-09-09T00:00:00,Middle_Forest_Soilwater,1.1701493999473558
2024-09-10T00:00:00,Middle_Forest_Soilwater,1.0695691586173104
2024-09-11T00:00:00,Middle_Forest_Soilwater,1.3253076936174528
2024-09-12T00:00:00,Middle_Forest_Soilwater,1.4702224945451845
2024-09-13T00:00:00,Middle_Forest_Soilwater,1.341575802739211
2024-09-14T00:00:00,Middle_Forest_Soilwater,1.3117490997236938
2024-09-15T00:00:00,Middle_Forest_Soilwater,1.4063850858499982
2024-09-16T00:00:00,Middle_Forest_Soilwater,1.2445169495572894
2024-09-17T00:00:00,Middle_Forest_Soilwater,1.398771498142992
2024-09-18T00:00:00,Middle_Forest_Soilwater,1.3494625075146136
2024-09-19T00:00:00,Middle_Forest_Soilwater,1.4227146206980301
2024-09-20T00:00:00,Middle_Forest_Soilwater,1.623345381017656
2024-09-21T00:00:00,Middle_Forest_Soilwater,1.6041551588787977
2024-09-22T00:00:00,Middle_Forest_Soilwater,1.550482735882788
2024-09-23T00:00:00,Middle_Forest_Soilwater,1.5734739271908378
2024-09-24T00:00:00,Middle_Forest_Soilwater,1.6371050081693488
2024-09-25T00:00:00,Middle_Forest_Soilwater,1.5432750198620848
2024-09-26T00:00:00,Middle_Forest_Soilwater,1.417567032887778
2024-09-27T00:00:00,Middle_Forest_Soilwater,1.4834221990743428
2024-09-28T00:00:00,Middle_Forest_Soilwater,1.4651572597016829
2024-09-29T00:00:00,Middle_Forest_Soilwater,1.3247294984228444
2024-09-30T00:00:00,Middle_Forest_Soilwater,1.3080788941163806
2024-10-01T00:00:00,Middle_Forest_Soilwater,1.3313840261615304
2024-10-02T00:00:00,Middle_Forest_Soilwater,1.3138206187021053
2024-10-03T00:00:00,Middle_Forest_Soilwater,1.3199158860462852
2024-10-04T00:00:00,Middle_Forest_Soilwater,1.4273557731960522
2024-10-05T00:00:00,Middle_Forest_Soilwater,1.4303319168036455
2024-10-06T00:00:00,Middle_Forest_Soilwater,1.4635311031985525
2024-10-07T00:00:00,Middle_Forest_Soilwater,1.54100560510027
2024-10-08T00:00:00,Middle_Forest_Soilwater,1.3663519757800597
2024-10-09T00:00:00,Middle_Forest_Soilwater,1.459025675734745
2024-10-10T00:00:00,Middle_Forest_Soilwater,1.1448063578048264
2024-10-11T00:00:00,Middle_Forest_Soilwater,1.1692292322303264
2024-10-12T00:00:00,Middle_Forest_Soilwater,1.2514961537560971
2024-10-13T00:00:00,Middle_Forest_Soilwater,1.411874004234976
2024-10-14T00:00:00,Middle_Forest_Soilwater,1.1103041280212773
2024-10-15T00:00:00,Middle_Forest_Soilwater,1.190255558416844
2024-10-16T00:00:00,Middle_Forest_Soilwater,1.2822703980994639
2024-10-17T00:00:00,Middle_Forest_Soilwater,1.3430257090839415
2024-10-18T00:00:00,Middle_Forest_Soilwater,1.436774911957336
2024-10-19T00:00:00,Middle_Forest_Soilwater,1.1575067583223393
2024-10-20T00:00:00,Middle_Forest_Soilwater,1.1206910529695546
2024-10-21T00:00:00,Middle_Forest_Soilwater,1.2148604519987383
2024-10-22T00:00:00,Middle_Forest_Soilwater,1.034004955401696
2024-10-23T00:00:00,Middle_Forest_Soilwater,1.005944118294252
2024-10-24T00:00:00,Middle_Forest_Soilwater,1.2932234005173655
2024-10-25T00:00:00,Middle_Forest_Soilwater,1.299909830044735
2024-10-26T00:00:00,Middle_Forest_Soilwater,1.4043919325408685
2024-10-27T00:00:00,Middle_Forest_Soilwater,1.4010006304680436
2024-10-28T00:00:00,Middle_Forest_Soilwater,1.3337002141657033
2024-10-29T00:00:00,Middle_Forest_Soilwater,1.3633251709672607
2024-10-30T00:00:00,Middle_Forest_Soilwater,1.1070100902742457
2024-10-31T00:00:00,Middle_Forest_Soilwater,1.0446355200317285
2024-11-01T00:00:00,Middle_Forest_Soilwater,1.0715225211180688
2024-11-02T00:00:00,Middle_Forest_Soilwater,1.274531599436079
2024-11-03T00:00:00,Middle_Forest_Soilwater,1.3286961069444119
2024-11-04T00:00:00,Middle_Forest_Soilwater,1.2860117906807629
2024-11-05T00:00:00,Middle_Forest_Soilwater,1.255567234988643
2024-11-06T00:00:00,Middle_Forest_Soilwater,1.2746990970355483
2024-11-07T00:00:00,Middle_Forest_Soilwater,1.292433259915531
2024-11-08T00:00:00,Middle_Forest_Soilwater,1.0642120104034414
2024-11-09T00:00:00,Middle_Forest_Soilwater,1.1041524252423993
2024-11-10T00:00:00,Middle_Forest_Soilwater,1.0550240379742775
2024-11-11T00:00:00,Middle_Forest_Soilwater,1.036142025607642
2024-11-12T00:00:00,Middle_Forest_Soilwater,1.009241356708413
2024-11-13T00:00:00,Middle_Forest_Soilwater,1.0062375754444255
2024-11-14T00:00:00,Middle_Forest_Soilwater,0.8948971241530281
2024-11-15T00:00:00,Middle_Forest_Soilwater,1.0436704716030574
2024-11-16T00:00:00,Middle_Forest_Soilwater,1.0635890517702424
2024-11-17T00:00:00,Middle_Forest_Soilwater,1.1522337470598008
2024-11-18T00:00:00,Middle_Forest_Soilwater,1.1531319016118893
2024-11-19T00:00:00,Middle_Forest_Soilwater,1.0890168913029912
2024-11-20T00:00:00,Middle_Forest_Soilwater,1.0499554902001798
2024-11-21T00:00:00,Middle_Forest_Soilwater,1.0739298466097238
2024-11-22T00:00:00,Middle_Forest_Soilwater,1.0269406896929858
2024-11-23T00:00:00,Middle_Forest_Soilwater,0.8344584269763416
2024-11-24T00:00:00,Middle_Forest_Soilwater,0.8520129870764719
2024-11-25T00:00:00,Middle_Forest_Soilwater,0.9066030876631322
2024-11-26T00:00:00,Middle_Forest_Soilwater,1.0100822038803892
2024-11-27T00:00:00,Middle_Forest_Soilwater,1.042500654857176
2024-11-28T00:00:00,Middle_Forest_Soilwater,1.048899107040403
2024-11-29T00:00:00,Middle_Forest_Soilwater,0.9374708860734037
2024-11-30T00:00:00,Middle_Forest_Soilwater,0.8965907795062831
2024-12-01T00:00:00,Middle_Forest_Soilwater,0.9449654110132135
2024-12-02T00:00:00,Middle_Forest_Soilwater,0.8640198749456859
2024-12-03T00:00:00,Middle_Forest_Soilwater,0.7654618594935294
2024-12-04T00:00:00,Middle_Forest_Soilwater,0.8140552129019695
2024-12-05T00:00:00,Middle_Forest_Soilwater,0.9715954073741543
2024-12-06T00:00:00,Middle_Forest_Soilwater,1.034881666082348
2024-12-07T00:00:00,Middle_Forest_Soilwater,1.029736944067529
2024-12-08T00:00:00,Middle_Forest_Soilwater,1.0241218293581542
2024-12-09T00:00:00,Middle_Forest_Soilwater,1.00012687318269
2024-12-10T00:00:00,Middle_Forest_Soilwater,0.8928372058870161
2024-12-11T00:00:00,Middle_Forest_Soilwater,1.0537234477474422
2024-12-12T00:00:00,Middle_Forest_Soilwater,0.9636392876802817
2024-12-13T00:00:00,Middle_Forest_Soilwater,0.8578034913635515
2024-12-14T00:00:00,Middle_Forest_Soilwater,0.8525337921285426
2024-12-15T00:00:00,Middle_Forest_Soilwater,0.9220069331869267
2024-12-16T00:00:00,Middle_Forest_Soilwater,0.8898285620709243
2024-12-17T00:00:00,Middle_Forest_Soilwater,0.8204793959443696
2024-12-18T00:00:00,Middle_Forest_Soilwater,0.6206460682142978
2024-12-19T00:00:00,Middle_Forest_Soilwater,0.6568515514318645
2024-12-20T00:00:00,Middle_Forest_Soilwater,0.5723070224206733
2024-12-21T00:00:00,Middle_Forest_Soilwater,0.6263039850788146
2024-12-22T00:00:00,Middle_Forest_Soilwater,0.6854581549783012
2024-12-23T00:00:00,Middle_Forest_Soilwater,0.686120611018662
2024-12-24T00:00:00,Middle_Forest_Soilwater,0.5936434858169921
2024-12-25T00:00:00,Middle_Forest_Soilwater,0.4835868422290988
2024-12-26T00:00:00,Middle_Forest_Soilwater,0.2975858019038448
2024-12-27T00:00:00,Middle_Forest_Soilwater,0.2457388715819176
2024-12-28T00:00:00,Middle_Forest_Soilwater,0.39938175929276604
2024-12-29T00:00:00,Middle_Forest_Soilwater,0.4588634438599552
2024-12-30T00:00:00,Middle_Forest_Soilwater,0.41199557561344585
2024-12-31T00:00:00,Middle_Forest_Soilwater,0.4769455506473943
2025-01-01T00:00:00,Middle_Forest_Soilwater,0.21771808387691693
2025-01-02T00:00:00,Middle_Forest_Soilwater,0.28876601722692147
2025-01-03T00:00:00,Middle_Forest_Soilwater,0.3596399226861424
2025-01-04T00:00:00,Middle_Forest_Soilwater,0.5126176935369657
2025-01-05T00:00:00,Middle_Forest_Soilwater,0.6250940127225187
2025-01-06T00:00:00,Middle_Forest_Soilwater,0.5774089443099519
2025-01-07T00:00:00,Middle_Forest_Soilwater,0.8240943092512666
2025-01-08T00:00:00,Middle_Forest_Soilwater,0.888003382758675
2025-01-09T00:00:00,Middle_Forest_Soilwater,0.7627339040499965
2025-01-10T00:00:00,Middle_Forest_Soilwater,0.5681350466761783
2025-01-11T00:00:00,Middle_Forest_Soilwater,0.32787571018509903
2025-01-12T00:00:00,Middle_Forest_Soilwater,0.3635559085561107
2025-01-13T00:00:00,Middle_Forest_Soilwater,0.41074355176079647
2025-01-14T00:00:00,Middle_Forest_Soilwater,0.5279766851504372
2025-01-15T00:00:00,Middle_Forest_Soilwater,0.43918951435595144
2025-01-16T00:00:00,Middle_Forest_Soilwater,0.21639404197852755
2025-01-17T00:00:00,Middle_Forest_Soilwater,0.3768989403365676
2025-01-18T00:00:00,Middle_Forest_Soilwater,0.1478704619256714
2025-01-19T00:00:00,Middle_Forest_Soilwater,0.1011378507788022
2025-01-20T00:00:00,Middle_Forest_Soilwater,0.029910937003659963
2025-01-21T00:00:00,Middle_Forest_Soilwater,0.054138594368775286
2025-01-22T00:00:00,Middle_Forest_Soilwater,0.48477090840078324
2025-01-23T00:00:00,Middle_Forest_Soilwater,0.7902075301976104
2025-01-24T00:00:00,Middle_Forest_Soilwater,0.7168105319772243
2025-01-25T00:00:00,Middle_Forest_Soilwater,0.474094995163157
2025-01-26T00:00:00,Middle_Forest_Soilwater,0.700504599575377
2025-01-27T00:00:00,Middle_Forest_Soilwater,0.7677498719647122
2025-01-28T00:00:00,Middle_Forest_Soilwater,0.6739278605742404
2025-01-29T00:00:00,Middle_Forest_Soilwater,0.6157648704998597
2025-01-30T00:00:00,Middle_Forest_Soilwater,0.47624758702494424
2025-01-31T00:00:00,Middle_Forest_Soilwater,0.42283684364887125
2025-02-01T00:00:00,Middle_Forest_Soilwater,0.4877438580217156
2025-02-02T00:00:00,Middle_Forest_Soilwater,0.40180836065352293
2025-02-03T00:00:00,Middle_Forest_Soilwater,0.35433469509842636
2025-02-04T00:00:00,Middle_Forest_Soilwater,0.39662969783560814
2025-02-05T00:00:00,Middle_Forest_Soilwater,0.3167875100051468
2025-02-06T00:00:00,Middle_Forest_Soilwater,0.2874235685497881
2025-02-07T00:00:00,Middle_Forest_Soilwater,0.28382686304238497
2025-02-08T00:00:00,Middle_Forest_Soilwater,0.4329381690770346
2025-02-09T00:00:00,Middle_Forest_Soilwater,0.3433503135079583
2025-02-10T00:00:00,Middle_Forest_Soilwater,0.29938295216156374
2025-02-11T00:00:00,Middle_Forest_Soilwater,0.07556278905150565
2025-02-12T00:00:00,Middle_Forest_Soilwater,0.42380045246601383
2025-02-13T00:00:00,Middle_Forest_Soilwater,0.3498486225529074
2025-02-14T00:00:00,Middle_Forest_Soilwater,0.16203483601599142
2025-02-15T00:00:00,Middle_Forest_Soilwater,0.4475828405956275
2025-02-16T00:00:00,Middle_Forest_Soilwater,0.6783247592911906
2025-02-17T00:00:00,Middle_Forest_Soilwater,0.3363425815516449
2025-02-18T00:00:00,Middle_Forest_Soilwater,0.3451382759624642
2025-02-19T00:00:00,Middle_Forest_Soilwater,0.4403358985755761
2025-02-20T00:00:00,Middle_Forest_Soilwater,0.04344859990080101
2025-02-21T00:00:00,Middle_Forest_Soilwater,0.21857485301456586
2025-02-22T00:00:00,Middle_Forest_Soilwater,0.04389126935410979
2025-02-23T00:00:00,Middle_Forest_Soilwater,0.03675329609109651
2025-02-24T00:00:00,Middle_Forest_Soilwater,0.0
2025-02-25T00:00:00,Middle_Forest_Soilwater,0.0
2025-02-26T00:00:00,Middle_Forest_Soilwater,0.0
2025-02-27T00:00:00,Middle_Forest_Soilwater,0.47827983029986143
2025-02-28T00:00:00,Middle_Forest_Soilwater,0.41086936330153634
2025-03-01T00:00:00,Middle_Forest_Soilwater,0.0
2025-03-02T00:00:00,Middle_Forest_Soilwater,0.0
2025-03-03T00:00:00,Middle_Forest_Soilwater,0.3303568525006378
2025-03-04T00:00:00,Middle_Forest_Soilwater,0.12008507701135927
2025-03-05T00:00:00,Middle_Forest_Soilwater,0.4442554700159322
2025-03-06T00:00:00,Middle_Forest_Soilwater,0.11297913764919722
2025-03-07T00:00:00,Middle_Forest_Soilwater,0.2117439261607612
2025-03-08T00:00:00,Middle_Forest_Soilwater,0.05312091580301456
2025-03-09T00:00:00,Middle_Forest_Soilwater,0.0
2025-03-10T00:00:00,Middle_Forest_Soilwater,0.0
2025-03-11T00:00:00,Middle_Forest_Soilwater,0.0
2025-03-12T00:00:00,Middle_Forest_Soilwater,0.09254157993530188
2025-03-13T00:00:00,Middle_Forest_Soilwater,0.43298112426313334
2025-03-14T00:00:00,Middle_Forest_Soilwater,0.5719617152717273
2025-03-15T00:00:00,Middle_Forest_Soilwater,0.07716140416136802
2025-03-16T00:00:00,Middle_Forest_Soilwater,0.07737989430108563
2025-03-17T00:00:00,Middle_Forest_Soilwater,0.34924966089101356
2025-03-18T00:00:00,Middle_Forest_Soilwater,0.48922239664368955
2025-03-19T00:00:00,Middle_Forest_Soilwater,0.3957105282428677
2025-03-20T00:00:00,Middle_Forest_Soilwater,0.10082659974928986
2025-03-21T00:00:00,Middle_Forest_Soilwater,0.36548249771588565
2025-03-22T00:00:00,Middle_Forest_Soilwater,0.3033551319823572
2025-03-23T00:00:00,Middle_Forest_Soilwater,0.4282884172090555
2025-03-24T00:00:00,Middle_Forest_Soilwater,0.4905034003504931
2025-03-25T00:00:00,Middle_Forest_Soilwater,0.3581675298082943
2025-03-26T00:00:00,Middle_Forest_Soilwater,0.4677137225331228
2025-03-27T00:00:00,Middle_Forest_Soilwater,0.5230353745980725
2025-03-28T00:00:00,Middle_Forest_Soilwater,0.21108334512525168
2025-03-29T00:00:00,Middle_Forest_Soilwater,0.18873329385305537
2025-03-30T00:00:00,Middle_Forest_Soilwater,0.4347941074178518
2025-03-31T00:00:00,Middle_Forest_Soilwater,0.3170821810173335
2025-04-01T00:00:00,Middle_Forest_Soilwater,0.19082313363597875
2025-04-02T00:00:00,Middle_Forest_Soilwater,0.2872098807608116
2025-04-03T00:00:00,Middle_Forest_Soilwater,0.21588199848842762
2025-04-04T00:00:00,Middle_Forest_Soilwater,0.3046048776001306
2025-04-05T00:00:00,Middle_Forest_Soilwater,0.32123027753387384
2025-04-06T00:00:00,Middle_Forest_Soilwater,0.3945191783049398
2025-04-07T00:00:00,Middle_Forest_Soilwater,0.19357800446278342
2025-04-08T00:00:00,Middle_Forest_Soilwater,0.3075098771959357
2025-04-09T00:00:00,Middle_Forest_Soilwater,0.5193179456503053
2025-04-10T00:00:00,Middle_Forest_Soilwater,0.5035337946331254
2025-04-11T00:00:00,Middle_Forest_Soilwater,0.4650387774741247
2025-04-12T00:00:00,Middle_Forest_Soilwater,0.0
2025-04-13T00:00:00,Middle_Forest_Soilwater,0.0
2025-04-14T00:00:00,Middle_Forest_Soilwater,0.0
2025-04-15T00:00:00,Middle_Forest_Soilwater,0.0
2025-04-16T00:00:00,Middle_Forest_Soilwater,0.0
2025-04-17T00:00:00,Middle_Forest_Soilwater,0.0
2025-04-18T00:00:00,Middle_Forest_Soilwater,0.0
2025-04-19T00:00:00,Middle_Forest_Soilwater,0.0
2025-04-20T00:00:00,Middle_Forest_Soilwater,0.0
2025-04-21T00:00:00,Middle_Forest_Soilwater,0.0
2025-04-22T00:00:00,Middle_Forest_Soilwater,0.0
2025-04-23T00:00:00,Middle_Forest_Soilwater,0.0
2025-04-24T00:00:00,Middle_Forest_Soilwater,0.0
2025-04-25T00:00:00,Middle_Forest_Soilwater,0.0
2025-04-26T00:00:00,Middle_Forest_Soilwater,0.0
2025-04-27T00:00:00,Middle_Forest_Soilwater,0.0
2025-04-28T00:00:00,Middle_Forest_Soilwater,0.0
2025-04-29T00:00:00,Middle_Forest_Soilwater,0.0
2025-04-30T00:00:00,Middle_Forest_Soilwater,0.0
2025-05-01T00:00:00,Middle_Forest_Soilwater,0.0
2025-05-02T00:00:00,Middle_Forest_Soilwater,0.0
2025-05-03T00:00:00,Middle_Forest_Soilwater,0.0
2025-05-04T00:00:00,Middle_Forest_Soilwater,0.0
2025-05-05T00:00:00,Middle_Forest_Soilwater,0.15935177325444638
2025-05-06T00:00:00,Middle_Forest_Soilwater,0.1772766151447676
2025-05-07T00:00:00,Middle_Forest_Soilwater,0.05323017067848264
2025-05-08T00:00:00,Middle_Forest_Soilwater,0.035540144704754174
2025-05-09T00:00:00,Middle_Forest_Soilwater,0.04448885831118874
2025-05-10T00:00:00,Middle_Forest_Soilwater,0.16973993352231473
2025-05-11T00:00:00,Middle_Forest_Soilwater,0.2688346959371921
2025-05-12T00:00:00,Middle_Forest_Soilwater,0.2515073422994
2025-05-13T00:00:00,Middle_Forest_Soilwater,0.270196865983432
2025-05-14T00:00:00,Middle_Forest_Soilwater,0.11737074956256853
2025-05-15T00:00:00,Middle_Forest_Soilwater,0.10866829964925179
2025-05-16T00:00:00,Middle_Forest_Soilwater,0.12721357184317666
2025-05-17T00:00:00,Middle_Forest_Soilwater,0.1731440345173522
2025-05-18T00:00:00,Middle_Forest_Soilwater,0.2101990468521456
2025-05-19T00:00:00,Middle_Forest_Soilwater,0.36646981002455725
2025-05-20T00:00:00,Middle_Forest_Soilwater,0.31183752289598515
2025-05-21T00:00:00,Middle_Forest_Soilwater,0.04590851643628357
2025-05-22T00:00:00,Middle_Forest_Soilwater,0.0
2025-05-23T00:00:00,Middle_Forest_Soilwater,0.0
2025-05-24T00:00:00,Middle_Forest_Soilwater,0.13981704546543827
2025-05-25T00:00:00,Middle_Forest_Soilwater,0.3280521242065722
2025-05-26T00:00:00,Middle_Forest_Soilwater,0.5456413075407913
2025-05-27T00:00:00,Middle_Forest_Soilwater,0.6502615247670359
2025-05-28T00:00:00,Middle_Forest_Soilwater,0.30174485921301636
2025-05-29T00:00:00,Middle_Forest_Soilwater,0.17957145331801616
2025-05-30T00:00:00,Middle_Forest_Soilwater,0.2180958108192252
2025-05-31T00:00:00,Middle_Forest_Soilwater,0.2281744074046473
2025-06-01T00:00:00,Middle_Forest_Soilwater,0.17149940725840057
2025-06-02T00:00:00,Middle_Forest_Soilwater,0.18162256484134107
2025-06-03T00:00:00,Middle_Forest_Soilwater,0.22047062821908794
2025-06-04T00:00:00,Middle_Forest_Soilwater,0.34582530515814724
2025-06-05T00:00:00,Middle_Forest_Soilwater,0.2596345991299806
2025-06-06T00:00:00,Middle_Forest_Soilwater,0.3080956948316353
2025-06-07T00:00:00,Middle_Forest_Soilwater,0.6840360781635324
2025-06-08T00:00:00,Middle_Forest_Soilwater,0.6154264407684565
2025-06-09T00:00:00,Middle_Forest_Soilwater,0.8927632401954088
2025-06-10T00:00:00,Middle_Forest_Soilwater,0.6603609088001174
2025-06-11T00:00:00,Middle_Forest_Soilwater,0.4680792754706721
2025-06-12T00:00:00,Middle_Forest_Soilwater,0.6489951670460623
2025-06-13T00:00:00,Middle_Forest_Soilwater,0.5713739424245737
2025-06-14T00:00:00,Middle_Forest_Soilwater,0.6113577339731938
2025-06-15T00:00:00,Middle_Forest_Soilwater,0.2489071590251381
2025-06-16T00:00:00,Middle_Forest_Soilwater,0.0
2025-06-17T00:00:00,Middle_Forest_Soilwater,0.09672473437531345
2025-06-18T00:00:00,Middle_Forest_Soilwater,0.0
2025-06-19T00:00:00,Middle_Forest_Soilwater,0.0
2025-06-20T00:00:00,Middle_Forest_Soilwater,0.256375690148959
2025-06-21T00:00:00,Middle_Forest_Soilwater,0.8620867746981805
2025-06-22T00:00:00,Middle_Forest_Soilwater,0.5850113812699264
2025-06-23T00:00:00,Middle_Forest_Soilwater,0.5264200780293047
2025-06-24T00:00:00,Middle_Forest_Soilwater,0.26858968362078045
2025-06-25T00:00:00,Middle_Forest_Soilwater,0.3292684354049142
2025-06-26T00:00:00,Middle_Forest_Soilwater,0.36999013552924337
2025-06-27T00:00:00,Middle_Forest_Soilwater,0.5408157585074237
2025-06-28T00:00:00,Middle_Forest_Soilwater,0.5509184890181227
2025-06-29T00:00:00,Middle_Forest_Soilwater,0.6309042142009287
2025-06-30T00:00:00,Middle_Forest_Soilwater,0.6302698185863154
2025-07-01T00:00:00,Middle_Forest_Soilwater,0.28975468356270134
2025-07-02T00:00:00,Middle_Forest_Soilwater,0.06997493697159776
2025-07-03T00:00:00,Middle_Forest_Soilwater,0.250301263833031
2025-07-04T00:00:00,Middle_Forest_Soilwater,0.1602413338352261
2025-07-05T00:00:00,Middle_Forest_Soilwater,0.2505410935389227
2025-07-06T00:00:00,Middle_Forest_Soilwater,0.4609790932947769
2025-07-07T00:00:00,Middle_Forest_Soilwater,0.7112979896104564
2025-07-08T00:00:00,Middle_Forest_Soilwater,0.571248394676014
2025-07-09T00:00:00,Middle_Forest_Soilwater,0.4124829356184841
2025-07-10T00:00:00,Middle_Forest_Soilwater,0.2828374900887177
2025-07-11T00:00:00,Middle_Forest_Soilwater,0.3753001723507359
2025-07-12T00:00:00,Middle_Forest_Soilwater,0.7019958508964491
2025-07-13T00:00:00,Middle_Forest_Soilwater,0.743503389864232
2025-07-14T00:00:00,Middle_Forest_Soilwater,0.8965800718020926
2025-07-15T00:00:00,Middle_Forest_Soilwater,0.732823283155524
2025-07-16T00:00:00,Middle_Forest_Soilwater,0.6816036207952109
2025-07-17T00:00:00,Middle_Forest_Soilwater,0.6405504318428841
2025-07-18T00:00:00,Middle_Forest_Soilwater,0.9757247265611115
2025-07-19T00:00:00,Middle_Forest_Soilwater,0.790684428632559
2025-07-20T00:00:00,Middle_Forest_Soilwater,0.7790856197478949
2025-07-21T00:00:00,Middle_Forest_Soilwater,1.039984219872249
2025-07-22T00:00:00,Middle_Forest_Soilwater,1.1365563224070343
2025-07-23T00:00:00,Middle_Forest_Soilwater,1.0011182865893782
2025-07-24T00:00:00,Middle_Forest_Soilwater,0.6879515369523044
2025-07-25T00:00:00,Middle_Forest_Soilwater,0.5967647603350112
2025-07-26T00:00:00,Middle_Forest_Soilwater,0.7642703450938826
2025-07-27T00:00:00,Middle_Forest_Soilwater,1.0289514987665354
2025-07-28T00:00:00,Middle_Forest_Soilwater,1.2601635840580376
2025-07-29T00:00:00,Middle_Forest_Soilwater,1.457441008314209
2025-07-30T00:00:00,Middle_Forest_Soilwater,0.8443565832718278
2025-07-31T00:00:00,Middle_Forest_Soilwater,0.5817639765379694
2025-08-01T00:00:00,Middle_Forest_Soilwater,0.34913871764446797
2025-08-02T00:00:00,Middle_Forest_Soilwater,0.504950296719141
2025-08-03T00:00:00,Middle_Forest_Soilwater,0.5437826011225001
2025-08-04T00:00:00,Middle_Forest_Soilwater,0.4464290922112786
2025-08-05T00:00:00,Middle_Forest_Soilwater,0.49483417614945835
2025-08-06T00:00:00,Middle_Forest_Soilwater,0.49470366358306317
2025-08-07T00:00:00,Middle_Forest_Soilwater,0.5633244131971832
2025-08-08T00:00:00,Middle_Forest_Soilwater,0.5548413181221692
2025-08-09T00:00:00,Middle_Forest_Soilwater,0.7806788685789038
2025-08-10T00:00:00,Middle_Forest_Soilwater,0.6643066117206843
2025-08-11T00:00:00,Middle_Forest_Soilwater,0.8516884155853678
2025-08-12T00:00:00,Middle_Forest_Soilwater,0.8519776526884137
2025-08-13T00:00:00,Middle_Forest_Soilwater,0.9594988344205938
2025-08-14T00:00:00,Middle_Forest_Soilwater,0.7919867016087798
2025-08-15T00:00:00,Middle_Forest_Soilwater,0.8011365164499933
2025-08-16T00:00:00,Middle_Forest_Soilwater,1.3856164770682562
2025-08-17T00:00:00,Middle_Forest_Soilwater,1.4755896137480045
2025-08-18T00:00:00,Middle_Forest_Soilwater,1.4666983321175149
2025-08-19T00:00:00,Middle_Forest_Soilwater,1.2248489898789316
2025-08-20T00:00:00,Middle_Forest_Soilwater,1.47579536903483
2025-08-21T00:00:00,Middle_Forest_Soilwater,1.6362227807907535
2025-08-22T00:00:00,Middle_Forest_Soilwater,1.8696409185387508
2025-08-23T00:00:00,Middle_Forest_Soilwater,1.9634413913019613
2025-08-24T00:00:00,Middle_Forest_Soilwater,1.9779257090971907
2025-08-25T00:00:00,Middle_Forest_Soilwater,1.8123821516062444
2025-08-26T00:00:00,Middle_Forest_Soilwater,1.3238405659260783
2025-08-27T00:00:00,Middle_Forest_Soilwater,0.7795149314695796
2025-08-28T00:00:00,Middle_Forest_Soilwater,0.6949210245304236
2025-08-29T00:00:00,Middle_Forest_Soilwater,1.0178422714912925
2025-08-30T00:00:00,Middle_Forest_Soilwater,0.9787884324054907
2025-08-31T00:00:00,Middle_Forest_Soilwater,1.115835300961112
2025-09-01T00:00:00,Middle_Forest_Soilwater,1.1956195779410534
2025-09-02T00:00:00,Middle_Forest_Soilwater,1.1820999197836575
2025-09-03T00:00:00,Middle_Forest_Soilwater,1.1142646554590803
2025-09-04T00:00:00,Middle_Forest_Soilwater,1.2835407292216188
2025-09-05T00:00:00,Middle_Forest_Soilwater,1.4766851029934125
2025-09-06T00:00:00,Middle_Forest_Soilwater,1.3501712238158574
2025-09-07T00:00:00,Middle_Forest_Soilwater,1.3421169909172463
2025-09-08T00:00:00,Middle_Forest_Soilwater,1.5293624137358444
2025-09-09T00:00:00,Middle_Forest_Soilwater,1.7292062748819017
2025-09-10T00:00:00,Middle_Forest_Soilwater,1.6167990247316844
2025-09-11T00:00:00,Middle_Forest_Soilwater,1.4983815923658594
2025-09-12T00:00:00,Middle_Forest_Soilwater,1.4108898781827572
2025-09-13T00:00:00,Middle_Forest_Soilwater,1.1623857302856881
2025-09-14T00:00:00,Middle_Forest_Soilwater,1.0628564727440135
2025-09-15T00:00:00,Middle_Forest_Soilwater,1.2947128585197063
2025-09-16T00:00:00,Middle_Forest_Soilwater,1.1683849738174603
2025-09-17T00:00:00,Middle_Forest_Soilwater,0.9440682961666228
2025-09-18T00:00:00,Middle_Forest_Soilwater,1.2810645891545325
2025-09-19T00:00:00,Middle_Forest_Soilwater,0.9777461570470176
2025-09-20T00:00:00,Middle_Forest_Soilwater,0.8680298337838994
2025-09-21T00:00:00,Middle_Forest_Soilwater,0.7920503085740958
2025-09-22T00:00:00,Middle_Forest_Soilwater,0.848676684710543
2025-09-23T00:00:00,Middle_Forest_Soilwater,0.7813831178159448
2025-09-24T00:00:00,Middle_Forest_Soilwater,1.1166967568513209
2025-09-25T00:00:00,Middle_Forest_Soilwater,0.9972252659160965
2025-09-26T00:00:00,Middle_Forest_Soilwater,1.001356777140664
2025-09-27T00:00:00,Middle_Forest_Soilwater,0.9911478687148273
2025-09-28T00:00:00,Middle_Forest_Soilwater,1.0409871627699583
2025-09-29T00:00:00,Middle_Forest_Soilwater,1.154691726304748
2025-09-30T00:00:00,Middle_Forest_Soilwater,1.0959069125423986
2025-10-01T00:00:00,Middle_Forest_Soilwater,1.0937790657245052
2025-10-02T00:00:00,Middle_Forest_Soilwater,1.1960695434993174
2025-10-03T00:00:00,Middle_Forest_Soilwater,1.2329859867028374
2025-10-04T00:00:00,Middle_Forest_Soilwater,1.4452153489544726
2025-10-05T00:00:00,Middle_Forest_Soilwater,1.5326258905281107
2025-10-06T00:00:00,Middle_Forest_Soilwater,1.5457397908812498
2025-10-07T00:00:00,Middle_Forest_Soilwater,1.7386223425048861
2025-10-08T00:00:00,Middle_Forest_Soilwater,1.7611682586005908
2025-10-09T00:00:00,Middle_Forest_Soilwater,1.7511572488145093
2025-10-10T00:00:00,Middle_Forest_Soilwater,1.6260369430962496
2025-10-11T00:00:00,Middle_Forest_Soilwater,1.3378891042837724
2025-10-12T00:00:00,Middle_Forest_Soilwater,1.2822158864128046
2025-10-13T00:00:00,Middle_Forest_Soilwater,1.473004269781094
2025-10-14T00:00:00,Middle_Forest_Soilwater,1.392474926692605
2025-10-15T00:00:00,Middle_Forest_Soilwater,1.386813384198661
2025-10-16T00:00:00,Middle_Forest_Soilwater,1.453115717601464
2025-10-17T00:00:00,Middle_Forest_Soilwater,1.4381003855760104
2025-10-18T00:00:00,Middle_Forest_Soilwater,1.4159639646902906
2025-10-19T00:00:00,Middle_Forest_Soilwater,1.2825723987199331
2025-10-20T00:00:00,Middle_Forest_Soilwater,1.3818568499247244
2025-10-21T00:00:00,Middle_Forest_Soilwater,1.3510079020635615
2025-10-22T00:00:00,Middle_Forest_Soilwater,1.450202582550731
2025-10-23T00:00:00,Middle_Forest_Soilwater,1.5254299733535235
2025-10-24T00:00:00,Middle_Forest_Soilwater,1.5840116278834653
2025-10-25T00:00:00,Middle_Forest_Soilwater,1.5998734227260918
2025-10-26T00:00:00,Middle_Forest_Soilwater,1.5420986675468893
2025-10-27T00:00:00,Middle_Forest_Soilwater,1.4337108673684837
2025-10-28T00:00:00,Middle_Forest_Soilwater,1.4631699142907642
2025-10-29T00:00:00,Middle_Forest_Soilwater,1.5035895753763435
2025-10-30T00:00:00,Middle_Forest_Soilwater,1.3334078795228614
2025-10-31T00:00:00,Middle_Forest_Soilwater,1.3289464258819788
2025-11-01T00:00:00,Middle_Forest_Soilwater,1.3358725753759237
2025-11-02T00:00:00,Middle_Forest_Soilwater,1.3223217747796068
2025-11-03T00:00:00,Middle_Forest_Soilwater,1.451289839652367
2025-11-04T00:00:00,Middle_Forest_Soilwater,1.6197847158627774
2025-11-05T00:00:00,Middle_Forest_Soilwater,1.36862789756917
2025-11-06T00:00:00,Middle_Forest_Soilwater,1.3041841832974024
2025-11-07T00:00:00,Middle_Forest_Soilwater,1.2570694437358532
2025-11-08T00:00:00,Middle_Forest_Soilwater,1.3017149161954935
2025-11-09T00:00:00,Middle_Forest_Soilwater,1.3351218383999044
2025-11-10T00:00:00,Middle_Forest_Soilwater,1.2515720888033286
2025-11-11T00:00:00,Middle_Forest_Soilwater,1.1718303393349045
2025-11-12T00:00:00,Middle_Forest_Soilwater,1.095824605854658
2025-11-13T00:00:00,Middle_Forest_Soilwater,1.0522931650435523
2025-11-14T00:00:00,Middle_Forest_Soilwater,1.0719687096312727
2025-11-15T00:00:00,Middle_Forest_Soilwater,1.092556912927934
2025-11-16T00:00:00,Middle_Forest_Soilwater,1.1245307337186399
2025-11-17T00:00:00,Middle_Forest_Soilwater,1.0244716435829027
2025-11-18T00:00:00,Middle_Forest_Soilwater,1.0371566575519877
2025-11-19T00:00:00,Middle_Forest_Soilwater,0.9699564097690349
2025-11-20T00:00:00,Middle_Forest_Soilwater,0.9837666859543979
2025-11-21T00:00:00,Middle_Forest_Soilwater,1.009653165506346
2025-11-22T00:00:00,Middle_Forest_Soilwater,1.061487326365112
2025-11-23T00:00:00,Middle_Forest_Soilwater,0.9215912488985893
2025-11-24T00:00:00,Middle_Forest_Soilwater,0.8981972543860266
2025-11-25T00:00:00,Middle_Forest_Soilwater,0.8884749520271549
2025-11-26T00:00:00,Middle_Forest_Soilwater,0.8508922840648493
2025-11-27T00:00:00,Middle_Forest_Soilwater,1.08523120954176
2025-11-28T00:00:00,Middle_Forest_Soilwater,0.9949858680314284
2025-11-29T00:00:00,Middle_Forest_Soilwater,1.0025403899342649
2025-11-30T00:00:00,Middle_Forest_Soilwater,0.8549652467661985
2025-12-01T00:00:00,Middle_Forest_Soilwater,0.9040481782780874
2025-12-02T00:00:00,Middle_Forest_Soilwater,0.9520529935466856
2025-12-03T00:00:00,Middle_Forest_Soilwater,1.026835262367067
2025-12-04T00:00:00,Middle_Forest_Soilwater,1.072095007405927
2025-12-05T00:00:00,Middle_Forest_Soilwater,1.199181416313766
2025-12-06T00:00:00,Middle_Forest_Soilwater,1.0956543821643254
2025-12-07T00:00:00,Middle_Forest_Soilwater,1.0005735798486088
2025-12-08T00:00:00,Middle_Forest_Soilwater,1.0841403060944597
2025-12-09T00:00:00,Middle_Forest_Soilwater,1.113486320055339
2025-12-10T00:00:00,Middle_Forest_Soilwater,1.0065527866479014
2025-12-11T00:00:00,Middle_Forest_Soilwater,0.9548621202375198
2025-12-12T00:00:00,Middle_Forest_Soilwater,0.8768603733634235
2025-12-13T00:00:00,Middle_Forest_Soilwater,0.9264140387375767
2025-12-14T00:00:00,Middle_Forest_Soilwater,0.8951711274401772
2025-12-15T00:00:00,Middle_Forest_Soilwater,0.7784133786154757
2025-12-16T00:00:00,Middle_Forest_Soilwater,0.8209464931572654
2025-12-17T00:00:00,Middle_Forest_Soilwater,0.8559860103217021
2025-12-18T00:00:00,Middle_Forest_Soilwater,0.7796819104616912
2025-12-19T00:00:00,Middle_Forest_Soilwater,0.7885587282814982
2025-12-20T00:00:00,Middle_Forest_Soilwater,0.8035127955724184
2025-12-21T00:00:00,Middle_Forest_Soilwater,0.7860477008589856
2025-12-22T00:00:00,Middle_Forest_Soilwater,0.7892912591025217
2025-12-23T00:00:00,Middle_Forest_Soilwater,0.579786286402056
2025-12-24T00:00:00,Middle_Forest_Soilwater,0.2718375627025497
2025-12-25T00:00:00,Middle_Forest_Soilwater,0.358746890882491
2025-12-26T00:00:00,Middle_Forest_Soilwater,0.5064453470571529
2025-12-27T00:00:00,Middle_Forest_Soilwater,0.7144724418682059
2025-12-28T00:00:00,Middle_Forest_Soilwater,0.8625101430899388
2025-12-29T00:00:00,Middle_Forest_Soilwater,0.9294671122462939
2025-12-30T00:00:00,Middle_Forest_Soilwater,0.7894397064197336
2025-12-31T00:00:00,Middle_Forest_Soilwater,0.43108827278398093
2026-01-01T00:00:00,Middle_Forest_Soilwater,0.4652864340588687
2026-01-02T00:00:00,Middle_Forest_Soilwater,0.7860370512916204
2026-01-03T00:00:00,Middle_Forest_Soilwater,0.765053433531092
2026-01-04T00:00:00,Middle_Forest_Soilwater,0.8301776317305934
2026-01-05T00:00:00,Middle_Forest_Soilwater,0.8609876648836365
2026-01-06T00:00:00,Middle_Forest_Soilwater,0.5744157263077171
2026-01-07T00:00:00,Middle_Forest_Soilwater,0.5925083439203952
2026-01-08T00:00:00,Middle_Forest_Soilwater,0.7728002043144784
2026-01-09T00:00:00,Middle_Forest_Soilwater,0.7716603409464542
2026-01-10T00:00:00,Middle_Forest_Soilwater,0.8578733607389922
2026-01-11T00:00:00,Middle_Forest_Soilwater,0.6834505763645558
2026-01-12T00:00:00,Middle_Forest_Soilwater,0.6132827594746334
2026-01-13T00:00:00,Middle_Forest_Soilwater,0.6108612824128903
2026-01-14T00:00:00,Middle_Forest_Soilwater,0.614578315981866
2026-01-15T00:00:00,Middle_Forest_Soilwater,0.4912629484342997
2026-01-16T00:00:00,Middle_Forest_Soilwater,0.39493798121820595
2026-01-17T00:00:00,Middle_Forest_Soilwater,0.3613974254309732
2026-01-18T00:00:00,Middle_Forest_Soilwater,0.5365104912079572
2026-01-19T00:00:00,Middle_Forest_Soilwater,0.9151657929017457
2026-01-20T00:00:00,Middle_Forest_Soilwater,0.6944390647105275
2026-01-21T00:00:00,Middle_Forest_Soilwater,0.4941078058594684
2026-01-22T00:00:00,Middle_Forest_Soilwater,0.3286483930032105
2026-01-23T00:00:00,Middle_Forest_Soilwater,0.3452600273652142
2026-01-24T00:00:00,Middle_Forest_Soilwater,0.6352368077149347
2026-01-25T00:00:00,Middle_Forest_Soilwater,0.7411098448430863
2026-01-26T00:00:00,Middle_Forest_Soilwater,0.8314074706428187
2026-01-27T00:00:00,Middle_Forest_Soilwater,0.9874664948453473
2026-01-28T00:00:00,Middle_Forest_Soilwater,1.074684940877142
2026-01-29T00:00:00,Middle_Forest_Soilwater,0.5985105714369835
2026-01-30T00:00:00,Middle_Forest_Soilwater,0.19954076584708377
2026-01-31T00:00:00,Middle_Forest_Soilwater,0.037058086567084515
2026-02-01T00:00:00,Middle_Forest_Soilwater,0.46283826802519434
2026-02-02T00:00:00,Middle_Forest_Soilwater,0.8835836653112387
2026-02-03T00:00:00,Middle_Forest_Soilwater,0.8532876947774463
2026-02-04T00:00:00,Middle_Forest_Soilwater,0.8151939665014163
2026-02-05T00:00:00,Middle_Forest_Soilwater,0.33617424202171564
2026-02-06T00:00:00,Middle_Forest_Soilwater,0.11253225595086908
2026-02-07T00:00:00,Middle_Forest_Soilwater,0.15083590175065037
2026-02-08T00:00:00,Middle_Forest_Soilwater,0.3029822383606988
2026-02-09T00:00:00,Middle_Forest_Soilwater,0.4862251123452302
2026-02-10T00:00:00,Middle_Forest_Soilwater,0.639982496042236
2026-02-11T00:00:00,Middle_Forest_Soilwater,0.6406118792096351
2026-02-12T00:00:00,Middle_Forest_Soilwater,0.49590242853696276
2026-02-13T00:00:00,Middle_Forest_Soilwater,0.5192929928505269
2026-02-14T00:00:00,Middle_Forest_Soilwater,0.519453128933848
2026-02-15T00:00:00,Middle_Forest_Soilwater,0.5117505230927112
2026-02-16T00:00:00,Middle_Forest_Soilwater,0.48098024272524903
2026-02-17T00:00:00,Middle_Forest_Soilwater,0.37388423780770724
2026-02-18T00:00:00,Middle_Forest_Soilwater,0.38149406355084453
2026-02-19T00:00:00,Middle_Forest_Soilwater,0.27456703553542794
2026-02-20T00:00:00,Middle_Forest_Soilwater,0.3052285933392037
2026-02-21T00:00:00,Middle_Forest_Soilwater,0.2518889058423951
2026-02-22T00:00:00,Middle_Forest_Soilwater,0.17563709298737074
2026-02-23T00:00:00,Middle_Forest_Soilwater,0.3515532427121902
2026-02-24T00:00:00,Middle_Forest_Soilwater,0.5048416361604862
2026-02-25T00:00:00,Middle_Forest_Soilwater,0.2446081011994276
2026-02-26T00:00:00,Middle_Forest_Soilwater,0.0
2026-02-27T00:00:00,Middle_Forest_Soilwater,0.11507559114337182
2026-02-28T00:00:00,Middle_Forest_Soilwater,0.1536576064946288
2026-03-01T00:00:00,Middle_Forest_Soilwater,0.07689986417091639
2026-03-02T00:00:00,Middle_Forest_Soilwater,0.053899989122317485
2026-03-03T00:00:00,Middle_Forest_Soilwater,0.03854955581862451
2026-03-04T00:00:00,Middle_Forest_Soilwater,0.1312301292861164
2026-03-05T00:00:00,Middle_Forest_Soilwater,0.054056029544697695
2026-03-06T00:00:00,Middle_Forest_Soilwater,0.19321616587298576
2026-03-07T00:00:00,Middle_Forest_Soilwater,0.1082324341823307
2026-03-08T00:00:00,Middle_Forest_Soilwater,0.10835008777446328
2026-03-09T00:00:00,Middle_Forest_Soilwater,0.22485109932235323
2026-03-10T00:00:00,Middle_Forest_Soilwater,0.2560390705622423
2026-03-11T00:00:00,Middle_Forest_Soilwater,0.1552068811803866
2026-03-12T00:00:00,Middle_Forest_Soilwater,0.2642316169200421
2026-03-13T00:00:00,Middle_Forest_Soilwater,0.2798725667086724
2026-03-14T00:00:00,Middle_Forest_Soilwater,0.1402127611747734
2026-03-15T00:00:00,Middle_Forest_Soilwater,0.0937200031487742
2026-03-16T00:00:00,Middle_Forest_Soilwater,0.08613302835826643
2026-03-17T00:00:00,Middle_Forest_Soilwater,0.3141941403142825
2026-03-18T00:00:00,Middle_Forest_Soilwater,0.13367153746425375
2026-03-19T00:00:00,Middle_Forest_Soilwater,0.0
2026-03-20T00:00:00,Middle_Forest_Soilwater,0.08727129946330796
2026-03-21T00:00:00,Middle_Forest_Soilwater,0.3426960596546043
2026-03-22T00:00:00,Middle_Forest_Soilwater,0.06389155229233687
2026-03-23T00:00:00,Middle_Forest_Soilwater,0.0
2026-03-24T00:00:00,Middle_Forest_Soilwater,0.04027456688356467
2026-03-25T00:00:00,Middle_Forest_Soilwater,0.0
2026-03-26T00:00:00,Middle_Forest_Soilwater,0.0
2026-03-27T00:00:00,Middle_Forest_Soilwater,0.0
2026-03-28T00:00:00,Middle_Forest_Soilwater,0.0
2026-03-29T00:00:00,Middle_Forest_Soilwater,0.0
2026-03-30T00:00:00,Middle_Forest_Soilwater,0.0
2026-03-31T00:00:00,Middle_Forest_Soilwater,0.0
2026-04-01T00:00:00,Middle_Forest_Soilwater,0.0
2026-04-02T00:00:00,Middle_Forest_Soilwater,0.19822508916842277
2026-04-03T00:00:00,Middle_Forest_Soilwater,0.42166214763411963
2026-04-04T00:00:00,Middle_Forest_Soilwater,0.4792962988509694
2026-04-05T00:00:00,Middle_Forest_Soilwater,0.20635274450567925
2026-04-06T00:00:00,Middle_Forest_Soilwater,0.0
2026-04-07T00:00:00,Middle_Forest_Soilwater,0.0
2026-04-08T00:00:00,Middle_Forest_Soilwater,0.0
2026-04-09T00:00:00,Middle_Forest_Soilwater,0.016614978206859473
2026-04-10T00:00:00,Middle_Forest_Soilwater,0.2665376790339926
2026-04-11T00:00:00,Middle_Forest_Soilwater,0.0
2026-04-12T00:00:00,Middle_Forest_Soilwater,0.0
2026-04-13T00:00:00,Middle_Forest_Soilwater,0.0
2026-04-14T00:00:00,Middle_Forest_Soilwater,0.0
2026-04-15T00:00:00,Middle_Forest_Soilwater,0.273096488329844
2026-04-16T00:00:00,Middle_Forest_Soilwater,0.20555406285878655
2026-04-17T00:00:00,Middle_Forest_Soilwater,0.1378442858207165
2026-04-18T00:00:00,Middle_Forest_Soilwater,0.39852143263547357
2026-04-19T00:00:00,Middle_Forest_Soilwater,0.23465047978119635
2026-04-20T00:00:00,Middle_Forest_Soilwater,0.2268673300532447
2026-04-21T00:00:00,Middle_Forest_Soilwater,0.0
2026-04-22T00:00:00,Middle_Forest_Soilwater,0.0
2026-04-23T00:00:00,Middle_Forest_Soilwater,0.008848335126201949
2026-04-24T00:00:00,Middle_Forest_Soilwater,0.0
2026-04-25T00:00:00,Middle_Forest_Soilwater,0.0
2026-04-26T00:00:00,Middle_Forest_Soilwater,0.0
2026-04-27T00:00:00,Middle_Forest_Soilwater,0.0
2026-04-28T00:00:00,Middle_Forest_Soilwater,0.0
2026-04-29T00:00:00,Middle_Forest_Soilwater,0.0
2026-04-30T00:00:00,Middle_Forest_Soilwater,0.128708479519442
2026-05-01T00:00:00,Middle_Forest_Soilwater,0.13854622272049844
2026-05-02T00:00:00,Middle_Forest_Soilwater,0.055707881024147025
2026-05-03T00:00:00,Middle_Forest_Soilwater,0.04681869425247126
2026-05-04T00:00:00,Middle_Forest_Soilwater,0.0
2026-05-05T00:00:00,Middle_Forest_Soilwater,0.0
2026-05-06T00:00:00,Middle_Forest_Soilwater,0.0
2026-05-07T00:00:00,Middle_Forest_Soilwater,0.0
2026-05-08T00:00:00,Middle_Forest_Soilwater,0.0
2026-05-09T00:00:00,Middle_Forest_Soilwater,0.0
2026-05-10T00:00:00,Middle_Forest_Soilwater,0.0
2026-05-11T00:00:00,Middle_Forest_Soilwater,0.0
2026-05-12T00:00:00,Middle_Forest_Soilwater,0.37126496450396823
2026-05-13T00:00:00,Middle_Forest_Soilwater,0.12074334155869902
2026-05-14T00:00:00,Middle_Forest_Soilwater,0.1918904478040925
2026-05-15T00:00:00,Middle_Forest_Soilwater,0.2126962249462815
2026-05-16T00:00:00,Middle_Forest_Soilwater,0.05076020287821805
2026-05-17T00:00:00,Middle_Forest_Soilwater,0.16290577801192657
2026-05-18T00:00:00,Middle_Forest_Soilwater,0.0
2026-05-19T00:00:00,Middle_Forest_Soilwater,0.0
2026-05-20T00:00:00,Middle_Forest_Soilwater,0.07176001178633144
2026-05-21T00:00:00,Middle_Forest_Soilwater,0.4620854731867227
2026-05-22T00:00:00,Middle_Forest_Soilwater,0.605373739449942
2026-05-23T00:00:00,Middle_Forest_Soilwater,0.43017298698806955
2026-05-24T00:00:00,Middle_Forest_Soilwater,0.25622389681907687
2026-05-25T00:00:00,Middle_Forest_Soilwater,0.17446652309659147
2026-05-26T00:00:00,Middle_Forest_Soilwater,0.16453572708594028
2026-05-27T00:00:00,Middle_Forest_Soilwater,0.2369393725897169
2026-05-28T00:00:00,Middle_Forest_Soilwater,0.4228282182418
2026-05-29T00:00:00,Middle_Forest_Soilwater,0.12372709690274028
2026-05-30T00:00:00,Middle_Forest_Soilwater,0.22712046663337587
2026-05-31T00:00:00,Middle_Forest_Soilwater,0.20657194897723913
2026-06-01T00:00:00,Middle_Forest_Soilwater,0.21710875721067108
2026-06-02T00:00:00,Middle_Forest_Soilwater,0.38278712441268653
2026-06-03T00:00:00,Middle_Forest_Soilwater,0.1655713830072858
2026-06-04T00:00:00,Middle_Forest_Soilwater,0.06216662753059061
2026-06-05T00:00:00,Middle_Forest_Soilwater,0.14548541625977657
2026-06-06T00:00:00,Middle_Forest_Soilwater,0.3333433263910318
2026-06-07T00:00:00,Middle_Forest_Soilwater,0.5005297210553352
2026-06-08T00:00:00,Middle_Forest_Soilwater,1.1363839955166528
2026-06-09T00:00:00,Middle_Forest_Soilwater,0.5503090657645652
2026-06-10T00:00:00,Middle_Forest_Soilwater,0.7468491265722123
2026-06-11T00:00:00,Middle_Forest_Soilwater,0.5277902215134417
2026-06-12T00:00:00,Middle_Forest_Soilwater,0.05167831908417274
2026-06-13T00:00:00,Middle_Forest_Soilwater,0.05174377160791708
2026-06-14T00:00:00,Middle_Forest_Soilwater,0.1968443222687516
2026-06-15T00:00:00,Middle_Forest_Soilwater,0.3833829287884302
2026-06-16T00:00:00,Middle_Forest_Soilwater,0.4243860114292055
2026-06-17T00:00:00,Middle_Forest_Soilwater,0.4134585677506634
2026-06-18T00:00:00,Middle_Forest_Soilwater,0.5780115700648438
2026-06-19T00:00:00,Middle_Forest_Soilwater,0.5868811058917976
2026-06-20T00:00:00,Middle_Forest_Soilwater,0.26747480603696466
2026-06-21T00:00:00,Middle_Forest_Soilwater,0.0
2026-06-22T00:00:00,Middle_Forest_Soilwater,0.0
2026-06-23T00:00:00,Middle_Forest_Soilwater,0.3825887211443038
2026-06-24T00:00:00,Middle_Forest_Soilwater,0.599689793002489
2026-06-25T00:00:00,Middle_Forest_Soilwater,0.04129502120931927
2026-06-26T00:00:00,Middle_Forest_Soilwater,0.27958271176035226
2026-06-27T00:00:00,Middle_Forest_Soilwater,0.4980054933778767
2026-06-28T00:00:00,Middle_Forest_Soilwater,0.37363606693290907
2026-06-29T00:00:00,Middle_Forest_Soilwater,0.33313713465310874
2026-06-30T00:00:00,Middle_Forest_Soilwater,0.4182995431081517
2026-07-01T00:00:00,Middle_Forest_Soilwater,0.3672468472708616
2026-07-02T00:00:00,Middle_Forest_Soilwater,0.2210262811398799
2026-07-03T00:00:00,Middle_Forest_Soilwater,0.2323326688560682
2026-07-04T00:00:00,Middle_Forest_Soilwater,0.38126056059838925
2026-07-05T00:00:00,Middle_Forest_Soilwater,0.29700790039097896
2026-07-06T00:00:00,Middle_Forest_Soilwater,0.21250621575776094
2026-07-07T00:00:00,Middle_Forest_Soilwater,0.37256226893555766
2026-07-08T00:00:00,Middle_Forest_Soilwater,0.8627592337316607
2026-07-09T00:00:00,Middle_Forest_Soilwater,0.7757212034096675
2026-07-10T00:00:00,Middle_Forest_Soilwater,0.9119298195682891
2026-07-11T00:00:00,Middle_Forest_Soilwater,0.9091066031280715
2026-07-12T00:00:00,Middle_Forest_Soilwater,0.864248328354492
2026-07-13T00:00:00,Middle_Forest_Soilwater,0.8618926088911273
2026-07-14T00:00:00,Middle_Forest_Soilwater,0.7545655858834818
2026-07-15T00:00:00,Middle_Forest_Soilwater,0.44950461444446355
2026-07-16T00:00:00,Middle_Forest_Soilwater,0.6788137047068431
2026-07-17T00:00:00,Middle_Forest_Soilwater,0.6254238262586271
2026-07-18T00:00:00,Middle_Forest_Soilwater,0.3745899058555309
2026-07-19T00:00:00,Middle_Forest_Soilwater,0.6031859349117724
2026-07-20T00:00:00,Middle_Forest_Soilwater,1.0482909726796437
2026-07-21T00:00:00,Middle_Forest_Soilwater,1.0847307905022296
2026-07-22T00:00:00,Middle_Forest_Soilwater,0.9045461227235521
2026-07-23T00:00:00,Middle_Forest_Soilwater,0.9724679824802084
2026-07-24T00:00:00,Middle_Forest_Soilwater,1.1004109139654648
2026-07-25T00:00:00,Middle_Forest_Soilwater,0.7498390844526215
2026-07-26T00:00:00,Middle_Forest_Soilwater,0.8484521718374068
2026-07-27T00:00:00,Middle_Forest_Soilwater,1.0966805114014115
2026-07-28T00:00:00,Middle_Forest_Soilwater,0.8305203466629423
2026-07-29T00:00:00,Middle_Forest_Soilwater,0.7873116436179296
2026-07-30T00:00:00,Middle_Forest_Soilwater,0.6554454400709312
2026-07-31T00:00:00,Middle_Forest_Soilwater,0.7632790024157872
2026-08-01T00:00:00,Middle_Forest_Soilwater,0.6922586376591867
2026-08-02T00:00:00,Middle_Forest_Soilwater,0.6710322797087295
2026-08-03T00:00:00,Middle_Forest_Soilwater,0.7581524365088368
2026-08-04T00:00:00,Middle_Forest_Soilwater,0.6479393435110199
2026-08-05T00:00:00,Middle_Forest_Soilwater,0.9127289706877718
2026-08-06T00:00:00,Middle_Forest_Soilwater,1.2436092785422885
2026-08-07T00:00:00,Middle_Forest_Soilwater,1.0730196166207269
2026-08-08T00:00:00,Middle_Forest_Soilwater,0.9626482156101938
2026-08-09T00:00:00,Middle_Forest_Soilwater,0.9514690453570932
2026-08-10T00:00:00,Middle_Forest_Soilwater,0.7464046671273351
2026-08-11T00:00:00,Middle_Forest_Soilwater,0.9879997042409451
2026-08-12T00:00:00,Middle_Forest_Soilwater,1.2209976358577734
2026-08-13T00:00:00,Middle_Forest_Soilwater,0.8147884404697869
2026-08-14T00:00:00,Middle_Forest_Soilwater,0.8752557130275095
2026-08-15T00:00:00,Middle_Forest_Soilwater,0.652538630433307
2026-08-16T00:00:00,Middle_Forest_Soilwater,0.7236239266833412
2026-08-17T00:00:00,Middle_Forest_Soilwater,0.5220049154094689
2026-08-18T00:00:00,Middle_Forest_Soilwater,0.7539326622927238
2026-08-19T00:00:00,Middle_Forest_Soilwater,0.6884032176394796
2026-08-20T00:00:00,Middle_Forest_Soilwater,1.1030029575055804
2026-08-21T00:00:00,Middle_Forest_Soilwater,1.1048639632219865
2026-08-22T00:00:00,Middle_Forest_Soilwater,1.1460234108835456
2026-08-23T00:00:00,Middle_Forest_Soilwater,1.2162509567828008
2026-08-24T00:00:00,Middle_Forest_Soilwater,1.2047656938356637
2026-08-25T00:00:00,Middle_Forest_Soilwater,1.1626069679657296
2026-08-26T00:00:00,Middle_Forest_Soilwater,1.2102836240773047
2026-08-27T00:00:00,Middle_Forest_Soilwater,1.237540595014697
2026-08-28T00:00:00,Middle_Forest_Soilwater,1.1444191206118488
2026-08-29T00:00:00,Middle_Forest_Soilwater,1.171013137575487
2026-08-30T00:00:00,Middle_Forest_Soilwater,0.9346674035186222
2026-08-31T00:00:00,Middle_Forest_Soilwater,1.1279719493363924
2026-09-01T00:00:00,Middle_Forest_Soilwater,1.2313156649555803
2026-09-02T00:00:00,Middle_Forest_Soilwater,1.083410439146834
2026-09-03T00:00:00,Middle_Forest_Soilwater,1.2866343735644878
2026-09-04T00:00:00,Middle_Forest_Soilwater,1.4172903551905627
2026-09-05T00:00:00,Middle_Forest_Soilwater,1.4552656196761726
2026-09-06T00:00:00,Middle_Forest_Soilwater,1.4116747100236051
2026-09-07T00:00:00,Middle_Forest_Soilwater,1.2686278242756241
2026-09-08T00:00:00,Middle_Forest_Soilwater,1.1563915257040838
2026-09-09T00:00:00,Middle_Forest_Soilwater,1.2437197658381522
2026-09-10T00:00:00,Middle_Forest_Soilwater,1.5277694123202115
2026-09-11T00:00:00,Middle_Forest_Soilwater,1.6285930779456481
2026-09-12T00:00:00,Middle_Forest_Soilwater,1.8835265526400187
2026-09-13T00:00:00,Middle_Forest_Soilwater,1.7253972692891568
2026-09-14T00:00:00,Middle_Forest_Soilwater,1.347627154843742
2026-09-15T00:00:00,Middle_Forest_Soilwater,1.2074607896920566
2026-09-16T00:00:00,Middle_Forest_Soilwater,1.242022175362647
2026-09-17T00:00:00,Middle_Forest_Soilwater,1.1327996437023136
2026-09-18T00:00:00,Middle_Forest_Soilwater,1.1208268906663479
2026-09-19T00:00:00,Middle_Forest_Soilwater,1.1657706497212668
2026-09-20T00:00:00,Middle_Forest_Soilwater,1.295325056753079
2026-09-21T00:00:00,Middle_Forest_Soilwater,1.2421428123990967
2026-09-22T00:00:00,Middle_Forest_Soilwater,1.3498213309094966
2026-09-23T00:00:00,Middle_Forest_Soilwater,1.3545806557567681
2026-09-24T00:00:00,Middle_Forest_Soilwater,1.3304445987098108
2026-09-25T00:00:00,Middle_Forest_Soilwater,1.3627338416785097
2026-09-26T00:00:00,Middle_Forest_Soilwater,1.2451377185679633
2026-09-27T00:00:00,Middle_Forest_Soilwater,1.4990545985083181
2026-09-28T00:00:00,Middle_Forest_Soilwater,1.590967904843688
2026-09-29T00:00:00,Middle_Forest_Soilwater,1.5978780103936074
2026-09-30T00:00:00,Middle_Forest_Soilwater,1.5586466053140755
2026-10-01T00:00:00,Middle_Forest_Soilwater,1.7086410520832225
2026-10-02T00:00:00,Middle_Forest_Soilwater,2.041004557585889
2026-10-03T00:00:00,Middle_Forest_Soilwater,2.0441268024907386
2026-10-04T00:00:00,Middle_Forest_Soilwater,1.9765051279763268
2026-10-05T00:00:00,Middle_Forest_Soilwater,1.7727483484498925
2026-10-06T00:00:00,Middle_Forest_Soilwater,1.4926480971696918
2026-10-07T00:00:00,Middle_Forest_Soilwater,1.4826927999660389
2026-10-08T00:00:00,Middle_Forest_Soilwater,1.3189952481767462
2026-10-09T00:00:00,Middle_Forest_Soilwater,1.2869688077129848
2026-10-10T00:00:00,Middle_Forest_Soilwater,1.144048978175552
2026-10-11T00:00:00,Middle_Forest_Soilwater,1.416503665713565
2026-10-12T00:00:00,Middle_Forest_Soilwater,1.3122497214058533
2026-10-13T00:00:00,Middle_Forest_Soilwater,1.3096859332849606
2026-10-14T00:00:00,Middle_Forest_Soilwater,1.3483393346078398
2026-10-15T00:00:00,Middle_Forest_Soilwater,1.3801677708661415
2026-10-16T00:00:00,Middle_Forest_Soilwater,1.3466860897396469
2026-10-17T00:00:00,Middle_Forest_Soilwater,1.228672530478169
2026-10-18T00:00:00,Middle_Forest_Soilwater,1.3468289457399747
2026-10-19T00:00:00,Middle_Forest_Soilwater,1.4205103178158112
2026-10-20T00:00:00,Middle_Forest_Soilwater,1.3679156296889796
2026-10-21T00:00:00,Middle_Forest_Soilwater,1.1905088805387325
2026-10-22T00:00:00,Middle_Forest_Soilwater,1.424400827172397
2026-10-23T00:00:00,Middle_Forest_Soilwater,1.4207615773857423
2026-10-24T00:00:00,Middle_Forest_Soilwater,1.382776314143071
2026-10-25T00:00:00,Middle_Forest_Soilwater,1.2007182987169662
2026-10-26T00:00:00,Middle_Forest_Soilwater,1.3456707745117473
2026-10-27T00:00:00,Middle_Forest_Soilwater,1.2794967134790571
2026-10-28T00:00:00,Middle_Forest_Soilwater,1.2962282171501427
2026-10-29T00:00:00,Middle_Forest_Soilwater,1.3278892395681252
2026-10-30T00:00:00,Middle_Forest_Soilwater,1.2687066134774176
2026-10-31T00:00:00,Middle_Forest_Soilwater,1.258299203082395
2026-11-01T00:00:00,Middle_Forest_Soilwater,1.3484890298968875
2026-11-02T00:00:00,Middle_Forest_Soilwater,1.3857448701690793
2026-11-03T00:00:00,Middle_Forest_Soilwater,1.421152249936047
2026-11-04T00:00:00,Middle_Forest_Soilwater,1.4205232084193695
2026-11-05T00:00:00,Middle_Forest_Soilwater,1.488253063842051
2026-11-06T00:00:00,Middle_Forest_Soilwater,1.5964282139956842
2026-11-07T00:00:00,Middle_Forest_Soilwater,1.6674490828476625
2026-11-08T00:00:00,Middle_Forest_Soilwater,1.6510873661010874
2026-11-09T00:00:00,Middle_Forest_Soilwater,1.5075389016516623
2026-11-10T00:00:00,Middle_Forest_Soilwater,1.5754656143255752
2026-11-11T00:00:00,Middle_Forest_Soilwater,1.4326863941870769
2026-11-12T00:00:00,Middle_Forest_Soilwater,1.5158245679000413
2026-11-13T00:00:00,Middle_Forest_Soilwater,1.3082706048072565
2026-11-14T00:00:00,Middle_Forest_Soilwater,1.3581862082564156
2026-11-15T00:00:00,Middle_Forest_Soilwater,1.3576352002066765
2026-11-16T00:00:00,Middle_Forest_Soilwater,1.3888174962515065
2026-11-17T00:00:00,Middle_Forest_Soilwater,1.2583796659224105
2026-11-18T00:00:00,Middle_Forest_Soilwater,1.345448340976769
2026-11-19T00:00:00,Middle_Forest_Soilwater,1.2877258780902272
2026-11-20T00:00:00,Middle_Forest_Soilwater,1.2388253231540252
2026-11-21T00:00:00,Middle_Forest_Soilwater,1.2685342106508966
2026-11-22T00:00:00,Middle_Forest_Soilwater,1.2353515552876049
2026-11-23T00:00:00,Middle_Forest_Soilwater,1.2639173309667715
2026-11-24T00:00:00,Middle_Forest_Soilwater,1.3977351974442165
2026-11-25T00:00:00,Middle_Forest_Soilwater,1.6190419305301034
2026-11-26T00:00:00,Middle_Forest_Soilwater,1.2962640257658522
2026-11-27T00:00:00,Middle_Forest_Soilwater,1.3819930027122715
2026-11-28T00:00:00,Middle_Forest_Soilwater,1.2670761886012845
2026-11-29T00:00:00,Middle_Forest_Soilwater,1.2492688319542506
2026-11-30T00:00:00,Middle_Forest_Soilwater,1.152307460234173
2026-12-01T00:00:00,Middle_Forest_Soilwater,1.072357399028848
2026-12-02T00:00:00,Middle_Forest_Soilwater,1.0477041885507077
2026-12-03T00:00:00,Middle_Forest_Soilwater,1.0172480170741487
2026-12-04T00:00:00,Middle_Forest_Soilwater,1.1084496770545842
2026-12-05T00:00:00,Middle_Forest_Soilwater,0.9438810910313273
2026-12-06T00:00:00,Middle_Forest_Soilwater,1.028878422087716
2026-12-07T00:00:00,Middle_Forest_Soilwater,0.9003134029491341
2026-12-08T00:00:00,Middle_Forest_Soilwater,0.910458062767994
2026-12-09T00:00:00,Middle_Forest_Soilwater,0.8960921970660046
2026-12-10T00:00:00,Middle_Forest_Soilwater,0.8034688103131744
2026-12-11T00:00:00,Middle_Forest_Soilwater,1.0092941483397222
2026-12-12T00:00:00,Middle_Forest_Soilwater,0.9745953533101199
2026-12-13T00:00:00,Middle_Forest_Soilwater,1.1870192293175654
2026-12-14T00:00:00,Middle_Forest_Soilwater,1.1408833670428509
2026-12-15T00:00:00,Middle_Forest_Soilwater,1.2182211985402216
2026-12-16T00:00:00,Middle_Forest_Soilwater,1.2029670762156728
2026-12-17T00:00:00,Middle_Forest_Soilwater,1.181089779097451
2026-12-18T00:00:00,Middle_Forest_Soilwater,1.2787405544221018
2026-12-19T00:00:00,Middle_Forest_Soilwater,1.1993077499499603
2026-12-20T00:00:00,Middle_Forest_Soilwater,1.0864784067114002
2026-12-21T00:00:00,Middle_Forest_Soilwater,0.8614914040594432
2026-12-22T00:00:00,Middle_Forest_Soilwater,0.8176085754447983
2026-12-23T00:00:00,Middle_Forest_Soilwater,0.9331793765108088
2026-12-24T00:00:00,Middle_Forest_Soilwater,1.0809196630692166
2026-12-25T00:00:00,Middle_Forest_Soilwater,1.0286578720565314
2026-12-26T00:00:00,Middle_Forest_Soilwater,1.0880622400057849
2026-12-27T00:00:00,Middle_Forest_Soilwater,0.8474716648466292
2026-12-28T00:00:00,Middle_Forest_Soilwater,0.7765647920625735
2026-12-29T00:00:00,Middle_Forest_Soilwater,0.82667464158876
2026-12-30T00:00:00,Middle_Forest_Soilwater,0.7624358648722827
2026-12-31T00:00:00,Middle_Forest_Soilwater,0.9901110156841261
