timestamp,location,air_temperature,snowfall_depth,rain_depth,snowpack_depth,snowmelt_depth
2010-01-01T00:00:00,Middle,11.8,0.0,0.0,0.0,0.0
2010-01-02T00:00:00,Middle,13.2,0.0,12.065,0.0,0.0
2010-01-03T00:00:00,Middle,12.3,0.0,0.0,0.0,0.0
2010-01-04T00:00:00,Middle,14.2,0.0,0.0,0.0,0.0
2010-01-05T00:00:00,Middle,12.0,0.0,0.0,0.0,0.0
2010-01-06T00:00:00,Middle,13.7,0.0,1.045,0.0,0.0
2010-01-07T00:00:00,Middle,9.5,0.0,3.325,0.0,0.0
2010-01-08T00:00:00,Middle,6.3,0.0,0.0,0.0,0.0
2010-01-09T00:00:00,Middle,5.0,0.0,5.605,0.0,0.0
2010-01-10T00:00:00,Middle,8.1,0.0,0.0,0.0,0.0
2010-01-11T00:00:00,Middle,6.0,0.0,0.0,0.0,0.0
2010-01-12T00:00:00,Middle,5.5,0.0,0.0,0.0,0.0
2010-01-13T00:00:00,Middle,4.5,0.0,0.0,0.0,0.0
2010-01-14T00:00:00,Middle,3.3,0.0,0.0,0.0,0.0
2010-01-15T00:00:00,Middle,6.5,0.0,0.0,0.0,0.0
2010-01-16T00:00:00,Middle,7.8,0.0,0.0,0.0,0.0
2010-01-17T00:00:00,Middle,6.3,0.0,0.0,0.0,0.0
2010-01-18T00:00:00,Middle,7.6,0.0,16.055,0.0,0.0
2010-01-19T00:00:00,Middle,7.1,0.0,0.95,0.0,0.0
2010-01-20T00:00:00,Middle,5.1,0.0,1.14,0.0,0.0
2010-01-21T00:00:00,Middle,4.1,0.0,1.615,0.0,0.0
2010-01-22T00:00:00,Middle,11.6,0.0,0.0,0.0,0.0
2010-01-23T00:00:00,Middle,8.6,0.0,0.0,0.0,0.0
2010-01-24T00:00:00,Middle,4.5,0.0,0.0,0.0,0.0
2010-01-25T00:00:00,Middle,6.4,0.0,0.0,0.0,0.0
2010-01-26T00:00:00,Middle,7.8,0.0,7.41,0.0,0.0
2010-01-27T00:00:00,Middle,8.6,0.0,0.0,0.0,0.0
2010-01-28T00:00:00,Middle,9.3,0.0,0.0,0.0,0.0
2010-01-29T00:00:00,Middle,6.6,0.0,0.0,0.0,0.0
2010-01-30T00:00:00,Middle,9.4,0.0,0.0,0.0,0.0
2010-01-31T00:00:00,Middle,8.1,0.0,0.0,0.0,0.0
2010-02-01T00:00:00,Middle,11.0,0.0,0.0,0.0,0.0
2010-02-02T00:00:00,Middle,10.4,0.0,0.0,0.0,0.0
2010-02-03T00:00:00,Middle,9.0,0.0,0.0,0.0,0.0
2010-02-04T00:00:00,Middle,8.7,0.0,0.0,0.0,0.0
2010-02-05T00:00:00,Middle,8.0,0.0,0.0,0.0,0.0
2010-02-06T00:00:00,Middle,8.4,0.0,0.0,0.0,0.0
2010-02-07T00:00:00,Middle,7.0,0.0,0.0,0.0,0.0
2010-02-08T00:00:00,Middle,4.9,0.0,0.0,0.0,0.0
2010-02-09T00:00:00,Middle,4.4,0.0,0.0,0.0,0.0
2010-02-10T00:00:00,Middle,5.4,0.0,0.0,0.0,0.0
2010-02-11T00:00:00,Middle,3.3,0.0,0.0,0.0,0.0
2010-02-12T00:00:00,Middle,0.6,0.0,0.0,0.0,0.0
2010-02-13T00:00:00,Middle,2.6,0.0,0.0,0.0,0.0
2010-02-14T00:00:00,Middle,4.6,0.0,0.0,0.0,0.0
2010-02-15T00:00:00,Middle,3.1,0.0,0.0,0.0,0.0
2010-02-16T00:00:00,Middle,1.6,0.0,0.0,0.0,0.0
2010-02-17T00:00:00,Middle,2.4,0.0,0.0,0.0,0.0
2010-02-18T00:00:00,Middle,3.6,0.0,1.71,0.0,0.0
2010-02-19T00:00:00,Middle,4.1,0.0,0.0,0.0,0.0
2010-02-20T00:00:00,Middle,4.3,0.0,2.47,0.0,0.0
2010-02-21T00:00:00,Middle,5.6,0.0,0.0,0.0,0.0
2010-02-22T00:00:00,Middle,2.3,0.0,0.0,0.0,0.0
2010-02-23T00:00:00,Middle,5.6,0.0,0.855,0.0,0.0
2010-02-24T00:00:00,Middle,7.1,0.0,1.615,0.0,0.0
2010-02-25T00:00:00,Middle,8.6,0.0,0.95,0.0,0.0
2010-02-26T00:00:00,Middle,5.2,0.0,0.0,0.0,0.0
2010-02-27T00:00:00,Middle,9.4,0.0,6.745,0.0,0.0
2010-02-28T00:00:00,Middle,3.4,0.0,0.0,0.0,0.0
2010-03-01T00:00:00,Middle,6.2,0.0,0.0,0.0,0.0
2010-03-02T00:00:00,Middle,7.0,0.0,0.0,0.0,0.0
2010-03-03T00:00:00,Middle,5.5,0.0,0.0,0.0,0.0
2010-03-04T00:00:00,Middle,2.9,0.0,0.0,0.0,0.0
2010-03-05T00:00:00,Middle,1.8,0.0,3.61,0.0,0.0
2010-03-06T00:00:00,Middle,4.6,0.0,0.0,0.0,0.0
2010-03-07T00:00:00,Middle,1.0,0.0,0.0,0.0,0.0
2010-03-08T00:00:00,Middle,-1.1,0.0,0.0,0.0,0.0
2010-03-09T00:00:00,Middle,0.9,0.0,1.52,0.0,0.0
2010-03-10T00:00:00,Middle,-1.3,6.935,0.0,6.935,0.0
2010-03-11T00:00:00,Middle,2.5,0.0,3.705,0.0,6.935
2010-03-12T00:00:00,Middle,1.2,0.0,0.0,0.0,0.0
2010-03-13T00:00:00,Middle,-0.7,1.9,0.0,1.9,0.0
2010-03-14T00:00:00,Middle,2.4,0.0,1.615,0.0,1.9
2010-03-15T00:00:00,Middle,3.7,0.0,3.42,0.0,0.0
2010-03-16T00:00:00,Middle,3.7,0.0,0.0,0.0,0.0
2010-03-17T00:00:00,Middle,3.0,0.0,0.0,0.0,0.0
2010-03-18T00:00:00,Middle,2.4,0.0,3.515,0.0,0.0
2010-03-19T00:00:00,Middle,1.8,0.0,15.485,0.0,0.0
2010-03-20T00:00:00,Middle,0.9,0.0,4.56,0.0,0.0
2010-03-21T00:00:00,Middle,0.2,0.0,1.71,0.0,0.0
2010-03-22T00:00:00,Middle,0.7,0.0,0.0,0.0,0.0
2010-03-23T00:00:00,Middle,-0.3,0.0,0.0,0.0,0.0
2010-03-24T00:00:00,Middle,-0.2,0.0,0.0,0.0,0.0
2010-03-25T00:00:00,Middle,3.7,0.0,0.95,0.0,0.0
2010-03-26T00:00:00,Middle,2.0,0.0,0.0,0.0,0.0
2010-03-27T00:00:00,Middle,4.1,0.0,0.0,0.0,0.0
2010-03-28T00:00:00,Middle,8.3,0.0,0.0,0.0,0.0
2010-03-29T00:00:00,Middle,8.1,0.0,0.0,0.0,0.0
2010-03-30T00:00:00,Middle,1.9,0.0,0.0,0.0,0.0
2010-03-31T00:00:00,Middle,5.0,0.0,2.66,0.0,0.0
2010-04-01T00:00:00,Middle,0.1,0.0,0.0,0.0,0.0
2010-04-02T00:00:00,Middle,-4.2,0.0,0.0,0.0,0.0
2010-04-03T00:00:00,Middle,-1.4,4.37,0.0,4.37,0.0
2010-04-04T00:00:00,Middle,4.2,0.0,4.465,0.0,4.37
2010-04-05T00:00:00,Middle,3.0,0.0,7.885,0.0,0.0
2010-04-06T00:00:00,Middle,2.8,0.0,2.945,0.0,0.0
2010-04-07T00:00:00,Middle,-0.5,0.0,0.0,0.0,0.0
2010-04-08T00:00:00,Middle,-2.4,0.0,0.0,0.0,0.0
2010-04-09T00:00:00,Middle,-5.1,0.0,0.0,0.0,0.0
2010-04-10T00:00:00,Middle,-4.2,0.0,0.0,0.0,0.0
2010-04-11T00:00:00,Middle,-7.3,0.57,0.0,0.57,0.0
2010-04-12T00:00:00,Middle,-2.5,0.0,0.0,0.57,0.0
2010-04-13T00:00:00,Middle,2.8,0.0,1.14,0.0,0.57
2010-04-14T00:00:00,Middle,2.1,0.0,8.645,0.0,0.0
2010-04-15T00:00:00,Middle,-0.5,0.0,0.0,0.0,0.0
2010-04-16T00:00:00,Middle,-1.6,0.0,0.0,0.0,0.0
2010-04-17T00:00:00,Middle,-3.2,0.0,0.0,0.0,0.0
2010-04-18T00:00:00,Middle,-0.2,2.565,0.0,2.565,0.0
2010-04-19T00:00:00,Middle,0.9,0.0,0.0,0.0,2.565
2010-04-20T00:00:00,Middle,0.6,0.0,1.615,0.0,0.0
2010-04-21T00:00:00,Middle,0.1,0.0,0.0,0.0,0.0
2010-04-22T00:00:00,Middle,-5.4,0.0,0.0,0.0,0.0
2010-04-23T00:00:00,Middle,-4.8,1.52,0.0,1.52,0.0
2010-04-24T00:00:00,Middle,-0.3,2.09,0.0,3.61,0.0
2010-04-25T00:00:00,Middle,-4.1,0.0,0.0,3.61,0.0
2010-04-26T00:00:00,Middle,-3.0,0.0,0.0,3.61,0.0
2010-04-27T00:00:00,Middle,-4.1,0.0,0.0,3.61,0.0
2010-04-28T00:00:00,Middle,-1.8,0.0,0.0,3.61,0.0
2010-04-29T00:00:00,Middle,-1.9,0.0,0.0,3.61,0.0
2010-04-30T00:00:00,Middle,-2.2,0.0,0.0,3.61,0.0
2010-05-01T00:00:00,Middle,-4.2,0.0,0.0,3.61,0.0
2010-05-02T00:00:00,Middle,-7.7,0.0,0.0,3.61,0.0
2010-05-03T00:00:00,Middle,-6.5,0.0,0.0,3.61,0.0
2010-05-04T00:00:00,Middle,-8.1,0.0,0.0,3.61,0.0
2010-05-05T00:00:00,Middle,-12.5,0.0,0.0,3.61,0.0
2010-05-06T00:00:00,Middle,-12.4,0.0,0.0,3.61,0.0
2010-05-07T00:00:00,Middle,-16.1,0.0,0.0,3.61,0.0
2010-05-08T00:00:00,Middle,-11.6,0.0,0.0,3.61,0.0
2010-05-09T00:00:00,Middle,-7.7,0.0,0.0,3.61,0.0
2010-05-10T00:00:00,Middle,-4.8,0.0,0.0,3.61,0.0
2010-05-11T00:00:00,Middle,-6.1,0.95,0.0,4.56,0.0
2010-05-12T00:00:00,Middle,-10.4,0.0,0.0,4.56,0.0
2010-05-13T00:00:00,Middle,-10.3,0.0,0.0,4.56,0.0
2010-05-14T00:00:00,Middle,-3.4,0.0,0.0,4.56,0.0
2010-05-15T00:00:00,Middle,-2.9,0.0,0.0,4.56,0.0
2010-05-16T00:00:00,Middle,-6.6,0.95,0.0,5.51,0.0
2010-05-17T00:00:00,Middle,-1.4,7.125,0.0,12.635,0.0
2010-05-18T00:00:00,Middle,-2.3,1.045,0.0,13.68,0.0
2010-05-19T00:00:00,Middle,-8.3,1.71,0.0,15.39,0.0
2010-05-20T00:00:00,Middle,-3.2,0.0,0.0,15.39,0.0
2010-05-21T00:00:00,Middle,-2.6,7.125,0.0,22.515,0.0
2010-05-22T00:00:00,Middle,1.8,0.0,0.76,17.115000000000002,5.4
2010-05-23T00:00:00,Middle,-1.4,1.045,0.0,18.160000000000004,0.0
2010-05-24T00:00:00,Middle,2.4,0.0,0.0,10.960000000000004,7.199999999999999
2010-05-25T00:00:00,Middle,1.9,0.0,17.195,5.260000000000005,5.699999999999999
2010-05-26T00:00:00,Middle,3.4,0.0,0.0,0.0,5.260000000000005
2010-05-27T00:00:00,Middle,3.8,0.0,0.0,0.0,0.0
2010-05-28T00:00:00,Middle,1.8,0.0,0.0,0.0,0.0
2010-05-29T00:00:00,Middle,-1.8,0.0,0.0,0.0,0.0
2010-05-30T00:00:00,Middle,-3.2,3.705,0.0,3.705,0.0
2010-05-31T00:00:00,Middle,4.1,0.0,0.0,0.0,3.705
2010-06-01T00:00:00,Middle,3.6,0.0,0.0,0.0,0.0
2010-06-02T00:00:00,Middle,4.3,0.0,0.0,0.0,0.0
2010-06-03T00:00:00,Middle,4.2,0.0,0.0,0.0,0.0
2010-06-04T00:00:00,Middle,0.4,0.0,0.0,0.0,0.0
2010-06-05T00:00:00,Middle,-3.6,0.0,0.0,0.0,0.0
2010-06-06T00:00:00,Middle,-4.4,0.0,0.0,0.0,0.0
2010-06-07T00:00:00,Middle,-4.3,0.0,0.0,0.0,0.0
2010-06-08T00:00:00,Middle,-1.8,0.0,0.0,0.0,0.0
2010-06-09T00:00:00,Middle,0.2,0.0,0.0,0.0,0.0
2010-06-10T00:00:00,Middle,3.7,0.0,0.0,0.0,0.0
2010-06-11T00:00:00,Middle,5.4,0.0,0.0,0.0,0.0
2010-06-12T00:00:00,Middle,4.1,0.0,0.0,0.0,0.0
2010-06-13T00:00:00,Middle,6.5,0.0,0.0,0.0,0.0
2010-06-14T00:00:00,Middle,6.9,0.0,0.0,0.0,0.0
2010-06-15T00:00:00,Middle,1.3,0.0,0.0,0.0,0.0
2010-06-16T00:00:00,Middle,3.1,0.0,0.0,0.0,0.0
2010-06-17T00:00:00,Middle,4.5,0.0,0.0,0.0,0.0
2010-06-18T00:00:00,Middle,4.8,0.0,0.0,0.0,0.0
2010-06-19T00:00:00,Middle,4.2,0.0,0.0,0.0,0.0
2010-06-20T00:00:00,Middle,2.1,0.0,0.0,0.0,0.0
2010-06-21T00:00:00,Middle,1.8,0.0,0.855,0.0,0.0
2010-06-22T00:00:00,Middle,8.6,0.0,0.0,0.0,0.0
2010-06-23T00:00:00,Middle,9.2,0.0,0.0,0.0,0.0
2010-06-24T00:00:00,Middle,7.9,0.0,0.0,0.0,0.0
2010-06-25T00:00:00,Middle,7.5,0.0,0.0,0.0,0.0
2010-06-26T00:00:00,Middle,5.4,0.0,0.0,0.0,0.0
2010-06-27T00:00:00,Middle,6.8,0.0,0.0,0.0,0.0
2010-06-28T00:00:00,Middle,10.3,0.0,0.0,0.0,0.0
2010-06-29T00:00:00,Middle,8.0,0.0,6.46,0.0,0.0
2010-06-30T00:00:00,Middle,5.1,0.0,0.76,0.0,0.0
2010-07-01T00:00:00,Middle,3.2,0.0,3.135,0.0,0.0
2010-07-02T00:00:00,Middle,0.1,0.0,0.0,0.0,0.0
2010-07-03T00:00:00,Middle,-0.2,0.0,0.0,0.0,0.0
2010-07-04T00:00:00,Middle,0.2,0.0,0.0,0.0,0.0
2010-07-05T00:00:00,Middle,0.2,0.0,0.0,0.0,0.0
2010-07-06T00:00:00,Middle,2.0,0.0,0.0,0.0,0.0
2010-07-07T00:00:00,Middle,3.8,0.0,5.415,0.0,0.0
2010-07-08T00:00:00,Middle,0.5,0.0,0.855,0.0,0.0
2010-07-09T00:00:00,Middle,-0.4,0.0,0.0,0.0,0.0
2010-07-10T00:00:00,Middle,1.0,0.0,0.0,0.0,0.0
2010-07-11T00:00:00,Middle,3.1,0.0,1.235,0.0,0.0
2010-07-12T00:00:00,Middle,4.0,0.0,3.04,0.0,0.0
2010-07-13T00:00:00,Middle,6.2,0.0,0.0,0.0,0.0
2010-07-14T00:00:00,Middle,7.7,0.0,0.0,0.0,0.0
2010-07-15T00:00:00,Middle,3.1,0.0,10.07,0.0,0.0
2010-07-16T00:00:00,Middle,3.2,0.0,2.09,0.0,0.0
2010-07-17T00:00:00,Middle,4.4,0.0,0.0,0.0,0.0
2010-07-18T00:00:00,Middle,4.7,0.0,0.0,0.0,0.0
2010-07-19T00:00:00,Middle,2.6,0.0,1.045,0.0,0.0
2010-07-20T00:00:00,Middle,3.5,0.0,0.0,0.0,0.0
2010-07-21T00:00:00,Middle,5.9,0.0,1.045,0.0,0.0
2010-07-22T00:00:00,Middle,2.4,0.0,10.45,0.0,0.0
2010-07-23T00:00:00,Middle,4.9,0.0,0.0,0.0,0.0
2010-07-24T00:00:00,Middle,5.6,0.0,0.0,0.0,0.0
2010-07-25T00:00:00,Middle,7.1,0.0,0.0,0.0,0.0
2010-07-26T00:00:00,Middle,7.7,0.0,0.0,0.0,0.0
2010-07-27T00:00:00,Middle,8.2,0.0,1.14,0.0,0.0
2010-07-28T00:00:00,Middle,8.7,0.0,3.99,0.0,0.0
2010-07-29T00:00:00,Middle,10.9,0.0,0.0,0.0,0.0
2010-07-30T00:00:00,Middle,11.7,0.0,0.0,0.0,0.0
2010-07-31T00:00:00,Middle,9.9,0.0,0.0,0.0,0.0
2010-08-01T00:00:00,Middle,8.7,0.0,0.0,0.0,0.0
2010-08-02T00:00:00,Middle,8.9,0.0,0.0,0.0,0.0
2010-08-03T00:00:00,Middle,12.3,0.0,0.0,0.0,0.0
2010-08-04T00:00:00,Middle,8.5,0.0,0.0,0.0,0.0
2010-08-05T00:00:00,Middle,7.5,0.0,0.0,0.0,0.0
2010-08-06T00:00:00,Middle,8.8,0.0,0.0,0.0,0.0
2010-08-07T00:00:00,Middle,7.5,0.0,0.0,0.0,0.0
2010-08-08T00:00:00,Middle,7.5,0.0,0.0,0.0,0.0
2010-08-09T00:00:00,Middle,8.1,0.0,0.0,0.0,0.0
2010-08-10T00:00:00,Middle,9.1,0.0,7.6,0.0,0.0
2010-08-11T00:00:00,Middle,13.3,0.0,8.265,0.0,0.0
2010-08-12T00:00:00,Middle,14.6,0.0,3.135,0.0,0.0
2010-08-13T00:00:00,Middle,8.7,0.0,2.47,0.0,0.0
2010-08-14T00:00:00,Middle,9.5,0.0,0.0,0.0,0.0
2010-08-15T00:00:00,Middle,10.7,0.0,0.0,0.0,0.0
2010-08-16T00:00:00,Middle,12.4,0.0,0.0,0.0,0.0
2010-08-17T00:00:00,Middle,10.3,0.0,1.71,0.0,0.0
2010-08-18T00:00:00,Middle,11.5,0.0,0.0,0.0,0.0
2010-08-19T00:00:00,Middle,11.3,0.0,0.0,0.0,0.0
2010-08-20T00:00:00,Middle,11.6,0.0,0.0,0.0,0.0
2010-08-21T00:00:00,Middle,15.2,0.0,0.0,0.0,0.0
2010-08-22T00:00:00,Middle,15.7,0.0,0.0,0.0,0.0
2010-08-23T00:00:00,Middle,15.4,0.0,0.0,0.0,0.0
2010-08-24T00:00:00,Middle,15.4,0.0,0.0,0.0,0.0
2010-08-25T00:00:00,Middle,17.0,0.0,0.0,0.0,0.0
2010-08-26T00:00:00,Middle,17.7,0.0,1.995,0.0,0.0
2010-08-27T00:00:00,Middle,15.5,0.0,0.0,0.0,0.0
2010-08-28T00:00:00,Middle,16.1,0.0,0.0,0.0,0.0
2010-08-29T00:00:00,Middle,12.5,0.0,0.0,0.0,0.0
2010-08-30T00:00:00,Middle,10.0,0.0,0.0,0.0,0.0
2010-08-31T00:00:00,Middle,9.1,0.0,0.0,0.0,0.0
2010-09-01T00:00:00,Middle,10.3,0.0,10.26,0.0,0.0
2010-09-02T00:00:00,Middle,6.9,0.0,4.37,0.0,0.0
2010-09-03T00:00:00,Middle,5.7,0.0,16.815,0.0,0.0
2010-09-04T00:00:00,Middle,8.4,0.0,2.85,0.0,0.0
2010-09-05T00:00:00,Middle,9.6,0.0,1.805,0.0,0.0
2010-09-06T00:00:00,Middle,11.5,0.0,1.425,0.0,0.0
2010-09-07T00:00:00,Middle,12.1,0.0,0.0,0.0,0.0
2010-09-08T00:00:00,Middle,13.1,0.0,0.0,0.0,0.0
2010-09-09T00:00:00,Middle,13.6,0.0,1.615,0.0,0.0
2010-09-10T00:00:00,Middle,12.8,0.0,0.76,0.0,0.0
2010-09-11T00:00:00,Middle,13.5,0.0,3.23,0.0,0.0
2010-09-12T00:00:00,Middle,13.4,0.0,3.135,0.0,0.0
2010-09-13T00:00:00,Middle,14.1,0.0,1.9,0.0,0.0
2010-09-14T00:00:00,Middle,15.2,0.0,0.0,0.0,0.0
2010-09-15T00:00:00,Middle,14.3,0.0,0.0,0.0,0.0
2010-09-16T00:00:00,Middle,14.3,0.0,0.0,0.0,0.0
2010-09-17T00:00:00,Middle,12.4,0.0,9.405,0.0,0.0
2010-09-18T00:00:00,Middle,14.1,0.0,15.295,0.0,0.0
2010-09-19T00:00:00,Middle,15.3,0.0,3.705,0.0,0.0
2010-09-20T00:00:00,Middle,16.0,0.0,0.0,0.0,0.0
2010-09-21T00:00:00,Middle,15.5,0.0,0.0,0.0,0.0
2010-09-22T00:00:00,Middle,15.7,0.0,0.0,0.0,0.0
2010-09-23T00:00:00,Middle,14.7,0.0,0.0,0.0,0.0
2010-09-24T00:00:00,Middle,13.9,0.0,0.57,0.0,0.0
2010-09-25T00:00:00,Middle,15.1,0.0,6.46,0.0,0.0
2010-09-26T00:00:00,Middle,12.5,0.0,9.405,0.0,0.0
2010-09-27T00:00:00,Middle,14.4,0.0,1.805,0.0,0.0
2010-09-28T00:00:00,Middle,13.6,0.0,0.0,0.0,0.0
2010-09-29T00:00:00,Middle,14.3,0.0,0.0,0.0,0.0
2010-09-30T00:00:00,Middle,16.3,0.0,3.23,0.0,0.0
2010-10-01T00:00:00,Middle,18.0,0.0,0.0,0.0,0.0
2010-10-02T00:00:00,Middle,18.9,0.0,0.0,0.0,0.0
2010-10-03T00:00:00,Middle,16.4,0.0,0.0,0.0,0.0
2010-10-04T00:00:00,Middle,18.1,0.0,0.0,0.0,0.0
2010-10-05T00:00:00,Middle,18.0,0.0,0.0,0.0,0.0
2010-10-06T00:00:00,Middle,17.3,0.0,0.0,0.0,0.0
2010-10-07T00:00:00,Middle,18.6,0.0,0.0,0.0,0.0
2010-10-08T00:00:00,Middle,20.9,0.0,0.0,0.0,0.0
2010-10-09T00:00:00,Middle,19.0,0.0,7.505,0.0,0.0
2010-10-10T00:00:00,Middle,19.8,0.0,0.95,0.0,0.0
2010-10-11T00:00:00,Middle,16.2,0.0,5.605,0.0,0.0
2010-10-12T00:00:00,Middle,16.4,0.0,0.95,0.0,0.0
2010-10-13T00:00:00,Middle,17.2,0.0,0.76,0.0,0.0
2010-10-14T00:00:00,Middle,15.5,0.0,5.13,0.0,0.0
2010-10-15T00:00:00,Middle,15.9,0.0,5.13,0.0,0.0
2010-10-16T00:00:00,Middle,16.2,0.0,6.935,0.0,0.0
2010-10-17T00:00:00,Middle,16.7,0.0,0.0,0.0,0.0
2010-10-18T00:00:00,Middle,15.4,0.0,1.045,0.0,0.0
2010-10-19T00:00:00,Middle,14.4,0.0,0.0,0.0,0.0
2010-10-20T00:00:00,Middle,15.5,0.0,0.0,0.0,0.0
2010-10-21T00:00:00,Middle,15.4,0.0,4.94,0.0,0.0
2010-10-22T00:00:00,Middle,14.9,0.0,0.0,0.0,0.0
2010-10-23T00:00:00,Middle,15.6,0.0,0.0,0.0,0.0
2010-10-24T00:00:00,Middle,16.7,0.0,0.0,0.0,0.0
2010-10-25T00:00:00,Middle,21.0,0.0,0.0,0.0,0.0
2010-10-26T00:00:00,Middle,21.5,0.0,0.0,0.0,0.0
2010-10-27T00:00:00,Middle,18.2,0.0,0.0,0.0,0.0
2010-10-28T00:00:00,Middle,16.6,0.0,0.0,0.0,0.0
2010-10-29T00:00:00,Middle,20.1,0.0,0.0,0.0,0.0
2010-10-30T00:00:00,Middle,18.8,0.0,2.66,0.0,0.0
2010-10-31T00:00:00,Middle,18.1,0.0,0.0,0.0,0.0
2010-11-01T00:00:00,Middle,15.9,0.0,1.71,0.0,0.0
2010-11-02T00:00:00,Middle,15.9,0.0,0.0,0.0,0.0
2010-11-03T00:00:00,Middle,17.4,0.0,0.0,0.0,0.0
2010-11-04T00:00:00,Middle,19.7,0.0,1.805,0.0,0.0
2010-11-05T00:00:00,Middle,18.4,0.0,0.0,0.0,0.0
2010-11-06T00:00:00,Middle,18.4,0.0,0.0,0.0,0.0
2010-11-07T00:00:00,Middle,17.4,0.0,18.24,0.0,0.0
2010-11-08T00:00:00,Middle,17.1,0.0,5.89,0.0,0.0
2010-11-09T00:00:00,Middle,15.4,0.0,18.905,0.0,0.0
2010-11-10T00:00:00,Middle,14.4,0.0,0.0,0.0,0.0
2010-11-11T00:00:00,Middle,14.8,0.0,0.0,0.0,0.0
2010-11-12T00:00:00,Middle,14.7,0.0,0.0,0.0,0.0
2010-11-13T00:00:00,Middle,17.0,0.0,0.0,0.0,0.0
2010-11-14T00:00:00,Middle,17.0,0.0,0.0,0.0,0.0
2010-11-15T00:00:00,Middle,16.2,0.0,0.0,0.0,0.0
2010-11-16T00:00:00,Middle,18.3,0.0,0.0,0.0,0.0
2010-11-17T00:00:00,Middle,17.0,0.0,0.0,0.0,0.0
2010-11-18T00:00:00,Middle,18.4,0.0,0.0,0.0,0.0
2010-11-19T00:00:00,Middle,17.1,0.0,2.945,0.0,0.0
2010-11-20T00:00:00,Middle,19.7,0.0,0.0,0.0,0.0
2010-11-21T00:00:00,Middle,16.8,0.0,0.0,0.0,0.0
2010-11-22T00:00:00,Middle,16.6,0.0,0.0,0.0,0.0
2010-11-23T00:00:00,Middle,15.6,0.0,17.005,0.0,0.0
2010-11-24T00:00:00,Middle,15.1,0.0,5.795,0.0,0.0
2010-11-25T00:00:00,Middle,15.0,0.0,1.995,0.0,0.0
2010-11-26T00:00:00,Middle,15.0,0.0,1.52,0.0,0.0
2010-11-27T00:00:00,Middle,14.6,0.0,10.83,0.0,0.0
2010-11-28T00:00:00,Middle,11.6,0.0,0.0,0.0,0.0
2010-11-29T00:00:00,Middle,10.9,0.0,1.235,0.0,0.0
2010-11-30T00:00:00,Middle,16.4,0.0,0.0,0.0,0.0
2010-12-01T00:00:00,Middle,16.8,0.0,5.13,0.0,0.0
2010-12-02T00:00:00,Middle,15.5,0.0,27.55,0.0,0.0
2010-12-03T00:00:00,Middle,14.2,0.0,6.365,0.0,0.0
2010-12-04T00:00:00,Middle,14.7,0.0,0.0,0.0,0.0
2010-12-05T00:00:00,Middle,16.8,0.0,0.0,0.0,0.0
2010-12-06T00:00:00,Middle,15.2,0.0,0.0,0.0,0.0
2010-12-07T00:00:00,Middle,15.1,0.0,0.0,0.0,0.0
2010-12-08T00:00:00,Middle,11.6,0.0,1.33,0.0,0.0
2010-12-09T00:00:00,Middle,11.7,0.0,0.0,0.0,0.0
2010-12-10T00:00:00,Middle,11.7,0.0,0.0,0.0,0.0
2010-12-11T00:00:00,Middle,10.0,0.0,0.0,0.0,0.0
2010-12-12T00:00:00,Middle,16.2,0.0,0.0,0.0,0.0
2010-12-13T00:00:00,Middle,17.6,0.0,0.95,0.0,0.0
2010-12-14T00:00:00,Middle,13.0,0.0,0.0,0.0,0.0
2010-12-15T00:00:00,Middle,11.7,0.0,0.0,0.0,0.0
2010-12-16T00:00:00,Middle,11.5,0.0,5.32,0.0,0.0
2010-12-17T00:00:00,Middle,13.1,0.0,0.0,0.0,0.0
2010-12-18T00:00:00,Middle,13.9,0.0,0.0,0.0,0.0
2010-12-19T00:00:00,Middle,15.2,0.0,1.52,0.0,0.0
2010-12-20T00:00:00,Middle,11.7,0.0,5.89,0.0,0.0
2010-12-21T00:00:00,Middle,11.1,0.0,1.33,0.0,0.0
2010-12-22T00:00:00,Middle,9.7,0.0,0.0,0.0,0.0
2010-12-23T00:00:00,Middle,8.7,0.0,13.395,0.0,0.0
2010-12-24T00:00:00,Middle,9.8,0.0,3.135,0.0,0.0
2010-12-25T00:00:00,Middle,10.2,0.0,0.0,0.0,0.0
2010-12-26T00:00:00,Middle,7.5,0.0,0.0,0.0,0.0
2010-12-27T00:00:00,Middle,9.0,0.0,3.325,0.0,0.0
2010-12-28T00:00:00,Middle,11.6,0.0,12.255,0.0,0.0
2010-12-29T00:00:00,Middle,12.6,0.0,1.52,0.0,0.0
2010-12-30T00:00:00,Middle,10.2,0.0,1.9,0.0,0.0
2010-12-31T00:00:00,Middle,10.1,0.0,1.995,0.0,0.0
2011-01-01T00:00:00,Middle,10.2,0.0,2.47,0.0,0.0
2011-01-02T00:00:00,Middle,12.5,0.0,2.28,0.0,0.0
2011-01-03T00:00:00,Middle,12.5,0.0,0.0,0.0,0.0
2011-01-04T00:00:00,Middle,11.4,0.0,4.085,0.0,0.0
2011-01-05T00:00:00,Middle,9.9,0.0,2.66,0.0,0.0
2011-01-06T00:00:00,Middle,7.9,0.0,0.0,0.0,0.0
2011-01-07T00:00:00,Middle,7.7,0.0,0.0,0.0,0.0
2011-01-08T00:00:00,Middle,9.1,0.0,0.0,0.0,0.0
2011-01-09T00:00:00,Middle,8.7,0.0,0.0,0.0,0.0
2011-01-10T00:00:00,Middle,6.7,0.0,0.0,0.0,0.0
2011-01-11T00:00:00,Middle,4.9,0.0,0.0,0.0,0.0
2011-01-12T00:00:00,Middle,5.2,0.0,0.0,0.0,0.0
2011-01-13T00:00:00,Middle,2.9,0.0,0.0,0.0,0.0
2011-01-14T00:00:00,Middle,4.6,0.0,0.0,0.0,0.0
2011-01-15T00:00:00,Middle,6.1,0.0,3.04,0.0,0.0
2011-01-16T00:00:00,Middle,7.9,0.0,15.39,0.0,0.0
2011-01-17T00:00:00,Middle,7.1,0.0,0.0,0.0,0.0
2011-01-18T00:00:00,Middle,9.8,0.0,1.52,0.0,0.0
2011-01-19T00:00:00,Middle,10.0,0.0,4.845,0.0,0.0
2011-01-20T00:00:00,Middle,12.5,0.0,3.04,0.0,0.0
2011-01-21T00:00:00,Middle,8.6,0.0,9.5,0.0,0.0
2011-01-22T00:00:00,Middle,8.1,0.0,0.665,0.0,0.0
2011-01-23T00:00:00,Middle,4.3,0.0,0.0,0.0,0.0
2011-01-24T00:00:00,Middle,4.2,0.0,0.0,0.0,0.0
2011-01-25T00:00:00,Middle,5.2,0.0,0.0,0.0,0.0
2011-01-26T00:00:00,Middle,1.1,0.0,0.0,0.0,0.0
2011-01-27T00:00:00,Middle,1.3,0.0,0.0,0.0,0.0
2011-01-28T00:00:00,Middle,-0.6,0.0,0.0,0.0,0.0
2011-01-29T00:00:00,Middle,-2.9,0.0,0.0,0.0,0.0
2011-01-30T00:00:00,Middle,2.6,0.0,3.705,0.0,0.0
2011-01-31T00:00:00,Middle,3.6,0.0,1.615,0.0,0.0
2011-02-01T00:00:00,Middle,2.3,0.0,0.0,0.0,0.0
2011-02-02T00:00:00,Middle,7.3,0.0,2.09,0.0,0.0
2011-02-03T00:00:00,Middle,8.0,0.0,0.0,0.0,0.0
2011-02-04T00:00:00,Middle,5.0,0.0,0.0,0.0,0.0
2011-02-05T00:00:00,Middle,2.8,0.0,0.0,0.0,0.0
2011-02-06T00:00:00,Middle,3.1,0.0,0.0,0.0,0.0
2011-02-07T00:00:00,Middle,1.5,0.0,0.0,0.0,0.0
2011-02-08T00:00:00,Middle,2.7,0.0,0.0,0.0,0.0
2011-02-09T00:00:00,Middle,1.0,0.0,0.0,0.0,0.0
2011-02-10T00:00:00,Middle,-1.4,0.0,0.0,0.0,0.0
2011-02-11T00:00:00,Middle,6.4,0.0,1.14,0.0,0.0
2011-02-12T00:00:00,Middle,8.2,0.0,1.425,0.0,0.0
2011-02-13T00:00:00,Middle,5.1,0.0,0.0,0.0,0.0
2011-02-14T00:00:00,Middle,1.6,0.0,0.0,0.0,0.0
2011-02-15T00:00:00,Middle,9.2,0.0,1.995,0.0,0.0
2011-02-16T00:00:00,Middle,6.7,0.0,0.0,0.0,0.0
2011-02-17T00:00:00,Middle,6.7,0.0,0.0,0.0,0.0
2011-02-18T00:00:00,Middle,6.3,0.0,0.0,0.0,0.0
2011-02-19T00:00:00,Middle,5.1,0.0,0.0,0.0,0.0
2011-02-20T00:00:00,Middle,4.5,0.0,0.0,0.0,0.0
2011-02-21T00:00:00,Middle,6.0,0.0,0.0,0.0,0.0
2011-02-22T00:00:00,Middle,6.8,0.0,0.0,0.0,0.0
2011-02-23T00:00:00,Middle,6.5,0.0,0.0,0.0,0.0
2011-02-24T00:00:00,Middle,6.5,0.0,0.0,0.0,0.0
2011-02-25T00:00:00,Middle,5.6,0.0,1.71,0.0,0.0
2011-02-26T00:00:00,Middle,1.8,0.0,0.0,0.0,0.0
2011-02-27T00:00:00,Middle,3.0,0.0,0.0,0.0,0.0
2011-02-28T00:00:00,Middle,3.0,0.0,13.015,0.0,0.0
2011-03-01T00:00:00,Middle,1.1,0.0,5.605,0.0,0.0
2011-03-02T00:00:00,Middle,-0.7,2.185,0.0,2.185,0.0
2011-03-03T00:00:00,Middle,-2.9,1.235,0.0,3.42,0.0
2011-03-04T00:00:00,Middle,-5.8,0.0,0.0,3.42,0.0
2011-03-05T00:00:00,Middle,-10.0,0.0,0.0,3.42,0.0
2011-03-06T00:00:00,Middle,-15.0,0.0,0.0,3.42,0.0
2011-03-07T00:00:00,Middle,-8.9,5.13,0.0,8.55,0.0
2011-03-08T00:00:00,Middle,-3.6,6.46,0.0,15.010000000000002,0.0
2011-03-09T00:00:00,Middle,-2.0,0.0,0.0,15.010000000000002,0.0
2011-03-10T00:00:00,Middle,-5.4,0.76,0.0,15.770000000000001,0.0
2011-03-11T00:00:00,Middle,-7.4,0.0,0.0,15.770000000000001,0.0
2011-03-12T00:00:00,Middle,-10.9,1.805,0.0,17.575000000000003,0.0
2011-03-13T00:00:00,Middle,-5.9,0.0,0.0,17.575000000000003,0.0
2011-03-14T00:00:00,Middle,-3.4,4.75,0.0,22.325000000000003,0.0
2011-03-15T00:00:00,Middle,-6.6,0.0,0.0,22.325000000000003,0.0
2011-03-16T00:00:00,Middle,-11.2,0.0,0.0,22.325000000000003,0.0
2011-03-17T00:00:00,Middle,-8.1,0.95,0.0,23.275000000000002,0.0
2011-03-18T00:00:00,Middle,-0.3,3.325,0.0,26.6,0.0
2011-03-19T00:00:00,Middle,0.7,0.0,0.95,24.5,2.0999999999999996
2011-03-20T00:00:00,Middle,0.3,0.0,1.235,23.6,0.8999999999999999
2011-03-21T00:00:00,Middle,-1.5,1.71,0.0,25.310000000000002,0.0
2011-03-22T00:00:00,Middle,-2.4,0.0,0.0,25.310000000000002,0.0
2011-03-23T00:00:00,Middle,-3.0,0.0,0.0,25.310000000000002,0.0
2011-03-24T00:00:00,Middle,-4.0,0.855,0.0,26.165000000000003,0.0
2011-03-25T00:00:00,Middle,-3.7,0.855,0.0,27.020000000000003,0.0
2011-03-26T00:00:00,Middle,-3.6,1.235,0.0,28.255000000000003,0.0
2011-03-27T00:00:00,Middle,-3.1,2.565,0.0,30.820000000000004,0.0
2011-03-28T00:00:00,Middle,-2.5,3.705,0.0,34.525000000000006,0.0
2011-03-29T00:00:00,Middle,0.2,0.0,3.515,33.925000000000004,0.6000000000000001
2011-03-30T00:00:00,Middle,-0.1,0.0,0.0,33.925000000000004,0.0
2011-03-31T00:00:00,Middle,-4.1,0.0,0.0,33.925000000000004,0.0
2011-04-01T00:00:00,Middle,0.4,0.0,3.325,32.725,1.2000000000000002
2011-04-02T00:00:00,Middle,3.3,0.0,0.95,22.825000000000003,9.899999999999999
2011-04-03T00:00:00,Middle,3.0,0.0,3.61,13.825000000000003,9.0
2011-04-04T00:00:00,Middle,4.5,0.0,0.0,0.32500000000000284,13.5
2011-04-05T00:00:00,Middle,1.4,0.0,0.0,0.0,0.32500000000000284
2011-04-06T00:00:00,Middle,0.1,0.0,1.235,0.0,0.0
2011-04-07T00:00:00,Middle,2.6,0.0,0.0,0.0,0.0
2011-04-08T00:00:00,Middle,-2.7,0.0,0.0,0.0,0.0
2011-04-09T00:00:00,Middle,-2.4,0.0,0.0,0.0,0.0
2011-04-10T00:00:00,Middle,-0.7,4.18,0.0,4.18,0.0
2011-04-11T00:00:00,Middle,0.3,0.0,0.0,3.28,0.8999999999999999
2011-04-12T00:00:00,Middle,-0.7,0.0,0.0,3.28,0.0
2011-04-13T00:00:00,Middle,-1.9,1.52,0.0,4.8,0.0
2011-04-14T00:00:00,Middle,-2.6,0.0,0.0,4.8,0.0
2011-04-15T00:00:00,Middle,-4.7,0.0,0.0,4.8,0.0
2011-04-16T00:00:00,Middle,-7.6,0.0,0.0,4.8,0.0
2011-04-17T00:00:00,Middle,-5.7,0.95,0.0,5.75,0.0
2011-04-18T00:00:00,Middle,-4.2,5.51,0.0,11.26,0.0
2011-04-19T00:00:00,Middle,-3.8,0.0,0.0,11.26,0.0
2011-04-20T00:00:00,Middle,-4.4,0.0,0.0,11.26,0.0
2011-04-21T00:00:00,Middle,-13.4,0.0,0.0,11.26,0.0
2011-04-22T00:00:00,Middle,-17.4,0.76,0.0,12.02,0.0
2011-04-23T00:00:00,Middle,-4.8,0.0,0.0,12.02,0.0
2011-04-24T00:00:00,Middle,-7.7,0.0,0.0,12.02,0.0
2011-04-25T00:00:00,Middle,-14.9,0.0,0.0,12.02,0.0
2011-04-26T00:00:00,Middle,-14.4,0.0,0.0,12.02,0.0
2011-04-27T00:00:00,Middle,-16.7,0.0,0.0,12.02,0.0
2011-04-28T00:00:00,Middle,-13.1,0.0,0.0,12.02,0.0
2011-04-29T00:00:00,Middle,-4.8,0.0,0.0,12.02,0.0
2011-04-30T00:00:00,Middle,-3.0,2.09,0.0,14.11,0.0
2011-05-01T00:00:00,Middle,2.1,0.0,0.0,7.809999999999999,6.300000000000001
2011-05-02T00:00:00,Middle,2.0,0.0,0.0,1.8099999999999987,6.0
2011-05-03T00:00:00,Middle,3.2,0.0,1.71,0.0,1.8099999999999987
2011-05-04T00:00:00,Middle,1.6,0.0,0.0,0.0,0.0
2011-05-05T00:00:00,Middle,-3.7,0.0,0.0,0.0,0.0
2011-05-06T00:00:00,Middle,-4.9,0.0,0.0,0.0,0.0
2011-05-07T00:00:00,Middle,-4.6,0.0,0.0,0.0,0.0
2011-05-08T00:00:00,Middle,-1.1,1.615,0.0,1.615,0.0
2011-05-09T00:00:00,Middle,0.8,0.0,2.375,0.0,1.615
2011-05-10T00:00:00,Middle,-1.3,6.65,0.0,6.65,0.0
2011-05-11T00:00:00,Middle,-0.7,1.9,0.0,8.55,0.0
2011-05-12T00:00:00,Middle,-1.7,1.995,0.0,10.545000000000002,0.0
2011-05-13T00:00:00,Middle,-3.6,0.0,0.0,10.545000000000002,0.0
2011-05-14T00:00:00,Middle,-5.4,1.9,0.0,12.445000000000002,0.0
2011-05-15T00:00:00,Middle,-4.6,2.66,0.0,15.105000000000002,0.0
2011-05-16T00:00:00,Middle,-1.8,2.09,0.0,17.195,0.0
2011-05-17T00:00:00,Middle,-3.2,1.9,0.0,19.095,0.0
2011-05-18T00:00:00,Middle,0.1,0.0,0.0,18.794999999999998,0.30000000000000004
2011-05-19T00:00:00,Middle,0.3,0.0,0.0,17.895,0.8999999999999999
2011-05-20T00:00:00,Middle,0.9,0.0,0.0,15.195,2.7
2011-05-21T00:00:00,Middle,0.4,0.0,0.665,13.995000000000001,1.2000000000000002
2011-05-22T00:00:00,Middle,-1.0,0.665,0.0,14.66,0.0
2011-05-23T00:00:00,Middle,-1.1,0.0,0.0,14.66,0.0
2011-05-24T00:00:00,Middle,-2.2,0.0,0.0,14.66,0.0
2011-05-25T00:00:00,Middle,-6.6,0.0,0.0,14.66,0.0
2011-05-26T00:00:00,Middle,-4.5,0.0,0.0,14.66,0.0
2011-05-27T00:00:00,Middle,-4.2,0.0,0.0,14.66,0.0
2011-05-28T00:00:00,Middle,-5.3,0.0,0.0,14.66,0.0
2011-05-29T00:00:00,Middle,-8.4,0.0,0.0,14.66,0.0
2011-05-30T00:00:00,Middle,-3.9,0.0,0.0,14.66,0.0
2011-05-31T00:00:00,Middle,1.7,0.0,0.0,9.56,5.1
2011-06-01T00:00:00,Middle,0.8,0.0,0.0,7.16,2.4000000000000004
2011-06-02T00:00:00,Middle,1.3,0.0,0.0,3.26,3.9000000000000004
2011-06-03T00:00:00,Middle,-0.7,0.0,0.0,3.26,0.0
2011-06-04T00:00:00,Middle,-1.1,0.0,0.0,3.26,0.0
2011-06-05T00:00:00,Middle,0.6,0.0,0.0,1.46,1.7999999999999998
2011-06-06T00:00:00,Middle,2.6,0.0,0.0,0.0,1.46
2011-06-07T00:00:00,Middle,2.4,0.0,0.0,0.0,0.0
2011-06-08T00:00:00,Middle,-3.8,0.0,0.0,0.0,0.0
2011-06-09T00:00:00,Middle,-5.4,0.0,0.0,0.0,0.0
2011-06-10T00:00:00,Middle,-5.9,0.0,0.0,0.0,0.0
2011-06-11T00:00:00,Middle,-8.9,0.0,0.0,0.0,0.0
2011-06-12T00:00:00,Middle,-8.6,0.0,0.0,0.0,0.0
2011-06-13T00:00:00,Middle,-3.9,0.0,0.0,0.0,0.0
2011-06-14T00:00:00,Middle,-6.6,0.0,0.0,0.0,0.0
2011-06-15T00:00:00,Middle,-10.2,0.0,0.0,0.0,0.0
2011-06-16T00:00:00,Middle,-10.2,0.0,0.0,0.0,0.0
2011-06-17T00:00:00,Middle,-6.0,0.0,0.0,0.0,0.0
2011-06-18T00:00:00,Middle,-2.7,0.0,0.0,0.0,0.0
2011-06-19T00:00:00,Middle,-5.8,0.0,0.0,0.0,0.0
2011-06-20T00:00:00,Middle,-6.5,0.0,0.0,0.0,0.0
2011-06-21T00:00:00,Middle,-4.9,0.0,0.0,0.0,0.0
2011-06-22T00:00:00,Middle,-4.8,0.0,0.0,0.0,0.0
2011-06-23T00:00:00,Middle,-6.5,0.0,0.0,0.0,0.0
2011-06-24T00:00:00,Middle,-5.3,0.0,0.0,0.0,0.0
2011-06-25T00:00:00,Middle,-4.4,0.0,0.0,0.0,0.0
2011-06-26T00:00:00,Middle,-2.7,0.0,0.0,0.0,0.0
2011-06-27T00:00:00,Middle,-1.5,0.0,0.0,0.0,0.0
2011-06-28T00:00:00,Middle,-1.3,0.0,0.0,0.0,0.0
2011-06-29T00:00:00,Middle,-0.6,0.0,0.0,0.0,0.0
2011-06-30T00:00:00,Middle,-2.1,0.0,0.0,0.0,0.0
2011-07-01T00:00:00,Middle,-0.7,0.0,0.0,0.0,0.0
2011-07-02T00:00:00,Middle,-1.6,0.0,0.0,0.0,0.0
2011-07-03T00:00:00,Middle,-1.7,0.0,0.0,0.0,0.0
2011-07-04T00:00:00,Middle,-0.5,0.0,0.0,0.0,0.0
2011-07-05T00:00:00,Middle,1.3,0.0,0.0,0.0,0.0
2011-07-06T00:00:00,Middle,1.5,0.0,0.0,0.0,0.0
2011-07-07T00:00:00,Middle,0.8,0.0,0.0,0.0,0.0
2011-07-08T00:00:00,Middle,0.0,0.0,0.0,0.0,0.0
2011-07-09T00:00:00,Middle,0.8,0.0,0.0,0.0,0.0
2011-07-10T00:00:00,Middle,-1.2,0.0,0.0,0.0,0.0
2011-07-11T00:00:00,Middle,-0.7,0.0,0.0,0.0,0.0
2011-07-12T00:00:00,Middle,-0.2,0.0,0.0,0.0,0.0
2011-07-13T00:00:00,Middle,1.8,0.0,0.0,0.0,0.0
2011-07-14T00:00:00,Middle,2.3,0.0,11.78,0.0,0.0
2011-07-15T00:00:00,Middle,2.2,0.0,3.8,0.0,0.0
2011-07-16T00:00:00,Middle,4.5,0.0,0.0,0.0,0.0
2011-07-17T00:00:00,Middle,6.0,0.0,3.04,0.0,0.0
2011-07-18T00:00:00,Middle,5.3,0.0,3.99,0.0,0.0
2011-07-19T00:00:00,Middle,9.2,0.0,1.425,0.0,0.0
2011-07-20T00:00:00,Middle,8.4,0.0,7.695,0.0,0.0
2011-07-21T00:00:00,Middle,7.3,0.0,1.425,0.0,0.0
2011-07-22T00:00:00,Middle,6.3,0.0,0.0,0.0,0.0
2011-07-23T00:00:00,Middle,7.0,0.0,0.0,0.0,0.0
2011-07-24T00:00:00,Middle,5.7,0.0,2.09,0.0,0.0
2011-07-25T00:00:00,Middle,8.3,0.0,0.0,0.0,0.0
2011-07-26T00:00:00,Middle,7.7,0.0,0.0,0.0,0.0
2011-07-27T00:00:00,Middle,8.9,0.0,0.0,0.0,0.0
2011-07-28T00:00:00,Middle,7.5,0.0,0.0,0.0,0.0
2011-07-29T00:00:00,Middle,6.6,0.0,0.0,0.0,0.0
2011-07-30T00:00:00,Middle,6.3,0.0,0.0,0.0,0.0
2011-07-31T00:00:00,Middle,8.1,0.0,0.0,0.0,0.0
2011-08-01T00:00:00,Middle,8.4,0.0,0.0,0.0,0.0
2011-08-02T00:00:00,Middle,7.2,0.0,0.0,0.0,0.0
2011-08-03T00:00:00,Middle,7.9,0.0,0.0,0.0,0.0
2011-08-04T00:00:00,Middle,7.7,0.0,0.0,0.0,0.0
2011-08-05T00:00:00,Middle,11.6,0.0,0.0,0.0,0.0
2011-08-06T00:00:00,Middle,11.8,0.0,0.0,0.0,0.0
2011-08-07T00:00:00,Middle,12.6,0.0,0.0,0.0,0.0
2011-08-08T00:00:00,Middle,15.1,0.0,0.0,0.0,0.0
2011-08-09T00:00:00,Middle,13.8,0.0,1.9,0.0,0.0
2011-08-10T00:00:00,Middle,14.0,0.0,2.85,0.0,0.0
2011-08-11T00:00:00,Middle,15.1,0.0,1.045,0.0,0.0
2011-08-12T00:00:00,Middle,12.7,0.0,0.0,0.0,0.0
2011-08-13T00:00:00,Middle,12.3,0.0,0.0,0.0,0.0
2011-08-14T00:00:00,Middle,12.0,0.0,0.0,0.0,0.0
2011-08-15T00:00:00,Middle,9.2,0.0,1.9,0.0,0.0
2011-08-16T00:00:00,Middle,9.6,0.0,0.0,0.0,0.0
2011-08-17T00:00:00,Middle,13.5,0.0,0.0,0.0,0.0
2011-08-18T00:00:00,Middle,16.9,0.0,0.0,0.0,0.0
2011-08-19T00:00:00,Middle,16.6,0.0,0.0,0.0,0.0
2011-08-20T00:00:00,Middle,16.1,0.0,1.52,0.0,0.0
2011-08-21T00:00:00,Middle,15.8,0.0,0.0,0.0,0.0
2011-08-22T00:00:00,Middle,14.7,0.0,1.71,0.0,0.0
2011-08-23T00:00:00,Middle,12.5,0.0,0.0,0.0,0.0
2011-08-24T00:00:00,Middle,12.7,0.0,0.0,0.0,0.0
2011-08-25T00:00:00,Middle,14.1,0.0,0.0,0.0,0.0
2011-08-26T00:00:00,Middle,14.7,0.0,0.0,0.0,0.0
2011-08-27T00:00:00,Middle,14.5,0.0,2.375,0.0,0.0
2011-08-28T00:00:00,Middle,14.0,0.0,1.425,0.0,0.0
2011-08-29T00:00:00,Middle,16.6,0.0,0.0,0.0,0.0
2011-08-30T00:00:00,Middle,15.5,0.0,1.425,0.0,0.0
2011-08-31T00:00:00,Middle,17.4,0.0,0.0,0.0,0.0
2011-09-01T00:00:00,Middle,17.0,0.0,0.0,0.0,0.0
2011-09-02T00:00:00,Middle,16.0,0.0,4.18,0.0,0.0
2011-09-03T00:00:00,Middle,19.0,0.0,0.0,0.0,0.0
2011-09-04T00:00:00,Middle,16.9,0.0,0.0,0.0,0.0
2011-09-05T00:00:00,Middle,11.2,0.0,0.0,0.0,0.0
2011-09-06T00:00:00,Middle,13.3,0.0,0.0,0.0,0.0
2011-09-07T00:00:00,Middle,16.2,0.0,0.0,0.0,0.0
2011-09-08T00:00:00,Middle,17.2,0.0,0.0,0.0,0.0
2011-09-09T00:00:00,Middle,16.3,0.0,0.0,0.0,0.0
2011-09-10T00:00:00,Middle,13.1,0.0,7.41,0.0,0.0
2011-09-11T00:00:00,Middle,12.0,0.0,6.555,0.0,0.0
2011-09-12T00:00:00,Middle,14.9,0.0,0.0,0.0,0.0
2011-09-13T00:00:00,Middle,16.6,0.0,0.0,0.0,0.0
2011-09-14T00:00:00,Middle,15.2,0.0,6.745,0.0,0.0
2011-09-15T00:00:00,Middle,14.9,0.0,2.09,0.0,0.0
2011-09-16T00:00:00,Middle,16.0,0.0,4.275,0.0,0.0
2011-09-17T00:00:00,Middle,14.2,0.0,0.0,0.0,0.0
2011-09-18T00:00:00,Middle,16.0,0.0,0.0,0.0,0.0
2011-09-19T00:00:00,Middle,15.5,0.0,0.0,0.0,0.0
2011-09-20T00:00:00,Middle,16.4,0.0,2.28,0.0,0.0
2011-09-21T00:00:00,Middle,18.8,0.0,0.0,0.0,0.0
2011-09-22T00:00:00,Middle,18.7,0.0,0.0,0.0,0.0
2011-09-23T00:00:00,Middle,18.2,0.0,0.0,0.0,0.0
2011-09-24T00:00:00,Middle,18.6,0.0,0.0,0.0,0.0
2011-09-25T00:00:00,Middle,19.5,0.0,0.0,0.0,0.0
2011-09-26T00:00:00,Middle,18.5,0.0,5.89,0.0,0.0
2011-09-27T00:00:00,Middle,17.1,0.0,0.0,0.0,0.0
2011-09-28T00:00:00,Middle,18.0,0.0,0.0,0.0,0.0
2011-09-29T00:00:00,Middle,17.9,0.0,0.0,0.0,0.0
2011-09-30T00:00:00,Middle,16.3,0.0,0.0,0.0,0.0
2011-10-01T00:00:00,Middle,16.2,0.0,0.0,0.0,0.0
2011-10-02T00:00:00,Middle,16.6,0.0,0.0,0.0,0.0
2011-10-03T00:00:00,Middle,16.5,0.0,0.0,0.0,0.0
2011-10-04T00:00:00,Middle,16.7,0.0,0.0,0.0,0.0
2011-10-05T00:00:00,Middle,18.2,0.0,0.0,0.0,0.0
2011-10-06T00:00:00,Middle,18.4,0.0,0.0,0.0,0.0
2011-10-07T00:00:00,Middle,19.0,0.0,0.0,0.0,0.0
2011-10-08T00:00:00,Middle,20.2,0.0,0.0,0.0,0.0
2011-10-09T00:00:00,Middle,18.1,0.0,0.0,0.0,0.0
2011-10-10T00:00:00,Middle,19.5,0.0,1.33,0.0,0.0
2011-10-11T00:00:00,Middle,15.4,0.0,8.55,0.0,0.0
2011-10-12T00:00:00,Middle,15.8,0.0,0.0,0.0,0.0
2011-10-13T00:00:00,Middle,17.0,0.0,0.0,0.0,0.0
2011-10-14T00:00:00,Middle,19.3,0.0,0.0,0.0,0.0
2011-10-15T00:00:00,Middle,15.3,0.0,0.0,0.0,0.0
2011-10-16T00:00:00,Middle,16.5,0.0,0.0,0.0,0.0
2011-10-17T00:00:00,Middle,17.9,0.0,0.0,0.0,0.0
2011-10-18T00:00:00,Middle,18.9,0.0,0.0,0.0,0.0
2011-10-19T00:00:00,Middle,20.4,0.0,0.0,0.0,0.0
2011-10-20T00:00:00,Middle,16.6,0.0,0.0,0.0,0.0
2011-10-21T00:00:00,Middle,16.2,0.0,0.0,0.0,0.0
2011-10-22T00:00:00,Middle,17.7,0.0,0.0,0.0,0.0
2011-10-23T00:00:00,Middle,15.2,0.0,0.0,0.0,0.0
2011-10-24T00:00:00,Middle,14.9,0.0,0.0,0.0,0.0
2011-10-25T00:00:00,Middle,19.3,0.0,0.0,0.0,0.0
2011-10-26T00:00:00,Middle,19.6,0.0,0.0,0.0,0.0
2011-10-27T00:00:00,Middle,21.4,0.0,0.0,0.0,0.0
2011-10-28T00:00:00,Middle,21.6,0.0,0.0,0.0,0.0
2011-10-29T00:00:00,Middle,20.8,0.0,0.95,0.0,0.0
2011-10-30T00:00:00,Middle,21.5,0.0,0.0,0.0,0.0
2011-10-31T00:00:00,Middle,17.5,0.0,19.76,0.0,0.0
2011-11-01T00:00:00,Middle,16.5,0.0,4.085,0.0,0.0
2011-11-02T00:00:00,Middle,16.9,0.0,2.47,0.0,0.0
2011-11-03T00:00:00,Middle,20.1,0.0,0.0,0.0,0.0
2011-11-04T00:00:00,Middle,21.0,0.0,1.33,0.0,0.0
2011-11-05T00:00:00,Middle,20.4,0.0,0.0,0.0,0.0
2011-11-06T00:00:00,Middle,20.0,0.0,0.0,0.0,0.0
2011-11-07T00:00:00,Middle,20.4,0.0,0.0,0.0,0.0
2011-11-08T00:00:00,Middle,20.8,0.0,0.0,0.0,0.0
2011-11-09T00:00:00,Middle,17.1,0.0,16.91,0.0,0.0
2011-11-10T00:00:00,Middle,17.7,0.0,0.0,0.0,0.0
2011-11-11T00:00:00,Middle,16.9,0.0,0.0,0.0,0.0
2011-11-12T00:00:00,Middle,16.5,0.0,12.35,0.0,0.0
2011-11-13T00:00:00,Middle,16.0,0.0,0.0,0.0,0.0
2011-11-14T00:00:00,Middle,15.9,0.0,0.0,0.0,0.0
2011-11-15T00:00:00,Middle,14.1,0.0,1.805,0.0,0.0
2011-11-16T00:00:00,Middle,16.4,0.0,0.0,0.0,0.0
2011-11-17T00:00:00,Middle,16.7,0.0,1.235,0.0,0.0
2011-11-18T00:00:00,Middle,18.1,0.0,0.0,0.0,0.0
2011-11-19T00:00:00,Middle,18.1,0.0,6.46,0.0,0.0
2011-11-20T00:00:00,Middle,17.1,0.0,0.0,0.0,0.0
2011-11-21T00:00:00,Middle,16.5,0.0,0.0,0.0,0.0
2011-11-22T00:00:00,Middle,16.9,0.0,0.0,0.0,0.0
2011-11-23T00:00:00,Middle,16.2,0.0,0.0,0.0,0.0
2011-11-24T00:00:00,Middle,13.2,0.0,0.0,0.0,0.0
2011-11-25T00:00:00,Middle,13.5,0.0,0.0,0.0,0.0
2011-11-26T00:00:00,Middle,14.4,0.0,0.0,0.0,0.0
2011-11-27T00:00:00,Middle,16.1,0.0,0.0,0.0,0.0
2011-11-28T00:00:00,Middle,16.7,0.0,0.0,0.0,0.0
2011-11-29T00:00:00,Middle,16.9,0.0,0.0,0.0,0.0
2011-11-30T00:00:00,Middle,15.2,0.0,0.0,0.0,0.0
2011-12-01T00:00:00,Middle,14.6,0.0,2.755,0.0,0.0
2011-12-02T00:00:00,Middle,15.4,0.0,7.505,0.0,0.0
2011-12-03T00:00:00,Middle,14.1,0.0,1.425,0.0,0.0
2011-12-04T00:00:00,Middle,12.5,0.0,1.425,0.0,0.0
2011-12-05T00:00:00,Middle,13.3,0.0,0.0,0.0,0.0
2011-12-06T00:00:00,Middle,15.9,0.0,0.0,0.0,0.0
2011-12-07T00:00:00,Middle,17.0,0.0,0.0,0.0,0.0
2011-12-08T00:00:00,Middle,17.0,0.0,0.0,0.0,0.0
2011-12-09T00:00:00,Middle,17.0,0.0,0.0,0.0,0.0
2011-12-10T00:00:00,Middle,16.7,0.0,0.0,0.0,0.0
2011-12-11T00:00:00,Middle,15.0,0.0,0.0,0.0,0.0
2011-12-12T00:00:00,Middle,17.8,0.0,0.0,0.0,0.0
2011-12-13T00:00:00,Middle,16.4,0.0,0.0,0.0,0.0
2011-12-14T00:00:00,Middle,14.7,0.0,0.0,0.0,0.0
2011-12-15T00:00:00,Middle,14.7,0.0,0.0,0.0,0.0
2011-12-16T00:00:00,Middle,16.0,0.0,0.0,0.0,0.0
2011-12-17T00:00:00,Middle,15.5,0.0,7.03,0.0,0.0
2011-12-18T00:00:00,Middle,14.3,0.0,6.745,0.0,0.0
2011-12-19T00:00:00,Middle,10.8,0.0,4.465,0.0,0.0
2011-12-20T00:00:00,Middle,11.4,0.0,0.0,0.0,0.0
2011-12-21T00:00:00,Middle,9.9,0.0,3.8,0.0,0.0
2011-12-22T00:00:00,Middle,10.8,0.0,0.0,0.0,0.0
2011-12-23T00:00:00,Middle,11.8,0.0,0.0,0.0,0.0
2011-12-24T00:00:00,Middle,11.8,0.0,1.33,0.0,0.0
2011-12-25T00:00:00,Middle,10.2,0.0,1.52,0.0,0.0
2011-12-26T00:00:00,Middle,8.3,0.0,0.0,0.0,0.0
2011-12-27T00:00:00,Middle,5.1,0.0,0.0,0.0,0.0
2011-12-28T00:00:00,Middle,4.2,0.0,0.0,0.0,0.0
2011-12-29T00:00:00,Middle,6.8,0.0,2.28,0.0,0.0
2011-12-30T00:00:00,Middle,7.8,0.0,0.0,0.0,0.0
2011-12-31T00:00:00,Middle,7.0,0.0,0.0,0.0,0.0
2012-01-01T00:00:00,Middle,8.1,0.0,0.0,0.0,0.0
2012-01-02T00:00:00,Middle,3.7,0.0,0.0,0.0,0.0
2012-01-03T00:00:00,Middle,4.9,0.0,0.0,0.0,0.0
2012-01-04T00:00:00,Middle,6.1,0.0,0.0,0.0,0.0
2012-01-05T00:00:00,Middle,8.7,0.0,0.0,0.0,0.0
2012-01-06T00:00:00,Middle,10.6,0.0,6.555,0.0,0.0
2012-01-07T00:00:00,Middle,9.8,0.0,0.0,0.0,0.0
2012-01-08T00:00:00,Middle,14.0,0.0,0.0,0.0,0.0
2012-01-09T00:00:00,Middle,15.1,0.0,5.89,0.0,0.0
2012-01-10T00:00:00,Middle,13.0,0.0,0.0,0.0,0.0
2012-01-11T00:00:00,Middle,9.7,0.0,0.0,0.0,0.0
2012-01-12T00:00:00,Middle,5.6,0.0,0.0,0.0,0.0
2012-01-13T00:00:00,Middle,6.2,0.0,0.0,0.0,0.0
2012-01-14T00:00:00,Middle,7.0,0.0,0.0,0.0,0.0
2012-01-15T00:00:00,Middle,9.0,0.0,0.0,0.0,0.0
2012-01-16T00:00:00,Middle,7.5,0.0,0.0,0.0,0.0
2012-01-17T00:00:00,Middle,3.7,0.0,0.0,0.0,0.0
2012-01-18T00:00:00,Middle,6.4,0.0,12.445,0.0,0.0
2012-01-19T00:00:00,Middle,2.5,0.0,0.0,0.0,0.0
2012-01-20T00:00:00,Middle,1.7,0.0,0.0,0.0,0.0
2012-01-21T00:00:00,Middle,0.5,0.0,0.0,0.0,0.0
2012-01-22T00:00:00,Middle,0.9,0.0,0.0,0.0,0.0
2012-01-23T00:00:00,Middle,8.0,0.0,5.415,0.0,0.0
2012-01-24T00:00:00,Middle,13.0,0.0,1.615,0.0,0.0
2012-01-25T00:00:00,Middle,11.8,0.0,0.0,0.0,0.0
2012-01-26T00:00:00,Middle,7.8,0.0,2.47,0.0,0.0
2012-01-27T00:00:00,Middle,11.5,0.0,0.0,0.0,0.0
2012-01-28T00:00:00,Middle,12.6,0.0,2.09,0.0,0.0
2012-01-29T00:00:00,Middle,11.0,0.0,13.49,0.0,0.0
2012-01-30T00:00:00,Middle,10.0,0.0,0.0,0.0,0.0
2012-01-31T00:00:00,Middle,7.7,0.0,0.0,0.0,0.0
2012-02-01T00:00:00,Middle,6.8,0.0,1.33,0.0,0.0
2012-02-02T00:00:00,Middle,7.8,0.0,1.615,0.0,0.0
2012-02-03T00:00:00,Middle,6.4,0.0,0.0,0.0,0.0
2012-02-04T00:00:00,Middle,5.6,0.0,8.265,0.0,0.0
2012-02-05T00:00:00,Middle,6.2,0.0,8.55,0.0,0.0
2012-02-06T00:00:00,Middle,4.9,0.0,3.23,0.0,0.0
2012-02-07T00:00:00,Middle,4.4,0.0,1.33,0.0,0.0
2012-02-08T00:00:00,Middle,4.3,0.0,2.66,0.0,0.0
2012-02-09T00:00:00,Middle,6.5,0.0,0.0,0.0,0.0
2012-02-10T00:00:00,Middle,5.1,0.0,9.595,0.0,0.0
2012-02-11T00:00:00,Middle,4.4,0.0,1.52,0.0,0.0
2012-02-12T00:00:00,Middle,1.1,0.0,0.0,0.0,0.0
2012-02-13T00:00:00,Middle,6.1,0.0,2.755,0.0,0.0
2012-02-14T00:00:00,Middle,5.0,0.0,0.0,0.0,0.0
2012-02-15T00:00:00,Middle,2.3,0.0,0.57,0.0,0.0
2012-02-16T00:00:00,Middle,6.3,0.0,2.47,0.0,0.0
2012-02-17T00:00:00,Middle,9.5,0.0,0.0,0.0,0.0
2012-02-18T00:00:00,Middle,4.7,0.0,0.0,0.0,0.0
2012-02-19T00:00:00,Middle,4.8,0.0,1.235,0.0,0.0
2012-02-20T00:00:00,Middle,6.1,0.0,0.0,0.0,0.0
2012-02-21T00:00:00,Middle,0.6,0.0,1.71,0.0,0.0
2012-02-22T00:00:00,Middle,3.0,0.0,1.045,0.0,0.0
2012-02-23T00:00:00,Middle,0.6,0.0,0.0,0.0,0.0
2012-02-24T00:00:00,Middle,0.5,0.0,0.0,0.0,0.0
2012-02-25T00:00:00,Middle,-0.5,0.0,0.0,0.0,0.0
2012-02-26T00:00:00,Middle,-1.0,0.0,0.0,0.0,0.0
2012-02-27T00:00:00,Middle,-0.8,1.235,0.0,1.235,0.0
2012-02-28T00:00:00,Middle,6.4,0.0,0.0,0.0,1.235
2012-02-29T00:00:00,Middle,5.5,0.0,0.0,0.0,0.0
2012-03-01T00:00:00,Middle,-0.5,0.0,0.0,0.0,0.0
2012-03-02T00:00:00,Middle,-2.6,0.0,0.0,0.0,0.0
2012-03-03T00:00:00,Middle,4.4,0.0,0.0,0.0,0.0
2012-03-04T00:00:00,Middle,1.6,0.0,0.0,0.0,0.0
2012-03-05T00:00:00,Middle,5.9,0.0,5.605,0.0,0.0
2012-03-06T00:00:00,Middle,1.5,0.0,0.0,0.0,0.0
2012-03-07T00:00:00,Middle,2.8,0.0,3.895,0.0,0.0
2012-03-08T00:00:00,Middle,0.7,0.0,1.9,0.0,0.0
2012-03-09T00:00:00,Middle,-4.7,0.0,0.0,0.0,0.0
2012-03-10T00:00:00,Middle,-7.1,0.0,0.0,0.0,0.0
2012-03-11T00:00:00,Middle,-5.2,1.045,0.0,1.045,0.0
2012-03-12T00:00:00,Middle,1.2,0.0,0.0,0.0,1.045
2012-03-13T00:00:00,Middle,5.6,0.0,0.0,0.0,0.0
2012-03-14T00:00:00,Middle,7.4,0.0,0.0,0.0,0.0
2012-03-15T00:00:00,Middle,1.0,0.0,0.0,0.0,0.0
2012-03-16T00:00:00,Middle,1.0,0.0,2.66,0.0,0.0
2012-03-17T00:00:00,Middle,4.5,0.0,1.33,0.0,0.0
2012-03-18T00:00:00,Middle,6.3,0.0,0.0,0.0,0.0
2012-03-19T00:00:00,Middle,5.1,0.0,0.0,0.0,0.0
2012-03-20T00:00:00,Middle,1.3,0.0,0.0,0.0,0.0
2012-03-21T00:00:00,Middle,4.7,0.0,2.755,0.0,0.0
2012-03-22T00:00:00,Middle,3.9,0.0,0.0,0.0,0.0
2012-03-23T00:00:00,Middle,5.5,0.0,1.805,0.0,0.0
2012-03-24T00:00:00,Middle,6.3,0.0,0.0,0.0,0.0
2012-03-25T00:00:00,Middle,4.6,0.0,2.66,0.0,0.0
2012-03-26T00:00:00,Middle,6.0,0.0,1.235,0.0,0.0
2012-03-27T00:00:00,Middle,6.7,0.0,3.99,0.0,0.0
2012-03-28T00:00:00,Middle,2.7,0.0,2.47,0.0,0.0
2012-03-29T00:00:00,Middle,2.4,0.0,6.935,0.0,0.0
2012-03-30T00:00:00,Middle,5.5,0.0,0.0,0.0,0.0
2012-03-31T00:00:00,Middle,4.0,0.0,0.0,0.0,0.0
2012-04-01T00:00:00,Middle,2.4,0.0,0.0,0.0,0.0
2012-04-02T00:00:00,Middle,3.6,0.0,0.0,0.0,0.0
2012-04-03T00:00:00,Middle,2.7,0.0,0.0,0.0,0.0
2012-04-04T00:00:00,Middle,3.8,0.0,0.665,0.0,0.0
2012-04-05T00:00:00,Middle,4.0,0.0,1.045,0.0,0.0
2012-04-06T00:00:00,Middle,4.9,0.0,3.42,0.0,0.0
2012-04-07T00:00:00,Middle,2.4,0.0,0.665,0.0,0.0
2012-04-08T00:00:00,Middle,3.8,0.0,1.425,0.0,0.0
2012-04-09T00:00:00,Middle,6.4,0.0,1.995,0.0,0.0
2012-04-10T00:00:00,Middle,6.2,0.0,0.57,0.0,0.0
2012-04-11T00:00:00,Middle,5.7,0.0,11.115,0.0,0.0
2012-04-12T00:00:00,Middle,-1.1,2.28,0.0,2.28,0.0
2012-04-13T00:00:00,Middle,-3.7,1.14,0.0,3.42,0.0
2012-04-14T00:00:00,Middle,-8.0,0.0,0.0,3.42,0.0
2012-04-15T00:00:00,Middle,-9.2,0.0,0.0,3.42,0.0
2012-04-16T00:00:00,Middle,-6.1,0.0,0.0,3.42,0.0
2012-04-17T00:00:00,Middle,-6.1,0.855,0.0,4.275,0.0
2012-04-18T00:00:00,Middle,-5.4,0.0,0.0,4.275,0.0
2012-04-19T00:00:00,Middle,-8.1,0.0,0.0,4.275,0.0
2012-04-20T00:00:00,Middle,-5.0,0.0,0.0,4.275,0.0
2012-04-21T00:00:00,Middle,-3.9,0.0,0.0,4.275,0.0
2012-04-22T00:00:00,Middle,-2.8,0.0,0.0,4.275,0.0
2012-04-23T00:00:00,Middle,-3.3,0.0,0.0,4.275,0.0
2012-04-24T00:00:00,Middle,-6.4,0.0,0.0,4.275,0.0
2012-04-25T00:00:00,Middle,-8.4,0.0,0.0,4.275,0.0
2012-04-26T00:00:00,Middle,-5.1,0.0,0.0,4.275,0.0
2012-04-27T00:00:00,Middle,-4.0,0.0,0.0,4.275,0.0
2012-04-28T00:00:00,Middle,-3.6,0.0,0.0,4.275,0.0
2012-04-29T00:00:00,Middle,-1.3,0.855,0.0,5.130000000000001,0.0
2012-04-30T00:00:00,Middle,-0.6,0.0,0.0,5.130000000000001,0.0
2012-05-01T00:00:00,Middle,-2.8,0.0,0.0,5.130000000000001,0.0
2012-05-02T00:00:00,Middle,-3.1,0.0,0.0,5.130000000000001,0.0
2012-05-03T00:00:00,Middle,-3.9,4.845,0.0,9.975000000000001,0.0
2012-05-04T00:00:00,Middle,-0.3,0.0,0.0,9.975000000000001,0.0
2012-05-05T00:00:00,Middle,1.8,0.0,1.045,4.575000000000001,5.4
2012-05-06T00:00:00,Middle,2.0,0.0,0.0,0.0,4.575000000000001
2012-05-07T00:00:00,Middle,0.6,0.0,0.0,0.0,0.0
2012-05-08T00:00:00,Middle,0.4,0.0,0.0,0.0,0.0
2012-05-09T00:00:00,Middle,0.5,0.0,0.0,0.0,0.0
2012-05-10T00:00:00,Middle,1.9,0.0,8.55,0.0,0.0
2012-05-11T00:00:00,Middle,3.0,0.0,0.95,0.0,0.0
2012-05-12T00:00:00,Middle,2.8,0.0,1.14,0.0,0.0
2012-05-13T00:00:00,Middle,3.0,0.0,1.9,0.0,0.0
2012-05-14T00:00:00,Middle,1.3,0.0,0.95,0.0,0.0
2012-05-15T00:00:00,Middle,1.2,0.0,0.0,0.0,0.0
2012-05-16T00:00:00,Middle,1.4,0.0,2.28,0.0,0.0
2012-05-17T00:00:00,Middle,1.9,0.0,0.0,0.0,0.0
2012-05-18T00:00:00,Middle,2.3,0.0,2.09,0.0,0.0
2012-05-19T00:00:00,Middle,4.0,0.0,0.76,0.0,0.0
2012-05-20T00:00:00,Middle,3.4,0.0,0.0,0.0,0.0
2012-05-21T00:00:00,Middle,0.5,0.0,0.0,0.0,0.0
2012-05-22T00:00:00,Middle,-1.8,3.61,0.0,3.61,0.0
2012-05-23T00:00:00,Middle,-0.6,2.28,0.0,5.89,0.0
2012-05-24T00:00:00,Middle,1.5,0.0,10.64,1.3899999999999997,4.5
2012-05-25T00:00:00,Middle,3.5,0.0,0.0,0.0,1.3899999999999997
2012-05-26T00:00:00,Middle,5.8,0.0,0.0,0.0,0.0
2012-05-27T00:00:00,Middle,6.9,0.0,0.0,0.0,0.0
2012-05-28T00:00:00,Middle,3.2,0.0,0.0,0.0,0.0
2012-05-29T00:00:00,Middle,1.9,0.0,0.0,0.0,0.0
2012-05-30T00:00:00,Middle,2.3,0.0,2.185,0.0,0.0
2012-05-31T00:00:00,Middle,2.4,0.0,0.0,0.0,0.0
2012-06-01T00:00:00,Middle,1.8,0.0,0.0,0.0,0.0
2012-06-02T00:00:00,Middle,1.9,0.0,3.705,0.0,0.0
2012-06-03T00:00:00,Middle,2.3,0.0,0.0,0.0,0.0
2012-06-04T00:00:00,Middle,3.6,0.0,0.0,0.0,0.0
2012-06-05T00:00:00,Middle,2.7,0.0,0.0,0.0,0.0
2012-06-06T00:00:00,Middle,3.2,0.0,0.0,0.0,0.0
2012-06-07T00:00:00,Middle,7.1,0.0,0.0,0.0,0.0
2012-06-08T00:00:00,Middle,6.4,0.0,0.0,0.0,0.0
2012-06-09T00:00:00,Middle,9.3,0.0,0.0,0.0,0.0
2012-06-10T00:00:00,Middle,6.9,0.0,1.9,0.0,0.0
2012-06-11T00:00:00,Middle,4.9,0.0,0.0,0.0,0.0
2012-06-12T00:00:00,Middle,6.8,0.0,0.0,0.0,0.0
2012-06-13T00:00:00,Middle,6.0,0.0,0.0,0.0,0.0
2012-06-14T00:00:00,Middle,6.4,0.0,16.245,0.0,0.0
2012-06-15T00:00:00,Middle,2.6,0.0,0.0,0.0,0.0
2012-06-16T00:00:00,Middle,-0.6,2.945,0.0,2.945,0.0
2012-06-17T00:00:00,Middle,1.0,0.0,0.0,0.0,2.945
2012-06-18T00:00:00,Middle,-1.2,0.0,0.0,0.0,0.0
2012-06-19T00:00:00,Middle,-2.1,10.545,0.0,10.545,0.0
2012-06-20T00:00:00,Middle,2.6,0.0,1.14,2.744999999999999,7.800000000000001
2012-06-21T00:00:00,Middle,8.7,0.0,0.0,0.0,2.744999999999999
2012-06-22T00:00:00,Middle,5.9,0.0,0.0,0.0,0.0
2012-06-23T00:00:00,Middle,5.3,0.0,0.0,0.0,0.0
2012-06-24T00:00:00,Middle,2.7,0.0,0.0,0.0,0.0
2012-06-25T00:00:00,Middle,3.3,0.0,1.425,0.0,0.0
2012-06-26T00:00:00,Middle,3.7,0.0,0.0,0.0,0.0
2012-06-27T00:00:00,Middle,5.4,0.0,0.0,0.0,0.0
2012-06-28T00:00:00,Middle,5.5,0.0,0.0,0.0,0.0
2012-06-29T00:00:00,Middle,6.3,0.0,0.0,0.0,0.0
2012-06-30T00:00:00,Middle,6.3,0.0,0.0,0.0,0.0
2012-07-01T00:00:00,Middle,2.9,0.0,0.0,0.0,0.0
2012-07-02T00:00:00,Middle,0.7,0.0,0.0,0.0,0.0
2012-07-03T00:00:00,Middle,2.5,0.0,0.0,0.0,0.0
2012-07-04T00:00:00,Middle,1.6,0.0,0.0,0.0,0.0
2012-07-05T00:00:00,Middle,2.5,0.0,0.0,0.0,0.0
2012-07-06T00:00:00,Middle,4.6,0.0,0.0,0.0,0.0
2012-07-07T00:00:00,Middle,7.1,0.0,3.8,0.0,0.0
2012-07-08T00:00:00,Middle,5.7,0.0,8.075,0.0,0.0
2012-07-09T00:00:00,Middle,4.1,0.0,10.64,0.0,0.0
2012-07-10T00:00:00,Middle,2.8,0.0,0.0,0.0,0.0
2012-07-11T00:00:00,Middle,3.7,0.0,0.0,0.0,0.0
2012-07-12T00:00:00,Middle,6.9,0.0,0.0,0.0,0.0
2012-07-13T00:00:00,Middle,7.3,0.0,1.71,0.0,0.0
2012-07-14T00:00:00,Middle,8.8,0.0,0.0,0.0,0.0
2012-07-15T00:00:00,Middle,7.2,0.0,0.0,0.0,0.0
2012-07-16T00:00:00,Middle,6.7,0.0,0.0,0.0,0.0
2012-07-17T00:00:00,Middle,6.3,0.0,0.0,0.0,0.0
2012-07-18T00:00:00,Middle,9.6,0.0,1.045,0.0,0.0
2012-07-19T00:00:00,Middle,7.8,0.0,0.0,0.0,0.0
2012-07-20T00:00:00,Middle,7.7,0.0,0.0,0.0,0.0
2012-07-21T00:00:00,Middle,10.3,0.0,0.0,0.0,0.0
2012-07-22T00:00:00,Middle,11.3,0.0,0.0,0.0,0.0
2012-07-23T00:00:00,Middle,10.0,0.0,0.0,0.0,0.0
2012-07-24T00:00:00,Middle,6.9,0.0,0.0,0.0,0.0
2012-07-25T00:00:00,Middle,6.0,0.0,0.0,0.0,0.0
2012-07-26T00:00:00,Middle,7.7,0.0,0.0,0.0,0.0
2012-07-27T00:00:00,Middle,10.4,0.0,0.0,0.0,0.0
2012-07-28T00:00:00,Middle,12.8,0.0,0.0,0.0,0.0
2012-07-29T00:00:00,Middle,14.9,0.0,0.0,0.0,0.0
2012-07-30T00:00:00,Middle,8.7,0.0,0.0,0.0,0.0
2012-07-31T00:00:00,Middle,6.0,0.0,10.83,0.0,0.0
2012-08-01T00:00:00,Middle,3.6,0.0,0.0,0.0,0.0
2012-08-02T00:00:00,Middle,5.2,0.0,0.0,0.0,0.0
2012-08-03T00:00:00,Middle,5.6,0.0,0.0,0.0,0.0
2012-08-04T00:00:00,Middle,4.6,0.0,0.0,0.0,0.0
2012-08-05T00:00:00,Middle,5.1,0.0,0.0,0.0,0.0
2012-08-06T00:00:00,Middle,5.1,0.0,1.71,0.0,0.0
2012-08-07T00:00:00,Middle,5.8,0.0,5.985,0.0,0.0
2012-08-08T00:00:00,Middle,5.7,0.0,5.89,0.0,0.0
2012-08-09T00:00:00,Middle,8.0,0.0,2.66,0.0,0.0
2012-08-10T00:00:00,Middle,6.8,0.0,1.805,0.0,0.0
2012-08-11T00:00:00,Middle,8.7,0.0,2.85,0.0,0.0
2012-08-12T00:00:00,Middle,8.7,0.0,0.0,0.0,0.0
2012-08-13T00:00:00,Middle,9.8,0.0,0.0,0.0,0.0
2012-08-14T00:00:00,Middle,8.1,0.0,0.0,0.0,0.0
2012-08-15T00:00:00,Middle,8.2,0.0,0.0,0.0,0.0
2012-08-16T00:00:00,Middle,14.2,0.0,0.0,0.0,0.0
2012-08-17T00:00:00,Middle,15.2,0.0,0.0,0.0,0.0
2012-08-18T00:00:00,Middle,15.2,0.0,0.0,0.0,0.0
2012-08-19T00:00:00,Middle,12.7,0.0,19.0,0.0,0.0
2012-08-20T00:00:00,Middle,15.3,0.0,0.0,0.0,0.0
2012-08-21T00:00:00,Middle,17.0,0.0,0.0,0.0,0.0
2012-08-22T00:00:00,Middle,19.5,0.0,0.0,0.0,0.0
2012-08-23T00:00:00,Middle,20.6,0.0,0.0,0.0,0.0
2012-08-24T00:00:00,Middle,20.9,0.0,0.0,0.0,0.0
2012-08-25T00:00:00,Middle,19.3,0.0,0.0,0.0,0.0
2012-08-26T00:00:00,Middle,14.2,0.0,0.0,0.0,0.0
2012-08-27T00:00:00,Middle,8.4,0.0,0.0,0.0,0.0
2012-08-28T00:00:00,Middle,7.5,0.0,0.0,0.0,0.0
2012-08-29T00:00:00,Middle,11.0,0.0,0.0,0.0,0.0
2012-08-30T00:00:00,Middle,10.6,0.0,5.13,0.0,0.0
2012-08-31T00:00:00,Middle,12.1,0.0,3.04,0.0,0.0
2012-09-01T00:00:00,Middle,13.0,0.0,0.0,0.0,0.0
2012-09-02T00:00:00,Middle,12.9,0.0,0.0,0.0,0.0
2012-09-03T00:00:00,Middle,12.2,0.0,2.09,0.0,0.0
2012-09-04T00:00:00,Middle,14.1,0.0,0.0,0.0,0.0
2012-09-05T00:00:00,Middle,16.3,0.0,0.0,0.0,0.0
2012-09-06T00:00:00,Middle,15.0,0.0,0.0,0.0,0.0
2012-09-07T00:00:00,Middle,15.0,0.0,0.0,0.0,0.0
2012-09-08T00:00:00,Middle,17.2,0.0,0.0,0.0,0.0
2012-09-09T00:00:00,Middle,19.6,0.0,0.0,0.0,0.0
2012-09-10T00:00:00,Middle,18.5,0.0,0.0,0.0,0.0
2012-09-11T00:00:00,Middle,17.3,0.0,0.0,0.0,0.0
2012-09-12T00:00:00,Middle,16.4,0.0,5.035,0.0,0.0
2012-09-13T00:00:00,Middle,13.6,0.0,0.0,0.0,0.0
2012-09-14T00:00:00,Middle,12.5,0.0,0.0,0.0,0.0
2012-09-15T00:00:00,Middle,15.3,0.0,0.0,0.0,0.0
2012-09-16T00:00:00,Middle,13.9,0.0,0.0,0.0,0.0
2012-09-17T00:00:00,Middle,11.3,0.0,0.0,0.0,0.0
2012-09-18T00:00:00,Middle,15.4,0.0,1.235,0.0,0.0
2012-09-19T00:00:00,Middle,11.8,0.0,8.55,0.0,0.0
2012-09-20T00:00:00,Middle,10.5,0.0,0.0,0.0,0.0
2012-09-21T00:00:00,Middle,9.6,0.0,0.0,0.0,0.0
2012-09-22T00:00:00,Middle,10.3,0.0,1.52,0.0,0.0
2012-09-23T00:00:00,Middle,9.5,0.0,1.14,0.0,0.0
2012-09-24T00:00:00,Middle,13.6,0.0,0.0,0.0,0.0
2012-09-25T00:00:00,Middle,12.2,0.0,0.0,0.0,0.0
2012-09-26T00:00:00,Middle,12.3,0.0,0.0,0.0,0.0
2012-09-27T00:00:00,Middle,12.2,0.0,6.365,0.0,0.0
2012-09-28T00:00:00,Middle,12.8,0.0,9.88,0.0,0.0
2012-09-29T00:00:00,Middle,14.2,0.0,0.0,0.0,0.0
2012-09-30T00:00:00,Middle,13.5,0.0,0.0,0.0,0.0
2012-10-01T00:00:00,Middle,13.5,0.0,0.0,0.0,0.0
2012-10-02T00:00:00,Middle,14.8,0.0,0.0,0.0,0.0
2012-10-03T00:00:00,Middle,15.3,0.0,2.755,0.0,0.0
2012-10-04T00:00:00,Middle,18.0,0.0,0.0,0.0,0.0
2012-10-05T00:00:00,Middle,19.2,0.0,0.0,0.0,0.0
2012-10-06T00:00:00,Middle,19.5,0.0,0.0,0.0,0.0
2012-10-07T00:00:00,Middle,22.1,0.0,0.0,0.0,0.0
2012-10-08T00:00:00,Middle,22.6,0.0,0.0,0.0,0.0
2012-10-09T00:00:00,Middle,22.7,0.0,0.0,0.0,0.0
2012-10-10T00:00:00,Middle,21.3,0.0,0.0,0.0,0.0
2012-10-11T00:00:00,Middle,17.7,0.0,0.0,0.0,0.0
2012-10-12T00:00:00,Middle,17.1,0.0,0.0,0.0,0.0
2012-10-13T00:00:00,Middle,19.8,0.0,0.0,0.0,0.0
2012-10-14T00:00:00,Middle,18.9,0.0,0.0,0.0,0.0
2012-10-15T00:00:00,Middle,19.0,0.0,0.0,0.0,0.0
2012-10-16T00:00:00,Middle,20.1,0.0,0.0,0.0,0.0
2012-10-17T00:00:00,Middle,20.1,0.0,0.0,0.0,0.0
2012-10-18T00:00:00,Middle,20.0,0.0,0.0,0.0,0.0
2012-10-19T00:00:00,Middle,18.3,0.0,1.14,0.0,0.0
2012-10-20T00:00:00,Middle,19.9,0.0,0.0,0.0,0.0
2012-10-21T00:00:00,Middle,19.6,0.0,6.935,0.0,0.0
2012-10-22T00:00:00,Middle,21.2,0.0,0.0,0.0,0.0
2012-10-23T00:00:00,Middle,22.5,0.0,0.0,0.0,0.0
2012-10-24T00:00:00,Middle,23.6,0.0,0.0,0.0,0.0
2012-10-25T00:00:00,Middle,24.1,0.0,0.0,0.0,0.0
2012-10-26T00:00:00,Middle,23.5,0.0,0.0,0.0,0.0
2012-10-27T00:00:00,Middle,22.1,0.0,0.0,0.0,0.0
2012-10-28T00:00:00,Middle,22.8,0.0,0.0,0.0,0.0
2012-10-29T00:00:00,Middle,23.7,0.0,0.0,0.0,0.0
2012-10-30T00:00:00,Middle,21.1,0.0,17.67,0.0,0.0
2012-10-31T00:00:00,Middle,21.1,0.0,0.0,0.0,0.0
2012-11-01T00:00:00,Middle,21.3,0.0,0.0,0.0,0.0
2012-11-02T00:00:00,Middle,21.1,0.0,9.31,0.0,0.0
2012-11-03T00:00:00,Middle,23.2,0.0,0.0,0.0,0.0
2012-11-04T00:00:00,Middle,26.0,0.0,0.0,0.0,0.0
2012-11-05T00:00:00,Middle,22.1,0.0,1.52,0.0,0.0
2012-11-06T00:00:00,Middle,21.0,0.0,15.485,0.0,0.0
2012-11-07T00:00:00,Middle,20.1,0.0,10.925,0.0,0.0
2012-11-08T00:00:00,Middle,20.7,0.0,0.0,0.0,0.0
2012-11-09T00:00:00,Middle,21.1,0.0,6.175,0.0,0.0
2012-11-10T00:00:00,Middle,19.7,0.0,0.0,0.0,0.0
2012-11-11T00:00:00,Middle,18.3,0.0,10.26,0.0,0.0
2012-11-12T00:00:00,Middle,17.0,0.0,0.0,0.0,0.0
2012-11-13T00:00:00,Middle,16.2,0.0,4.655,0.0,0.0
2012-11-14T00:00:00,Middle,16.4,0.0,0.0,0.0,0.0
2012-11-15T00:00:00,Middle,16.6,0.0,5.415,0.0,0.0
2012-11-16T00:00:00,Middle,17.0,0.0,0.0,0.0,0.0
2012-11-17T00:00:00,Middle,15.4,0.0,5.415,0.0,0.0
2012-11-18T00:00:00,Middle,15.5,0.0,1.995,0.0,0.0
2012-11-19T00:00:00,Middle,14.4,0.0,5.51,0.0,0.0
2012-11-20T00:00:00,Middle,14.5,0.0,3.705,0.0,0.0
2012-11-21T00:00:00,Middle,14.8,0.0,0.0,0.0,0.0
2012-11-22T00:00:00,Middle,15.5,0.0,0.0,0.0,0.0
2012-11-23T00:00:00,Middle,13.4,0.0,4.94,0.0,0.0
2012-11-24T00:00:00,Middle,13.0,0.0,1.14,0.0,0.0
2012-11-25T00:00:00,Middle,12.8,0.0,2.565,0.0,0.0
2012-11-26T00:00:00,Middle,12.2,0.0,3.135,0.0,0.0
2012-11-27T00:00:00,Middle,15.5,0.0,0.0,0.0,0.0
2012-11-28T00:00:00,Middle,14.2,0.0,0.0,0.0,0.0
2012-11-29T00:00:00,Middle,14.3,0.0,0.0,0.0,0.0
2012-11-30T00:00:00,Middle,12.2,0.0,0.0,0.0,0.0
2012-12-01T00:00:00,Middle,12.9,0.0,0.0,0.0,0.0
2012-12-02T00:00:00,Middle,13.6,0.0,0.0,0.0,0.0
2012-12-03T00:00:00,Middle,14.7,0.0,0.0,0.0,0.0
2012-12-04T00:00:00,Middle,15.4,0.0,0.0,0.0,0.0
2012-12-05T00:00:00,Middle,17.3,0.0,0.0,0.0,0.0
2012-12-06T00:00:00,Middle,15.9,0.0,0.0,0.0,0.0
2012-12-07T00:00:00,Middle,14.6,0.0,0.0,0.0,0.0
2012-12-08T00:00:00,Middle,15.9,0.0,0.0,0.0,0.0
2012-12-09T00:00:00,Middle,16.4,0.0,4.465,0.0,0.0
2012-12-10T00:00:00,Middle,14.9,0.0,0.0,0.0,0.0
2012-12-11T00:00:00,Middle,14.2,0.0,0.0,0.0,0.0
2012-12-12T00:00:00,Middle,13.1,0.0,0.0,0.0,0.0
2012-12-13T00:00:00,Middle,13.9,0.0,0.0,0.0,0.0
2012-12-14T00:00:00,Middle,13.5,0.0,0.0,0.0,0.0
2012-12-15T00:00:00,Middle,11.8,0.0,0.0,0.0,0.0
2012-12-16T00:00:00,Middle,12.5,0.0,0.0,0.0,0.0
2012-12-17T00:00:00,Middle,13.1,0.0,0.0,0.0,0.0
2012-12-18T00:00:00,Middle,12.0,0.0,0.0,0.0,0.0
2012-12-19T00:00:00,Middle,12.2,0.0,0.0,0.0,0.0
2012-12-20T00:00:00,Middle,12.5,0.0,0.0,0.0,0.0
2012-12-21T00:00:00,Middle,12.3,0.0,0.0,0.0,0.0
2012-12-22T00:00:00,Middle,12.3,0.0,21.66,0.0,0.0
2012-12-23T00:00:00,Middle,9.0,0.0,2.09,0.0,0.0
2012-12-24T00:00:00,Middle,4.2,0.0,0.0,0.0,0.0
2012-12-25T00:00:00,Middle,5.5,0.0,2.85,0.0,0.0
2012-12-26T00:00:00,Middle,7.7,0.0,5.415,0.0,0.0
2012-12-27T00:00:00,Middle,10.8,0.0,0.0,0.0,0.0
2012-12-28T00:00:00,Middle,13.0,0.0,0.0,0.0,0.0
2012-12-29T00:00:00,Middle,14.0,0.0,0.0,0.0,0.0
2012-12-30T00:00:00,Middle,11.9,0.0,0.0,0.0,0.0
2012-12-31T00:00:00,Middle,6.5,0.0,0.0,0.0,0.0
2013-01-01T00:00:00,Middle,7.0,0.0,0.0,0.0,0.0
2013-01-02T00:00:00,Middle,11.8,0.0,1.9,0.0,0.0
2013-01-03T00:00:00,Middle,11.5,0.0,0.0,0.0,0.0
2013-01-04T00:00:00,Middle,12.5,0.0,0.0,0.0,0.0
2013-01-05T00:00:00,Middle,13.0,0.0,0.0,0.0,0.0
2013-01-06T00:00:00,Middle,8.7,0.0,0.95,0.0,0.0
2013-01-07T00:00:00,Middle,8.9,0.0,20.9,0.0,0.0
2013-01-08T00:00:00,Middle,11.5,0.0,5.985,0.0,0.0
2013-01-09T00:00:00,Middle,11.4,0.0,2.28,0.0,0.0
2013-01-10T00:00:00,Middle,12.6,0.0,0.0,0.0,0.0
2013-01-11T00:00:00,Middle,10.0,0.0,0.0,0.0,0.0
2013-01-12T00:00:00,Middle,8.9,0.0,9.405,0.0,0.0
2013-01-13T00:00:00,Middle,8.8,0.0,0.0,0.0,0.0
2013-01-14T00:00:00,Middle,8.8,0.0,0.0,0.0,0.0
2013-01-15T00:00:00,Middle,7.0,0.0,0.0,0.0,0.0
2013-01-16T00:00:00,Middle,5.6,0.0,0.0,0.0,0.0
2013-01-17T00:00:00,Middle,5.1,0.0,0.0,0.0,0.0
2013-01-18T00:00:00,Middle,7.5,0.0,12.635,0.0,0.0
2013-01-19T00:00:00,Middle,12.7,0.0,1.52,0.0,0.0
2013-01-20T00:00:00,Middle,9.6,0.0,1.995,0.0,0.0
2013-01-21T00:00:00,Middle,6.8,0.0,0.0,0.0,0.0
2013-01-22T00:00:00,Middle,4.5,0.0,0.0,0.0,0.0
2013-01-23T00:00:00,Middle,4.7,0.0,0.855,0.0,0.0
2013-01-24T00:00:00,Middle,8.6,0.0,1.71,0.0,0.0
2013-01-25T00:00:00,Middle,10.0,0.0,2.47,0.0,0.0
2013-01-26T00:00:00,Middle,11.2,0.0,0.0,0.0,0.0
2013-01-27T00:00:00,Middle,13.3,0.0,0.0,0.0,0.0
2013-01-28T00:00:00,Middle,14.5,0.0,0.0,0.0,0.0
2013-01-29T00:00:00,Middle,8.1,0.0,0.0,0.0,0.0
2013-01-30T00:00:00,Middle,2.7,0.0,0.0,0.0,0.0
2013-01-31T00:00:00,Middle,0.5,0.0,0.0,0.0,0.0
2013-02-01T00:00:00,Middle,6.2,0.0,8.835,0.0,0.0
2013-02-02T00:00:00,Middle,11.8,0.0,0.0,0.0,0.0
2013-02-03T00:00:00,Middle,11.4,0.0,1.33,0.0,0.0
2013-02-04T00:00:00,Middle,10.9,0.0,0.0,0.0,0.0
2013-02-05T00:00:00,Middle,4.5,0.0,0.0,0.0,0.0
2013-02-06T00:00:00,Middle,1.5,0.0,5.32,0.0,0.0
2013-02-07T00:00:00,Middle,2.0,0.0,0.0,0.0,0.0
2013-02-08T00:00:00,Middle,4.0,0.0,0.0,0.0,0.0
2013-02-09T00:00:00,Middle,6.4,0.0,1.045,0.0,0.0
2013-02-10T00:00:00,Middle,8.4,0.0,4.655,0.0,0.0
2013-02-11T00:00:00,Middle,8.4,0.0,0.0,0.0,0.0
2013-02-12T00:00:00,Middle,6.5,0.0,0.0,0.0,0.0
2013-02-13T00:00:00,Middle,6.8,0.0,0.0,0.0,0.0
2013-02-14T00:00:00,Middle,6.8,0.0,0.0,0.0,0.0
2013-02-15T00:00:00,Middle,6.7,0.0,0.0,0.0,0.0
2013-02-16T00:00:00,Middle,6.3,0.0,0.0,0.0,0.0
2013-02-17T00:00:00,Middle,4.9,0.0,0.0,0.0,0.0
2013-02-18T00:00:00,Middle,5.0,0.0,0.0,0.0,0.0
2013-02-19T00:00:00,Middle,3.6,0.0,0.0,0.0,0.0
2013-02-20T00:00:00,Middle,4.0,0.0,0.855,0.0,0.0
2013-02-21T00:00:00,Middle,3.3,0.0,0.76,0.0,0.0
2013-02-22T00:00:00,Middle,2.3,0.0,0.0,0.0,0.0
2013-02-23T00:00:00,Middle,4.6,0.0,0.0,0.0,0.0
2013-02-24T00:00:00,Middle,6.6,0.0,4.275,0.0,0.0
2013-02-25T00:00:00,Middle,3.2,0.0,0.0,0.0,0.0
2013-02-26T00:00:00,Middle,-0.4,0.0,0.0,0.0,0.0
2013-02-27T00:00:00,Middle,1.5,0.0,0.0,0.0,0.0
2013-02-28T00:00:00,Middle,2.0,0.0,0.0,0.0,0.0
2013-03-01T00:00:00,Middle,1.0,0.0,0.0,0.0,0.0
2013-03-02T00:00:00,Middle,0.7,0.0,0.0,0.0,0.0
2013-03-03T00:00:00,Middle,0.5,0.0,0.0,0.0,0.0
2013-03-04T00:00:00,Middle,1.7,0.0,0.0,0.0,0.0
2013-03-05T00:00:00,Middle,0.7,0.0,0.0,0.0,0.0
2013-03-06T00:00:00,Middle,2.5,0.0,0.0,0.0,0.0
2013-03-07T00:00:00,Middle,1.4,0.0,1.71,0.0,0.0
2013-03-08T00:00:00,Middle,1.4,0.0,0.855,0.0,0.0
2013-03-09T00:00:00,Middle,2.9,0.0,2.47,0.0,0.0
2013-03-10T00:00:00,Middle,3.3,0.0,0.0,0.0,0.0
2013-03-11T00:00:00,Middle,2.0,0.0,0.0,0.0,0.0
2013-03-12T00:00:00,Middle,3.4,0.0,1.805,0.0,0.0
2013-03-13T00:00:00,Middle,3.6,0.0,0.0,0.0,0.0
2013-03-14T00:00:00,Middle,1.8,0.0,5.225,0.0,0.0
2013-03-15T00:00:00,Middle,1.2,0.0,0.0,0.0,0.0
2013-03-16T00:00:00,Middle,1.1,0.0,0.0,0.0,0.0
2013-03-17T00:00:00,Middle,4.0,0.0,2.185,0.0,0.0
2013-03-18T00:00:00,Middle,1.7,0.0,0.0,0.0,0.0
2013-03-19T00:00:00,Middle,-1.0,3.04,0.0,3.04,0.0
2013-03-20T00:00:00,Middle,1.1,0.0,5.415,0.0,3.04
2013-03-21T00:00:00,Middle,4.3,0.0,0.0,0.0,0.0
2013-03-22T00:00:00,Middle,0.8,0.0,0.0,0.0,0.0
2013-03-23T00:00:00,Middle,-1.2,1.615,0.0,1.615,0.0
2013-03-24T00:00:00,Middle,0.5,0.0,0.0,0.11499999999999999,1.5
2013-03-25T00:00:00,Middle,-1.1,0.0,0.0,0.11499999999999999,0.0
2013-03-26T00:00:00,Middle,-2.8,0.0,0.0,0.11499999999999999,0.0
2013-03-27T00:00:00,Middle,-8.7,0.0,0.0,0.11499999999999999,0.0
2013-03-28T00:00:00,Middle,-7.1,0.0,0.0,0.11499999999999999,0.0
2013-03-29T00:00:00,Middle,-10.2,0.0,0.0,0.11499999999999999,0.0
2013-03-30T00:00:00,Middle,-10.2,0.0,0.0,0.11499999999999999,0.0
2013-03-31T00:00:00,Middle,-8.1,2.28,0.0,2.3949999999999996,0.0
2013-04-01T00:00:00,Middle,-0.3,0.0,0.0,2.3949999999999996,0.0
2013-04-02T00:00:00,Middle,2.4,0.0,0.0,0.0,2.3949999999999996
2013-04-03T00:00:00,Middle,5.1,0.0,1.14,0.0,0.0
2013-04-04T00:00:00,Middle,5.8,0.0,0.855,0.0,0.0
2013-04-05T00:00:00,Middle,2.5,0.0,0.0,0.0,0.0
2013-04-06T00:00:00,Middle,-0.1,0.0,0.0,0.0,0.0
2013-04-07T00:00:00,Middle,-3.7,0.0,0.0,0.0,0.0
2013-04-08T00:00:00,Middle,-2.3,0.665,0.0,0.665,0.0
2013-04-09T00:00:00,Middle,0.2,0.0,1.425,0.06499999999999995,0.6000000000000001
2013-04-10T00:00:00,Middle,3.2,0.0,2.185,0.0,0.06499999999999995
2013-04-11T00:00:00,Middle,-0.6,0.0,0.0,0.0,0.0
2013-04-12T00:00:00,Middle,-1.9,9.025,0.0,9.025,0.0
2013-04-13T00:00:00,Middle,-2.0,1.805,0.0,10.83,0.0
2013-04-14T00:00:00,Middle,-2.5,5.51,0.0,16.34,0.0
2013-04-15T00:00:00,Middle,3.2,0.0,0.0,6.739999999999998,9.600000000000001
2013-04-16T00:00:00,Middle,2.4,0.0,0.0,0.0,6.739999999999998
2013-04-17T00:00:00,Middle,1.6,0.0,7.03,0.0,0.0
2013-04-18T00:00:00,Middle,4.6,0.0,0.0,0.0,0.0
2013-04-19T00:00:00,Middle,2.7,0.0,0.0,0.0,0.0
2013-04-20T00:00:00,Middle,2.6,0.0,1.045,0.0,0.0
2013-04-21T00:00:00,Middle,-0.4,0.855,0.0,0.855,0.0
2013-04-22T00:00:00,Middle,-0.1,0.0,0.0,0.855,0.0
2013-04-23T00:00:00,Middle,0.1,0.0,3.515,0.5549999999999999,0.30000000000000004
2013-04-24T00:00:00,Middle,-1.2,3.705,0.0,4.26,0.0
2013-04-25T00:00:00,Middle,-6.2,0.0,0.0,4.26,0.0
2013-04-26T00:00:00,Middle,-2.3,1.235,0.0,5.495,0.0
2013-04-27T00:00:00,Middle,-1.4,0.0,0.0,5.495,0.0
2013-04-28T00:00:00,Middle,-0.7,4.75,0.0,10.245000000000001,0.0
2013-04-29T00:00:00,Middle,-0.1,0.0,0.0,10.245000000000001,0.0
2013-04-30T00:00:00,Middle,1.4,0.0,3.705,6.045000000000002,4.199999999999999
2013-05-01T00:00:00,Middle,1.5,0.0,0.855,1.5450000000000017,4.5
2013-05-02T00:00:00,Middle,0.6,0.0,3.705,0.0,1.5450000000000017
2013-05-03T00:00:00,Middle,0.5,0.0,10.735,0.0,0.0
2013-05-04T00:00:00,Middle,-0.6,5.51,0.0,5.51,0.0
2013-05-05T00:00:00,Middle,-4.3,4.275,0.0,9.785,0.0
2013-05-06T00:00:00,Middle,-4.1,2.185,0.0,11.97,0.0
2013-05-07T00:00:00,Middle,-2.4,0.0,0.0,11.97,0.0
2013-05-08T00:00:00,Middle,-4.0,0.0,0.0,11.97,0.0
2013-05-09T00:00:00,Middle,-0.3,0.0,0.0,11.97,0.0
2013-05-10T00:00:00,Middle,-0.1,0.0,0.0,11.97,0.0
2013-05-11T00:00:00,Middle,-1.8,2.565,0.0,14.535,0.0
2013-05-12T00:00:00,Middle,3.7,0.0,0.0,3.4349999999999987,11.100000000000001
2013-05-13T00:00:00,Middle,1.2,0.0,0.0,0.0,3.4349999999999987
2013-05-14T00:00:00,Middle,1.9,0.0,0.0,0.0,0.0
2013-05-15T00:00:00,Middle,2.1,0.0,0.0,0.0,0.0
2013-05-16T00:00:00,Middle,0.5,0.0,0.0,0.0,0.0
2013-05-17T00:00:00,Middle,1.6,0.0,0.0,0.0,0.0
2013-05-18T00:00:00,Middle,-0.4,0.0,0.0,0.0,0.0
2013-05-19T00:00:00,Middle,-0.7,0.0,0.0,0.0,0.0
2013-05-20T00:00:00,Middle,0.7,0.0,0.0,0.0,0.0
2013-05-21T00:00:00,Middle,4.5,0.0,0.0,0.0,0.0
2013-05-22T00:00:00,Middle,5.9,0.0,0.0,0.0,0.0
2013-05-23T00:00:00,Middle,4.2,0.0,0.0,0.0,0.0
2013-05-24T00:00:00,Middle,2.5,0.0,5.605,0.0,0.0
2013-05-25T00:00:00,Middle,1.7,0.0,0.0,0.0,0.0
2013-05-26T00:00:00,Middle,1.6,0.0,1.71,0.0,0.0
2013-05-27T00:00:00,Middle,2.3,0.0,0.0,0.0,0.0
2013-05-28T00:00:00,Middle,4.1,0.0,0.0,0.0,0.0
2013-05-29T00:00:00,Middle,1.2,0.0,0.0,0.0,0.0
2013-05-30T00:00:00,Middle,2.2,0.0,0.0,0.0,0.0
2013-05-31T00:00:00,Middle,2.0,0.0,0.0,0.0,0.0
2013-06-01T00:00:00,Middle,2.1,0.0,1.9,0.0,0.0
2013-06-02T00:00:00,Middle,3.7,0.0,0.0,0.0,0.0
2013-06-03T00:00:00,Middle,1.6,0.0,2.47,0.0,0.0
2013-06-04T00:00:00,Middle,0.6,0.0,0.0,0.0,0.0
2013-06-05T00:00:00,Middle,1.4,0.0,4.75,0.0,0.0
2013-06-06T00:00:00,Middle,3.2,0.0,0.95,0.0,0.0
2013-06-07T00:00:00,Middle,4.8,0.0,0.0,0.0,0.0
2013-06-08T00:00:00,Middle,10.9,0.0,0.0,0.0,0.0
2013-06-09T00:00:00,Middle,5.3,0.0,0.0,0.0,0.0
2013-06-10T00:00:00,Middle,7.2,0.0,0.0,0.0,0.0
2013-06-11T00:00:00,Middle,5.1,0.0,0.0,0.0,0.0
2013-06-12T00:00:00,Middle,0.5,0.0,0.0,0.0,0.0
2013-06-13T00:00:00,Middle,0.5,0.0,0.0,0.0,0.0
2013-06-14T00:00:00,Middle,1.9,0.0,0.0,0.0,0.0
2013-06-15T00:00:00,Middle,3.7,0.0,0.0,0.0,0.0
2013-06-16T00:00:00,Middle,4.1,0.0,0.0,0.0,0.0
2013-06-17T00:00:00,Middle,4.0,0.0,0.0,0.0,0.0
2013-06-18T00:00:00,Middle,5.6,0.0,0.0,0.0,0.0
2013-06-19T00:00:00,Middle,5.7,0.0,0.0,0.0,0.0
2013-06-20T00:00:00,Middle,2.6,0.0,6.175,0.0,0.0
2013-06-21T00:00:00,Middle,-1.3,0.0,0.0,0.0,0.0
2013-06-22T00:00:00,Middle,-0.5,0.0,0.0,0.0,0.0
2013-06-23T00:00:00,Middle,3.7,0.0,1.805,0.0,0.0
2013-06-24T00:00:00,Middle,5.8,0.0,0.0,0.0,0.0
2013-06-25T00:00:00,Middle,0.4,0.0,0.0,0.0,0.0
2013-06-26T00:00:00,Middle,2.7,0.0,5.415,0.0,0.0
2013-06-27T00:00:00,Middle,4.8,0.0,2.185,0.0,0.0
2013-06-28T00:00:00,Middle,3.6,0.0,0.0,0.0,0.0
2013-06-29T00:00:00,Middle,3.2,0.0,8.17,0.0,0.0
2013-06-30T00:00:00,Middle,4.0,0.0,6.175,0.0,0.0
2013-07-01T00:00:00,Middle,3.5,0.0,0.0,0.0,0.0
2013-07-02T00:00:00,Middle,2.1,0.0,0.0,0.0,0.0
2013-07-03T00:00:00,Middle,2.2,0.0,0.0,0.0,0.0
2013-07-04T00:00:00,Middle,3.6,0.0,0.0,0.0,0.0
2013-07-05T00:00:00,Middle,2.8,0.0,0.0,0.0,0.0
2013-07-06T00:00:00,Middle,2.0,0.0,0.0,0.0,0.0
2013-07-07T00:00:00,Middle,3.5,0.0,0.0,0.0,0.0
2013-07-08T00:00:00,Middle,8.1,0.0,0.0,0.0,0.0
2013-07-09T00:00:00,Middle,7.3,0.0,0.0,0.0,0.0
2013-07-10T00:00:00,Middle,8.6,0.0,0.0,0.0,0.0
2013-07-11T00:00:00,Middle,8.6,0.0,0.0,0.0,0.0
2013-07-12T00:00:00,Middle,8.2,0.0,1.14,0.0,0.0
2013-07-13T00:00:00,Middle,8.2,0.0,0.76,0.0,0.0
2013-07-14T00:00:00,Middle,7.2,0.0,0.0,0.0,0.0
2013-07-15T00:00:00,Middle,4.3,0.0,0.0,0.0,0.0
2013-07-16T00:00:00,Middle,6.5,0.0,0.0,0.0,0.0
2013-07-17T00:00:00,Middle,6.0,0.0,1.995,0.0,0.0
2013-07-18T00:00:00,Middle,3.6,0.0,0.0,0.0,0.0
2013-07-19T00:00:00,Middle,5.8,0.0,0.0,0.0,0.0
2013-07-20T00:00:00,Middle,10.1,0.0,0.0,0.0,0.0
2013-07-21T00:00:00,Middle,10.5,0.0,0.0,0.0,0.0
2013-07-22T00:00:00,Middle,8.8,0.0,0.0,0.0,0.0
2013-07-23T00:00:00,Middle,9.5,0.0,0.0,0.0,0.0
2013-07-24T00:00:00,Middle,10.8,0.0,0.0,0.0,0.0
2013-07-25T00:00:00,Middle,7.4,0.0,0.0,0.0,0.0
2013-07-26T00:00:00,Middle,8.4,0.0,1.33,0.0,0.0
2013-07-27T00:00:00,Middle,10.9,0.0,0.0,0.0,0.0
2013-07-28T00:00:00,Middle,8.3,0.0,0.0,0.0,0.0
2013-07-29T00:00:00,Middle,7.9,0.0,0.0,0.0,0.0
2013-07-30T00:00:00,Middle,6.6,0.0,1.235,0.0,0.0
2013-07-31T00:00:00,Middle,7.7,0.0,3.42,0.0,0.0
2013-08-01T00:00:00,Middle,7.0,0.0,1.14,0.0,0.0
2013-08-02T00:00:00,Middle,6.8,0.0,0.0,0.0,0.0
2013-08-03T00:00:00,Middle,7.7,0.0,0.0,0.0,0.0
2013-08-04T00:00:00,Middle,6.6,0.0,0.0,0.0,0.0
2013-08-05T00:00:00,Middle,9.3,0.0,7.125,0.0,0.0
2013-08-06T00:00:00,Middle,12.7,0.0,0.0,0.0,0.0
2013-08-07T00:00:00,Middle,11.0,0.0,2.47,0.0,0.0
2013-08-08T00:00:00,Middle,9.9,0.0,0.0,0.0,0.0
2013-08-09T00:00:00,Middle,9.8,0.0,4.37,0.0,0.0
2013-08-10T00:00:00,Middle,7.7,0.0,1.045,0.0,0.0
2013-08-11T00:00:00,Middle,10.2,0.0,0.0,0.0,0.0
2013-08-12T00:00:00,Middle,12.6,0.0,9.975,0.0,0.0
2013-08-13T00:00:00,Middle,8.4,0.0,8.55,0.0,0.0
2013-08-14T00:00:00,Middle,9.0,0.0,0.0,0.0,0.0
2013-08-15T00:00:00,Middle,6.7,0.0,0.0,0.0,0.0
2013-08-16T00:00:00,Middle,7.4,0.0,6.27,0.0,0.0
2013-08-17T00:00:00,Middle,5.3,0.0,14.63,0.0,0.0
2013-08-18T00:00:00,Middle,7.6,0.0,0.0,0.0,0.0
2013-08-19T00:00:00,Middle,6.9,0.0,3.23,0.0,0.0
2013-08-20T00:00:00,Middle,11.0,0.0,0.0,0.0,0.0
2013-08-21T00:00:00,Middle,11.0,0.0,0.0,0.0,0.0
2013-08-22T00:00:00,Middle,11.4,0.0,0.0,0.0,0.0
2013-08-23T00:00:00,Middle,12.1,0.0,0.0,0.0,0.0
2013-08-24T00:00:00,Middle,12.0,0.0,0.0,0.0,0.0
2013-08-25T00:00:00,Middle,11.6,0.0,0.0,0.0,0.0
2013-08-26T00:00:00,Middle,12.1,0.0,0.0,0.0,0.0
2013-08-27T00:00:00,Middle,12.4,0.0,1.9,0.0,0.0
2013-08-28T00:00:00,Middle,11.5,0.0,0.0,0.0,0.0
2013-08-29T00:00:00,Middle,11.8,0.0,0.0,0.0,0.0
2013-08-30T00:00:00,Middle,9.4,0.0,17.86,0.0,0.0
2013-08-31T00:00:00,Middle,11.3,0.0,4.845,0.0,0.0
2013-09-01T00:00:00,Middle,12.3,0.0,3.61,0.0,0.0
2013-09-02T00:00:00,Middle,10.8,0.0,2.66,0.0,0.0
2013-09-03T00:00:00,Middle,12.8,0.0,0.0,0.0,0.0
2013-09-04T00:00:00,Middle,14.1,0.0,0.0,0.0,0.0
2013-09-05T00:00:00,Middle,14.5,0.0,0.0,0.0,0.0
2013-09-06T00:00:00,Middle,14.1,0.0,0.0,0.0,0.0
2013-09-07T00:00:00,Middle,12.7,0.0,1.805,0.0,0.0
2013-09-08T00:00:00,Middle,11.6,0.0,0.0,0.0,0.0
2013-09-09T00:00:00,Middle,12.5,0.0,0.0,0.0,0.0
2013-09-10T00:00:00,Middle,15.4,0.0,0.0,0.0,0.0
2013-09-11T00:00:00,Middle,16.5,0.0,0.0,0.0,0.0
2013-09-12T00:00:00,Middle,19.2,0.0,0.0,0.0,0.0
2013-09-13T00:00:00,Middle,17.7,0.0,5.7,0.0,0.0
2013-09-14T00:00:00,Middle,13.9,0.0,1.615,0.0,0.0
2013-09-15T00:00:00,Middle,12.5,0.0,0.0,0.0,0.0
2013-09-16T00:00:00,Middle,12.9,0.0,0.0,0.0,0.0
2013-09-17T00:00:00,Middle,11.8,0.0,3.23,0.0,0.0
2013-09-18T00:00:00,Middle,11.7,0.0,1.995,0.0,0.0
2013-09-19T00:00:00,Middle,12.2,0.0,0.0,0.0,0.0
2013-09-20T00:00:00,Middle,13.6,0.0,0.0,0.0,0.0
2013-09-21T00:00:00,Middle,13.1,0.0,0.0,0.0,0.0
2013-09-22T00:00:00,Middle,14.3,0.0,0.0,0.0,0.0
2013-09-23T00:00:00,Middle,14.4,0.0,6.65,0.0,0.0
2013-09-24T00:00:00,Middle,14.2,0.0,0.0,0.0,0.0
2013-09-25T00:00:00,Middle,14.6,0.0,1.615,0.0,0.0
2013-09-26T00:00:00,Middle,13.4,0.0,0.0,0.0,0.0
2013-09-27T00:00:00,Middle,16.2,0.0,0.0,0.0,0.0
2013-09-28T00:00:00,Middle,17.3,0.0,0.0,0.0,0.0
2013-09-29T00:00:00,Middle,17.5,0.0,0.0,0.0,0.0
2013-09-30T00:00:00,Middle,17.2,0.0,0.0,0.0,0.0
2013-10-01T00:00:00,Middle,19.0,0.0,0.0,0.0,0.0
2013-10-02T00:00:00,Middle,22.9,0.0,0.0,0.0,0.0
2013-10-03T00:00:00,Middle,23.2,0.0,0.0,0.0,0.0
2013-10-04T00:00:00,Middle,22.7,0.0,0.0,0.0,0.0
2013-10-05T00:00:00,Middle,20.6,0.0,0.0,0.0,0.0
2013-10-06T00:00:00,Middle,17.5,0.0,5.035,0.0,0.0
2013-10-07T00:00:00,Middle,17.5,0.0,1.9,0.0,0.0
2013-10-08T00:00:00,Middle,15.6,0.0,14.25,0.0,0.0
2013-10-09T00:00:00,Middle,15.2,0.0,9.025,0.0,0.0
2013-10-10T00:00:00,Middle,13.5,0.0,0.95,0.0,0.0
2013-10-11T00:00:00,Middle,16.7,0.0,0.0,0.0,0.0
2013-10-12T00:00:00,Middle,15.5,0.0,0.0,0.0,0.0
2013-10-13T00:00:00,Middle,15.5,0.0,0.0,0.0,0.0
2013-10-14T00:00:00,Middle,16.0,0.0,0.0,0.0,0.0
2013-10-15T00:00:00,Middle,16.4,0.0,6.365,0.0,0.0
2013-10-16T00:00:00,Middle,16.0,0.0,7.22,0.0,0.0
2013-10-17T00:00:00,Middle,14.6,0.0,1.33,0.0,0.0
2013-10-18T00:00:00,Middle,16.0,0.0,1.425,0.0,0.0
2013-10-19T00:00:00,Middle,16.9,0.0,0.0,0.0,0.0
2013-10-20T00:00:00,Middle,16.3,0.0,3.42,0.0,0.0
2013-10-21T00:00:00,Middle,14.2,0.0,3.04,0.0,0.0
2013-10-22T00:00:00,Middle,17.0,0.0,0.0,0.0,0.0
2013-10-23T00:00:00,Middle,17.0,0.0,1.33,0.0,0.0
2013-10-24T00:00:00,Middle,16.6,0.0,0.0,0.0,0.0
2013-10-25T00:00:00,Middle,14.4,0.0,13.3,0.0,0.0
2013-10-26T00:00:00,Middle,16.1,0.0,3.325,0.0,0.0
2013-10-27T00:00:00,Middle,15.3,0.0,0.76,0.0,0.0
2013-10-28T00:00:00,Middle,15.5,0.0,0.0,0.0,0.0
2013-10-29T00:00:00,Middle,15.8,0.0,17.005,0.0,0.0
2013-10-30T00:00:00,Middle,15.0,0.0,8.74,0.0,0.0
2013-10-31T00:00:00,Middle,14.8,0.0,0.0,0.0,0.0
2013-11-01T00:00:00,Middle,15.8,0.0,0.0,0.0,0.0
2013-11-02T00:00:00,Middle,16.2,0.0,0.855,0.0,0.0
2013-11-03T00:00:00,Middle,16.6,0.0,0.0,0.0,0.0
2013-11-04T00:00:00,Middle,16.6,0.0,0.0,0.0,0.0
2013-11-05T00:00:00,Middle,17.4,0.0,2.565,0.0,0.0
2013-11-06T00:00:00,Middle,18.7,0.0,0.0,0.0,0.0
2013-11-07T00:00:00,Middle,19.6,0.0,0.0,0.0,0.0
2013-11-08T00:00:00,Middle,19.5,0.0,0.0,0.0,0.0
2013-11-09T00:00:00,Middle,17.9,0.0,0.0,0.0,0.0
2013-11-10T00:00:00,Middle,18.8,0.0,0.0,0.0,0.0
2013-11-11T00:00:00,Middle,17.2,0.0,0.0,0.0,0.0
2013-11-12T00:00:00,Middle,18.3,0.0,0.0,0.0,0.0
2013-11-13T00:00:00,Middle,15.9,0.0,0.0,0.0,0.0
2013-11-14T00:00:00,Middle,16.6,0.0,0.0,0.0,0.0
2013-11-15T00:00:00,Middle,16.7,0.0,0.0,0.0,0.0
2013-11-16T00:00:00,Middle,17.2,0.0,0.0,0.0,0.0
2013-11-17T00:00:00,Middle,15.7,0.0,0.0,0.0,0.0
2013-11-18T00:00:00,Middle,16.9,0.0,0.0,0.0,0.0
2013-11-19T00:00:00,Middle,16.3,0.0,0.0,0.0,0.0
2013-11-20T00:00:00,Middle,15.8,0.0,0.0,0.0,0.0
2013-11-21T00:00:00,Middle,16.3,0.0,0.0,0.0,0.0
2013-11-22T00:00:00,Middle,16.0,0.0,0.0,0.0,0.0
2013-11-23T00:00:00,Middle,16.5,0.0,0.0,0.0,0.0
2013-11-24T00:00:00,Middle,18.4,0.0,0.0,0.0,0.0
2013-11-25T00:00:00,Middle,21.5,0.0,2.28,0.0,0.0
2013-11-26T00:00:00,Middle,17.4,0.0,0.0,0.0,0.0
2013-11-27T00:00:00,Middle,18.7,0.0,1.235,0.0,0.0
2013-11-28T00:00:00,Middle,17.3,0.0,0.0,0.0,0.0
2013-11-29T00:00:00,Middle,17.2,0.0,0.0,0.0,0.0
2013-11-30T00:00:00,Middle,16.0,0.0,0.0,0.0,0.0
2013-12-01T00:00:00,Middle,15.0,0.0,1.33,0.0,0.0
2013-12-02T00:00:00,Middle,14.6,0.0,26.03,0.0,0.0
2013-12-03T00:00:00,Middle,14.1,0.0,6.46,0.0,0.0
2013-12-04T00:00:00,Middle,15.3,0.0,0.0,0.0,0.0
2013-12-05T00:00:00,Middle,13.0,0.0,0.0,0.0,0.0
2013-12-06T00:00:00,Middle,14.0,0.0,24.13,0.0,0.0
2013-12-07T00:00:00,Middle,12.1,0.0,7.6,0.0,0.0
2013-12-08T00:00:00,Middle,12.1,0.0,0.0,0.0,0.0
2013-12-09T00:00:00,Middle,11.8,0.0,0.0,0.0,0.0
2013-12-10T00:00:00,Middle,10.5,0.0,0.0,0.0,0.0
2013-12-11T00:00:00,Middle,13.1,0.0,0.0,0.0,0.0
2013-12-12T00:00:00,Middle,12.6,0.0,0.0,0.0,0.0
2013-12-13T00:00:00,Middle,15.3,0.0,0.0,0.0,0.0
2013-12-14T00:00:00,Middle,14.7,0.0,0.0,0.0,0.0
2013-12-15T00:00:00,Middle,15.7,0.0,0.0,0.0,0.0
2013-12-16T00:00:00,Middle,15.5,0.0,4.94,0.0,0.0
2013-12-17T00:00:00,Middle,15.2,0.0,4.75,0.0,0.0
2013-12-18T00:00:00,Middle,16.4,0.0,8.265,0.0,0.0
2013-12-19T00:00:00,Middle,15.3,0.0,10.165,0.0,0.0
2013-12-20T00:00:00,Middle,13.8,0.0,0.0,0.0,0.0
2013-12-21T00:00:00,Middle,10.9,0.0,0.0,0.0,0.0
2013-12-22T00:00:00,Middle,10.3,0.0,0.0,0.0,0.0
2013-12-23T00:00:00,Middle,11.7,0.0,3.23,0.0,0.0
2013-12-24T00:00:00,Middle,13.5,0.0,2.85,0.0,0.0
2013-12-25T00:00:00,Middle,12.8,0.0,5.415,0.0,0.0
2013-12-26T00:00:00,Middle,13.5,0.0,0.0,0.0,0.0
2013-12-27T00:00:00,Middle,10.5,0.0,0.0,0.0,0.0
2013-12-28T00:00:00,Middle,9.6,0.0,0.0,0.0,0.0
2013-12-29T00:00:00,Middle,10.2,0.0,0.0,0.0,0.0
2013-12-30T00:00:00,Middle,9.4,0.0,0.0,0.0,0.0
2013-12-31T00:00:00,Middle,12.2,0.0,0.0,0.0,0.0
