87522936-76cf-45d6-829a-d6242d80e29e,location,precipitation_mm,temperature_c
2010-01-01T00:00:00,Lower,0.0,12.0
2010-01-02T00:00:00,Lower,11.46175,13.4
2010-01-03T00:00:00,Lower,0.0,12.5
2010-01-04T00:00:00,Lower,0.0,14.4
2010-01-05T00:00:00,Lower,0.0,12.2
2010-01-06T00:00:00,Lower,0.99275,13.9
2010-01-07T00:00:00,Lower,3.15875,9.7
2010-01-08T00:00:00,Lower,0.0,6.5
2010-01-09T00:00:00,Lower,5.32475,5.2
2010-01-10T00:00:00,Lower,0.0,8.3
2010-01-11T00:00:00,Lower,0.0,6.2
2010-01-12T00:00:00,Lower,0.0,5.7
2010-01-13T00:00:00,Lower,0.0,4.7
2010-01-14T00:00:00,Lower,0.0,3.5
2010-01-15T00:00:00,Lower,0.0,6.7
2010-01-16T00:00:00,Lower,0.0,8.0
2010-01-17T00:00:00,Lower,0.0,6.5
2010-01-18T00:00:00,Lower,15.25225,7.8
2010-01-19T00:00:00,Lower,0.9025,7.3
2010-01-20T00:00:00,Lower,1.083,5.3
2010-01-21T00:00:00,Lower,1.53425,4.3
2010-01-22T00:00:00,Lower,0.0,11.8
2010-01-23T00:00:00,Lower,0.0,8.8
2010-01-24T00:00:00,Lower,0.0,4.7
2010-01-25T00:00:00,Lower,0.0,6.6
2010-01-26T00:00:00,Lower,7.0395,8.0
2010-01-27T00:00:00,Lower,0.0,8.8
2010-01-28T00:00:00,Lower,0.0,9.5
2010-01-29T00:00:00,Lower,0.0,6.8
2010-01-30T00:00:00,Lower,0.0,9.6
2010-01-31T00:00:00,Lower,0.0,8.3
2010-02-01T00:00:00,Lower,0.0,11.2
2010-02-02T00:00:00,Lower,0.0,10.6
2010-02-03T00:00:00,Lower,0.0,9.2
2010-02-04T00:00:00,Lower,0.0,8.9
2010-02-05T00:00:00,Lower,0.0,8.2
2010-02-06T00:00:00,Lower,0.0,8.6
2010-02-07T00:00:00,Lower,0.0,7.2
2010-02-08T00:00:00,Lower,0.0,5.1
2010-02-09T00:00:00,Lower,0.0,4.6
2010-02-10T00:00:00,Lower,0.0,5.6
2010-02-11T00:00:00,Lower,0.0,3.5
2010-02-12T00:00:00,Lower,0.0,0.8
2010-02-13T00:00:00,Lower,0.0,2.8
2010-02-14T00:00:00,Lower,0.0,4.8
2010-02-15T00:00:00,Lower,0.0,3.3
2010-02-16T00:00:00,Lower,0.0,1.8
2010-02-17T00:00:00,Lower,0.0,2.6
2010-02-18T00:00:00,Lower,1.6245,3.8
2010-02-19T00:00:00,Lower,0.0,4.3
2010-02-20T00:00:00,Lower,2.3465,4.5
2010-02-21T00:00:00,Lower,0.0,5.8
2010-02-22T00:00:00,Lower,0.0,2.5
2010-02-23T00:00:00,Lower,0.81225,5.8
2010-02-24T00:00:00,Lower,1.53425,7.3
2010-02-25T00:00:00,Lower,0.9025,8.8
2010-02-26T00:00:00,Lower,0.0,5.4
2010-02-27T00:00:00,Lower,6.40775,9.6
2010-02-28T00:00:00,Lower,0.0,3.6
2010-03-01T00:00:00,Lower,0.0,6.4
2010-03-02T00:00:00,Lower,0.0,7.2
2010-03-03T00:00:00,Lower,0.0,5.7
2010-03-04T00:00:00,Lower,0.0,3.1
2010-03-05T00:00:00,Lower,3.4295,2.0
2010-03-06T00:00:00,Lower,0.0,4.8
2010-03-07T00:00:00,Lower,0.0,1.2
2010-03-08T00:00:00,Lower,0.0,-0.9
2010-03-09T00:00:00,Lower,1.444,1.1
2010-03-10T00:00:00,Lower,6.58825,-1.1
2010-03-11T00:00:00,Lower,3.51975,2.7
2010-03-12T00:00:00,Lower,0.0,1.4
2010-03-13T00:00:00,Lower,1.805,-0.5
2010-03-14T00:00:00,Lower,1.53425,2.6
2010-03-15T00:00:00,Lower,3.249,3.9
2010-03-16T00:00:00,Lower,0.0,3.9
2010-03-17T00:00:00,Lower,0.0,3.2
2010-03-18T00:00:00,Lower,3.33925,2.6
2010-03-19T00:00:00,Lower,14.71075,2.0
2010-03-20T00:00:00,Lower,4.332,1.1
2010-03-21T00:00:00,Lower,1.6245,0.4
2010-03-22T00:00:00,Lower,0.0,0.9
2010-03-23T00:00:00,Lower,0.0,-0.1
2010-03-24T00:00:00,Lower,0.0,0.0
2010-03-25T00:00:00,Lower,0.9025,3.9
2010-03-26T00:00:00,Lower,0.0,2.2
2010-03-27T00:00:00,Lower,0.0,4.3
2010-03-28T00:00:00,Lower,0.0,8.5
2010-03-29T00:00:00,Lower,0.0,8.3
2010-03-30T00:00:00,Lower,0.0,2.1
2010-03-31T00:00:00,Lower,2.527,5.2
2010-04-01T00:00:00,Lower,0.0,0.3
2010-04-02T00:00:00,Lower,0.0,-4.0
2010-04-03T00:00:00,Lower,4.1515,-1.2
2010-04-04T00:00:00,Lower,4.24175,4.4
2010-04-05T00:00:00,Lower,7.49075,3.2
2010-04-06T00:00:00,Lower,2.79775,3.0
2010-04-07T00:00:00,Lower,0.0,-0.3
2010-04-08T00:00:00,Lower,0.0,-2.2
2010-04-09T00:00:00,Lower,0.0,-4.9
2010-04-10T00:00:00,Lower,0.0,-4.0
2010-04-11T00:00:00,Lower,0.5415,-7.1
2010-04-12T00:00:00,Lower,0.0,-2.3
2010-04-13T00:00:00,Lower,1.083,3.0
2010-04-14T00:00:00,Lower,8.21275,2.3
2010-04-15T00:00:00,Lower,0.0,-0.3
2010-04-16T00:00:00,Lower,0.0,-1.4
2010-04-17T00:00:00,Lower,0.0,-3.0
2010-04-18T00:00:00,Lower,2.43675,0.0
2010-04-19T00:00:00,Lower,0.0,1.1
2010-04-20T00:00:00,Lower,1.53425,0.8
2010-04-21T00:00:00,Lower,0.0,0.3
2010-04-22T00:00:00,Lower,0.0,-5.2
2010-04-23T00:00:00,Lower,1.444,-4.6
2010-04-24T00:00:00,Lower,1.9855,-0.1
2010-04-25T00:00:00,Lower,0.0,-3.9
2010-04-26T00:00:00,Lower,0.0,-2.8
2010-04-27T00:00:00,Lower,0.0,-3.9
2010-04-28T00:00:00,Lower,0.0,-1.6
2010-04-29T00:00:00,Lower,0.0,-1.7
2010-04-30T00:00:00,Lower,0.0,-2.0
2010-05-01T00:00:00,Lower,0.0,-4.0
2010-05-02T00:00:00,Lower,0.0,-7.5
2010-05-03T00:00:00,Lower,0.0,-6.3
2010-05-04T00:00:00,Lower,0.0,-7.9
2010-05-05T00:00:00,Lower,0.0,-12.3
2010-05-06T00:00:00,Lower,0.0,-12.2
2010-05-07T00:00:00,Lower,0.0,-15.9
2010-05-08T00:00:00,Lower,0.0,-11.4
2010-05-09T00:00:00,Lower,0.0,-7.5
2010-05-10T00:00:00,Lower,0.0,-4.6
2010-05-11T00:00:00,Lower,0.9025,-5.9
2010-05-12T00:00:00,Lower,0.0,-10.2
2010-05-13T00:00:00,Lower,0.0,-10.1
2010-05-14T00:00:00,Lower,0.0,-3.2
2010-05-15T00:00:00,Lower,0.0,-2.7
2010-05-16T00:00:00,Lower,0.9025,-6.4
2010-05-17T00:00:00,Lower,6.76875,-1.2
2010-05-18T00:00:00,Lower,0.99275,-2.1
2010-05-19T00:00:00,Lower,1.6245,-8.1
2010-05-20T00:00:00,Lower,0.0,-3.0
2010-05-21T00:00:00,Lower,6.76875,-2.4
2010-05-22T00:00:00,Lower,0.722,2.0
2010-05-23T00:00:00,Lower,0.99275,-1.2
2010-05-24T00:00:00,Lower,0.0,2.6
2010-05-25T00:00:00,Lower,16.33525,2.1
2010-05-26T00:00:00,Lower,0.0,3.6
2010-05-27T00:00:00,Lower,0.0,4.0
2010-05-28T00:00:00,Lower,0.0,2.0
2010-05-29T00:00:00,Lower,0.0,-1.6
2010-05-30T00:00:00,Lower,3.51975,-3.0
2010-05-31T00:00:00,Lower,0.0,4.3
2010-06-01T00:00:00,Lower,0.0,3.8
2010-06-02T00:00:00,Lower,0.0,4.5
2010-06-03T00:00:00,Lower,0.0,4.4
2010-06-04T00:00:00,Lower,0.0,0.6
2010-06-05T00:00:00,Lower,0.0,-3.4
2010-06-06T00:00:00,Lower,0.0,-4.2
2010-06-07T00:00:00,Lower,0.0,-4.1
2010-06-08T00:00:00,Lower,0.0,-1.6
2010-06-09T00:00:00,Lower,0.0,0.4
2010-06-10T00:00:00,Lower,0.0,3.9
2010-06-11T00:00:00,Lower,0.0,5.6
2010-06-12T00:00:00,Lower,0.0,4.3
2010-06-13T00:00:00,Lower,0.0,6.7
2010-06-14T00:00:00,Lower,0.0,7.1
2010-06-15T00:00:00,Lower,0.0,1.5
2010-06-16T00:00:00,Lower,0.0,3.3
2010-06-17T00:00:00,Lower,0.0,4.7
2010-06-18T00:00:00,Lower,0.0,5.0
2010-06-19T00:00:00,Lower,0.0,4.4
2010-06-20T00:00:00,Lower,0.0,2.3
2010-06-21T00:00:00,Lower,0.81225,2.0
2010-06-22T00:00:00,Lower,0.0,8.8
2010-06-23T00:00:00,Lower,0.0,9.4
2010-06-24T00:00:00,Lower,0.0,8.1
2010-06-25T00:00:00,Lower,0.0,7.7
2010-06-26T00:00:00,Lower,0.0,5.6
2010-06-27T00:00:00,Lower,0.0,7.0
2010-06-28T00:00:00,Lower,0.0,10.5
2010-06-29T00:00:00,Lower,6.137,8.2
2010-06-30T00:00:00,Lower,0.722,5.3
2010-07-01T00:00:00,Lower,2.97825,3.4
2010-07-02T00:00:00,Lower,0.0,0.3
2010-07-03T00:00:00,Lower,0.0,0.0
2010-07-04T00:00:00,Lower,0.0,0.4
2010-07-05T00:00:00,Lower,0.0,0.4
2010-07-06T00:00:00,Lower,0.0,2.2
2010-07-07T00:00:00,Lower,5.14425,4.0
2010-07-08T00:00:00,Lower,0.81225,0.7
2010-07-09T00:00:00,Lower,0.0,-0.2
2010-07-10T00:00:00,Lower,0.0,1.2
2010-07-11T00:00:00,Lower,1.17325,3.3
2010-07-12T00:00:00,Lower,2.888,4.2
2010-07-13T00:00:00,Lower,0.0,6.4
2010-07-14T00:00:00,Lower,0.0,7.9
2010-07-15T00:00:00,Lower,9.5665,3.3
2010-07-16T00:00:00,Lower,1.9855,3.4
2010-07-17T00:00:00,Lower,0.0,4.6
2010-07-18T00:00:00,Lower,0.0,4.9
2010-07-19T00:00:00,Lower,0.99275,2.8
2010-07-20T00:00:00,Lower,0.0,3.7
2010-07-21T00:00:00,Lower,0.99275,6.1
2010-07-22T00:00:00,Lower,9.9275,2.6
2010-07-23T00:00:00,Lower,0.0,5.1
2010-07-24T00:00:00,Lower,0.0,5.8
2010-07-25T00:00:00,Lower,0.0,7.3
2010-07-26T00:00:00,Lower,0.0,7.9
2010-07-27T00:00:00,Lower,1.083,8.4
2010-07-28T00:00:00,Lower,3.7905,8.9
2010-07-29T00:00:00,Lower,0.0,11.1
2010-07-30T00:00:00,Lower,0.0,11.9
2010-07-31T00:00:00,Lower,0.0,10.1
2010-08-01T00:00:00,Lower,0.0,8.9
2010-08-02T00:00:00,Lower,0.0,9.1
2010-08-03T00:00:00,Lower,0.0,12.5
2010-08-04T00:00:00,Lower,0.0,8.7
2010-08-05T00:00:00,Lower,0.0,7.7
2010-08-06T00:00:00,Lower,0.0,9.0
2010-08-07T00:00:00,Lower,0.0,7.7
2010-08-08T00:00:00,Lower,0.0,7.7
2010-08-09T00:00:00,Lower,0.0,8.3
2010-08-10T00:00:00,Lower,7.22,9.3
2010-08-11T00:00:00,Lower,7.85175,13.5
2010-08-12T00:00:00,Lower,2.97825,14.8
2010-08-13T00:00:00,Lower,2.3465,8.9
2010-08-14T00:00:00,Lower,0.0,9.7
2010-08-15T00:00:00,Lower,0.0,10.9
2010-08-16T00:00:00,Lower,0.0,12.6
2010-08-17T00:00:00,Lower,1.6245,10.5
2010-08-18T00:00:00,Lower,0.0,11.7
2010-08-19T00:00:00,Lower,0.0,11.5
2010-08-20T00:00:00,Lower,0.0,11.8
2010-08-21T00:00:00,Lower,0.0,15.4
2010-08-22T00:00:00,Lower,0.0,15.9
2010-08-23T00:00:00,Lower,0.0,15.6
2010-08-24T00:00:00,Lower,0.0,15.6
2010-08-25T00:00:00,Lower,0.0,17.2
2010-08-26T00:00:00,Lower,1.89525,17.9
2010-08-27T00:00:00,Lower,0.0,15.7
2010-08-28T00:00:00,Lower,0.0,16.3
2010-08-29T00:00:00,Lower,0.0,12.7
2010-08-30T00:00:00,Lower,0.0,10.2
2010-08-31T00:00:00,Lower,0.0,9.3
2010-09-01T00:00:00,Lower,9.747,10.5
2010-09-02T00:00:00,Lower,4.1515,7.1
2010-09-03T00:00:00,Lower,15.97425,5.9
2010-09-04T00:00:00,Lower,2.7075,8.6
2010-09-05T00:00:00,Lower,1.71475,9.8
2010-09-06T00:00:00,Lower,1.35375,11.7
2010-09-07T00:00:00,Lower,0.0,12.3
2010-09-08T00:00:00,Lower,0.0,13.3
2010-09-09T00:00:00,Lower,1.53425,13.8
2010-09-10T00:00:00,Lower,0.722,13.0
2010-09-11T00:00:00,Lower,3.0685,13.7
2010-09-12T00:00:00,Lower,2.97825,13.6
2010-09-13T00:00:00,Lower,1.805,14.3
2010-09-14T00:00:00,Lower,0.0,15.4
2010-09-15T00:00:00,Lower,0.0,14.5
2010-09-16T00:00:00,Lower,0.0,14.5
2010-09-17T00:00:00,Lower,8.93475,12.6
2010-09-18T00:00:00,Lower,14.53025,14.3
2010-09-19T00:00:00,Lower,3.51975,15.5
2010-09-20T00:00:00,Lower,0.0,16.2
2010-09-21T00:00:00,Lower,0.0,15.7
2010-09-22T00:00:00,Lower,0.0,15.9
2010-09-23T00:00:00,Lower,0.0,14.9
2010-09-24T00:00:00,Lower,0.5415,14.1
2010-09-25T00:00:00,Lower,6.137,15.3
2010-09-26T00:00:00,Lower,8.93475,12.7
2010-09-27T00:00:00,Lower,1.71475,14.6
2010-09-28T00:00:00,Lower,0.0,13.8
2010-09-29T00:00:00,Lower,0.0,14.5
2010-09-30T00:00:00,Lower,3.0685,16.5
2010-10-01T00:00:00,Lower,0.0,18.2
2010-10-02T00:00:00,Lower,0.0,19.1
2010-10-03T00:00:00,Lower,0.0,16.6
2010-10-04T00:00:00,Lower,0.0,18.3
2010-10-05T00:00:00,Lower,0.0,18.2
2010-10-06T00:00:00,Lower,0.0,17.5
2010-10-07T00:00:00,Lower,0.0,18.8
2010-10-08T00:00:00,Lower,0.0,21.1
2010-10-09T00:00:00,Lower,7.12975,19.2
2010-10-10T00:00:00,Lower,0.9025,20.0
2010-10-11T00:00:00,Lower,5.32475,16.4
2010-10-12T00:00:00,Lower,0.9025,16.6
2010-10-13T00:00:00,Lower,0.722,17.4
2010-10-14T00:00:00,Lower,4.8735,15.7
2010-10-15T00:00:00,Lower,4.8735,16.1
2010-10-16T00:00:00,Lower,6.58825,16.4
2010-10-17T00:00:00,Lower,0.0,16.9
2010-10-18T00:00:00,Lower,0.99275,15.6
2010-10-19T00:00:00,Lower,0.0,14.6
2010-10-20T00:00:00,Lower,0.0,15.7
2010-10-21T00:00:00,Lower,4.693,15.6
2010-10-22T00:00:00,Lower,0.0,15.1
2010-10-23T00:00:00,Lower,0.0,15.8
2010-10-24T00:00:00,Lower,0.0,16.9
2010-10-25T00:00:00,Lower,0.0,21.2
2010-10-26T00:00:00,Lower,0.0,21.7
2010-10-27T00:00:00,Lower,0.0,18.4
2010-10-28T00:00:00,Lower,0.0,16.8
2010-10-29T00:00:00,Lower,0.0,20.3
2010-10-30T00:00:00,Lower,2.527,19.0
2010-10-31T00:00:00,Lower,0.0,18.3
2010-11-01T00:00:00,Lower,1.6245,16.1
2010-11-02T00:00:00,Lower,0.0,16.1
2010-11-03T00:00:00,Lower,0.0,17.6
2010-11-04T00:00:00,Lower,1.71475,19.9
2010-11-05T00:00:00,Lower,0.0,18.6
2010-11-06T00:00:00,Lower,0.0,18.6
2010-11-07T00:00:00,Lower,17.328,17.6
2010-11-08T00:00:00,Lower,5.5955,17.3
2010-11-09T00:00:00,Lower,17.95975,15.6
2010-11-10T00:00:00,Lower,0.0,14.6
2010-11-11T00:00:00,Lower,0.0,15.0
2010-11-12T00:00:00,Lower,0.0,14.9
2010-11-13T00:00:00,Lower,0.0,17.2
2010-11-14T00:00:00,Lower,0.0,17.2
2010-11-15T00:00:00,Lower,0.0,16.4
2010-11-16T00:00:00,Lower,0.0,18.5
2010-11-17T00:00:00,Lower,0.0,17.2
2010-11-18T00:00:00,Lower,0.0,18.6
2010-11-19T00:00:00,Lower,2.79775,17.3
2010-11-20T00:00:00,Lower,0.0,19.9
2010-11-21T00:00:00,Lower,0.0,17.0
2010-11-22T00:00:00,Lower,0.0,16.8
2010-11-23T00:00:00,Lower,16.15475,15.8
2010-11-24T00:00:00,Lower,5.50525,15.3
2010-11-25T00:00:00,Lower,1.89525,15.2
2010-11-26T00:00:00,Lower,1.444,15.2
2010-11-27T00:00:00,Lower,10.2885,14.8
2010-11-28T00:00:00,Lower,0.0,11.8
2010-11-29T00:00:00,Lower,1.17325,11.1
2010-11-30T00:00:00,Lower,0.0,16.6
2010-12-01T00:00:00,Lower,4.8735,17.0
2010-12-02T00:00:00,Lower,26.1725,15.7
2010-12-03T00:00:00,Lower,6.04675,14.4
2010-12-04T00:00:00,Lower,0.0,14.9
2010-12-05T00:00:00,Lower,0.0,17.0
2010-12-06T00:00:00,Lower,0.0,15.4
2010-12-07T00:00:00,Lower,0.0,15.3
2010-12-08T00:00:00,Lower,1.2635,11.8
2010-12-09T00:00:00,Lower,0.0,11.9
2010-12-10T00:00:00,Lower,0.0,11.9
2010-12-11T00:00:00,Lower,0.0,10.2
2010-12-12T00:00:00,Lower,0.0,16.4
2010-12-13T00:00:00,Lower,0.9025,17.8
2010-12-14T00:00:00,Lower,0.0,13.2
2010-12-15T00:00:00,Lower,0.0,11.9
2010-12-16T00:00:00,Lower,5.054,11.7
2010-12-17T00:00:00,Lower,0.0,13.3
2010-12-18T00:00:00,Lower,0.0,14.1
2010-12-19T00:00:00,Lower,1.444,15.4
2010-12-20T00:00:00,Lower,5.5955,11.9
2010-12-21T00:00:00,Lower,1.2635,11.3
2010-12-22T00:00:00,Lower,0.0,9.9
2010-12-23T00:00:00,Lower,12.72525,8.9
2010-12-24T00:00:00,Lower,2.97825,10.0
2010-12-25T00:00:00,Lower,0.0,10.4
2010-12-26T00:00:00,Lower,0.0,7.7
2010-12-27T00:00:00,Lower,3.15875,9.2
2010-12-28T00:00:00,Lower,11.64225,11.8
2010-12-29T00:00:00,Lower,1.444,12.8
2010-12-30T00:00:00,Lower,1.805,10.4
2010-12-31T00:00:00,Lower,1.89525,10.3
2011-01-01T00:00:00,Lower,2.3465,10.4
2011-01-02T00:00:00,Lower,2.166,12.7
2011-01-03T00:00:00,Lower,0.0,12.7
2011-01-04T00:00:00,Lower,3.88075,11.6
2011-01-05T00:00:00,Lower,2.527,10.1
2011-01-06T00:00:00,Lower,0.0,8.1
2011-01-07T00:00:00,Lower,0.0,7.9
2011-01-08T00:00:00,Lower,0.0,9.3
2011-01-09T00:00:00,Lower,0.0,8.9
2011-01-10T00:00:00,Lower,0.0,6.9
2011-01-11T00:00:00,Lower,0.0,5.1
2011-01-12T00:00:00,Lower,0.0,5.4
2011-01-13T00:00:00,Lower,0.0,3.1
2011-01-14T00:00:00,Lower,0.0,4.8
2011-01-15T00:00:00,Lower,2.888,6.3
2011-01-16T00:00:00,Lower,14.6205,8.1
2011-01-17T00:00:00,Lower,0.0,7.3
2011-01-18T00:00:00,Lower,1.444,10.0
2011-01-19T00:00:00,Lower,4.60275,10.2
2011-01-20T00:00:00,Lower,2.888,12.7
2011-01-21T00:00:00,Lower,9.025,8.8
2011-01-22T00:00:00,Lower,0.63175,8.3
2011-01-23T00:00:00,Lower,0.0,4.5
2011-01-24T00:00:00,Lower,0.0,4.4
2011-01-25T00:00:00,Lower,0.0,5.4
2011-01-26T00:00:00,Lower,0.0,1.3
2011-01-27T00:00:00,Lower,0.0,1.5
2011-01-28T00:00:00,Lower,0.0,-0.4
2011-01-29T00:00:00,Lower,0.0,-2.7
2011-01-30T00:00:00,Lower,3.51975,2.8
2011-01-31T00:00:00,Lower,1.53425,3.8
2011-02-01T00:00:00,Lower,0.0,2.5
2011-02-02T00:00:00,Lower,1.9855,7.5
2011-02-03T00:00:00,Lower,0.0,8.2
2011-02-04T00:00:00,Lower,0.0,5.2
2011-02-05T00:00:00,Lower,0.0,3.0
2011-02-06T00:00:00,Lower,0.0,3.3
2011-02-07T00:00:00,Lower,0.0,1.7
2011-02-08T00:00:00,Lower,0.0,2.9
2011-02-09T00:00:00,Lower,0.0,1.2
2011-02-10T00:00:00,Lower,0.0,-1.2
2011-02-11T00:00:00,Lower,1.083,6.6
2011-02-12T00:00:00,Lower,1.35375,8.4
2011-02-13T00:00:00,Lower,0.0,5.3
2011-02-14T00:00:00,Lower,0.0,1.8
2011-02-15T00:00:00,Lower,1.89525,9.4
2011-02-16T00:00:00,Lower,0.0,6.9
2011-02-17T00:00:00,Lower,0.0,6.9
2011-02-18T00:00:00,Lower,0.0,6.5
2011-02-19T00:00:00,Lower,0.0,5.3
2011-02-20T00:00:00,Lower,0.0,4.7
2011-02-21T00:00:00,Lower,0.0,6.2
2011-02-22T00:00:00,Lower,0.0,7.0
2011-02-23T00:00:00,Lower,0.0,6.7
2011-02-24T00:00:00,Lower,0.0,6.7
2011-02-25T00:00:00,Lower,1.6245,5.8
2011-02-26T00:00:00,Lower,0.0,2.0
2011-02-27T00:00:00,Lower,0.0,3.2
2011-02-28T00:00:00,Lower,12.36425,3.2
2011-03-01T00:00:00,Lower,5.32475,1.3
2011-03-02T00:00:00,Lower,2.07575,-0.5
2011-03-03T00:00:00,Lower,1.17325,-2.7
2011-03-04T00:00:00,Lower,0.0,-5.6
2011-03-05T00:00:00,Lower,0.0,-9.8
2011-03-06T00:00:00,Lower,0.0,-14.8
2011-03-07T00:00:00,Lower,4.8735,-8.7
2011-03-08T00:00:00,Lower,6.137,-3.4
2011-03-09T00:00:00,Lower,0.0,-1.8
2011-03-10T00:00:00,Lower,0.722,-5.2
2011-03-11T00:00:00,Lower,0.0,-7.2
2011-03-12T00:00:00,Lower,1.71475,-10.7
2011-03-13T00:00:00,Lower,0.0,-5.7
2011-03-14T00:00:00,Lower,4.5125,-3.2
2011-03-15T00:00:00,Lower,0.0,-6.4
2011-03-16T00:00:00,Lower,0.0,-11.0
2011-03-17T00:00:00,Lower,0.9025,-7.9
2011-03-18T00:00:00,Lower,3.15875,-0.1
2011-03-19T00:00:00,Lower,0.9025,0.9
2011-03-20T00:00:00,Lower,1.17325,0.5
2011-03-21T00:00:00,Lower,1.6245,-1.3
2011-03-22T00:00:00,Lower,0.0,-2.2
2011-03-23T00:00:00,Lower,0.0,-2.8
2011-03-24T00:00:00,Lower,0.81225,-3.8
2011-03-25T00:00:00,Lower,0.81225,-3.5
2011-03-26T00:00:00,Lower,1.17325,-3.4
2011-03-27T00:00:00,Lower,2.43675,-2.9
2011-03-28T00:00:00,Lower,3.51975,-2.3
2011-03-29T00:00:00,Lower,3.33925,0.4
2011-03-30T00:00:00,Lower,0.0,0.1
2011-03-31T00:00:00,Lower,0.0,-3.9
2011-04-01T00:00:00,Lower,3.15875,0.6
2011-04-02T00:00:00,Lower,0.9025,3.5
2011-04-03T00:00:00,Lower,3.4295,3.2
2011-04-04T00:00:00,Lower,0.0,4.7
2011-04-05T00:00:00,Lower,0.0,1.6
2011-04-06T00:00:00,Lower,1.17325,0.3
2011-04-07T00:00:00,Lower,0.0,2.8
2011-04-08T00:00:00,Lower,0.0,-2.5
2011-04-09T00:00:00,Lower,0.0,-2.2
2011-04-10T00:00:00,Lower,3.971,-0.5
2011-04-11T00:00:00,Lower,0.0,0.5
2011-04-12T00:00:00,Lower,0.0,-0.5
2011-04-13T00:00:00,Lower,1.444,-1.7
2011-04-14T00:00:00,Lower,0.0,-2.4
2011-04-15T00:00:00,Lower,0.0,-4.5
2011-04-16T00:00:00,Lower,0.0,-7.4
2011-04-17T00:00:00,Lower,0.9025,-5.5
2011-04-18T00:00:00,Lower,5.2345,-4.0
2011-04-19T00:00:00,Lower,0.0,-3.6
2011-04-20T00:00:00,Lower,0.0,-4.2
2011-04-21T00:00:00,Lower,0.0,-13.2
2011-04-22T00:00:00,Lower,0.722,-17.2
2011-04-23T00:00:00,Lower,0.0,-4.6
2011-04-24T00:00:00,Lower,0.0,-7.5
2011-04-25T00:00:00,Lower,0.0,-14.7
2011-04-26T00:00:00,Lower,0.0,-14.2
2011-04-27T00:00:00,Lower,0.0,-16.5
2011-04-28T00:00:00,Lower,0.0,-12.9
2011-04-29T00:00:00,Lower,0.0,-4.6
2011-04-30T00:00:00,Lower,1.9855,-2.8
2011-05-01T00:00:00,Lower,0.0,2.3
2011-05-02T00:00:00,Lower,0.0,2.2
2011-05-03T00:00:00,Lower,1.6245,3.4
2011-05-04T00:00:00,Lower,0.0,1.8
2011-05-05T00:00:00,Lower,0.0,-3.5
2011-05-06T00:00:00,Lower,0.0,-4.7
2011-05-07T00:00:00,Lower,0.0,-4.4
2011-05-08T00:00:00,Lower,1.53425,-0.9
2011-05-09T00:00:00,Lower,2.25625,1.0
2011-05-10T00:00:00,Lower,6.3175,-1.1
2011-05-11T00:00:00,Lower,1.805,-0.5
2011-05-12T00:00:00,Lower,1.89525,-1.5
2011-05-13T00:00:00,Lower,0.0,-3.4
2011-05-14T00:00:00,Lower,1.805,-5.2
2011-05-15T00:00:00,Lower,2.527,-4.4
2011-05-16T00:00:00,Lower,1.9855,-1.6
2011-05-17T00:00:00,Lower,1.805,-3.0
2011-05-18T00:00:00,Lower,0.0,0.3
2011-05-19T00:00:00,Lower,0.0,0.5
2011-05-20T00:00:00,Lower,0.0,1.1
2011-05-21T00:00:00,Lower,0.63175,0.6
2011-05-22T00:00:00,Lower,0.63175,-0.8
2011-05-23T00:00:00,Lower,0.0,-0.9
2011-05-24T00:00:00,Lower,0.0,-2.0
2011-05-25T00:00:00,Lower,0.0,-6.4
2011-05-26T00:00:00,Lower,0.0,-4.3
2011-05-27T00:00:00,Lower,0.0,-4.0
2011-05-28T00:00:00,Lower,0.0,-5.1
2011-05-29T00:00:00,Lower,0.0,-8.2
2011-05-30T00:00:00,Lower,0.0,-3.7
2011-05-31T00:00:00,Lower,0.0,1.9
2011-06-01T00:00:00,Lower,0.0,1.0
2011-06-02T00:00:00,Lower,0.0,1.5
2011-06-03T00:00:00,Lower,0.0,-0.5
2011-06-04T00:00:00,Lower,0.0,-0.9
2011-06-05T00:00:00,Lower,0.0,0.8
2011-06-06T00:00:00,Lower,0.0,2.8
2011-06-07T00:00:00,Lower,0.0,2.6
2011-06-08T00:00:00,Lower,0.0,-3.6
2011-06-09T00:00:00,Lower,0.0,-5.2
2011-06-10T00:00:00,Lower,0.0,-5.7
2011-06-11T00:00:00,Lower,0.0,-8.7
2011-06-12T00:00:00,Lower,0.0,-8.4
2011-06-13T00:00:00,Lower,0.0,-3.7
2011-06-14T00:00:00,Lower,0.0,-6.4
2011-06-15T00:00:00,Lower,0.0,-10.0
2011-06-16T00:00:00,Lower,0.0,-10.0
2011-06-17T00:00:00,Lower,0.0,-5.8
2011-06-18T00:00:00,Lower,0.0,-2.5
2011-06-19T00:00:00,Lower,0.0,-5.6
2011-06-20T00:00:00,Lower,0.0,-6.3
2011-06-21T00:00:00,Lower,0.0,-4.7
2011-06-22T00:00:00,Lower,0.0,-4.6
2011-06-23T00:00:00,Lower,0.0,-6.3
2011-06-24T00:00:00,Lower,0.0,-5.1
2011-06-25T00:00:00,Lower,0.0,-4.2
2011-06-26T00:00:00,Lower,0.0,-2.5
2011-06-27T00:00:00,Lower,0.0,-1.3
2011-06-28T00:00:00,Lower,0.0,-1.1
2011-06-29T00:00:00,Lower,0.0,-0.4
2011-06-30T00:00:00,Lower,0.0,-1.9
2011-07-01T00:00:00,Lower,0.0,-0.5
2011-07-02T00:00:00,Lower,0.0,-1.4
2011-07-03T00:00:00,Lower,0.0,-1.5
2011-07-04T00:00:00,Lower,0.0,-0.3
2011-07-05T00:00:00,Lower,0.0,1.5
2011-07-06T00:00:00,Lower,0.0,1.7
2011-07-07T00:00:00,Lower,0.0,1.0
2011-07-08T00:00:00,Lower,0.0,0.2
2011-07-09T00:00:00,Lower,0.0,1.0
2011-07-10T00:00:00,Lower,0.0,-1.0
2011-07-11T00:00:00,Lower,0.0,-0.5
2011-07-12T00:00:00,Lower,0.0,0.0
2011-07-13T00:00:00,Lower,0.0,2.0
2011-07-14T00:00:00,Lower,11.191,2.5
2011-07-15T00:00:00,Lower,3.61,2.4
2011-07-16T00:00:00,Lower,0.0,4.7
2011-07-17T00:00:00,Lower,2.888,6.2
2011-07-18T00:00:00,Lower,3.7905,5.5
2011-07-19T00:00:00,Lower,1.35375,9.4
2011-07-20T00:00:00,Lower,7.31025,8.6
2011-07-21T00:00:00,Lower,1.35375,7.5
2011-07-22T00:00:00,Lower,0.0,6.5
2011-07-23T00:00:00,Lower,0.0,7.2
2011-07-24T00:00:00,Lower,1.9855,5.9
2011-07-25T00:00:00,Lower,0.0,8.5
2011-07-26T00:00:00,Lower,0.0,7.9
2011-07-27T00:00:00,Lower,0.0,9.1
2011-07-28T00:00:00,Lower,0.0,7.7
2011-07-29T00:00:00,Lower,0.0,6.8
2011-07-30T00:00:00,Lower,0.0,6.5
2011-07-31T00:00:00,Lower,0.0,8.3
2011-08-01T00:00:00,Lower,0.0,8.6
2011-08-02T00:00:00,Lower,0.0,7.4
2011-08-03T00:00:00,Lower,0.0,8.1
2011-08-04T00:00:00,Lower,0.0,7.9
2011-08-05T00:00:00,Lower,0.0,11.8
2011-08-06T00:00:00,Lower,0.0,12.0
2011-08-07T00:00:00,Lower,0.0,12.8
2011-08-08T00:00:00,Lower,0.0,15.3
2011-08-09T00:00:00,Lower,1.805,14.0
2011-08-10T00:00:00,Lower,2.7075,14.2
2011-08-11T00:00:00,Lower,0.99275,15.3
2011-08-12T00:00:00,Lower,0.0,12.9
2011-08-13T00:00:00,Lower,0.0,12.5
2011-08-14T00:00:00,Lower,0.0,12.2
2011-08-15T00:00:00,Lower,1.805,9.4
2011-08-16T00:00:00,Lower,0.0,9.8
2011-08-17T00:00:00,Lower,0.0,13.7
2011-08-18T00:00:00,Lower,0.0,17.1
2011-08-19T00:00:00,Lower,0.0,16.8
2011-08-20T00:00:00,Lower,1.444,16.3
2011-08-21T00:00:00,Lower,0.0,16.0
2011-08-22T00:00:00,Lower,1.6245,14.9
2011-08-23T00:00:00,Lower,0.0,12.7
2011-08-24T00:00:00,Lower,0.0,12.9
2011-08-25T00:00:00,Lower,0.0,14.3
2011-08-26T00:00:00,Lower,0.0,14.9
2011-08-27T00:00:00,Lower,2.25625,14.7
2011-08-28T00:00:00,Lower,1.35375,14.2
2011-08-29T00:00:00,Lower,0.0,16.8
2011-08-30T00:00:00,Lower,1.35375,15.7
2011-08-31T00:00:00,Lower,0.0,17.6
2011-09-01T00:00:00,Lower,0.0,17.2
2011-09-02T00:00:00,Lower,3.971,16.2
2011-09-03T00:00:00,Lower,0.0,19.2
2011-09-04T00:00:00,Lower,0.0,17.1
2011-09-05T00:00:00,Lower,0.0,11.4
2011-09-06T00:00:00,Lower,0.0,13.5
2011-09-07T00:00:00,Lower,0.0,16.4
2011-09-08T00:00:00,Lower,0.0,17.4
2011-09-09T00:00:00,Lower,0.0,16.5
2011-09-10T00:00:00,Lower,7.0395,13.3
2011-09-11T00:00:00,Lower,6.22725,12.2
2011-09-12T00:00:00,Lower,0.0,15.1
2011-09-13T00:00:00,Lower,0.0,16.8
2011-09-14T00:00:00,Lower,6.40775,15.4
2011-09-15T00:00:00,Lower,1.9855,15.1
2011-09-16T00:00:00,Lower,4.06125,16.2
2011-09-17T00:00:00,Lower,0.0,14.4
2011-09-18T00:00:00,Lower,0.0,16.2
2011-09-19T00:00:00,Lower,0.0,15.7
2011-09-20T00:00:00,Lower,2.166,16.6
2011-09-21T00:00:00,Lower,0.0,19.0
2011-09-22T00:00:00,Lower,0.0,18.9
2011-09-23T00:00:00,Lower,0.0,18.4
2011-09-24T00:00:00,Lower,0.0,18.8
2011-09-25T00:00:00,Lower,0.0,19.7
2011-09-26T00:00:00,Lower,5.5955,18.7
2011-09-27T00:00:00,Lower,0.0,17.3
2011-09-28T00:00:00,Lower,0.0,18.2
2011-09-29T00:00:00,Lower,0.0,18.1
2011-09-30T00:00:00,Lower,0.0,16.5
2011-10-01T00:00:00,Lower,0.0,16.4
2011-10-02T00:00:00,Lower,0.0,16.8
2011-10-03T00:00:00,Lower,0.0,16.7
2011-10-04T00:00:00,Lower,0.0,16.9
2011-10-05T00:00:00,Lower,0.0,18.4
2011-10-06T00:00:00,Lower,0.0,18.6
2011-10-07T00:00:00,Lower,0.0,19.2
2011-10-08T00:00:00,Lower,0.0,20.4
2011-10-09T00:00:00,Lower,0.0,18.3
2011-10-10T00:00:00,Lower,1.2635,19.7
2011-10-11T00:00:00,Lower,8.1225,15.6
2011-10-12T00:00:00,Lower,0.0,16.0
2011-10-13T00:00:00,Lower,0.0,17.2
2011-10-14T00:00:00,Lower,0.0,19.5
2011-10-15T00:00:00,Lower,0.0,15.5
2011-10-16T00:00:00,Lower,0.0,16.7
2011-10-17T00:00:00,Lower,0.0,18.1
2011-10-18T00:00:00,Lower,0.0,19.1
2011-10-19T00:00:00,Lower,0.0,20.6
2011-10-20T00:00:00,Lower,0.0,16.8
2011-10-21T00:00:00,Lower,0.0,16.4
2011-10-22T00:00:00,Lower,0.0,17.9
2011-10-23T00:00:00,Lower,0.0,15.4
2011-10-24T00:00:00,Lower,0.0,15.1
2011-10-25T00:00:00,Lower,0.0,19.5
2011-10-26T00:00:00,Lower,0.0,19.8
2011-10-27T00:00:00,Lower,0.0,21.6
2011-10-28T00:00:00,Lower,0.0,21.8
2011-10-29T00:00:00,Lower,0.9025,21.0
2011-10-30T00:00:00,Lower,0.0,21.7
2011-10-31T00:00:00,Lower,18.772,17.7
2011-11-01T00:00:00,Lower,3.88075,16.7
2011-11-02T00:00:00,Lower,2.3465,17.1
2011-11-03T00:00:00,Lower,0.0,20.3
2011-11-04T00:00:00,Lower,1.2635,21.2
2011-11-05T00:00:00,Lower,0.0,20.6
2011-11-06T00:00:00,Lower,0.0,20.2
2011-11-07T00:00:00,Lower,0.0,20.6
2011-11-08T00:00:00,Lower,0.0,21.0
2011-11-09T00:00:00,Lower,16.0645,17.3
2011-11-10T00:00:00,Lower,0.0,17.9
2011-11-11T00:00:00,Lower,0.0,17.1
2011-11-12T00:00:00,Lower,11.7325,16.7
2011-11-13T00:00:00,Lower,0.0,16.2
2011-11-14T00:00:00,Lower,0.0,16.1
2011-11-15T00:00:00,Lower,1.71475,14.3
2011-11-16T00:00:00,Lower,0.0,16.6
2011-11-17T00:00:00,Lower,1.17325,16.9
2011-11-18T00:00:00,Lower,0.0,18.3
2011-11-19T00:00:00,Lower,6.137,18.3
2011-11-20T00:00:00,Lower,0.0,17.3
2011-11-21T00:00:00,Lower,0.0,16.7
2011-11-22T00:00:00,Lower,0.0,17.1
2011-11-23T00:00:00,Lower,0.0,16.4
2011-11-24T00:00:00,Lower,0.0,13.4
2011-11-25T00:00:00,Lower,0.0,13.7
2011-11-26T00:00:00,Lower,0.0,14.6
2011-11-27T00:00:00,Lower,0.0,16.3
2011-11-28T00:00:00,Lower,0.0,16.9
2011-11-29T00:00:00,Lower,0.0,17.1
2011-11-30T00:00:00,Lower,0.0,15.4
2011-12-01T00:00:00,Lower,2.61725,14.8
2011-12-02T00:00:00,Lower,7.12975,15.6
2011-12-03T00:00:00,Lower,1.35375,14.3
2011-12-04T00:00:00,Lower,1.35375,12.7
2011-12-05T00:00:00,Lower,0.0,13.5
2011-12-06T00:00:00,Lower,0.0,16.1
2011-12-07T00:00:00,Lower,0.0,17.2
2011-12-08T00:00:00,Lower,0.0,17.2
2011-12-09T00:00:00,Lower,0.0,17.2
2011-12-10T00:00:00,Lower,0.0,16.9
2011-12-11T00:00:00,Lower,0.0,15.2
2011-12-12T00:00:00,Lower,0.0,18.0
2011-12-13T00:00:00,Lower,0.0,16.6
2011-12-14T00:00:00,Lower,0.0,14.9
2011-12-15T00:00:00,Lower,0.0,14.9
2011-12-16T00:00:00,Lower,0.0,16.2
2011-12-17T00:00:00,Lower,6.6785,15.7
2011-12-18T00:00:00,Lower,6.40775,14.5
2011-12-19T00:00:00,Lower,4.24175,11.0
2011-12-20T00:00:00,Lower,0.0,11.6
2011-12-21T00:00:00,Lower,3.61,10.1
2011-12-22T00:00:00,Lower,0.0,11.0
2011-12-23T00:00:00,Lower,0.0,12.0
2011-12-24T00:00:00,Lower,1.2635,12.0
2011-12-25T00:00:00,Lower,1.444,10.4
2011-12-26T00:00:00,Lower,0.0,8.5
2011-12-27T00:00:00,Lower,0.0,5.3
2011-12-28T00:00:00,Lower,0.0,4.4
2011-12-29T00:00:00,Lower,2.166,7.0
2011-12-30T00:00:00,Lower,0.0,8.0
2011-12-31T00:00:00,Lower,0.0,7.2
2012-01-01T00:00:00,Lower,0.0,8.3
2012-01-02T00:00:00,Lower,0.0,3.9
2012-01-03T00:00:00,Lower,0.0,5.1
2012-01-04T00:00:00,Lower,0.0,6.3
2012-01-05T00:00:00,Lower,0.0,8.9
2012-01-06T00:00:00,Lower,6.22725,10.8
2012-01-07T00:00:00,Lower,0.0,10.0
2012-01-08T00:00:00,Lower,0.0,14.2
2012-01-09T00:00:00,Lower,5.5955,15.3
2012-01-10T00:00:00,Lower,0.0,13.2
2012-01-11T00:00:00,Lower,0.0,9.9
2012-01-12T00:00:00,Lower,0.0,5.8
2012-01-13T00:00:00,Lower,0.0,6.4
2012-01-14T00:00:00,Lower,0.0,7.2
2012-01-15T00:00:00,Lower,0.0,9.2
2012-01-16T00:00:00,Lower,0.0,7.7
2012-01-17T00:00:00,Lower,0.0,3.9
2012-01-18T00:00:00,Lower,11.82275,6.6
2012-01-19T00:00:00,Lower,0.0,2.7
2012-01-20T00:00:00,Lower,0.0,1.9
2012-01-21T00:00:00,Lower,0.0,0.7
2012-01-22T00:00:00,Lower,0.0,1.1
2012-01-23T00:00:00,Lower,5.14425,8.2
2012-01-24T00:00:00,Lower,1.53425,13.2
2012-01-25T00:00:00,Lower,0.0,12.0
2012-01-26T00:00:00,Lower,2.3465,8.0
2012-01-27T00:00:00,Lower,0.0,11.7
2012-01-28T00:00:00,Lower,1.9855,12.8
2012-01-29T00:00:00,Lower,12.8155,11.2
2012-01-30T00:00:00,Lower,0.0,10.2
2012-01-31T00:00:00,Lower,0.0,7.9
2012-02-01T00:00:00,Lower,1.2635,7.0
2012-02-02T00:00:00,Lower,1.53425,8.0
2012-02-03T00:00:00,Lower,0.0,6.6
2012-02-04T00:00:00,Lower,7.85175,5.8
2012-02-05T00:00:00,Lower,8.1225,6.4
2012-02-06T00:00:00,Lower,3.0685,5.1
2012-02-07T00:00:00,Lower,1.2635,4.6
2012-02-08T00:00:00,Lower,2.527,4.5
2012-02-09T00:00:00,Lower,0.0,6.7
2012-02-10T00:00:00,Lower,9.11525,5.3
2012-02-11T00:00:00,Lower,1.444,4.6
2012-02-12T00:00:00,Lower,0.0,1.3
2012-02-13T00:00:00,Lower,2.61725,6.3
2012-02-14T00:00:00,Lower,0.0,5.2
2012-02-15T00:00:00,Lower,0.5415,2.5
2012-02-16T00:00:00,Lower,2.3465,6.5
2012-02-17T00:00:00,Lower,0.0,9.7
2012-02-18T00:00:00,Lower,0.0,4.9
2012-02-19T00:00:00,Lower,1.17325,5.0
2012-02-20T00:00:00,Lower,0.0,6.3
2012-02-21T00:00:00,Lower,1.6245,0.8
2012-02-22T00:00:00,Lower,0.99275,3.2
2012-02-23T00:00:00,Lower,0.0,0.8
2012-02-24T00:00:00,Lower,0.0,0.7
2012-02-25T00:00:00,Lower,0.0,-0.3
2012-02-26T00:00:00,Lower,0.0,-0.8
2012-02-27T00:00:00,Lower,1.17325,-0.6
2012-02-28T00:00:00,Lower,0.0,6.6
2012-02-29T00:00:00,Lower,0.0,5.7
2012-03-01T00:00:00,Lower,0.0,-0.3
2012-03-02T00:00:00,Lower,0.0,-2.4
2012-03-03T00:00:00,Lower,0.0,4.6
2012-03-04T00:00:00,Lower,0.0,1.8
2012-03-05T00:00:00,Lower,5.32475,6.1
2012-03-06T00:00:00,Lower,0.0,1.7
2012-03-07T00:00:00,Lower,3.70025,3.0
2012-03-08T00:00:00,Lower,1.805,0.9
2012-03-09T00:00:00,Lower,0.0,-4.5
2012-03-10T00:00:00,Lower,0.0,-6.9
2012-03-11T00:00:00,Lower,0.99275,-5.0
2012-03-12T00:00:00,Lower,0.0,1.4
2012-03-13T00:00:00,Lower,0.0,5.8
2012-03-14T00:00:00,Lower,0.0,7.6
2012-03-15T00:00:00,Lower,0.0,1.2
2012-03-16T00:00:00,Lower,2.527,1.2
2012-03-17T00:00:00,Lower,1.2635,4.7
2012-03-18T00:00:00,Lower,0.0,6.5
2012-03-19T00:00:00,Lower,0.0,5.3
2012-03-20T00:00:00,Lower,0.0,1.5
2012-03-21T00:00:00,Lower,2.61725,4.9
2012-03-22T00:00:00,Lower,0.0,4.1
2012-03-23T00:00:00,Lower,1.71475,5.7
2012-03-24T00:00:00,Lower,0.0,6.5
2012-03-25T00:00:00,Lower,2.527,4.8
2012-03-26T00:00:00,Lower,1.17325,6.2
2012-03-27T00:00:00,Lower,3.7905,6.9
2012-03-28T00:00:00,Lower,2.3465,2.9
2012-03-29T00:00:00,Lower,6.58825,2.6
2012-03-30T00:00:00,Lower,0.0,5.7
2012-03-31T00:00:00,Lower,0.0,4.2
2012-04-01T00:00:00,Lower,0.0,2.6
2012-04-02T00:00:00,Lower,0.0,3.8
2012-04-03T00:00:00,Lower,0.0,2.9
2012-04-04T00:00:00,Lower,0.63175,4.0
2012-04-05T00:00:00,Lower,0.99275,4.2
2012-04-06T00:00:00,Lower,3.249,5.1
2012-04-07T00:00:00,Lower,0.63175,2.6
2012-04-08T00:00:00,Lower,1.35375,4.0
2012-04-09T00:00:00,Lower,1.89525,6.6
2012-04-10T00:00:00,Lower,0.5415,6.4
2012-04-11T00:00:00,Lower,10.55925,5.9
2012-04-12T00:00:00,Lower,2.166,-0.9
2012-04-13T00:00:00,Lower,1.083,-3.5
2012-04-14T00:00:00,Lower,0.0,-7.8
2012-04-15T00:00:00,Lower,0.0,-9.0
2012-04-16T00:00:00,Lower,0.0,-5.9
2012-04-17T00:00:00,Lower,0.81225,-5.9
2012-04-18T00:00:00,Lower,0.0,-5.2
2012-04-19T00:00:00,Lower,0.0,-7.9
2012-04-20T00:00:00,Lower,0.0,-4.8
2012-04-21T00:00:00,Lower,0.0,-3.7
2012-04-22T00:00:00,Lower,0.0,-2.6
2012-04-23T00:00:00,Lower,0.0,-3.1
2012-04-24T00:00:00,Lower,0.0,-6.2
2012-04-25T00:00:00,Lower,0.0,-8.2
2012-04-26T00:00:00,Lower,0.0,-4.9
2012-04-27T00:00:00,Lower,0.0,-3.8
2012-04-28T00:00:00,Lower,0.0,-3.4
2012-04-29T00:00:00,Lower,0.81225,-1.1
2012-04-30T00:00:00,Lower,0.0,-0.4
2012-05-01T00:00:00,Lower,0.0,-2.6
2012-05-02T00:00:00,Lower,0.0,-2.9
2012-05-03T00:00:00,Lower,4.60275,-3.7
2012-05-04T00:00:00,Lower,0.0,-0.1
2012-05-05T00:00:00,Lower,0.99275,2.0
2012-05-06T00:00:00,Lower,0.0,2.2
2012-05-07T00:00:00,Lower,0.0,0.8
2012-05-08T00:00:00,Lower,0.0,0.6
2012-05-09T00:00:00,Lower,0.0,0.7
2012-05-10T00:00:00,Lower,8.1225,2.1
2012-05-11T00:00:00,Lower,0.9025,3.2
2012-05-12T00:00:00,Lower,1.083,3.0
2012-05-13T00:00:00,Lower,1.805,3.2
2012-05-14T00:00:00,Lower,0.9025,1.5
2012-05-15T00:00:00,Lower,0.0,1.4
2012-05-16T00:00:00,Lower,2.166,1.6
2012-05-17T00:00:00,Lower,0.0,2.1
2012-05-18T00:00:00,Lower,1.9855,2.5
2012-05-19T00:00:00,Lower,0.722,4.2
2012-05-20T00:00:00,Lower,0.0,3.6
2012-05-21T00:00:00,Lower,0.0,0.7
2012-05-22T00:00:00,Lower,3.4295,-1.6
2012-05-23T00:00:00,Lower,2.166,-0.4
2012-05-24T00:00:00,Lower,10.108,1.7
2012-05-25T00:00:00,Lower,0.0,3.7
2012-05-26T00:00:00,Lower,0.0,6.0
2012-05-27T00:00:00,Lower,0.0,7.1
2012-05-28T00:00:00,Lower,0.0,3.4
2012-05-29T00:00:00,Lower,0.0,2.1
2012-05-30T00:00:00,Lower,2.07575,2.5
2012-05-31T00:00:00,Lower,0.0,2.6
2012-06-01T00:00:00,Lower,0.0,2.0
2012-06-02T00:00:00,Lower,3.51975,2.1
2012-06-03T00:00:00,Lower,0.0,2.5
2012-06-04T00:00:00,Lower,0.0,3.8
2012-06-05T00:00:00,Lower,0.0,2.9
2012-06-06T00:00:00,Lower,0.0,3.4
2012-06-07T00:00:00,Lower,0.0,7.3
2012-06-08T00:00:00,Lower,0.0,6.6
2012-06-09T00:00:00,Lower,0.0,9.5
2012-06-10T00:00:00,Lower,1.805,7.1
2012-06-11T00:00:00,Lower,0.0,5.1
2012-06-12T00:00:00,Lower,0.0,7.0
2012-06-13T00:00:00,Lower,0.0,6.2
2012-06-14T00:00:00,Lower,15.43275,6.6
2012-06-15T00:00:00,Lower,0.0,2.8
2012-06-16T00:00:00,Lower,2.79775,-0.4
2012-06-17T00:00:00,Lower,0.0,1.2
2012-06-18T00:00:00,Lower,0.0,-1.0
2012-06-19T00:00:00,Lower,10.01775,-1.9
2012-06-20T00:00:00,Lower,1.083,2.8
2012-06-21T00:00:00,Lower,0.0,8.9
2012-06-22T00:00:00,Lower,0.0,6.1
2012-06-23T00:00:00,Lower,0.0,5.5
2012-06-24T00:00:00,Lower,0.0,2.9
2012-06-25T00:00:00,Lower,1.35375,3.5
2012-06-26T00:00:00,Lower,0.0,3.9
2012-06-27T00:00:00,Lower,0.0,5.6
2012-06-28T00:00:00,Lower,0.0,5.7
2012-06-29T00:00:00,Lower,0.0,6.5
2012-06-30T00:00:00,Lower,0.0,6.5
2012-07-01T00:00:00,Lower,0.0,3.1
2012-07-02T00:00:00,Lower,0.0,0.9
2012-07-03T00:00:00,Lower,0.0,2.7
2012-07-04T00:00:00,Lower,0.0,1.8
2012-07-05T00:00:00,Lower,0.0,2.7
2012-07-06T00:00:00,Lower,0.0,4.8
2012-07-07T00:00:00,Lower,3.61,7.3
2012-07-08T00:00:00,Lower,7.67125,5.9
2012-07-09T00:00:00,Lower,10.108,4.3
2012-07-10T00:00:00,Lower,0.0,3.0
2012-07-11T00:00:00,Lower,0.0,3.9
2012-07-12T00:00:00,Lower,0.0,7.1
2012-07-13T00:00:00,Lower,1.6245,7.5
2012-07-14T00:00:00,Lower,0.0,9.0
2012-07-15T00:00:00,Lower,0.0,7.4
2012-07-16T00:00:00,Lower,0.0,6.9
2012-07-17T00:00:00,Lower,0.0,6.5
2012-07-18T00:00:00,Lower,0.99275,9.8
2012-07-19T00:00:00,Lower,0.0,8.0
2012-07-20T00:00:00,Lower,0.0,7.9
2012-07-21T00:00:00,Lower,0.0,10.5
2012-07-22T00:00:00,Lower,0.0,11.5
2012-07-23T00:00:00,Lower,0.0,10.2
2012-07-24T00:00:00,Lower,0.0,7.1
2012-07-25T00:00:00,Lower,0.0,6.2
2012-07-26T00:00:00,Lower,0.0,7.9
2012-07-27T00:00:00,Lower,0.0,10.6
2012-07-28T00:00:00,Lower,0.0,13.0
2012-07-29T00:00:00,Lower,0.0,15.1
2012-07-30T00:00:00,Lower,0.0,8.9
2012-07-31T00:00:00,Lower,10.2885,6.2
2012-08-01T00:00:00,Lower,0.0,3.8
2012-08-02T00:00:00,Lower,0.0,5.4
2012-08-03T00:00:00,Lower,0.0,5.8
2012-08-04T00:00:00,Lower,0.0,4.8
2012-08-05T00:00:00,Lower,0.0,5.3
2012-08-06T00:00:00,Lower,1.6245,5.3
2012-08-07T00:00:00,Lower,5.68575,6.0
2012-08-08T00:00:00,Lower,5.5955,5.9
2012-08-09T00:00:00,Lower,2.527,8.2
2012-08-10T00:00:00,Lower,1.71475,7.0
2012-08-11T00:00:00,Lower,2.7075,8.9
2012-08-12T00:00:00,Lower,0.0,8.9
2012-08-13T00:00:00,Lower,0.0,10.0
2012-08-14T00:00:00,Lower,0.0,8.3
2012-08-15T00:00:00,Lower,0.0,8.4
2012-08-16T00:00:00,Lower,0.0,14.4
2012-08-17T00:00:00,Lower,0.0,15.4
2012-08-18T00:00:00,Lower,0.0,15.4
2012-08-19T00:00:00,Lower,18.05,12.9
2012-08-20T00:00:00,Lower,0.0,15.5
2012-08-21T00:00:00,Lower,0.0,17.2
2012-08-22T00:00:00,Lower,0.0,19.7
2012-08-23T00:00:00,Lower,0.0,20.8
2012-08-24T00:00:00,Lower,0.0,21.1
2012-08-25T00:00:00,Lower,0.0,19.5
2012-08-26T00:00:00,Lower,0.0,14.4
2012-08-27T00:00:00,Lower,0.0,8.6
2012-08-28T00:00:00,Lower,0.0,7.7
2012-08-29T00:00:00,Lower,0.0,11.2
2012-08-30T00:00:00,Lower,4.8735,10.8
2012-08-31T00:00:00,Lower,2.888,12.3
2012-09-01T00:00:00,Lower,0.0,13.2
2012-09-02T00:00:00,Lower,0.0,13.1
2012-09-03T00:00:00,Lower,1.9855,12.4
2012-09-04T00:00:00,Lower,0.0,14.3
2012-09-05T00:00:00,Lower,0.0,16.5
2012-09-06T00:00:00,Lower,0.0,15.2
2012-09-07T00:00:00,Lower,0.0,15.2
2012-09-08T00:00:00,Lower,0.0,17.4
2012-09-09T00:00:00,Lower,0.0,19.8
2012-09-10T00:00:00,Lower,0.0,18.7
2012-09-11T00:00:00,Lower,0.0,17.5
2012-09-12T00:00:00,Lower,4.78325,16.6
2012-09-13T00:00:00,Lower,0.0,13.8
2012-09-14T00:00:00,Lower,0.0,12.7
2012-09-15T00:00:00,Lower,0.0,15.5
2012-09-16T00:00:00,Lower,0.0,14.1
2012-09-17T00:00:00,Lower,0.0,11.5
2012-09-18T00:00:00,Lower,1.17325,15.6
2012-09-19T00:00:00,Lower,8.1225,12.0
2012-09-20T00:00:00,Lower,0.0,10.7
2012-09-21T00:00:00,Lower,0.0,9.8
2012-09-22T00:00:00,Lower,1.444,10.5
2012-09-23T00:00:00,Lower,1.083,9.7
2012-09-24T00:00:00,Lower,0.0,13.8
2012-09-25T00:00:00,Lower,0.0,12.4
2012-09-26T00:00:00,Lower,0.0,12.5
2012-09-27T00:00:00,Lower,6.04675,12.4
2012-09-28T00:00:00,Lower,9.386,13.0
2012-09-29T00:00:00,Lower,0.0,14.4
2012-09-30T00:00:00,Lower,0.0,13.7
2012-10-01T00:00:00,Lower,0.0,13.7
2012-10-02T00:00:00,Lower,0.0,15.0
2012-10-03T00:00:00,Lower,2.61725,15.5
2012-10-04T00:00:00,Lower,0.0,18.2
2012-10-05T00:00:00,Lower,0.0,19.4
2012-10-06T00:00:00,Lower,0.0,19.7
2012-10-07T00:00:00,Lower,0.0,22.3
2012-10-08T00:00:00,Lower,0.0,22.8
2012-10-09T00:00:00,Lower,0.0,22.9
2012-10-10T00:00:00,Lower,0.0,21.5
2012-10-11T00:00:00,Lower,0.0,17.9
2012-10-12T00:00:00,Lower,0.0,17.3
2012-10-13T00:00:00,Lower,0.0,20.0
2012-10-14T00:00:00,Lower,0.0,19.1
2012-10-15T00:00:00,Lower,0.0,19.2
2012-10-16T00:00:00,Lower,0.0,20.3
2012-10-17T00:00:00,Lower,0.0,20.3
2012-10-18T00:00:00,Lower,0.0,20.2
2012-10-19T00:00:00,Lower,1.083,18.5
2012-10-20T00:00:00,Lower,0.0,20.1
2012-10-21T00:00:00,Lower,6.58825,19.8
2012-10-22T00:00:00,Lower,0.0,21.4
2012-10-23T00:00:00,Lower,0.0,22.7
2012-10-24T00:00:00,Lower,0.0,23.8
2012-10-25T00:00:00,Lower,0.0,24.3
2012-10-26T00:00:00,Lower,0.0,23.7
2012-10-27T00:00:00,Lower,0.0,22.3
2012-10-28T00:00:00,Lower,0.0,23.0
2012-10-29T00:00:00,Lower,0.0,23.9
2012-10-30T00:00:00,Lower,16.7865,21.3
2012-10-31T00:00:00,Lower,0.0,21.3
2012-11-01T00:00:00,Lower,0.0,21.5
2012-11-02T00:00:00,Lower,8.8445,21.3
2012-11-03T00:00:00,Lower,0.0,23.4
2012-11-04T00:00:00,Lower,0.0,26.2
2012-11-05T00:00:00,Lower,1.444,22.3
2012-11-06T00:00:00,Lower,14.71075,21.2
2012-11-07T00:00:00,Lower,10.37875,20.3
2012-11-08T00:00:00,Lower,0.0,20.9
2012-11-09T00:00:00,Lower,5.86625,21.3
2012-11-10T00:00:00,Lower,0.0,19.9
2012-11-11T00:00:00,Lower,9.747,18.5
2012-11-12T00:00:00,Lower,0.0,17.2
2012-11-13T00:00:00,Lower,4.42225,16.4
2012-11-14T00:00:00,Lower,0.0,16.6
2012-11-15T00:00:00,Lower,5.14425,16.8
2012-11-16T00:00:00,Lower,0.0,17.2
2012-11-17T00:00:00,Lower,5.14425,15.6
2012-11-18T00:00:00,Lower,1.89525,15.7
2012-11-19T00:00:00,Lower,5.2345,14.6
2012-11-20T00:00:00,Lower,3.51975,14.7
2012-11-21T00:00:00,Lower,0.0,15.0
2012-11-22T00:00:00,Lower,0.0,15.7
2012-11-23T00:00:00,Lower,4.693,13.6
2012-11-24T00:00:00,Lower,1.083,13.2
2012-11-25T00:00:00,Lower,2.43675,13.0
2012-11-26T00:00:00,Lower,2.97825,12.4
2012-11-27T00:00:00,Lower,0.0,15.7
2012-11-28T00:00:00,Lower,0.0,14.4
2012-11-29T00:00:00,Lower,0.0,14.5
2012-11-30T00:00:00,Lower,0.0,12.4
2012-12-01T00:00:00,Lower,0.0,13.1
2012-12-02T00:00:00,Lower,0.0,13.8
2012-12-03T00:00:00,Lower,0.0,14.9
2012-12-04T00:00:00,Lower,0.0,15.6
2012-12-05T00:00:00,Lower,0.0,17.5
2012-12-06T00:00:00,Lower,0.0,16.1
2012-12-07T00:00:00,Lower,0.0,14.8
2012-12-08T00:00:00,Lower,0.0,16.1
2012-12-09T00:00:00,Lower,4.24175,16.6
2012-12-10T00:00:00,Lower,0.0,15.1
2012-12-11T00:00:00,Lower,0.0,14.4
2012-12-12T00:00:00,Lower,0.0,13.3
2012-12-13T00:00:00,Lower,0.0,14.1
2012-12-14T00:00:00,Lower,0.0,13.7
2012-12-15T00:00:00,Lower,0.0,12.0
2012-12-16T00:00:00,Lower,0.0,12.7
2012-12-17T00:00:00,Lower,0.0,13.3
2012-12-18T00:00:00,Lower,0.0,12.2
2012-12-19T00:00:00,Lower,0.0,12.4
2012-12-20T00:00:00,Lower,0.0,12.7
2012-12-21T00:00:00,Lower,0.0,12.5
2012-12-22T00:00:00,Lower,20.577,12.5
2012-12-23T00:00:00,Lower,1.9855,9.2
2012-12-24T00:00:00,Lower,0.0,4.4
2012-12-25T00:00:00,Lower,2.7075,5.7
2012-12-26T00:00:00,Lower,5.14425,7.9
2012-12-27T00:00:00,Lower,0.0,11.0
2012-12-28T00:00:00,Lower,0.0,13.2
2012-12-29T00:00:00,Lower,0.0,14.2
2012-12-30T00:00:00,Lower,0.0,12.1
2012-12-31T00:00:00,Lower,0.0,6.7
2013-01-01T00:00:00,Lower,0.0,7.2
2013-01-02T00:00:00,Lower,1.805,12.0
2013-01-03T00:00:00,Lower,0.0,11.7
2013-01-04T00:00:00,Lower,0.0,12.7
2013-01-05T00:00:00,Lower,0.0,13.2
2013-01-06T00:00:00,Lower,0.9025,8.9
2013-01-07T00:00:00,Lower,19.855,9.1
2013-01-08T00:00:00,Lower,5.68575,11.7
2013-01-09T00:00:00,Lower,2.166,11.6
2013-01-10T00:00:00,Lower,0.0,12.8
2013-01-11T00:00:00,Lower,0.0,10.2
2013-01-12T00:00:00,Lower,8.93475,9.1
2013-01-13T00:00:00,Lower,0.0,9.0
2013-01-14T00:00:00,Lower,0.0,9.0
2013-01-15T00:00:00,Lower,0.0,7.2
2013-01-16T00:00:00,Lower,0.0,5.8
2013-01-17T00:00:00,Lower,0.0,5.3
2013-01-18T00:00:00,Lower,12.00325,7.7
2013-01-19T00:00:00,Lower,1.444,12.9
2013-01-20T00:00:00,Lower,1.89525,9.8
2013-01-21T00:00:00,Lower,0.0,7.0
2013-01-22T00:00:00,Lower,0.0,4.7
2013-01-23T00:00:00,Lower,0.81225,4.9
2013-01-24T00:00:00,Lower,1.6245,8.8
2013-01-25T00:00:00,Lower,2.3465,10.2
2013-01-26T00:00:00,Lower,0.0,11.4
2013-01-27T00:00:00,Lower,0.0,13.5
2013-01-28T00:00:00,Lower,0.0,14.7
2013-01-29T00:00:00,Lower,0.0,8.3
2013-01-30T00:00:00,Lower,0.0,2.9
2013-01-31T00:00:00,Lower,0.0,0.7
2013-02-01T00:00:00,Lower,8.39325,6.4
2013-02-02T00:00:00,Lower,0.0,12.0
2013-02-03T00:00:00,Lower,1.2635,11.6
2013-02-04T00:00:00,Lower,0.0,11.1
2013-02-05T00:00:00,Lower,0.0,4.7
2013-02-06T00:00:00,Lower,5.054,1.7
2013-02-07T00:00:00,Lower,0.0,2.2
2013-02-08T00:00:00,Lower,0.0,4.2
2013-02-09T00:00:00,Lower,0.99275,6.6
2013-02-10T00:00:00,Lower,4.42225,8.6
2013-02-11T00:00:00,Lower,0.0,8.6
2013-02-12T00:00:00,Lower,0.0,6.7
2013-02-13T00:00:00,Lower,0.0,7.0
2013-02-14T00:00:00,Lower,0.0,7.0
2013-02-15T00:00:00,Lower,0.0,6.9
2013-02-16T00:00:00,Lower,0.0,6.5
2013-02-17T00:00:00,Lower,0.0,5.1
2013-02-18T00:00:00,Lower,0.0,5.2
2013-02-19T00:00:00,Lower,0.0,3.8
2013-02-20T00:00:00,Lower,0.81225,4.2
2013-02-21T00:00:00,Lower,0.722,3.5
2013-02-22T00:00:00,Lower,0.0,2.5
2013-02-23T00:00:00,Lower,0.0,4.8
2013-02-24T00:00:00,Lower,4.06125,6.8
2013-02-25T00:00:00,Lower,0.0,3.4
2013-02-26T00:00:00,Lower,0.0,-0.2
2013-02-27T00:00:00,Lower,0.0,1.7
2013-02-28T00:00:00,Lower,0.0,2.2
2013-03-01T00:00:00,Lower,0.0,1.2
2013-03-02T00:00:00,Lower,0.0,0.9
2013-03-03T00:00:00,Lower,0.0,0.7
2013-03-04T00:00:00,Lower,0.0,1.9
2013-03-05T00:00:00,Lower,0.0,0.9
2013-03-06T00:00:00,Lower,0.0,2.7
2013-03-07T00:00:00,Lower,1.6245,1.6
2013-03-08T00:00:00,Lower,0.81225,1.6
2013-03-09T00:00:00,Lower,2.3465,3.1
2013-03-10T00:00:00,Lower,0.0,3.5
2013-03-11T00:00:00,Lower,0.0,2.2
2013-03-12T00:00:00,Lower,1.71475,3.6
2013-03-13T00:00:00,Lower,0.0,3.8
2013-03-14T00:00:00,Lower,4.96375,2.0
2013-03-15T00:00:00,Lower,0.0,1.4
2013-03-16T00:00:00,Lower,0.0,1.3
2013-03-17T00:00:00,Lower,2.07575,4.2
2013-03-18T00:00:00,Lower,0.0,1.9
2013-03-19T00:00:00,Lower,2.888,-0.8
2013-03-20T00:00:00,Lower,5.14425,1.3
2013-03-21T00:00:00,Lower,0.0,4.5
2013-03-22T00:00:00,Lower,0.0,1.0
2013-03-23T00:00:00,Lower,1.53425,-1.0
2013-03-24T00:00:00,Lower,0.0,0.7
2013-03-25T00:00:00,Lower,0.0,-0.9
2013-03-26T00:00:00,Lower,0.0,-2.6
2013-03-27T00:00:00,Lower,0.0,-8.5
2013-03-28T00:00:00,Lower,0.0,-6.9
2013-03-29T00:00:00,Lower,0.0,-10.0
2013-03-30T00:00:00,Lower,0.0,-10.0
2013-03-31T00:00:00,Lower,2.166,-7.9
2013-04-01T00:00:00,Lower,0.0,-0.1
2013-04-02T00:00:00,Lower,0.0,2.6
2013-04-03T00:00:00,Lower,1.083,5.3
2013-04-04T00:00:00,Lower,0.81225,6.0
2013-04-05T00:00:00,Lower,0.0,2.7
2013-04-06T00:00:00,Lower,0.0,0.1
2013-04-07T00:00:00,Lower,0.0,-3.5
2013-04-08T00:00:00,Lower,0.63175,-2.1
2013-04-09T00:00:00,Lower,1.35375,0.4
2013-04-10T00:00:00,Lower,2.07575,3.4
2013-04-11T00:00:00,Lower,0.0,-0.4
2013-04-12T00:00:00,Lower,8.57375,-1.7
2013-04-13T00:00:00,Lower,1.71475,-1.8
2013-04-14T00:00:00,Lower,5.2345,-2.3
2013-04-15T00:00:00,Lower,0.0,3.4
2013-04-16T00:00:00,Lower,0.0,2.6
2013-04-17T00:00:00,Lower,6.6785,1.8
2013-04-18T00:00:00,Lower,0.0,4.8
2013-04-19T00:00:00,Lower,0.0,2.9
2013-04-20T00:00:00,Lower,0.99275,2.8
2013-04-21T00:00:00,Lower,0.81225,-0.2
2013-04-22T00:00:00,Lower,0.0,0.1
2013-04-23T00:00:00,Lower,3.33925,0.3
2013-04-24T00:00:00,Lower,3.51975,-1.0
2013-04-25T00:00:00,Lower,0.0,-6.0
2013-04-26T00:00:00,Lower,1.17325,-2.1
2013-04-27T00:00:00,Lower,0.0,-1.2
2013-04-28T00:00:00,Lower,4.5125,-0.5
2013-04-29T00:00:00,Lower,0.0,0.1
2013-04-30T00:00:00,Lower,3.51975,1.6
2013-05-01T00:00:00,Lower,0.81225,1.7
2013-05-02T00:00:00,Lower,3.51975,0.8
2013-05-03T00:00:00,Lower,10.19825,0.7
2013-05-04T00:00:00,Lower,5.2345,-0.4
2013-05-05T00:00:00,Lower,4.06125,-4.1
2013-05-06T00:00:00,Lower,2.07575,-3.9
2013-05-07T00:00:00,Lower,0.0,-2.2
2013-05-08T00:00:00,Lower,0.0,-3.8
2013-05-09T00:00:00,Lower,0.0,-0.1
2013-05-10T00:00:00,Lower,0.0,0.1
2013-05-11T00:00:00,Lower,2.43675,-1.6
2013-05-12T00:00:00,Lower,0.0,3.9
2013-05-13T00:00:00,Lower,0.0,1.4
2013-05-14T00:00:00,Lower,0.0,2.1
2013-05-15T00:00:00,Lower,0.0,2.3
2013-05-16T00:00:00,Lower,0.0,0.7
2013-05-17T00:00:00,Lower,0.0,1.8
2013-05-18T00:00:00,Lower,0.0,-0.2
2013-05-19T00:00:00,Lower,0.0,-0.5
2013-05-20T00:00:00,Lower,0.0,0.9
2013-05-21T00:00:00,Lower,0.0,4.7
2013-05-22T00:00:00,Lower,0.0,6.1
2013-05-23T00:00:00,Lower,0.0,4.4
2013-05-24T00:00:00,Lower,5.32475,2.7
2013-05-25T00:00:00,Lower,0.0,1.9
2013-05-26T00:00:00,Lower,1.6245,1.8
2013-05-27T00:00:00,Lower,0.0,2.5
2013-05-28T00:00:00,Lower,0.0,4.3
2013-05-29T00:00:00,Lower,0.0,1.4
2013-05-30T00:00:00,Lower,0.0,2.4
2013-05-31T00:00:00,Lower,0.0,2.2
2013-06-01T00:00:00,Lower,1.805,2.3
2013-06-02T00:00:00,Lower,0.0,3.9
2013-06-03T00:00:00,Lower,2.3465,1.8
2013-06-04T00:00:00,Lower,0.0,0.8
2013-06-05T00:00:00,Lower,4.5125,1.6
2013-06-06T00:00:00,Lower,0.9025,3.4
2013-06-07T00:00:00,Lower,0.0,5.0
2013-06-08T00:00:00,Lower,0.0,11.1
2013-06-09T00:00:00,Lower,0.0,5.5
2013-06-10T00:00:00,Lower,0.0,7.4
2013-06-11T00:00:00,Lower,0.0,5.3
2013-06-12T00:00:00,Lower,0.0,0.7
2013-06-13T00:00:00,Lower,0.0,0.7
2013-06-14T00:00:00,Lower,0.0,2.1
2013-06-15T00:00:00,Lower,0.0,3.9
2013-06-16T00:00:00,Lower,0.0,4.3
2013-06-17T00:00:00,Lower,0.0,4.2
2013-06-18T00:00:00,Lower,0.0,5.8
2013-06-19T00:00:00,Lower,0.0,5.9
2013-06-20T00:00:00,Lower,5.86625,2.8
2013-06-21T00:00:00,Lower,0.0,-1.1
2013-06-22T00:00:00,Lower,0.0,-0.3
2013-06-23T00:00:00,Lower,1.71475,3.9
2013-06-24T00:00:00,Lower,0.0,6.0
2013-06-25T00:00:00,Lower,0.0,0.6
2013-06-26T00:00:00,Lower,5.14425,2.9
2013-06-27T00:00:00,Lower,2.07575,5.0
2013-06-28T00:00:00,Lower,0.0,3.8
2013-06-29T00:00:00,Lower,7.7615,3.4
2013-06-30T00:00:00,Lower,5.86625,4.2
2013-07-01T00:00:00,Lower,0.0,3.7
2013-07-02T00:00:00,Lower,0.0,2.3
2013-07-03T00:00:00,Lower,0.0,2.4
2013-07-04T00:00:00,Lower,0.0,3.8
2013-07-05T00:00:00,Lower,0.0,3.0
2013-07-06T00:00:00,Lower,0.0,2.2
2013-07-07T00:00:00,Lower,0.0,3.7
2013-07-08T00:00:00,Lower,0.0,8.3
2013-07-09T00:00:00,Lower,0.0,7.5
2013-07-10T00:00:00,Lower,0.0,8.8
2013-07-11T00:00:00,Lower,0.0,8.8
2013-07-12T00:00:00,Lower,1.083,8.4
2013-07-13T00:00:00,Lower,0.722,8.4
2013-07-14T00:00:00,Lower,0.0,7.4
2013-07-15T00:00:00,Lower,0.0,4.5
2013-07-16T00:00:00,Lower,0.0,6.7
2013-07-17T00:00:00,Lower,1.89525,6.2
2013-07-18T00:00:00,Lower,0.0,3.8
2013-07-19T00:00:00,Lower,0.0,6.0
2013-07-20T00:00:00,Lower,0.0,10.3
2013-07-21T00:00:00,Lower,0.0,10.7
2013-07-22T00:00:00,Lower,0.0,9.0
2013-07-23T00:00:00,Lower,0.0,9.7
2013-07-24T00:00:00,Lower,0.0,11.0
2013-07-25T00:00:00,Lower,0.0,7.6
2013-07-26T00:00:00,Lower,1.2635,8.6
2013-07-27T00:00:00,Lower,0.0,11.1
2013-07-28T00:00:00,Lower,0.0,8.5
2013-07-29T00:00:00,Lower,0.0,8.1
2013-07-30T00:00:00,Lower,1.17325,6.8
2013-07-31T00:00:00,Lower,3.249,7.9
2013-08-01T00:00:00,Lower,1.083,7.2
2013-08-02T00:00:00,Lower,0.0,7.0
2013-08-03T00:00:00,Lower,0.0,7.9
2013-08-04T00:00:00,Lower,0.0,6.8
2013-08-05T00:00:00,Lower,6.76875,9.5
2013-08-06T00:00:00,Lower,0.0,12.9
2013-08-07T00:00:00,Lower,2.3465,11.2
2013-08-08T00:00:00,Lower,0.0,10.1
2013-08-09T00:00:00,Lower,4.1515,10.0
2013-08-10T00:00:00,Lower,0.99275,7.9
2013-08-11T00:00:00,Lower,0.0,10.4
2013-08-12T00:00:00,Lower,9.47625,12.8
2013-08-13T00:00:00,Lower,8.1225,8.6
2013-08-14T00:00:00,Lower,0.0,9.2
2013-08-15T00:00:00,Lower,0.0,6.9
2013-08-16T00:00:00,Lower,5.9565,7.6
2013-08-17T00:00:00,Lower,13.8985,5.5
2013-08-18T00:00:00,Lower,0.0,7.8
2013-08-19T00:00:00,Lower,3.0685,7.1
2013-08-20T00:00:00,Lower,0.0,11.2
2013-08-21T00:00:00,Lower,0.0,11.2
2013-08-22T00:00:00,Lower,0.0,11.6
2013-08-23T00:00:00,Lower,0.0,12.3
2013-08-24T00:00:00,Lower,0.0,12.2
2013-08-25T00:00:00,Lower,0.0,11.8
2013-08-26T00:00:00,Lower,0.0,12.3
2013-08-27T00:00:00,Lower,1.805,12.6
2013-08-28T00:00:00,Lower,0.0,11.7
2013-08-29T00:00:00,Lower,0.0,12.0
2013-08-30T00:00:00,Lower,16.967,9.6
2013-08-31T00:00:00,Lower,4.60275,11.5
2013-09-01T00:00:00,Lower,3.4295,12.5
2013-09-02T00:00:00,Lower,2.527,11.0
2013-09-03T00:00:00,Lower,0.0,13.0
2013-09-04T00:00:00,Lower,0.0,14.3
2013-09-05T00:00:00,Lower,0.0,14.7
2013-09-06T00:00:00,Lower,0.0,14.3
2013-09-07T00:00:00,Lower,1.71475,12.9
2013-09-08T00:00:00,Lower,0.0,11.8
2013-09-09T00:00:00,Lower,0.0,12.7
2013-09-10T00:00:00,Lower,0.0,15.6
2013-09-11T00:00:00,Lower,0.0,16.7
2013-09-12T00:00:00,Lower,0.0,19.4
2013-09-13T00:00:00,Lower,5.415,17.9
2013-09-14T00:00:00,Lower,1.53425,14.1
2013-09-15T00:00:00,Lower,0.0,12.7
2013-09-16T00:00:00,Lower,0.0,13.1
2013-09-17T00:00:00,Lower,3.0685,12.0
2013-09-18T00:00:00,Lower,1.89525,11.9
2013-09-19T00:00:00,Lower,0.0,12.4
2013-09-20T00:00:00,Lower,0.0,13.8
2013-09-21T00:00:00,Lower,0.0,13.3
2013-09-22T00:00:00,Lower,0.0,14.5
2013-09-23T00:00:00,Lower,6.3175,14.6
2013-09-24T00:00:00,Lower,0.0,14.4
2013-09-25T00:00:00,Lower,1.53425,14.8
2013-09-26T00:00:00,Lower,0.0,13.6
2013-09-27T00:00:00,Lower,0.0,16.4
2013-09-28T00:00:00,Lower,0.0,17.5
2013-09-29T00:00:00,Lower,0.0,17.7
2013-09-30T00:00:00,Lower,0.0,17.4
2013-10-01T00:00:00,Lower,0.0,19.2
2013-10-02T00:00:00,Lower,0.0,23.1
2013-10-03T00:00:00,Lower,0.0,23.4
2013-10-04T00:00:00,Lower,0.0,22.9
2013-10-05T00:00:00,Lower,0.0,20.8
2013-10-06T00:00:00,Lower,4.78325,17.7
2013-10-07T00:00:00,Lower,1.805,17.7
2013-10-08T00:00:00,Lower,13.5375,15.8
2013-10-09T00:00:00,Lower,8.57375,15.4
2013-10-10T00:00:00,Lower,0.9025,13.7
2013-10-11T00:00:00,Lower,0.0,16.9
2013-10-12T00:00:00,Lower,0.0,15.7
2013-10-13T00:00:00,Lower,0.0,15.7
2013-10-14T00:00:00,Lower,0.0,16.2
2013-10-15T00:00:00,Lower,6.04675,16.6
2013-10-16T00:00:00,Lower,6.859,16.2
2013-10-17T00:00:00,Lower,1.2635,14.8
2013-10-18T00:00:00,Lower,1.35375,16.2
2013-10-19T00:00:00,Lower,0.0,17.1
2013-10-20T00:00:00,Lower,3.249,16.5
2013-10-21T00:00:00,Lower,2.888,14.4
2013-10-22T00:00:00,Lower,0.0,17.2
2013-10-23T00:00:00,Lower,1.2635,17.2
2013-10-24T00:00:00,Lower,0.0,16.8
2013-10-25T00:00:00,Lower,12.635,14.6
2013-10-26T00:00:00,Lower,3.15875,16.3
2013-10-27T00:00:00,Lower,0.722,15.5
2013-10-28T00:00:00,Lower,0.0,15.7
2013-10-29T00:00:00,Lower,16.15475,16.0
2013-10-30T00:00:00,Lower,8.303,15.2
2013-10-31T00:00:00,Lower,0.0,15.0
2013-11-01T00:00:00,Lower,0.0,16.0
2013-11-02T00:00:00,Lower,0.81225,16.4
2013-11-03T00:00:00,Lower,0.0,16.8
2013-11-04T00:00:00,Lower,0.0,16.8
2013-11-05T00:00:00,Lower,2.43675,17.6
2013-11-06T00:00:00,Lower,0.0,18.9
2013-11-07T00:00:00,Lower,0.0,19.8
2013-11-08T00:00:00,Lower,0.0,19.7
2013-11-09T00:00:00,Lower,0.0,18.1
2013-11-10T00:00:00,Lower,0.0,19.0
2013-11-11T00:00:00,Lower,0.0,17.4
2013-11-12T00:00:00,Lower,0.0,18.5
2013-11-13T00:00:00,Lower,0.0,16.1
2013-11-14T00:00:00,Lower,0.0,16.8
2013-11-15T00:00:00,Lower,0.0,16.9
2013-11-16T00:00:00,Lower,0.0,17.4
2013-11-17T00:00:00,Lower,0.0,15.9
2013-11-18T00:00:00,Lower,0.0,17.1
2013-11-19T00:00:00,Lower,0.0,16.5
2013-11-20T00:00:00,Lower,0.0,16.0
2013-11-21T00:00:00,Lower,0.0,16.5
2013-11-22T00:00:00,Lower,0.0,16.2
2013-11-23T00:00:00,Lower,0.0,16.7
2013-11-24T00:00:00,Lower,0.0,18.6
2013-11-25T00:00:00,Lower,2.166,21.7
2013-11-26T00:00:00,Lower,0.0,17.6
2013-11-27T00:00:00,Lower,1.17325,18.9
2013-11-28T00:00:00,Lower,0.0,17.5
2013-11-29T00:00:00,Lower,0.0,17.4
2013-11-30T00:00:00,Lower,0.0,16.2
2013-12-01T00:00:00,Lower,1.2635,15.2
2013-12-02T00:00:00,Lower,24.7285,14.8
2013-12-03T00:00:00,Lower,6.137,14.3
2013-12-04T00:00:00,Lower,0.0,15.5
2013-12-05T00:00:00,Lower,0.0,13.2
2013-12-06T00:00:00,Lower,22.9235,14.2
2013-12-07T00:00:00,Lower,7.22,12.3
2013-12-08T00:00:00,Lower,0.0,12.3
2013-12-09T00:00:00,Lower,0.0,12.0
2013-12-10T00:00:00,Lower,0.0,10.7
2013-12-11T00:00:00,Lower,0.0,13.3
2013-12-12T00:00:00,Lower,0.0,12.8
2013-12-13T00:00:00,Lower,0.0,15.5
2013-12-14T00:00:00,Lower,0.0,14.9
2013-12-15T00:00:00,Lower,0.0,15.9
2013-12-16T00:00:00,Lower,4.693,15.7
2013-12-17T00:00:00,Lower,4.5125,15.4
2013-12-18T00:00:00,Lower,7.85175,16.6
2013-12-19T00:00:00,Lower,9.65675,15.5
2013-12-20T00:00:00,Lower,0.0,14.0
2013-12-21T00:00:00,Lower,0.0,11.1
2013-12-22T00:00:00,Lower,0.0,10.5
2013-12-23T00:00:00,Lower,3.0685,11.9
2013-12-24T00:00:00,Lower,2.7075,13.7
2013-12-25T00:00:00,Lower,5.14425,13.0
2013-12-26T00:00:00,Lower,0.0,13.7
2013-12-27T00:00:00,Lower,0.0,10.7
2013-12-28T00:00:00,Lower,0.0,9.8
2013-12-29T00:00:00,Lower,0.0,10.4
2013-12-30T00:00:00,Lower,0.0,9.6
2013-12-31T00:00:00,Lower,0.0,12.4
