c9431d8e-49d5-48cb-ba9c-c517501f390b,location,waterLevel
2023-01-01T00:00:00,Upper_Forest_Soilwater,325.27977599999997
2023-01-02T00:00:00,Upper_Forest_Soilwater,321.7610784
2023-01-03T00:00:00,Upper_Forest_Soilwater,318.58834655999993
2023-01-04T00:00:00,Upper_Forest_Soilwater,315.411479904
2023-01-05T00:00:00,Upper_Forest_Soilwater,312.71909511359996
2023-01-06T00:00:00,Upper_Forest_Soilwater,310.09602928223995
2023-01-07T00:00:00,Upper_Forest_Soilwater,308.396489666016
2023-01-08T00:00:00,Upper_Forest_Soilwater,307.1423504802144
2023-01-09T00:00:00,Upper_Forest_Soilwater,306.502035834913
2023-01-10T00:00:00,Upper_Forest_Soilwater,305.44246941386973
2023-01-11T00:00:00,Upper_Forest_Soilwater,304.624274318686
2023-01-12T00:00:00,Upper_Forest_Soilwater,303.8476423484003
2023-01-13T00:00:00,Upper_Forest_Soilwater,303.17659482898483
2023-01-14T00:00:00,Upper_Forest_Soilwater,302.6327731899685
2023-01-15T00:00:00,Upper_Forest_Soilwater,301.69822353046555
2023-01-16T00:00:00,Upper_Forest_Soilwater,300.64082087096347
2023-01-17T00:00:00,Upper_Forest_Soilwater,298.5526438920484
2023-01-18T00:00:00,Upper_Forest_Soilwater,298.38951676239367
2023-01-19T00:00:00,Upper_Forest_Soilwater,298.4565431375219
2023-01-20T00:00:00,Upper_Forest_Soilwater,298.7160361974066
2023-01-21T00:00:00,Upper_Forest_Soilwater,298.8444218145866
2023-01-22T00:00:00,Upper_Forest_Soilwater,297.87101409003293
2023-01-23T00:00:00,Upper_Forest_Soilwater,297.4815398747078
2023-01-24T00:00:00,Upper_Forest_Soilwater,297.49045341987414
2023-01-25T00:00:00,Upper_Forest_Soilwater,297.1349247112609
2023-01-26T00:00:00,Upper_Forest_Soilwater,297.11337643084283
2023-01-27T00:00:00,Upper_Forest_Soilwater,296.83027161292523
2023-01-28T00:00:00,Upper_Forest_Soilwater,296.3169075676771
2023-01-29T00:00:00,Upper_Forest_Soilwater,296.0252487361359
2023-01-30T00:00:00,Upper_Forest_Soilwater,295.2623129086543
2023-01-31T00:00:00,Upper_Forest_Soilwater,294.5676017027558
2023-02-01T00:00:00,Upper_Forest_Soilwater,293.41771475324094
2023-02-02T00:00:00,Upper_Forest_Soilwater,292.27088195731153
2023-02-03T00:00:00,Upper_Forest_Soilwater,291.2345729751048
2023-02-04T00:00:00,Upper_Forest_Soilwater,290.17652225354425
2023-02-05T00:00:00,Upper_Forest_Soilwater,289.1527577274116
2023-02-06T00:00:00,Upper_Forest_Soilwater,288.0329625246404
2023-02-07T00:00:00,Upper_Forest_Soilwater,287.043925154942
2023-02-08T00:00:00,Upper_Forest_Soilwater,286.2726597593684
2023-02-09T00:00:00,Upper_Forest_Soilwater,285.52627145548763
2023-02-10T00:00:00,Upper_Forest_Soilwater,284.62748870420506
2023-02-11T00:00:00,Upper_Forest_Soilwater,283.9535441943937
2023-02-12T00:00:00,Upper_Forest_Soilwater,283.575936553007
2023-02-13T00:00:00,Upper_Forest_Soilwater,282.9348161138945
2023-02-14T00:00:00,Upper_Forest_Soilwater,282.035489860934
2023-02-15T00:00:00,Upper_Forest_Soilwater,281.29727265529897
2023-02-16T00:00:00,Upper_Forest_Soilwater,280.7198598773013
2023-02-17T00:00:00,Upper_Forest_Soilwater,280.03362850653866
2023-02-18T00:00:00,Upper_Forest_Soilwater,279.3380169814264
2023-02-19T00:00:00,Upper_Forest_Soilwater,278.55956816977385
2023-02-20T00:00:00,Upper_Forest_Soilwater,277.94362802065245
2023-02-21T00:00:00,Upper_Forest_Soilwater,277.13738797039224
2023-02-22T00:00:00,Upper_Forest_Soilwater,276.67683756055453
2023-02-23T00:00:00,Upper_Forest_Soilwater,275.8759874891007
2023-02-24T00:00:00,Upper_Forest_Soilwater,275.00520995628295
2023-02-25T00:00:00,Upper_Forest_Soilwater,274.00137574419557
2023-02-26T00:00:00,Upper_Forest_Soilwater,273.3390724239309
2023-02-27T00:00:00,Upper_Forest_Soilwater,272.7244051668412
2023-02-28T00:00:00,Upper_Forest_Soilwater,272.6923755912976
2023-03-01T00:00:00,Upper_Forest_Soilwater,272.25715314403584
2023-03-02T00:00:00,Upper_Forest_Soilwater,271.6557880530557
2023-03-03T00:00:00,Upper_Forest_Soilwater,271.15492345651944
2023-03-04T00:00:00,Upper_Forest_Soilwater,270.8822645119758
2023-03-05T00:00:00,Upper_Forest_Soilwater,270.977711999891
2023-03-06T00:00:00,Upper_Forest_Soilwater,270.6785465693935
2023-03-07T00:00:00,Upper_Forest_Soilwater,270.706700940113
2023-03-08T00:00:00,Upper_Forest_Soilwater,270.90090711847176
2023-03-09T00:00:00,Upper_Forest_Soilwater,270.9396324497315
2023-03-10T00:00:00,Upper_Forest_Soilwater,271.7384480595009
2023-03-11T00:00:00,Upper_Forest_Soilwater,272.30180118063265
2023-03-12T00:00:00,Upper_Forest_Soilwater,272.8711099778963
2023-03-13T00:00:00,Upper_Forest_Soilwater,273.68807581769573
2023-03-14T00:00:00,Upper_Forest_Soilwater,274.15939352980587
2023-03-15T00:00:00,Upper_Forest_Soilwater,274.6390701340529
2023-03-16T00:00:00,Upper_Forest_Soilwater,274.97221002518273
2023-03-17T00:00:00,Upper_Forest_Soilwater,275.25390880746403
2023-03-18T00:00:00,Upper_Forest_Soilwater,275.7807437484718
2023-03-19T00:00:00,Upper_Forest_Soilwater,277.5379100091478
2023-03-20T00:00:00,Upper_Forest_Soilwater,279.5241110048449
2023-03-21T00:00:00,Upper_Forest_Soilwater,281.46482839351023
2023-03-22T00:00:00,Upper_Forest_Soilwater,283.0874877870602
2023-03-23T00:00:00,Upper_Forest_Soilwater,284.5973929584033
2023-03-24T00:00:00,Upper_Forest_Soilwater,285.88643496431183
2023-03-25T00:00:00,Upper_Forest_Soilwater,286.5932968285138
2023-03-26T00:00:00,Upper_Forest_Soilwater,287.3304694514775
2023-03-27T00:00:00,Upper_Forest_Soilwater,287.6516185083652
2023-03-28T00:00:00,Upper_Forest_Soilwater,287.3165977997074
2023-03-29T00:00:00,Upper_Forest_Soilwater,286.8830535903942
2023-03-30T00:00:00,Upper_Forest_Soilwater,287.09485617937537
2023-03-31T00:00:00,Upper_Forest_Soilwater,287.04830528107675
2023-04-01T00:00:00,Upper_Forest_Soilwater,287.48509125964017
2023-04-02T00:00:00,Upper_Forest_Soilwater,288.3424216237893
2023-04-03T00:00:00,Upper_Forest_Soilwater,289.1303373234011
2023-04-04T00:00:00,Upper_Forest_Soilwater,289.47978375760897
2023-04-05T00:00:00,Upper_Forest_Soilwater,290.4909525710359
2023-04-06T00:00:00,Upper_Forest_Soilwater,291.5718200828885
2023-04-07T00:00:00,Upper_Forest_Soilwater,292.8590268954392
2023-04-08T00:00:00,Upper_Forest_Soilwater,294.2000182702777
2023-04-09T00:00:00,Upper_Forest_Soilwater,295.6791517788299
2023-04-10T00:00:00,Upper_Forest_Soilwater,296.93377430391797
2023-04-11T00:00:00,Upper_Forest_Soilwater,298.17987244584526
2023-04-12T00:00:00,Upper_Forest_Soilwater,299.00432202548285
2023-04-13T00:00:00,Upper_Forest_Soilwater,299.01449993894414
2023-04-14T00:00:00,Upper_Forest_Soilwater,299.1024633597181
2023-04-15T00:00:00,Upper_Forest_Soilwater,300.086137515573
2023-04-16T00:00:00,Upper_Forest_Soilwater,300.9602010066597
2023-04-17T00:00:00,Upper_Forest_Soilwater,301.80788962437333
2023-04-18T00:00:00,Upper_Forest_Soilwater,302.30225610847765
2023-04-19T00:00:00,Upper_Forest_Soilwater,302.4977119995173
2023-04-20T00:00:00,Upper_Forest_Soilwater,302.7219613512643
2023-04-21T00:00:00,Upper_Forest_Soilwater,302.8717181126667
2023-04-22T00:00:00,Upper_Forest_Soilwater,303.478686308276
2023-04-23T00:00:00,Upper_Forest_Soilwater,304.05074368363677
2023-04-24T00:00:00,Upper_Forest_Soilwater,304.1071227208426
2023-04-25T00:00:00,Upper_Forest_Soilwater,304.502462513771
2023-04-26T00:00:00,Upper_Forest_Soilwater,304.6411943209052
2023-04-27T00:00:00,Upper_Forest_Soilwater,304.81446394147486
2023-04-28T00:00:00,Upper_Forest_Soilwater,304.63023089472154
2023-04-29T00:00:00,Upper_Forest_Soilwater,304.4113718179042
2023-04-30T00:00:00,Upper_Forest_Soilwater,304.19114864750304
2023-05-01T00:00:00,Upper_Forest_Soilwater,304.1738099930031
2023-05-02T00:00:00,Upper_Forest_Soilwater,304.1810131829281
2023-05-03T00:00:00,Upper_Forest_Soilwater,304.14503763493803
2023-05-04T00:00:00,Upper_Forest_Soilwater,304.0744470647167
2023-05-05T00:00:00,Upper_Forest_Soilwater,303.9765242321903
2023-05-06T00:00:00,Upper_Forest_Soilwater,303.857441495522
2023-05-07T00:00:00,Upper_Forest_Soilwater,303.7224100638654
2023-05-08T00:00:00,Upper_Forest_Soilwater,303.575810503585
2023-05-09T00:00:00,Upper_Forest_Soilwater,303.42130675472197
2023-05-10T00:00:00,Upper_Forest_Soilwater,303.2619456505957
2023-05-11T00:00:00,Upper_Forest_Soilwater,303.17224369974747
2023-05-12T00:00:00,Upper_Forest_Soilwater,303.0678626825629
2023-05-13T00:00:00,Upper_Forest_Soilwater,302.95263543181784
2023-05-14T00:00:00,Upper_Forest_Soilwater,302.6664790043961
2023-05-15T00:00:00,Upper_Forest_Soilwater,302.3333779081405
2023-05-16T00:00:00,Upper_Forest_Soilwater,302.31168664109214
2023-05-17T00:00:00,Upper_Forest_Soilwater,302.41442384837205
2023-05-18T00:00:00,Upper_Forest_Soilwater,302.61801514778506
2023-05-19T00:00:00,Upper_Forest_Soilwater,303.14878394883175
2023-05-20T00:00:00,Upper_Forest_Soilwater,303.3605948381912
2023-05-21T00:00:00,Upper_Forest_Soilwater,303.9499093101905
2023-05-22T00:00:00,Upper_Forest_Soilwater,303.90647813940797
2023-05-23T00:00:00,Upper_Forest_Soilwater,304.2076997096801
2023-05-24T00:00:00,Upper_Forest_Soilwater,303.92672258450375
2023-05-25T00:00:00,Upper_Forest_Soilwater,304.9374030872658
2023-05-26T00:00:00,Upper_Forest_Soilwater,305.4535714636304
2023-05-27T00:00:00,Upper_Forest_Soilwater,305.6748313338494
2023-05-28T00:00:00,Upper_Forest_Soilwater,305.93027311538833
2023-05-29T00:00:00,Upper_Forest_Soilwater,306.420799827281
2023-05-30T00:00:00,Upper_Forest_Soilwater,307.16302246564123
2023-05-31T00:00:00,Upper_Forest_Soilwater,306.82245817805665
2023-06-01T00:00:00,Upper_Forest_Soilwater,306.43288692333255
2023-06-02T00:00:00,Upper_Forest_Soilwater,305.8733797377727
2023-06-03T00:00:00,Upper_Forest_Soilwater,305.2669667200915
2023-06-04T00:00:00,Upper_Forest_Soilwater,305.0613585085688
2023-06-05T00:00:00,Upper_Forest_Soilwater,305.2501094721497
2023-06-06T00:00:00,Upper_Forest_Soilwater,305.4298118579287
2023-06-07T00:00:00,Upper_Forest_Soilwater,305.5047430718305
2023-06-08T00:00:00,Upper_Forest_Soilwater,305.21295792437263
2023-06-09T00:00:00,Upper_Forest_Soilwater,304.65621037568803
2023-06-10T00:00:00,Upper_Forest_Soilwater,303.69212275749663
2023-06-11T00:00:00,Upper_Forest_Soilwater,302.57685855918663
2023-06-12T00:00:00,Upper_Forest_Soilwater,301.68038517296367
2023-06-13T00:00:00,Upper_Forest_Soilwater,300.5536922783934
2023-06-14T00:00:00,Upper_Forest_Soilwater,298.47675746923767
2023-06-15T00:00:00,Upper_Forest_Soilwater,298.0143799096864
2023-06-16T00:00:00,Upper_Forest_Soilwater,297.2903103924606
2023-06-17T00:00:00,Upper_Forest_Soilwater,296.36176751871903
2023-06-18T00:00:00,Upper_Forest_Soilwater,295.37456110574465
2023-06-19T00:00:00,Upper_Forest_Soilwater,294.4461079555587
2023-06-20T00:00:00,Upper_Forest_Soilwater,293.76683457530714
2023-06-21T00:00:00,Upper_Forest_Soilwater,293.18097871473185
2023-06-22T00:00:00,Upper_Forest_Soilwater,291.72114395809365
2023-06-23T00:00:00,Upper_Forest_Soilwater,290.17760781853076
2023-06-24T00:00:00,Upper_Forest_Soilwater,288.78885422251057
2023-06-25T00:00:00,Upper_Forest_Soilwater,287.44287185564133
2023-06-26T00:00:00,Upper_Forest_Soilwater,286.34701170940303
2023-06-27T00:00:00,Upper_Forest_Soilwater,285.0749169407454
2023-06-28T00:00:00,Upper_Forest_Soilwater,283.37950593203936
2023-06-29T00:00:00,Upper_Forest_Soilwater,282.5020863107434
2023-06-30T00:00:00,Upper_Forest_Soilwater,281.9752289888362
2023-07-01T00:00:00,Upper_Forest_Soilwater,281.87475601472227
2023-07-02T00:00:00,Upper_Forest_Soilwater,282.0573970535733
2023-07-03T00:00:00,Upper_Forest_Soilwater,282.19897056809594
2023-07-04T00:00:00,Upper_Forest_Soilwater,282.2243109876383
2023-07-05T00:00:00,Upper_Forest_Soilwater,282.1880027958031
2023-07-06T00:00:00,Upper_Forest_Soilwater,281.88331473721246
2023-07-07T00:00:00,Upper_Forest_Soilwater,281.77094364014744
2023-07-08T00:00:00,Upper_Forest_Soilwater,282.0312718377121
2023-07-09T00:00:00,Upper_Forest_Soilwater,282.30887227940167
2023-07-10T00:00:00,Upper_Forest_Soilwater,282.3399775431172
2023-07-11T00:00:00,Upper_Forest_Soilwater,282.1537951993788
2023-07-12T00:00:00,Upper_Forest_Soilwater,282.0417545695549
2023-07-13T00:00:00,Upper_Forest_Soilwater,281.5769710201636
2023-07-14T00:00:00,Upper_Forest_Soilwater,280.8549928517763
2023-07-15T00:00:00,Upper_Forest_Soilwater,281.4487598702966
2023-07-16T00:00:00,Upper_Forest_Soilwater,282.05076794418375
2023-07-17T00:00:00,Upper_Forest_Soilwater,282.35274346065654
2023-07-18T00:00:00,Upper_Forest_Soilwater,282.4784962332691
2023-07-19T00:00:00,Upper_Forest_Soilwater,282.81607631346594
2023-07-20T00:00:00,Upper_Forest_Soilwater,282.92351966072164
2023-07-21T00:00:00,Upper_Forest_Soilwater,282.72268729880955
2023-07-22T00:00:00,Upper_Forest_Soilwater,283.70900230576336
2023-07-23T00:00:00,Upper_Forest_Soilwater,284.2065308045842
2023-07-24T00:00:00,Upper_Forest_Soilwater,284.4514721945227
2023-07-25T00:00:00,Upper_Forest_Soilwater,284.36553236258544
2023-07-26T00:00:00,Upper_Forest_Soilwater,284.07446240689734
2023-07-27T00:00:00,Upper_Forest_Soilwater,283.700718751419
2023-07-28T00:00:00,Upper_Forest_Soilwater,283.4856290905653
2023-07-29T00:00:00,Upper_Forest_Soilwater,282.869849843214
2023-07-30T00:00:00,Upper_Forest_Soilwater,282.0398529099214
2023-07-31T00:00:00,Upper_Forest_Soilwater,281.3197308442811
2023-08-01T00:00:00,Upper_Forest_Soilwater,280.6467873240481
2023-08-02T00:00:00,Upper_Forest_Soilwater,279.8648872810219
2023-08-03T00:00:00,Upper_Forest_Soilwater,278.60982518010627
2023-08-04T00:00:00,Upper_Forest_Soilwater,277.7363343485265
2023-08-05T00:00:00,Upper_Forest_Soilwater,276.9193524401233
2023-08-06T00:00:00,Upper_Forest_Soilwater,275.8994222830965
2023-08-07T00:00:00,Upper_Forest_Soilwater,274.9831482221509
2023-08-08T00:00:00,Upper_Forest_Soilwater,274.0256057625386
2023-08-09T00:00:00,Upper_Forest_Soilwater,272.9641656271819
2023-08-10T00:00:00,Upper_Forest_Soilwater,272.3941941328254
2023-08-11T00:00:00,Upper_Forest_Soilwater,271.9467681459234
2023-08-12T00:00:00,Upper_Forest_Soilwater,271.46176014175205
2023-08-13T00:00:00,Upper_Forest_Soilwater,271.6827476852302
2023-08-14T00:00:00,Upper_Forest_Soilwater,271.6398981857877
2023-08-15T00:00:00,Upper_Forest_Soilwater,271.3080819034966
2023-08-16T00:00:00,Upper_Forest_Soilwater,270.65027769366736
2023-08-17T00:00:00,Upper_Forest_Soilwater,270.2510143248684
2023-08-18T00:00:00,Upper_Forest_Soilwater,269.59532098895824
2023-08-19T00:00:00,Upper_Forest_Soilwater,268.85441099572176
2023-08-20T00:00:00,Upper_Forest_Soilwater,267.98537922999907
2023-08-21T00:00:00,Upper_Forest_Soilwater,266.6392009599371
2023-08-22T00:00:00,Upper_Forest_Soilwater,265.1731413592969
2023-08-23T00:00:00,Upper_Forest_Soilwater,263.6840415552812
2023-08-24T00:00:00,Upper_Forest_Soilwater,262.14713841734806
2023-08-25T00:00:00,Upper_Forest_Soilwater,260.40110037943083
2023-08-26T00:00:00,Upper_Forest_Soilwater,258.71784298535056
2023-08-27T00:00:00,Upper_Forest_Soilwater,257.2207099101197
2023-08-28T00:00:00,Upper_Forest_Soilwater,255.62286336363084
2023-08-29T00:00:00,Upper_Forest_Soilwater,254.357682346416
2023-08-30T00:00:00,Upper_Forest_Soilwater,253.3095095165213
2023-08-31T00:00:00,Upper_Forest_Soilwater,252.3178103193286
2023-09-01T00:00:00,Upper_Forest_Soilwater,252.03295329046946
2023-09-02T00:00:00,Upper_Forest_Soilwater,252.33291234324102
2023-09-03T00:00:00,Upper_Forest_Soilwater,254.011179988304
2023-09-04T00:00:00,Upper_Forest_Soilwater,255.37073977373564
2023-09-05T00:00:00,Upper_Forest_Soilwater,256.47885524627975
2023-09-06T00:00:00,Upper_Forest_Soilwater,257.2440542580739
2023-09-07T00:00:00,Upper_Forest_Soilwater,257.69738018049327
2023-09-08T00:00:00,Upper_Forest_Soilwater,257.82473733308456
2023-09-09T00:00:00,Upper_Forest_Soilwater,257.8376311973576
2023-09-10T00:00:00,Upper_Forest_Soilwater,257.8068921132268
2023-09-11T00:00:00,Upper_Forest_Soilwater,257.796029498297
2023-09-12T00:00:00,Upper_Forest_Soilwater,257.8704697104532
2023-09-13T00:00:00,Upper_Forest_Soilwater,257.836120514087
2023-09-14T00:00:00,Upper_Forest_Soilwater,257.4985407796364
2023-09-15T00:00:00,Upper_Forest_Soilwater,257.08729984239886
2023-09-16T00:00:00,Upper_Forest_Soilwater,256.5273400517649
2023-09-17T00:00:00,Upper_Forest_Soilwater,256.81332520081213
2023-09-18T00:00:00,Upper_Forest_Soilwater,257.990509408403
2023-09-19T00:00:00,Upper_Forest_Soilwater,259.02639363131897
2023-09-20T00:00:00,Upper_Forest_Soilwater,259.6660037658216
2023-09-21T00:00:00,Upper_Forest_Soilwater,260.07124423603995
2023-09-22T00:00:00,Upper_Forest_Soilwater,260.1995575397014
2023-09-23T00:00:00,Upper_Forest_Soilwater,260.2058383152246
2023-09-24T00:00:00,Upper_Forest_Soilwater,260.1404120536634
2023-09-25T00:00:00,Upper_Forest_Soilwater,260.2993211056684
2023-09-26T00:00:00,Upper_Forest_Soilwater,261.290395759707
2023-09-27T00:00:00,Upper_Forest_Soilwater,261.9399543378462
2023-09-28T00:00:00,Upper_Forest_Soilwater,262.4010090458879
2023-09-29T00:00:00,Upper_Forest_Soilwater,262.54272344035303
2023-09-30T00:00:00,Upper_Forest_Soilwater,262.5225963551812
2023-10-01T00:00:00,Upper_Forest_Soilwater,262.1012671620812
2023-10-02T00:00:00,Upper_Forest_Soilwater,261.39258616618076
2023-10-03T00:00:00,Upper_Forest_Soilwater,260.78080116759793
2023-10-04T00:00:00,Upper_Forest_Soilwater,259.8381545272414
2023-10-05T00:00:00,Upper_Forest_Soilwater,258.77561777480497
2023-10-06T00:00:00,Upper_Forest_Soilwater,257.67144062406487
2023-10-07T00:00:00,Upper_Forest_Soilwater,256.3323924400778
2023-10-08T00:00:00,Upper_Forest_Soilwater,254.67404266939948
2023-10-09T00:00:00,Upper_Forest_Soilwater,253.76254841655353
2023-10-10T00:00:00,Upper_Forest_Soilwater,252.71603229494778
2023-10-11T00:00:00,Upper_Forest_Soilwater,252.37056998854436
2023-10-12T00:00:00,Upper_Forest_Soilwater,251.9154878632547
2023-10-13T00:00:00,Upper_Forest_Soilwater,251.28640479085394
2023-10-14T00:00:00,Upper_Forest_Soilwater,251.1071474205085
2023-10-15T00:00:00,Upper_Forest_Soilwater,251.1357759142056
2023-10-16T00:00:00,Upper_Forest_Soilwater,251.5047760740381
2023-10-17T00:00:00,Upper_Forest_Soilwater,251.5763846731551
2023-10-18T00:00:00,Upper_Forest_Soilwater,251.6449723344136
2023-10-19T00:00:00,Upper_Forest_Soilwater,251.60687495206358
2023-10-20T00:00:00,Upper_Forest_Soilwater,251.27512445101794
2023-10-21T00:00:00,Upper_Forest_Soilwater,251.20193883793348
2023-10-22T00:00:00,Upper_Forest_Soilwater,250.98856953828727
2023-10-23T00:00:00,Upper_Forest_Soilwater,250.53704425858888
2023-10-24T00:00:00,Upper_Forest_Soilwater,249.82873864397013
2023-10-25T00:00:00,Upper_Forest_Soilwater,248.57038826368097
2023-10-26T00:00:00,Upper_Forest_Soilwater,247.1599143689295
2023-10-27T00:00:00,Upper_Forest_Soilwater,245.97820874561495
2023-10-28T00:00:00,Upper_Forest_Soilwater,244.86526708882792
2023-10-29T00:00:00,Upper_Forest_Soilwater,243.3461812121405
2023-10-30T00:00:00,Upper_Forest_Soilwater,242.1117315185157
2023-10-31T00:00:00,Upper_Forest_Soilwater,240.8652474694235
2023-11-01T00:00:00,Upper_Forest_Soilwater,239.89503523192184
2023-11-02T00:00:00,Upper_Forest_Soilwater,238.84590724869372
2023-11-03T00:00:00,Upper_Forest_Soilwater,237.59242319850642
2023-11-04T00:00:00,Upper_Forest_Soilwater,236.22608820713464
2023-11-05T00:00:00,Upper_Forest_Soilwater,234.91502401788836
2023-11-06T00:00:00,Upper_Forest_Soilwater,233.54997941019508
2023-11-07T00:00:00,Upper_Forest_Soilwater,233.73997174232323
2023-11-08T00:00:00,Upper_Forest_Soilwater,234.23144700930155
2023-11-09T00:00:00,Upper_Forest_Soilwater,236.1984408307711
2023-11-10T00:00:00,Upper_Forest_Soilwater,237.85774176246932
2023-11-11T00:00:00,Upper_Forest_Soilwater,239.1244906261458
2023-11-12T00:00:00,Upper_Forest_Soilwater,240.0825790392753
2023-11-13T00:00:00,Upper_Forest_Soilwater,240.54448557726016
2023-11-14T00:00:00,Upper_Forest_Soilwater,240.75579013047434
2023-11-15T00:00:00,Upper_Forest_Soilwater,240.81844786936531
2023-11-16T00:00:00,Upper_Forest_Soilwater,240.48836497087814
2023-11-17T00:00:00,Upper_Forest_Soilwater,240.10515872699835
2023-11-18T00:00:00,Upper_Forest_Soilwater,239.43879731159018
2023-11-19T00:00:00,Upper_Forest_Soilwater,239.00151353749402
2023-11-20T00:00:00,Upper_Forest_Soilwater,238.17972249995648
2023-11-21T00:00:00,Upper_Forest_Soilwater,237.49452605817427
2023-11-22T00:00:00,Upper_Forest_Soilwater,236.71199945163045
2023-11-23T00:00:00,Upper_Forest_Soilwater,237.330234846888
2023-11-24T00:00:00,Upper_Forest_Soilwater,238.22467067591188
2023-11-25T00:00:00,Upper_Forest_Soilwater,239.01599783323266
2023-11-26T00:00:00,Upper_Forest_Soilwater,239.66704915819807
2023-11-27T00:00:00,Upper_Forest_Soilwater,241.00359112518956
2023-11-28T00:00:00,Upper_Forest_Soilwater,242.29368891040033
2023-11-29T00:00:00,Upper_Forest_Soilwater,243.45985645074296
2023-11-30T00:00:00,Upper_Forest_Soilwater,243.8330180605109
2023-12-01T00:00:00,Upper_Forest_Soilwater,244.354775201777
2023-12-02T00:00:00,Upper_Forest_Soilwater,247.02876894146596
2023-12-03T00:00:00,Upper_Forest_Soilwater,249.86706948089554
2023-12-04T00:00:00,Upper_Forest_Soilwater,252.155643654191
2023-12-05T00:00:00,Upper_Forest_Soilwater,253.78482886667965
2023-12-06T00:00:00,Upper_Forest_Soilwater,255.17832435166002
2023-12-07T00:00:00,Upper_Forest_Soilwater,256.2253611005298
2023-12-08T00:00:00,Upper_Forest_Soilwater,257.4255187909683
2023-12-09T00:00:00,Upper_Forest_Soilwater,258.3165127970491
2023-12-10T00:00:00,Upper_Forest_Soilwater,258.9405615299175
2023-12-11T00:00:00,Upper_Forest_Soilwater,259.50367172916725
2023-12-12T00:00:00,Upper_Forest_Soilwater,259.2041973076821
2023-12-13T00:00:00,Upper_Forest_Soilwater,258.65455296441087
2023-12-14T00:00:00,Upper_Forest_Soilwater,258.41447516529774
2023-12-15T00:00:00,Upper_Forest_Soilwater,258.1528436157251
2023-12-16T00:00:00,Upper_Forest_Soilwater,258.2147293318097
2023-12-17T00:00:00,Upper_Forest_Soilwater,257.93705466818653
2023-12-18T00:00:00,Upper_Forest_Soilwater,257.4242420869225
2023-12-19T00:00:00,Upper_Forest_Soilwater,256.77019473928254
2023-12-20T00:00:00,Upper_Forest_Soilwater,256.8351249350297
2023-12-21T00:00:00,Upper_Forest_Soilwater,256.8976885597315
2023-12-22T00:00:00,Upper_Forest_Soilwater,256.9354831353912
2023-12-23T00:00:00,Upper_Forest_Soilwater,258.0424386820139
2023-12-24T00:00:00,Upper_Forest_Soilwater,259.0389726663469
2023-12-25T00:00:00,Upper_Forest_Soilwater,259.73509472603894
2023-12-26T00:00:00,Upper_Forest_Soilwater,260.48328987785817
2023-12-27T00:00:00,Upper_Forest_Soilwater,261.1431107280879
2023-12-28T00:00:00,Upper_Forest_Soilwater,262.3338721091403
2023-12-29T00:00:00,Upper_Forest_Soilwater,263.24130594224084
2023-12-30T00:00:00,Upper_Forest_Soilwater,264.2809236019758
2023-12-31T00:00:00,Upper_Forest_Soilwater,265.22498186352243
2024-01-01T00:00:00,Upper_Forest_Soilwater,266.1020253701388
2024-01-02T00:00:00,Upper_Forest_Soilwater,266.66116679630323
2024-01-03T00:00:00,Upper_Forest_Soilwater,266.9719188662864
2024-01-04T00:00:00,Upper_Forest_Soilwater,267.52209842832036
2024-01-05T00:00:00,Upper_Forest_Soilwater,268.22293779665017
2024-01-06T00:00:00,Upper_Forest_Soilwater,268.90816389206134
2024-01-07T00:00:00,Upper_Forest_Soilwater,269.4029213955965
2024-01-08T00:00:00,Upper_Forest_Soilwater,269.55216421726857
2024-01-09T00:00:00,Upper_Forest_Soilwater,269.5768961348413
2024-01-10T00:00:00,Upper_Forest_Soilwater,269.67216035380034
2024-01-11T00:00:00,Upper_Forest_Soilwater,269.830162430039
2024-01-12T00:00:00,Upper_Forest_Soilwater,269.83149145162025
2024-01-13T00:00:00,Upper_Forest_Soilwater,269.977233456802
2024-01-14T00:00:00,Upper_Forest_Soilwater,269.83469845625507
2024-01-15T00:00:00,Upper_Forest_Soilwater,269.6920752917721
2024-01-16T00:00:00,Upper_Forest_Soilwater,270.53105233726404
2024-01-17T00:00:00,Upper_Forest_Soilwater,271.2290323777127
2024-01-18T00:00:00,Upper_Forest_Soilwater,271.5443445982369
2024-01-19T00:00:00,Upper_Forest_Soilwater,272.0447732110765
2024-01-20T00:00:00,Upper_Forest_Soilwater,272.2971007809691
2024-01-21T00:00:00,Upper_Forest_Soilwater,273.5619974256361
2024-01-22T00:00:00,Upper_Forest_Soilwater,274.6523901645787
2024-01-23T00:00:00,Upper_Forest_Soilwater,275.9152881704183
2024-01-24T00:00:00,Upper_Forest_Soilwater,276.9529941165335
2024-01-25T00:00:00,Upper_Forest_Soilwater,277.6624076534981
2024-01-26T00:00:00,Upper_Forest_Soilwater,278.658097811428
2024-01-27T00:00:00,Upper_Forest_Soilwater,279.45913813627413
2024-01-28T00:00:00,Upper_Forest_Soilwater,280.3289149649074
2024-01-29T00:00:00,Upper_Forest_Soilwater,281.3310943392204
2024-01-30T00:00:00,Upper_Forest_Soilwater,281.8699280886602
2024-01-31T00:00:00,Upper_Forest_Soilwater,282.2819254638371
2024-02-01T00:00:00,Upper_Forest_Soilwater,282.70610809315184
2024-02-02T00:00:00,Upper_Forest_Soilwater,282.5810094219087
2024-02-03T00:00:00,Upper_Forest_Soilwater,282.2427885633229
2024-02-04T00:00:00,Upper_Forest_Soilwater,282.1461101724209
2024-02-05T00:00:00,Upper_Forest_Soilwater,282.2050191370628
2024-02-06T00:00:00,Upper_Forest_Soilwater,282.13245503892136
2024-02-07T00:00:00,Upper_Forest_Soilwater,282.16388613779515
2024-02-08T00:00:00,Upper_Forest_Soilwater,281.97549684392726
2024-02-09T00:00:00,Upper_Forest_Soilwater,281.91948894604343
2024-02-10T00:00:00,Upper_Forest_Soilwater,282.08470207161974
2024-02-11T00:00:00,Upper_Forest_Soilwater,281.3653432583184
2024-02-12T00:00:00,Upper_Forest_Soilwater,280.4977992124773
2024-02-13T00:00:00,Upper_Forest_Soilwater,279.9353234466537
2024-02-14T00:00:00,Upper_Forest_Soilwater,279.72622730513166
2024-02-15T00:00:00,Upper_Forest_Soilwater,278.74325468991384
2024-02-16T00:00:00,Upper_Forest_Soilwater,277.9949660063164
2024-02-17T00:00:00,Upper_Forest_Soilwater,277.193882964954
2024-02-18T00:00:00,Upper_Forest_Soilwater,276.3922881747024
2024-02-19T00:00:00,Upper_Forest_Soilwater,275.68666257158407
2024-02-20T00:00:00,Upper_Forest_Soilwater,275.01142406832446
2024-02-21T00:00:00,Upper_Forest_Soilwater,274.1314542211008
2024-02-22T00:00:00,Upper_Forest_Soilwater,273.1327279808919
2024-02-23T00:00:00,Upper_Forest_Soilwater,272.14420214192376
2024-02-24T00:00:00,Upper_Forest_Soilwater,271.1349925597189
2024-02-25T00:00:00,Upper_Forest_Soilwater,270.3510112591105
2024-02-26T00:00:00,Upper_Forest_Soilwater,269.9556765827403
2024-02-27T00:00:00,Upper_Forest_Soilwater,269.3963186826464
2024-02-28T00:00:00,Upper_Forest_Soilwater,269.9002817715602
2024-02-29T00:00:00,Upper_Forest_Soilwater,270.94657314418447
2024-03-01T00:00:00,Upper_Forest_Soilwater,272.2039692265247
2024-03-02T00:00:00,Upper_Forest_Soilwater,273.638435757638
2024-03-03T00:00:00,Upper_Forest_Soilwater,275.12209809493015
2024-03-04T00:00:00,Upper_Forest_Soilwater,276.4573941984931
2024-03-05T00:00:00,Upper_Forest_Soilwater,277.65916069169975
2024-03-06T00:00:00,Upper_Forest_Soilwater,279.17275053558575
2024-03-07T00:00:00,Upper_Forest_Soilwater,280.9381743791503
2024-03-08T00:00:00,Upper_Forest_Soilwater,282.3223751303602
2024-03-09T00:00:00,Upper_Forest_Soilwater,283.9304221265531
2024-03-10T00:00:00,Upper_Forest_Soilwater,285.3776644231267
2024-03-11T00:00:00,Upper_Forest_Soilwater,286.83218249004295
2024-03-12T00:00:00,Upper_Forest_Soilwater,288.14124875026755
2024-03-13T00:00:00,Upper_Forest_Soilwater,289.5472949371833
2024-03-14T00:00:00,Upper_Forest_Soilwater,290.9676386079653
2024-03-15T00:00:00,Upper_Forest_Soilwater,292.245947911669
2024-03-16T00:00:00,Upper_Forest_Soilwater,293.4764262850024
2024-03-17T00:00:00,Upper_Forest_Soilwater,294.29563381451237
2024-03-18T00:00:00,Upper_Forest_Soilwater,294.9271162158102
2024-03-19T00:00:00,Upper_Forest_Soilwater,295.57844417534756
2024-03-20T00:00:00,Upper_Forest_Soilwater,296.471246582324
2024-03-21T00:00:00,Upper_Forest_Soilwater,297.34630872313153
2024-03-22T00:00:00,Upper_Forest_Soilwater,298.1790905537949
2024-03-23T00:00:00,Upper_Forest_Soilwater,299.10560774311637
2024-03-24T00:00:00,Upper_Forest_Soilwater,299.8573655721986
2024-03-25T00:00:00,Upper_Forest_Soilwater,300.63429579008937
2024-03-26T00:00:00,Upper_Forest_Soilwater,301.37934950868
2024-03-27T00:00:00,Upper_Forest_Soilwater,302.1600367256516
2024-03-28T00:00:00,Upper_Forest_Soilwater,302.69543780414205
2024-03-29T00:00:00,Upper_Forest_Soilwater,303.0788302996779
2024-03-30T00:00:00,Upper_Forest_Soilwater,303.77032911806526
2024-03-31T00:00:00,Upper_Forest_Soilwater,304.0116950697783
2024-04-01T00:00:00,Upper_Forest_Soilwater,303.8401757399681
2024-04-02T00:00:00,Upper_Forest_Soilwater,303.8769569254222
2024-04-03T00:00:00,Upper_Forest_Soilwater,303.6020409163857
2024-04-04T00:00:00,Upper_Forest_Soilwater,303.59644733990234
2024-04-05T00:00:00,Upper_Forest_Soilwater,303.72886726955176
2024-04-06T00:00:00,Upper_Forest_Soilwater,303.4500851398723
2024-04-07T00:00:00,Upper_Forest_Soilwater,303.7216491634332
2024-04-08T00:00:00,Upper_Forest_Soilwater,303.84491313088324
2024-04-09T00:00:00,Upper_Forest_Soilwater,303.9968262132089
2024-04-10T00:00:00,Upper_Forest_Soilwater,303.91544514776064
2024-04-11T00:00:00,Upper_Forest_Soilwater,303.8675256332699
2024-04-12T00:00:00,Upper_Forest_Soilwater,303.99738117019973
2024-04-13T00:00:00,Upper_Forest_Soilwater,304.11041274341085
2024-04-14T00:00:00,Upper_Forest_Soilwater,304.3801473902778
2024-04-15T00:00:00,Upper_Forest_Soilwater,304.5653285803372
2024-04-16T00:00:00,Upper_Forest_Soilwater,304.741672058482
2024-04-17T00:00:00,Upper_Forest_Soilwater,305.1847095551944
2024-04-18T00:00:00,Upper_Forest_Soilwater,305.4380684319795
2024-04-19T00:00:00,Upper_Forest_Soilwater,305.64722843785563
2024-04-20T00:00:00,Upper_Forest_Soilwater,305.8021661582368
2024-04-21T00:00:00,Upper_Forest_Soilwater,305.92724405016315
2024-04-22T00:00:00,Upper_Forest_Soilwater,305.96928470212185
2024-04-23T00:00:00,Upper_Forest_Soilwater,305.9436447831872
2024-04-24T00:00:00,Upper_Forest_Soilwater,305.86344000101826
2024-04-25T00:00:00,Upper_Forest_Soilwater,305.7398397274512
2024-04-26T00:00:00,Upper_Forest_Soilwater,305.58232510858744
2024-04-27T00:00:00,Upper_Forest_Soilwater,305.3989150162219
2024-04-28T00:00:00,Upper_Forest_Soilwater,305.19636369124356
2024-04-29T00:00:00,Upper_Forest_Soilwater,304.92878148109867
2024-04-30T00:00:00,Upper_Forest_Soilwater,304.04689287607033
2024-05-01T00:00:00,Upper_Forest_Soilwater,303.2232765772367
2024-05-02T00:00:00,Upper_Forest_Soilwater,302.43423140940905
2024-05-03T00:00:00,Upper_Forest_Soilwater,301.86407450937463
2024-05-04T00:00:00,Upper_Forest_Soilwater,301.92714907525294
2024-05-05T00:00:00,Upper_Forest_Soilwater,302.0744415828618
2024-05-06T00:00:00,Upper_Forest_Soilwater,302.14967609819644
2024-05-07T00:00:00,Upper_Forest_Soilwater,301.9009464946355
2024-05-08T00:00:00,Upper_Forest_Soilwater,301.5956932508048
2024-05-09T00:00:00,Upper_Forest_Soilwater,302.01610679079386
2024-05-10T00:00:00,Upper_Forest_Soilwater,302.36967269027707
2024-05-11T00:00:00,Upper_Forest_Soilwater,302.8523819419557
2024-05-12T00:00:00,Upper_Forest_Soilwater,303.4003102163958
2024-05-13T00:00:00,Upper_Forest_Soilwater,304.08010021652836
2024-05-14T00:00:00,Upper_Forest_Soilwater,304.76820111447046
2024-05-15T00:00:00,Upper_Forest_Soilwater,305.1073560306588
2024-05-16T00:00:00,Upper_Forest_Soilwater,305.60330195246485
2024-05-17T00:00:00,Upper_Forest_Soilwater,305.5454107296031
2024-05-18T00:00:00,Upper_Forest_Soilwater,305.362583131789
2024-05-19T00:00:00,Upper_Forest_Soilwater,305.0313965462417
2024-05-20T00:00:00,Upper_Forest_Soilwater,304.75505664648597
2024-05-21T00:00:00,Upper_Forest_Soilwater,304.63671396121896
2024-05-22T00:00:00,Upper_Forest_Soilwater,304.4618300465405
2024-05-23T00:00:00,Upper_Forest_Soilwater,304.3607029751856
2024-05-24T00:00:00,Upper_Forest_Soilwater,304.5081206176362
2024-05-25T00:00:00,Upper_Forest_Soilwater,304.54745570184485
2024-05-26T00:00:00,Upper_Forest_Soilwater,304.4953513630354
2024-05-27T00:00:00,Upper_Forest_Soilwater,304.47117893496943
2024-05-28T00:00:00,Upper_Forest_Soilwater,304.40688747888623
2024-05-29T00:00:00,Upper_Forest_Soilwater,304.20576652466997
2024-05-30T00:00:00,Upper_Forest_Soilwater,303.33711928650814
2024-05-31T00:00:00,Upper_Forest_Soilwater,302.62930383073194
2024-06-01T00:00:00,Upper_Forest_Soilwater,301.9060418732459
2024-06-02T00:00:00,Upper_Forest_Soilwater,301.46326886894974
2024-06-03T00:00:00,Upper_Forest_Soilwater,301.0888236467804
2024-06-04T00:00:00,Upper_Forest_Soilwater,300.5331899803554
2024-06-05T00:00:00,Upper_Forest_Soilwater,299.03752522375714
2024-06-06T00:00:00,Upper_Forest_Soilwater,298.2729211105488
2024-06-07T00:00:00,Upper_Forest_Soilwater,298.2926589552601
2024-06-08T00:00:00,Upper_Forest_Soilwater,298.42614228028657
2024-06-09T00:00:00,Upper_Forest_Soilwater,298.5462772728104
2024-06-10T00:00:00,Upper_Forest_Soilwater,298.65439876608184
2024-06-11T00:00:00,Upper_Forest_Soilwater,298.75170811002613
2024-06-12T00:00:00,Upper_Forest_Soilwater,298.7233234476778
2024-06-13T00:00:00,Upper_Forest_Soilwater,298.8021440162727
2024-06-14T00:00:00,Upper_Forest_Soilwater,298.87308252800807
2024-06-15T00:00:00,Upper_Forest_Soilwater,298.93692718856994
2024-06-16T00:00:00,Upper_Forest_Soilwater,298.9943873830756
2024-06-17T00:00:00,Upper_Forest_Soilwater,298.7752396231304
2024-06-18T00:00:00,Upper_Forest_Soilwater,298.82178238068
2024-06-19T00:00:00,Upper_Forest_Soilwater,298.86367086247463
2024-06-20T00:00:00,Upper_Forest_Soilwater,298.9013704960898
2024-06-21T00:00:00,Upper_Forest_Soilwater,298.93530016634344
2024-06-22T00:00:00,Upper_Forest_Soilwater,298.9658368695717
2024-06-23T00:00:00,Upper_Forest_Soilwater,298.9933199024772
2024-06-24T00:00:00,Upper_Forest_Soilwater,298.96646915233146
2024-06-25T00:00:00,Upper_Forest_Soilwater,298.7179465446443
2024-06-26T00:00:00,Upper_Forest_Soilwater,298.3130003756172
2024-06-27T00:00:00,Upper_Forest_Soilwater,297.8812172129452
2024-06-28T00:00:00,Upper_Forest_Soilwater,297.3588479809127
2024-06-29T00:00:00,Upper_Forest_Soilwater,297.0281289969995
2024-06-30T00:00:00,Upper_Forest_Soilwater,296.5177747895542
2024-07-01T00:00:00,Upper_Forest_Soilwater,296.12208154443067
2024-07-02T00:00:00,Upper_Forest_Soilwater,295.73873760839365
2024-07-03T00:00:00,Upper_Forest_Soilwater,295.2028872296147
2024-07-04T00:00:00,Upper_Forest_Soilwater,294.439879633119
2024-07-05T00:00:00,Upper_Forest_Soilwater,293.65382860107786
2024-07-06T00:00:00,Upper_Forest_Soilwater,292.95805805593324
2024-07-07T00:00:00,Upper_Forest_Soilwater,292.3641489927341
2024-07-08T00:00:00,Upper_Forest_Soilwater,291.6717359480165
2024-07-09T00:00:00,Upper_Forest_Soilwater,291.2296849037187
2024-07-10T00:00:00,Upper_Forest_Soilwater,290.726197095036
2024-07-11T00:00:00,Upper_Forest_Soilwater,290.1617932065696
2024-07-12T00:00:00,Upper_Forest_Soilwater,289.35220592176967
2024-07-13T00:00:00,Upper_Forest_Soilwater,289.4717962217325
2024-07-14T00:00:00,Upper_Forest_Soilwater,289.822644418446
2024-07-15T00:00:00,Upper_Forest_Soilwater,289.76632943696063
2024-07-16T00:00:00,Upper_Forest_Soilwater,289.6703889198855
2024-07-17T00:00:00,Upper_Forest_Soilwater,289.8722497979985
2024-07-18T00:00:00,Upper_Forest_Soilwater,289.5642299930224
2024-07-19T00:00:00,Upper_Forest_Soilwater,289.85894777480286
2024-07-20T00:00:00,Upper_Forest_Soilwater,290.2151576521301
2024-07-21T00:00:00,Upper_Forest_Soilwater,290.5084328124169
2024-07-22T00:00:00,Upper_Forest_Soilwater,290.5463552170744
2024-07-23T00:00:00,Upper_Forest_Soilwater,290.7709856860752
2024-07-24T00:00:00,Upper_Forest_Soilwater,290.5182437385644
2024-07-25T00:00:00,Upper_Forest_Soilwater,290.2055356016576
2024-07-26T00:00:00,Upper_Forest_Soilwater,289.62353943432777
2024-07-27T00:00:00,Upper_Forest_Soilwater,289.10899080861117
2024-07-28T00:00:00,Upper_Forest_Soilwater,288.6096764396036
2024-07-29T00:00:00,Upper_Forest_Soilwater,288.0611073954739
2024-07-30T00:00:00,Upper_Forest_Soilwater,287.2154689419548
2024-07-31T00:00:00,Upper_Forest_Soilwater,286.26773630406876
2024-08-01T00:00:00,Upper_Forest_Soilwater,285.40805000954185
2024-08-02T00:00:00,Upper_Forest_Soilwater,284.41183215450184
2024-08-03T00:00:00,Upper_Forest_Soilwater,283.39481321107183
2024-08-04T00:00:00,Upper_Forest_Soilwater,281.87379192197307
2024-08-05T00:00:00,Upper_Forest_Soilwater,280.3025183274007
2024-08-06T00:00:00,Upper_Forest_Soilwater,278.61598551309856
2024-08-07T00:00:00,Upper_Forest_Soilwater,276.62395855147423
2024-08-08T00:00:00,Upper_Forest_Soilwater,274.9335916302956
2024-08-09T00:00:00,Upper_Forest_Soilwater,273.43410679714015
2024-08-10T00:00:00,Upper_Forest_Soilwater,271.85255786573276
2024-08-11T00:00:00,Upper_Forest_Soilwater,270.49410521740344
2024-08-12T00:00:00,Upper_Forest_Soilwater,269.13635325612586
2024-08-13T00:00:00,Upper_Forest_Soilwater,267.77347449384285
2024-08-14T00:00:00,Upper_Forest_Soilwater,266.84133834181165
2024-08-15T00:00:00,Upper_Forest_Soilwater,265.81528390034754
2024-08-16T00:00:00,Upper_Forest_Soilwater,264.3254592378844
2024-08-17T00:00:00,Upper_Forest_Soilwater,262.4426555908316
2024-08-18T00:00:00,Upper_Forest_Soilwater,260.5751944334621
2024-08-19T00:00:00,Upper_Forest_Soilwater,258.8735200963213
2024-08-20T00:00:00,Upper_Forest_Soilwater,257.17855802091
2024-08-21T00:00:00,Upper_Forest_Soilwater,255.71813493104182
2024-08-22T00:00:00,Upper_Forest_Soilwater,254.44627211040415
2024-08-23T00:00:00,Upper_Forest_Soilwater,253.12121527738668
2024-08-24T00:00:00,Upper_Forest_Soilwater,251.62928452256006
2024-08-25T00:00:00,Upper_Forest_Soilwater,250.0581989229003
2024-08-26T00:00:00,Upper_Forest_Soilwater,248.68946236371931
2024-08-27T00:00:00,Upper_Forest_Soilwater,247.45391213375524
2024-08-28T00:00:00,Upper_Forest_Soilwater,245.92651515950237
2024-08-29T00:00:00,Upper_Forest_Soilwater,244.59133577930913
2024-08-30T00:00:00,Upper_Forest_Soilwater,243.03660320334856
2024-08-31T00:00:00,Upper_Forest_Soilwater,241.48890575216282
2024-09-01T00:00:00,Upper_Forest_Soilwater,240.35500237038363
2024-09-02T00:00:00,Upper_Forest_Soilwater,238.8848468306909
2024-09-03T00:00:00,Upper_Forest_Soilwater,237.5577774083744
2024-09-04T00:00:00,Upper_Forest_Soilwater,236.6969749657934
2024-09-05T00:00:00,Upper_Forest_Soilwater,235.60184071296564
2024-09-06T00:00:00,Upper_Forest_Soilwater,234.21304273303835
2024-09-07T00:00:00,Upper_Forest_Soilwater,232.71025639046522
2024-09-08T00:00:00,Upper_Forest_Soilwater,231.26545352053895
2024-09-09T00:00:00,Upper_Forest_Soilwater,230.69308704969393
2024-09-10T00:00:00,Upper_Forest_Soilwater,230.6721042647818
2024-09-11T00:00:00,Upper_Forest_Soilwater,230.26321452399552
2024-09-12T00:00:00,Upper_Forest_Soilwater,229.5888601593042
2024-09-13T00:00:00,Upper_Forest_Soilwater,229.48979304567965
2024-09-14T00:00:00,Upper_Forest_Soilwater,229.43317559877616
2024-09-15T00:00:00,Upper_Forest_Soilwater,229.47949160700352
2024-09-16T00:00:00,Upper_Forest_Soilwater,229.49902708339712
2024-09-17T00:00:00,Upper_Forest_Soilwater,229.20419057575276
2024-09-18T00:00:00,Upper_Forest_Soilwater,228.8105586074291
2024-09-19T00:00:00,Upper_Forest_Soilwater,228.40505291522666
2024-09-20T00:00:00,Upper_Forest_Soilwater,227.66708231984873
2024-09-21T00:00:00,Upper_Forest_Soilwater,226.8261725614457
2024-09-22T00:00:00,Upper_Forest_Soilwater,225.92916606860518
2024-09-23T00:00:00,Upper_Forest_Soilwater,224.9133314407305
2024-09-24T00:00:00,Upper_Forest_Soilwater,223.75020892792793
2024-09-25T00:00:00,Upper_Forest_Soilwater,223.09419774286204
2024-09-26T00:00:00,Upper_Forest_Soilwater,222.43952552743164
2024-09-27T00:00:00,Upper_Forest_Soilwater,221.6129374317014
2024-09-28T00:00:00,Upper_Forest_Soilwater,220.70826210615587
2024-09-29T00:00:00,Upper_Forest_Soilwater,219.85446166951786
2024-09-30T00:00:00,Upper_Forest_Soilwater,218.94048679853424
2024-10-01T00:00:00,Upper_Forest_Soilwater,217.93624988871863
2024-10-02T00:00:00,Upper_Forest_Soilwater,216.88910589443014
2024-10-03T00:00:00,Upper_Forest_Soilwater,215.7831315661725
2024-10-04T00:00:00,Upper_Forest_Soilwater,214.52730843590504
2024-10-05T00:00:00,Upper_Forest_Soilwater,213.22832286058284
2024-10-06T00:00:00,Upper_Forest_Soilwater,211.86241513159976
2024-10-07T00:00:00,Upper_Forest_Soilwater,210.39228393829995
2024-10-08T00:00:00,Upper_Forest_Soilwater,209.06241249825513
2024-10-09T00:00:00,Upper_Forest_Soilwater,207.73248861441365
2024-10-10T00:00:00,Upper_Forest_Soilwater,207.38250493843788
2024-10-11T00:00:00,Upper_Forest_Soilwater,206.9029991110565
2024-10-12T00:00:00,Upper_Forest_Soilwater,206.25069753877193
2024-10-13T00:00:00,Upper_Forest_Soilwater,205.36230212671322
2024-10-14T00:00:00,Upper_Forest_Soilwater,204.68561653387948
2024-10-15T00:00:00,Upper_Forest_Soilwater,203.86628410872055
2024-10-16T00:00:00,Upper_Forest_Soilwater,202.90095698923565
2024-10-17T00:00:00,Upper_Forest_Soilwater,201.82656623798096
2024-10-18T00:00:00,Upper_Forest_Soilwater,200.61865854651094
2024-10-19T00:00:00,Upper_Forest_Soilwater,199.63377576927675
2024-10-20T00:00:00,Upper_Forest_Soilwater,198.6474310929673
2024-10-21T00:00:00,Upper_Forest_Soilwater,197.54134844470067
2024-10-22T00:00:00,Upper_Forest_Soilwater,196.57668128550054
2024-10-23T00:00:00,Upper_Forest_Soilwater,195.61339693086362
2024-10-24T00:00:00,Upper_Forest_Soilwater,194.36213837322546
2024-10-25T00:00:00,Upper_Forest_Soilwater,193.0878417993434
2024-10-26T00:00:00,Upper_Forest_Soilwater,191.70311533288668
2024-10-27T00:00:00,Upper_Forest_Soilwater,190.3104220885869
2024-10-28T00:00:00,Upper_Forest_Soilwater,189.0495183025533
2024-10-29T00:00:00,Upper_Forest_Soilwater,187.7453162776901
2024-10-30T00:00:00,Upper_Forest_Soilwater,188.30989631842797
2024-10-31T00:00:00,Upper_Forest_Soilwater,189.08062564751825
2024-11-01T00:00:00,Upper_Forest_Soilwater,189.82327013301733
2024-11-02T00:00:00,Upper_Forest_Soilwater,190.1659115125599
2024-11-03T00:00:00,Upper_Forest_Soilwater,190.3804153158722
2024-11-04T00:00:00,Upper_Forest_Soilwater,190.45489229020143
2024-11-05T00:00:00,Upper_Forest_Soilwater,190.39693136324223
2024-11-06T00:00:00,Upper_Forest_Soilwater,190.1765715663128
2024-11-07T00:00:00,Upper_Forest_Soilwater,189.81055998311908
2024-11-08T00:00:00,Upper_Forest_Soilwater,190.95922996243257
2024-11-09T00:00:00,Upper_Forest_Soilwater,191.8130548991482
2024-11-10T00:00:00,Upper_Forest_Soilwater,192.4850580595056
2024-11-11T00:00:00,Upper_Forest_Soilwater,194.00138971949193
2024-11-12T00:00:00,Upper_Forest_Soilwater,195.24878986333272
2024-11-13T00:00:00,Upper_Forest_Soilwater,196.23425896575458
2024-11-14T00:00:00,Upper_Forest_Soilwater,197.24499362819324
2024-11-15T00:00:00,Upper_Forest_Soilwater,197.87650909632285
2024-11-16T00:00:00,Upper_Forest_Soilwater,198.38578109103472
2024-11-17T00:00:00,Upper_Forest_Soilwater,198.609862795088
2024-11-18T00:00:00,Upper_Forest_Soilwater,199.19814198243654
2024-11-19T00:00:00,Upper_Forest_Soilwater,199.6380294051315
2024-11-20T00:00:00,Upper_Forest_Soilwater,199.92630658277054
2024-11-21T00:00:00,Upper_Forest_Soilwater,200.01795833594227
2024-11-22T00:00:00,Upper_Forest_Soilwater,200.0046316725688
2024-11-23T00:00:00,Upper_Forest_Soilwater,200.05351408782795
2024-11-24T00:00:00,Upper_Forest_Soilwater,199.96062714683674
2024-11-25T00:00:00,Upper_Forest_Soilwater,199.70060500282727
2024-11-26T00:00:00,Upper_Forest_Soilwater,199.2346354501587
2024-11-27T00:00:00,Upper_Forest_Soilwater,198.64765094098314
2024-11-28T00:00:00,Upper_Forest_Soilwater,197.97641021693914
2024-11-29T00:00:00,Upper_Forest_Soilwater,197.35166861438248
2024-11-30T00:00:00,Upper_Forest_Soilwater,196.9376828794078
2024-12-01T00:00:00,Upper_Forest_Soilwater,197.02100951369962
2024-12-02T00:00:00,Upper_Forest_Soilwater,197.16932484009956
2024-12-03T00:00:00,Upper_Forest_Soilwater,197.40283114975242
2024-12-04T00:00:00,Upper_Forest_Soilwater,197.45032063275838
2024-12-05T00:00:00,Upper_Forest_Soilwater,197.21225234580325
2024-12-06T00:00:00,Upper_Forest_Soilwater,196.80048021658106
2024-12-07T00:00:00,Upper_Forest_Soilwater,196.29837624193357
2024-12-08T00:00:00,Upper_Forest_Soilwater,195.71683135596513
2024-12-09T00:00:00,Upper_Forest_Soilwater,195.08436672014557
2024-12-10T00:00:00,Upper_Forest_Soilwater,194.4960571757238
2024-12-11T00:00:00,Upper_Forest_Soilwater,193.6796312572296
2024-12-12T00:00:00,Upper_Forest_Soilwater,192.90387309801454
2024-12-13T00:00:00,Upper_Forest_Soilwater,192.19051124504662
2024-12-14T00:00:00,Upper_Forest_Soilwater,191.44010628370296
2024-12-15T00:00:00,Upper_Forest_Soilwater,190.58038456993773
2024-12-16T00:00:00,Upper_Forest_Soilwater,190.30864688498704
2024-12-17T00:00:00,Upper_Forest_Soilwater,190.58035072341642
2024-12-18T00:00:00,Upper_Forest_Soilwater,191.29025513299985
2024-12-19T00:00:00,Upper_Forest_Soilwater,191.79435867799145
2024-12-20T00:00:00,Upper_Forest_Soilwater,192.55439596557312
2024-12-21T00:00:00,Upper_Forest_Soilwater,193.08890622323005
2024-12-22T00:00:00,Upper_Forest_Soilwater,193.40981306685183
2024-12-23T00:00:00,Upper_Forest_Soilwater,193.70583865912977
2024-12-24T00:00:00,Upper_Forest_Soilwater,194.09373540633882
2024-12-25T00:00:00,Upper_Forest_Soilwater,194.4652914623684
2024-12-26T00:00:00,Upper_Forest_Soilwater,194.91474954350485
2024-12-27T00:00:00,Upper_Forest_Soilwater,195.31168893419095
2024-12-28T00:00:00,Upper_Forest_Soilwater,195.63979110445638
2024-12-29T00:00:00,Upper_Forest_Soilwater,195.79838451423655
2024-12-30T00:00:00,Upper_Forest_Soilwater,195.91183953432363
2024-12-31T00:00:00,Upper_Forest_Soilwater,195.87091740700987
2025-01-01T00:00:00,Upper_Forest_Soilwater,196.02957089657897
2025-01-02T00:00:00,Upper_Forest_Soilwater,196.04352362891882
2025-01-03T00:00:00,Upper_Forest_Soilwater,195.92051467138032
2025-01-04T00:00:00,Upper_Forest_Soilwater,195.58038299936456
2025-01-05T00:00:00,Upper_Forest_Soilwater,195.6215838238276
2025-01-06T00:00:00,Upper_Forest_Soilwater,195.61291098215497
2025-01-07T00:00:00,Upper_Forest_Soilwater,195.25228608992396
2025-01-08T00:00:00,Upper_Forest_Soilwater,195.23682338887212
2025-01-09T00:00:00,Upper_Forest_Soilwater,195.2313796811552
2025-01-10T00:00:00,Upper_Forest_Soilwater,195.32246415403165
2025-01-11T00:00:00,Upper_Forest_Soilwater,195.5697373819566
2025-01-12T00:00:00,Upper_Forest_Soilwater,195.68890620871738
2025-01-13T00:00:00,Upper_Forest_Soilwater,195.67720536878377
2025-01-14T00:00:00,Upper_Forest_Soilwater,195.468752609362
2025-01-15T00:00:00,Upper_Forest_Soilwater,195.29081765557888
2025-01-16T00:00:00,Upper_Forest_Soilwater,195.2919484825448
2025-01-17T00:00:00,Upper_Forest_Soilwater,196.11331222165958
2025-01-18T00:00:00,Upper_Forest_Soilwater,197.02378327777458
2025-01-19T00:00:00,Upper_Forest_Soilwater,197.84437196414328
2025-01-20T00:00:00,Upper_Forest_Soilwater,198.6155267476009
2025-01-21T00:00:00,Upper_Forest_Soilwater,199.2474936073391
2025-01-22T00:00:00,Upper_Forest_Soilwater,199.76896446983545
2025-01-23T00:00:00,Upper_Forest_Soilwater,199.958869143362
2025-01-24T00:00:00,Upper_Forest_Soilwater,200.0911926252677
2025-01-25T00:00:00,Upper_Forest_Soilwater,200.56992234806836
2025-01-26T00:00:00,Upper_Forest_Soilwater,200.67120198085073
2025-01-27T00:00:00,Upper_Forest_Soilwater,200.7565606495287
2025-01-28T00:00:00,Upper_Forest_Soilwater,201.94889761132646
2025-01-29T00:00:00,Upper_Forest_Soilwater,202.9740079511304
2025-01-30T00:00:00,Upper_Forest_Soilwater,203.94518797469777
2025-01-31T00:00:00,Upper_Forest_Soilwater,204.90070873098298
2025-02-01T00:00:00,Upper_Forest_Soilwater,205.7412547561853
2025-02-02T00:00:00,Upper_Forest_Soilwater,206.50255942927055
2025-02-03T00:00:00,Upper_Forest_Soilwater,207.8527045204914
2025-02-04T00:00:00,Upper_Forest_Soilwater,209.65916820381707
2025-02-05T00:00:00,Upper_Forest_Soilwater,211.55986529717018
2025-02-06T00:00:00,Upper_Forest_Soilwater,213.33785600253725
2025-02-07T00:00:00,Upper_Forest_Soilwater,215.09110718266157
2025-02-08T00:00:00,Upper_Forest_Soilwater,216.42466230755622
2025-02-09T00:00:00,Upper_Forest_Soilwater,218.4410497668083
2025-02-10T00:00:00,Upper_Forest_Soilwater,220.3502713402644
2025-02-11T00:00:00,Upper_Forest_Soilwater,222.24899947151766
2025-02-12T00:00:00,Upper_Forest_Soilwater,223.7319530270049
2025-02-13T00:00:00,Upper_Forest_Soilwater,225.0595020369881
2025-02-14T00:00:00,Upper_Forest_Soilwater,226.43722315386472
2025-02-15T00:00:00,Upper_Forest_Soilwater,227.48749754054572
2025-02-16T00:00:00,Upper_Forest_Soilwater,228.06620444440927
2025-02-17T00:00:00,Upper_Forest_Soilwater,228.8668533520058
2025-02-18T00:00:00,Upper_Forest_Soilwater,229.59858023748575
2025-02-19T00:00:00,Upper_Forest_Soilwater,230.06207334567898
2025-02-20T00:00:00,Upper_Forest_Soilwater,230.99589701141952
2025-02-21T00:00:00,Upper_Forest_Soilwater,231.6694388541481
2025-02-22T00:00:00,Upper_Forest_Soilwater,232.41266288403096
2025-02-23T00:00:00,Upper_Forest_Soilwater,233.0415408535186
2025-02-24T00:00:00,Upper_Forest_Soilwater,233.64674047555755
2025-02-25T00:00:00,Upper_Forest_Soilwater,234.19625002564626
2025-02-26T00:00:00,Upper_Forest_Soilwater,234.74278220000838
2025-02-27T00:00:00,Upper_Forest_Soilwater,234.56603970277655
2025-02-28T00:00:00,Upper_Forest_Soilwater,234.38936576499978
2025-03-01T00:00:00,Upper_Forest_Soilwater,234.666771053919
2025-03-02T00:00:00,Upper_Forest_Soilwater,235.06227172733003
2025-03-03T00:00:00,Upper_Forest_Soilwater,234.78341618928124
2025-03-04T00:00:00,Upper_Forest_Soilwater,234.69900556984578
2025-03-05T00:00:00,Upper_Forest_Soilwater,234.65969568677502
2025-03-06T00:00:00,Upper_Forest_Soilwater,234.9174479171766
2025-03-07T00:00:00,Upper_Forest_Soilwater,235.3055146963095
2025-03-08T00:00:00,Upper_Forest_Soilwater,235.93126841340194
2025-03-09T00:00:00,Upper_Forest_Soilwater,236.92314620939902
2025-03-10T00:00:00,Upper_Forest_Soilwater,237.82382210116805
2025-03-11T00:00:00,Upper_Forest_Soilwater,238.72243040376017
2025-03-12T00:00:00,Upper_Forest_Soilwater,238.9886806565108
2025-03-13T00:00:00,Upper_Forest_Soilwater,238.77497558506107
2025-03-14T00:00:00,Upper_Forest_Soilwater,238.32778274711146
2025-03-15T00:00:00,Upper_Forest_Soilwater,238.3952526499169
2025-03-16T00:00:00,Upper_Forest_Soilwater,238.62689098809142
2025-03-17T00:00:00,Upper_Forest_Soilwater,238.5778593568564
2025-03-18T00:00:00,Upper_Forest_Soilwater,238.28801652294658
2025-03-19T00:00:00,Upper_Forest_Soilwater,238.03759754810267
2025-03-20T00:00:00,Upper_Forest_Soilwater,238.06643640862532
2025-03-21T00:00:00,Upper_Forest_Soilwater,237.96295408928032
2025-03-22T00:00:00,Upper_Forest_Soilwater,237.85733375926662
2025-03-23T00:00:00,Upper_Forest_Soilwater,237.69251715842185
2025-03-24T00:00:00,Upper_Forest_Soilwater,237.3815362100183
2025-03-25T00:00:00,Upper_Forest_Soilwater,237.37950425613278
2025-03-26T00:00:00,Upper_Forest_Soilwater,237.2719617499044
2025-03-27T00:00:00,Upper_Forest_Soilwater,237.3506609630989
2025-03-28T00:00:00,Upper_Forest_Soilwater,237.88419997947446
2025-03-29T00:00:00,Upper_Forest_Soilwater,238.90333081572172
2025-03-30T00:00:00,Upper_Forest_Soilwater,239.4694137951373
2025-03-31T00:00:00,Upper_Forest_Soilwater,240.0192798536804
2025-04-01T00:00:00,Upper_Forest_Soilwater,240.57792711079557
2025-04-02T00:00:00,Upper_Forest_Soilwater,240.90261029960556
2025-04-03T00:00:00,Upper_Forest_Soilwater,241.19928806451216
2025-04-04T00:00:00,Upper_Forest_Soilwater,241.35078589703656
2025-04-05T00:00:00,Upper_Forest_Soilwater,241.47667120165812
2025-04-06T00:00:00,Upper_Forest_Soilwater,241.7118348542627
2025-04-07T00:00:00,Upper_Forest_Soilwater,242.12003910736297
2025-04-08T00:00:00,Upper_Forest_Soilwater,242.40892409221138
2025-04-09T00:00:00,Upper_Forest_Soilwater,242.5133120304899
2025-04-10T00:00:00,Upper_Forest_Soilwater,242.56941014859615
2025-04-11T00:00:00,Upper_Forest_Soilwater,243.49405386327814
2025-04-12T00:00:00,Upper_Forest_Soilwater,245.05433490821648
2025-04-13T00:00:00,Upper_Forest_Soilwater,246.7636564011088
2025-04-14T00:00:00,Upper_Forest_Soilwater,248.39626472485534
2025-04-15T00:00:00,Upper_Forest_Soilwater,249.86561221622725
2025-04-16T00:00:00,Upper_Forest_Soilwater,251.18802495846197
2025-04-17T00:00:00,Upper_Forest_Soilwater,252.4501964264732
2025-04-18T00:00:00,Upper_Forest_Soilwater,253.58615074768332
2025-04-19T00:00:00,Upper_Forest_Soilwater,254.60850963677242
2025-04-20T00:00:00,Upper_Forest_Soilwater,255.5286326369526
2025-04-21T00:00:00,Upper_Forest_Soilwater,256.2655560844006
2025-04-22T00:00:00,Upper_Forest_Soilwater,256.8073696455405
2025-04-23T00:00:00,Upper_Forest_Soilwater,257.32507056125996
2025-04-24T00:00:00,Upper_Forest_Soilwater,257.92876326167817
2025-04-25T00:00:00,Upper_Forest_Soilwater,258.4720866920546
2025-04-26T00:00:00,Upper_Forest_Soilwater,258.96107777939335
2025-04-27T00:00:00,Upper_Forest_Soilwater,259.3185361915957
2025-04-28T00:00:00,Upper_Forest_Soilwater,259.59042488462717
2025-04-29T00:00:00,Upper_Forest_Soilwater,259.65597652348674
2025-04-30T00:00:00,Upper_Forest_Soilwater,259.6060343475976
2025-05-01T00:00:00,Upper_Forest_Soilwater,259.74579947885184
2025-05-02T00:00:00,Upper_Forest_Soilwater,259.88183732511595
2025-05-03T00:00:00,Upper_Forest_Soilwater,260.4773144627686
2025-05-04T00:00:00,Upper_Forest_Soilwater,260.6277639907819
2025-05-05T00:00:00,Upper_Forest_Soilwater,260.5842164671543
2025-05-06T00:00:00,Upper_Forest_Soilwater,260.4556255719054
2025-05-07T00:00:00,Upper_Forest_Soilwater,260.41574074377206
2025-05-08T00:00:00,Upper_Forest_Soilwater,260.34468826183803
2025-05-09T00:00:00,Upper_Forest_Soilwater,260.2165089498373
2025-05-10T00:00:00,Upper_Forest_Soilwater,260.61769848083475
2025-05-11T00:00:00,Upper_Forest_Soilwater,260.871868329298
2025-05-12T00:00:00,Upper_Forest_Soilwater,261.13465509006045
2025-05-13T00:00:00,Upper_Forest_Soilwater,261.4288273995817
2025-05-14T00:00:00,Upper_Forest_Soilwater,261.8692701910437
2025-05-15T00:00:00,Upper_Forest_Soilwater,262.21067041290127
2025-05-16T00:00:00,Upper_Forest_Soilwater,262.62376092418555
2025-05-17T00:00:00,Upper_Forest_Soilwater,262.87571114974315
2025-05-18T00:00:00,Upper_Forest_Soilwater,263.16351617230646
2025-05-19T00:00:00,Upper_Forest_Soilwater,263.2291417807879
2025-05-20T00:00:00,Upper_Forest_Soilwater,263.25860226826387
2025-05-21T00:00:00,Upper_Forest_Soilwater,263.5065471279102
2025-05-22T00:00:00,Upper_Forest_Soilwater,264.2209640229202
2025-05-23T00:00:00,Upper_Forest_Soilwater,264.8938201268951
2025-05-24T00:00:00,Upper_Forest_Soilwater,266.1194444728933
2025-05-25T00:00:00,Upper_Forest_Soilwater,266.9326720187452
2025-05-26T00:00:00,Upper_Forest_Soilwater,267.3197591532121
2025-05-27T00:00:00,Upper_Forest_Soilwater,267.43055979865045
2025-05-28T00:00:00,Upper_Forest_Soilwater,267.8070158545771
2025-05-29T00:00:00,Upper_Forest_Soilwater,268.1993877675841
2025-05-30T00:00:00,Upper_Forest_Soilwater,268.6172574157664
2025-05-31T00:00:00,Upper_Forest_Soilwater,268.9030361694179
2025-06-01T00:00:00,Upper_Forest_Soilwater,269.1462801923191
2025-06-02T00:00:00,Upper_Forest_Soilwater,269.5915512420589
2025-06-03T00:00:00,Upper_Forest_Soilwater,269.8726909333773
2025-06-04T00:00:00,Upper_Forest_Soilwater,269.90248832454915
2025-06-05T00:00:00,Upper_Forest_Soilwater,269.9362695242031
2025-06-06T00:00:00,Upper_Forest_Soilwater,269.82862461026133
2025-06-07T00:00:00,Upper_Forest_Soilwater,269.213248325145
2025-06-08T00:00:00,Upper_Forest_Soilwater,268.61023744368003
2025-06-09T00:00:00,Upper_Forest_Soilwater,267.63117859781374
2025-06-10T00:00:00,Upper_Forest_Soilwater,267.0251954187658
2025-06-11T00:00:00,Upper_Forest_Soilwater,266.57455977721077
2025-06-12T00:00:00,Upper_Forest_Soilwater,265.86108007904886
2025-06-13T00:00:00,Upper_Forest_Soilwater,265.1853362592711
2025-06-14T00:00:00,Upper_Forest_Soilwater,265.7809613502796
2025-06-15T00:00:00,Upper_Forest_Soilwater,266.6050411683579
2025-06-16T00:00:00,Upper_Forest_Soilwater,267.8590994091457
2025-06-17T00:00:00,Upper_Forest_Soilwater,268.76336159697837
2025-06-18T00:00:00,Upper_Forest_Soilwater,269.7532769529911
2025-06-19T00:00:00,Upper_Forest_Soilwater,271.58869677368364
2025-06-20T00:00:00,Upper_Forest_Soilwater,272.77475716099866
2025-06-21T00:00:00,Upper_Forest_Soilwater,273.0641188379423
2025-06-22T00:00:00,Upper_Forest_Soilwater,273.4878437691389
2025-06-23T00:00:00,Upper_Forest_Soilwater,273.8142867300568
2025-06-24T00:00:00,Upper_Forest_Soilwater,274.28747816792
2025-06-25T00:00:00,Upper_Forest_Soilwater,274.6777207588453
2025-06-26T00:00:00,Upper_Forest_Soilwater,274.88982826186464
2025-06-27T00:00:00,Upper_Forest_Soilwater,274.78951497426516
2025-06-28T00:00:00,Upper_Forest_Soilwater,274.57291253020804
2025-06-29T00:00:00,Upper_Forest_Soilwater,274.1718096940313
2025-06-30T00:00:00,Upper_Forest_Soilwater,273.68813538942754
2025-07-01T00:00:00,Upper_Forest_Soilwater,273.5152349875247
2025-07-02T00:00:00,Upper_Forest_Soilwater,273.52208176844425
2025-07-03T00:00:00,Upper_Forest_Soilwater,273.26332376798746
2025-07-04T00:00:00,Upper_Forest_Soilwater,273.05092630322827
2025-07-05T00:00:00,Upper_Forest_Soilwater,272.68760359410743
2025-07-06T00:00:00,Upper_Forest_Soilwater,272.0449182790168
2025-07-07T00:00:00,Upper_Forest_Soilwater,271.4034481410751
2025-07-08T00:00:00,Upper_Forest_Soilwater,271.5298385340624
2025-07-09T00:00:00,Upper_Forest_Soilwater,272.59599617885476
2025-07-10T00:00:00,Upper_Forest_Soilwater,273.597426858305
2025-07-11T00:00:00,Upper_Forest_Soilwater,274.30656393961846
2025-07-12T00:00:00,Upper_Forest_Soilwater,274.4806967477709
2025-07-13T00:00:00,Upper_Forest_Soilwater,274.601237761514
2025-07-14T00:00:00,Upper_Forest_Soilwater,274.4009477814519
2025-07-15T00:00:00,Upper_Forest_Soilwater,274.25065826435224
2025-07-16T00:00:00,Upper_Forest_Soilwater,274.03776376872315
2025-07-17T00:00:00,Upper_Forest_Soilwater,273.7632593654475
2025-07-18T00:00:00,Upper_Forest_Soilwater,273.10670694841764
2025-07-19T00:00:00,Upper_Forest_Soilwater,272.5627283049171
2025-07-20T00:00:00,Upper_Forest_Soilwater,271.94748402427524
2025-07-21T00:00:00,Upper_Forest_Soilwater,270.9680784885366
2025-07-22T00:00:00,Upper_Forest_Soilwater,269.81674822472894
2025-07-23T00:00:00,Upper_Forest_Soilwater,268.7577331109407
2025-07-24T00:00:00,Upper_Forest_Soilwater,267.9919551217641
2025-07-25T00:00:00,Upper_Forest_Soilwater,267.278859977022
2025-07-26T00:00:00,Upper_Forest_Soilwater,266.3397611374936
2025-07-27T00:00:00,Upper_Forest_Soilwater,265.0749947827418
2025-07-28T00:00:00,Upper_Forest_Soilwater,263.5280717214497
2025-07-29T00:00:00,Upper_Forest_Soilwater,261.7422736727892
2025-07-30T00:00:00,Upper_Forest_Soilwater,260.6000197125162
2025-07-31T00:00:00,Upper_Forest_Soilwater,260.6275278407961
2025-08-01T00:00:00,Upper_Forest_Soilwater,260.7911292787864
2025-08-02T00:00:00,Upper_Forest_Soilwater,260.6823652256873
2025-08-03T00:00:00,Upper_Forest_Soilwater,260.4391217401637
2025-08-04T00:00:00,Upper_Forest_Soilwater,260.21801235391337
2025-08-05T00:00:00,Upper_Forest_Soilwater,259.8705015671357
2025-08-06T00:00:00,Upper_Forest_Soilwater,259.6002643621499
2025-08-07T00:00:00,Upper_Forest_Soilwater,259.6840574632589
2025-08-08T00:00:00,Upper_Forest_Soilwater,260.15231150635935
2025-08-09T00:00:00,Upper_Forest_Soilwater,260.44325640260723
2025-08-10T00:00:00,Upper_Forest_Soilwater,260.8466177230003
2025-08-11T00:00:00,Upper_Forest_Soilwater,261.1240782327504
2025-08-12T00:00:00,Upper_Forest_Soilwater,261.230656845802
2025-08-13T00:00:00,Upper_Forest_Soilwater,261.0687875052102
2025-08-14T00:00:00,Upper_Forest_Soilwater,260.95089753025326
2025-08-15T00:00:00,Upper_Forest_Soilwater,260.7006395286318
2025-08-16T00:00:00,Upper_Forest_Soilwater,259.71322482252475
2025-08-17T00:00:00,Upper_Forest_Soilwater,258.5347746064943
2025-08-18T00:00:00,Upper_Forest_Soilwater,257.2824537874967
2025-08-19T00:00:00,Upper_Forest_Soilwater,257.80397273293784
2025-08-20T00:00:00,Upper_Forest_Soilwater,257.8196639598977
2025-08-21T00:00:00,Upper_Forest_Soilwater,257.45211060355376
2025-08-22T00:00:00,Upper_Forest_Soilwater,256.645736495241
2025-08-23T00:00:00,Upper_Forest_Soilwater,255.5720194269954
2025-08-24T00:00:00,Upper_Forest_Soilwater,254.3350093977603
2025-08-25T00:00:00,Upper_Forest_Soilwater,253.14451683599754
2025-08-26T00:00:00,Upper_Forest_Soilwater,252.36044072740398
2025-08-27T00:00:00,Upper_Forest_Soilwater,252.05227785256398
2025-08-28T00:00:00,Upper_Forest_Soilwater,251.73644782602005
2025-08-29T00:00:00,Upper_Forest_Soilwater,250.98754429312515
2025-08-30T00:00:00,Upper_Forest_Soilwater,250.63285944670332
2025-08-31T00:00:00,Upper_Forest_Soilwater,250.27227244722576
2025-09-01T00:00:00,Upper_Forest_Soilwater,249.6984090875917
2025-09-02T00:00:00,Upper_Forest_Soilwater,249.02499004784616
2025-09-03T00:00:00,Upper_Forest_Soilwater,248.49702855799046
2025-09-04T00:00:00,Upper_Forest_Soilwater,247.67943595813776
2025-09-05T00:00:00,Upper_Forest_Soilwater,246.559916402025
2025-09-06T00:00:00,Upper_Forest_Soilwater,245.48989025352313
2025-09-07T00:00:00,Upper_Forest_Soilwater,244.35255334822673
2025-09-08T00:00:00,Upper_Forest_Soilwater,242.95013631571695
2025-09-09T00:00:00,Upper_Forest_Soilwater,241.2789180708631
2025-09-10T00:00:00,Upper_Forest_Soilwater,239.6763118319902
2025-09-11T00:00:00,Upper_Forest_Soilwater,238.15384368736946
2025-09-12T00:00:00,Upper_Forest_Soilwater,237.10439868139386
2025-09-13T00:00:00,Upper_Forest_Soilwater,236.23469182363849
2025-09-14T00:00:00,Upper_Forest_Soilwater,235.39645780762274
2025-09-15T00:00:00,Upper_Forest_Soilwater,234.25191837570515
2025-09-16T00:00:00,Upper_Forest_Soilwater,233.18269449402413
2025-09-17T00:00:00,Upper_Forest_Soilwater,232.29591037832694
2025-09-18T00:00:00,Upper_Forest_Soilwater,231.11804973022714
2025-09-19T00:00:00,Upper_Forest_Soilwater,230.9195283276197
2025-09-20T00:00:00,Upper_Forest_Soilwater,230.7131688640498
2025-09-21T00:00:00,Upper_Forest_Soilwater,230.47650305188608
2025-09-22T00:00:00,Upper_Forest_Soilwater,230.2108994303434
2025-09-23T00:00:00,Upper_Forest_Soilwater,230.00987454865393
2025-09-24T00:00:00,Upper_Forest_Soilwater,229.36231916289316
2025-09-25T00:00:00,Upper_Forest_Soilwater,228.75033020025677
2025-09-26T00:00:00,Upper_Forest_Soilwater,228.05538530590496
2025-09-27T00:00:00,Upper_Forest_Soilwater,227.83340634503733
2025-09-28T00:00:00,Upper_Forest_Soilwater,228.26739379037488
2025-09-29T00:00:00,Upper_Forest_Soilwater,228.38931480797046
2025-09-30T00:00:00,Upper_Forest_Soilwater,228.39856034432452
2025-10-01T00:00:00,Upper_Forest_Soilwater,228.25452250470298
2025-10-02T00:00:00,Upper_Forest_Soilwater,227.86523703418558
2025-10-03T00:00:00,Upper_Forest_Soilwater,227.54411462129863
2025-10-04T00:00:00,Upper_Forest_Soilwater,226.8674491901108
2025-10-05T00:00:00,Upper_Forest_Soilwater,225.98049883542424
2025-10-06T00:00:00,Upper_Forest_Soilwater,224.9740494775556
2025-10-07T00:00:00,Upper_Forest_Soilwater,223.6736572064173
2025-10-08T00:00:00,Upper_Forest_Soilwater,222.26779594686207
2025-10-09T00:00:00,Upper_Forest_Soilwater,220.79992725109662
2025-10-10T00:00:00,Upper_Forest_Soilwater,219.39730232945044
2025-10-11T00:00:00,Upper_Forest_Soilwater,218.2342534898995
2025-10-12T00:00:00,Upper_Forest_Soilwater,217.07656015973123
2025-10-13T00:00:00,Upper_Forest_Soilwater,215.6776085690338
2025-10-14T00:00:00,Upper_Forest_Soilwater,214.32193559552064
2025-10-15T00:00:00,Upper_Forest_Soilwater,212.9375637698243
2025-10-16T00:00:00,Upper_Forest_Soilwater,211.45591892575771
2025-10-17T00:00:00,Upper_Forest_Soilwater,209.96411818409192
2025-10-18T00:00:00,Upper_Forest_Soilwater,208.47287551242349
2025-10-19T00:00:00,Upper_Forest_Soilwater,207.19233998337532
2025-10-20T00:00:00,Upper_Forest_Soilwater,205.78519310346715
2025-10-21T00:00:00,Upper_Forest_Soilwater,204.96510112930642
2025-10-22T00:00:00,Upper_Forest_Soilwater,203.9630898260528
2025-10-23T00:00:00,Upper_Forest_Soilwater,202.8131467877275
2025-10-24T00:00:00,Upper_Forest_Soilwater,201.54089082844507
2025-10-25T00:00:00,Upper_Forest_Soilwater,200.1969815745392
2025-10-26T00:00:00,Upper_Forest_Soilwater,198.86162869586406
2025-10-27T00:00:00,Upper_Forest_Soilwater,197.5906589896516
2025-10-28T00:00:00,Upper_Forest_Soilwater,196.2521580504471
2025-10-29T00:00:00,Upper_Forest_Soilwater,194.84055536959968
2025-10-30T00:00:00,Upper_Forest_Soilwater,195.04180330341563
2025-10-31T00:00:00,Upper_Forest_Soilwater,195.06037605863926
2025-11-01T00:00:00,Upper_Forest_Soilwater,194.90475801172875
2025-11-02T00:00:00,Upper_Forest_Soilwater,195.38987391049096
2025-11-03T00:00:00,Upper_Forest_Soilwater,195.52666101624368
2025-11-04T00:00:00,Upper_Forest_Soilwater,195.29778261068626
2025-11-05T00:00:00,Upper_Forest_Soilwater,195.27620308485754
2025-11-06T00:00:00,Upper_Forest_Soilwater,196.44222476179925
2025-11-07T00:00:00,Upper_Forest_Soilwater,198.27573711444063
2025-11-08T00:00:00,Upper_Forest_Soilwater,199.70128752816862
2025-11-09T00:00:00,Upper_Forest_Soilwater,201.28304310972266
2025-11-10T00:00:00,Upper_Forest_Soilwater,202.60733258386276
2025-11-11T00:00:00,Upper_Forest_Soilwater,204.56395681385013
2025-11-12T00:00:00,Upper_Forest_Soilwater,206.23281225419115
2025-11-13T00:00:00,Upper_Forest_Soilwater,208.0067215712102
2025-11-14T00:00:00,Upper_Forest_Soilwater,209.42016061041596
2025-11-15T00:00:00,Upper_Forest_Soilwater,210.9596162402306
2025-11-16T00:00:00,Upper_Forest_Soilwater,212.14255939075016
2025-11-17T00:00:00,Upper_Forest_Soilwater,213.60265528417665
2025-11-18T00:00:00,Upper_Forest_Soilwater,214.9090949756219
2025-11-19T00:00:00,Upper_Forest_Soilwater,216.46022282036833
2025-11-20T00:00:00,Upper_Forest_Soilwater,217.99434942037942
2025-11-21T00:00:00,Upper_Forest_Soilwater,219.18675917845934
2025-11-22T00:00:00,Upper_Forest_Soilwater,220.03974530610958
2025-11-23T00:00:00,Upper_Forest_Soilwater,221.216877560222
2025-11-24T00:00:00,Upper_Forest_Soilwater,222.24776807485492
2025-11-25T00:00:00,Upper_Forest_Soilwater,223.25352894419203
2025-11-26T00:00:00,Upper_Forest_Soilwater,224.3176843250533
2025-11-27T00:00:00,Upper_Forest_Soilwater,224.85737136648729
2025-11-28T00:00:00,Upper_Forest_Soilwater,225.27930882715586
2025-11-29T00:00:00,Upper_Forest_Soilwater,225.49189946914476
2025-11-30T00:00:00,Upper_Forest_Soilwater,225.6984999599643
2025-12-01T00:00:00,Upper_Forest_Soilwater,225.68624984774632
2025-12-02T00:00:00,Upper_Forest_Soilwater,225.4735924819717
2025-12-03T00:00:00,Upper_Forest_Soilwater,225.04460570168382
2025-12-04T00:00:00,Upper_Forest_Soilwater,224.44819144105534
2025-12-05T00:00:00,Upper_Forest_Soilwater,223.60115832745865
2025-12-06T00:00:00,Upper_Forest_Soilwater,222.78564455843474
2025-12-07T00:00:00,Upper_Forest_Soilwater,222.00090949389022
2025-12-08T00:00:00,Upper_Forest_Soilwater,221.04680050423997
2025-12-09T00:00:00,Upper_Forest_Soilwater,220.36866712681365
2025-12-10T00:00:00,Upper_Forest_Soilwater,219.71924557064125
2025-12-11T00:00:00,Upper_Forest_Soilwater,219.04407010597538
2025-12-12T00:00:00,Upper_Forest_Soilwater,218.3827000653056
2025-12-13T00:00:00,Upper_Forest_Soilwater,217.59534759873813
2025-12-14T00:00:00,Upper_Forest_Soilwater,216.78345331626588
2025-12-15T00:00:00,Upper_Forest_Soilwater,216.0521601574679
2025-12-16T00:00:00,Upper_Forest_Soilwater,215.22338317909708
2025-12-17T00:00:00,Upper_Forest_Soilwater,214.3117097444444
2025-12-18T00:00:00,Upper_Forest_Soilwater,213.44988554826352
2025-12-19T00:00:00,Upper_Forest_Soilwater,212.54443340991713
2025-12-20T00:00:00,Upper_Forest_Soilwater,211.59258500258952
2025-12-21T00:00:00,Upper_Forest_Soilwater,210.6349241718449
2025-12-22T00:00:00,Upper_Forest_Soilwater,211.46377618151834
2025-12-23T00:00:00,Upper_Forest_Soilwater,212.4947454258263
2025-12-24T00:00:00,Upper_Forest_Soilwater,213.6693542397096
2025-12-25T00:00:00,Upper_Forest_Soilwater,214.79529190910662
2025-12-26T00:00:00,Upper_Forest_Soilwater,216.0114733307793
2025-12-27T00:00:00,Upper_Forest_Soilwater,216.7662459849503
2025-12-28T00:00:00,Upper_Forest_Soilwater,217.1516775626686
2025-12-29T00:00:00,Upper_Forest_Soilwater,217.28250107201683
2025-12-30T00:00:00,Upper_Forest_Soilwater,217.41745931474654
2025-12-31T00:00:00,Upper_Forest_Soilwater,217.82588042647185
2026-01-01T00:00:00,Upper_Forest_Soilwater,218.06594292401647
2026-01-02T00:00:00,Upper_Forest_Soilwater,217.97789708096317
2026-01-03T00:00:00,Upper_Forest_Soilwater,217.7957456888599
2026-01-04T00:00:00,Upper_Forest_Soilwater,217.4321616383754
2026-01-05T00:00:00,Upper_Forest_Soilwater,216.93862794115466
2026-01-06T00:00:00,Upper_Forest_Soilwater,216.77201154461952
2026-01-07T00:00:00,Upper_Forest_Soilwater,218.2503574398924
2026-01-08T00:00:00,Upper_Forest_Soilwater,219.7596797044744
2026-01-09T00:00:00,Upper_Forest_Soilwater,221.17513439067693
2026-01-10T00:00:00,Upper_Forest_Soilwater,222.21234975890945
2026-01-11T00:00:00,Upper_Forest_Soilwater,223.20711077836032
2026-01-12T00:00:00,Upper_Forest_Soilwater,224.84984350001275
2026-01-13T00:00:00,Upper_Forest_Soilwater,226.21259237380622
2026-01-14T00:00:00,Upper_Forest_Soilwater,227.31702905686566
2026-01-15T00:00:00,Upper_Forest_Soilwater,228.3409105584193
2026-01-16T00:00:00,Upper_Forest_Soilwater,229.27529748524574
2026-01-17T00:00:00,Upper_Forest_Soilwater,230.06587062530505
2026-01-18T00:00:00,Upper_Forest_Soilwater,231.54034114907446
2026-01-19T00:00:00,Upper_Forest_Soilwater,232.42757835356377
2026-01-20T00:00:00,Upper_Forest_Soilwater,233.5036668992504
2026-01-21T00:00:00,Upper_Forest_Soilwater,234.58457425362963
2026-01-22T00:00:00,Upper_Forest_Soilwater,235.6523158651728
2026-01-23T00:00:00,Upper_Forest_Soilwater,236.57949838542052
2026-01-24T00:00:00,Upper_Forest_Soilwater,237.11830021485875
2026-01-25T00:00:00,Upper_Forest_Soilwater,237.5601395441194
2026-01-26T00:00:00,Upper_Forest_Soilwater,237.71384739965808
2026-01-27T00:00:00,Upper_Forest_Soilwater,237.51861222482742
2026-01-28T00:00:00,Upper_Forest_Soilwater,237.0757285967408
2026-01-29T00:00:00,Upper_Forest_Soilwater,237.08399305900934
2026-01-30T00:00:00,Upper_Forest_Soilwater,237.46012720366244
2026-01-31T00:00:00,Upper_Forest_Soilwater,237.92750418268372
2026-02-01T00:00:00,Upper_Forest_Soilwater,238.52544295020817
2026-02-02T00:00:00,Upper_Forest_Soilwater,238.4531291095408
2026-02-03T00:00:00,Upper_Forest_Soilwater,238.38686112516763
2026-02-04T00:00:00,Upper_Forest_Soilwater,238.22781916664286
2026-02-05T00:00:00,Upper_Forest_Soilwater,238.52347780750205
2026-02-06T00:00:00,Upper_Forest_Soilwater,239.4219346417965
2026-02-07T00:00:00,Upper_Forest_Soilwater,240.1247257589712
2026-02-08T00:00:00,Upper_Forest_Soilwater,240.50956134820436
2026-02-09T00:00:00,Upper_Forest_Soilwater,240.6409884693169
2026-02-10T00:00:00,Upper_Forest_Soilwater,240.86136651776295
2026-02-11T00:00:00,Upper_Forest_Soilwater,240.93752305979208
2026-02-12T00:00:00,Upper_Forest_Soilwater,241.05987936324638
2026-02-13T00:00:00,Upper_Forest_Soilwater,241.03827850599856
2026-02-14T00:00:00,Upper_Forest_Soilwater,240.9129682136795
2026-02-15T00:00:00,Upper_Forest_Soilwater,240.70430132330478
2026-02-16T00:00:00,Upper_Forest_Soilwater,240.44971607797996
2026-02-17T00:00:00,Upper_Forest_Soilwater,240.2492536724792
2026-02-18T00:00:00,Upper_Forest_Soilwater,239.97268826257914
2026-02-19T00:00:00,Upper_Forest_Soilwater,239.7639596143826
2026-02-20T00:00:00,Upper_Forest_Soilwater,239.53628290806347
2026-02-21T00:00:00,Upper_Forest_Soilwater,239.38016465981588
2026-02-22T00:00:00,Upper_Forest_Soilwater,239.25789407211494
2026-02-23T00:00:00,Upper_Forest_Soilwater,238.8760377245734
2026-02-24T00:00:00,Upper_Forest_Soilwater,238.62667813707327
2026-02-25T00:00:00,Upper_Forest_Soilwater,238.60847962408766
2026-02-26T00:00:00,Upper_Forest_Soilwater,238.8451553504694
2026-02-27T00:00:00,Upper_Forest_Soilwater,238.8463203179671
2026-02-28T00:00:00,Upper_Forest_Soilwater,238.74552937508702
2026-03-01T00:00:00,Upper_Forest_Soilwater,238.68428685892627
2026-03-02T00:00:00,Upper_Forest_Soilwater,238.60429369748744
2026-03-03T00:00:00,Upper_Forest_Soilwater,238.50116947862332
2026-03-04T00:00:00,Upper_Forest_Soilwater,238.25314921489405
2026-03-05T00:00:00,Upper_Forest_Soilwater,238.06242338841147
2026-03-06T00:00:00,Upper_Forest_Soilwater,237.68082228810823
2026-03-07T00:00:00,Upper_Forest_Soilwater,237.51561272430925
2026-03-08T00:00:00,Upper_Forest_Soilwater,237.3839839484712
2026-03-09T00:00:00,Upper_Forest_Soilwater,237.28385389208708
2026-03-10T00:00:00,Upper_Forest_Soilwater,237.08996612491887
2026-03-11T00:00:00,Upper_Forest_Soilwater,236.96031327135435
2026-03-12T00:00:00,Upper_Forest_Soilwater,236.81034255026665
2026-03-13T00:00:00,Upper_Forest_Soilwater,236.5855921808017
2026-03-14T00:00:00,Upper_Forest_Soilwater,236.90805204144428
2026-03-15T00:00:00,Upper_Forest_Soilwater,237.19202034752658
2026-03-16T00:00:00,Upper_Forest_Soilwater,237.40219573700134
2026-03-17T00:00:00,Upper_Forest_Soilwater,237.4615960121443
2026-03-18T00:00:00,Upper_Forest_Soilwater,237.64237521731073
2026-03-19T00:00:00,Upper_Forest_Soilwater,238.24380638158544
2026-03-20T00:00:00,Upper_Forest_Soilwater,239.01470033319816
2026-03-21T00:00:00,Upper_Forest_Soilwater,239.36200900231776
2026-03-22T00:00:00,Upper_Forest_Soilwater,239.90903395686647
2026-03-23T00:00:00,Upper_Forest_Soilwater,240.6670369233344
2026-03-24T00:00:00,Upper_Forest_Soilwater,241.15879692221606
2026-03-25T00:00:00,Upper_Forest_Soilwater,241.6986475768612
2026-03-26T00:00:00,Upper_Forest_Soilwater,242.30634268471835
2026-03-27T00:00:00,Upper_Forest_Soilwater,243.01946979706105
2026-03-28T00:00:00,Upper_Forest_Soilwater,243.66128419816948
2026-03-29T00:00:00,Upper_Forest_Soilwater,244.23891715916707
2026-03-30T00:00:00,Upper_Forest_Soilwater,244.75878682406488
2026-03-31T00:00:00,Upper_Forest_Soilwater,245.41866952247292
2026-04-01T00:00:00,Upper_Forest_Soilwater,245.58679131455892
2026-04-02T00:00:00,Upper_Forest_Soilwater,245.43955278025092
2026-04-03T00:00:00,Upper_Forest_Soilwater,245.07988152844862
2026-04-04T00:00:00,Upper_Forest_Soilwater,244.6706440183564
2026-04-05T00:00:00,Upper_Forest_Soilwater,244.51599055273272
2026-04-06T00:00:00,Upper_Forest_Soilwater,244.55338655279851
2026-04-07T00:00:00,Upper_Forest_Soilwater,244.8811350644654
2026-04-08T00:00:00,Upper_Forest_Soilwater,245.08969247552332
2026-04-09T00:00:00,Upper_Forest_Soilwater,245.13750410795492
2026-04-10T00:00:00,Upper_Forest_Soilwater,245.03336037597666
2026-04-11T00:00:00,Upper_Forest_Soilwater,245.2235058727309
2026-04-12T00:00:00,Upper_Forest_Soilwater,246.23599976367151
2026-04-13T00:00:00,Upper_Forest_Soilwater,247.27932659530336
2026-04-14T00:00:00,Upper_Forest_Soilwater,248.70130392613672
2026-04-15T00:00:00,Upper_Forest_Soilwater,249.40230573549465
2026-04-16T00:00:00,Upper_Forest_Soilwater,250.03062706373115
2026-04-17T00:00:00,Upper_Forest_Soilwater,251.19142162253135
2026-04-18T00:00:00,Upper_Forest_Soilwater,251.87205332217928
2026-04-19T00:00:00,Upper_Forest_Soilwater,252.5771526839142
2026-04-20T00:00:00,Upper_Forest_Soilwater,253.2320551088882
2026-04-21T00:00:00,Upper_Forest_Soilwater,254.11727851547766
2026-04-22T00:00:00,Upper_Forest_Soilwater,254.83757373063827
2026-04-23T00:00:00,Upper_Forest_Soilwater,255.71156173849712
2026-04-24T00:00:00,Upper_Forest_Soilwater,256.8896940811376
2026-04-25T00:00:00,Upper_Forest_Soilwater,258.2801764448733
2026-04-26T00:00:00,Upper_Forest_Soilwater,259.37700088310845
2026-04-27T00:00:00,Upper_Forest_Soilwater,260.2430645261663
2026-04-28T00:00:00,Upper_Forest_Soilwater,261.31125277041093
2026-04-29T00:00:00,Upper_Forest_Soilwater,262.16396888950044
2026-04-30T00:00:00,Upper_Forest_Soilwater,263.0316312124426
2026-05-01T00:00:00,Upper_Forest_Soilwater,263.804943048783
2026-05-02T00:00:00,Upper_Forest_Soilwater,264.8384083235425
2026-05-03T00:00:00,Upper_Forest_Soilwater,266.61926300366775
2026-05-04T00:00:00,Upper_Forest_Soilwater,268.74231815440106
2026-05-05T00:00:00,Upper_Forest_Soilwater,271.37197743036825
2026-05-06T00:00:00,Upper_Forest_Soilwater,273.893745045413
2026-05-07T00:00:00,Upper_Forest_Soilwater,275.9602788229463
2026-05-08T00:00:00,Upper_Forest_Soilwater,277.9745210844738
2026-05-09T00:00:00,Upper_Forest_Soilwater,279.34591584165594
2026-05-10T00:00:00,Upper_Forest_Soilwater,280.5008103975527
2026-05-11T00:00:00,Upper_Forest_Soilwater,281.89818804882225
2026-05-12T00:00:00,Upper_Forest_Soilwater,282.46411825556777
2026-05-13T00:00:00,Upper_Forest_Soilwater,283.1680391975413
2026-05-14T00:00:00,Upper_Forest_Soilwater,283.64422489436646
2026-05-15T00:00:00,Upper_Forest_Soilwater,283.9672511402109
2026-05-16T00:00:00,Upper_Forest_Soilwater,284.36622909810205
2026-05-17T00:00:00,Upper_Forest_Soilwater,284.52867749489786
2026-05-18T00:00:00,Upper_Forest_Soilwater,284.83798196610184
2026-05-19T00:00:00,Upper_Forest_Soilwater,285.0989403736819
2026-05-20T00:00:00,Upper_Forest_Soilwater,285.11546445445174
2026-05-21T00:00:00,Upper_Forest_Soilwater,284.6069756887579
2026-05-22T00:00:00,Upper_Forest_Soilwater,283.87286804150807
2026-05-23T00:00:00,Upper_Forest_Soilwater,283.29236141579315
2026-05-24T00:00:00,Upper_Forest_Soilwater,283.33822891751515
2026-05-25T00:00:00,Upper_Forest_Soilwater,283.3880585700626
2026-05-26T00:00:00,Upper_Forest_Soilwater,283.5108078069917
2026-05-27T00:00:00,Upper_Forest_Soilwater,283.461115757988
2026-05-28T00:00:00,Upper_Forest_Soilwater,283.1173648397256
2026-05-29T00:00:00,Upper_Forest_Soilwater,283.0494950501323
2026-05-30T00:00:00,Upper_Forest_Soilwater,282.7984869132401
2026-05-31T00:00:00,Upper_Forest_Soilwater,282.5144454738517
2026-06-01T00:00:00,Upper_Forest_Soilwater,282.3269385801801
2026-06-02T00:00:00,Upper_Forest_Soilwater,281.88778917956074
2026-06-03T00:00:00,Upper_Forest_Soilwater,281.84989409354506
2026-06-04T00:00:00,Upper_Forest_Soilwater,281.85877146403186
2026-06-05T00:00:00,Upper_Forest_Soilwater,282.1069124070986
2026-06-06T00:00:00,Upper_Forest_Soilwater,282.12232289681884
2026-06-07T00:00:00,Upper_Forest_Soilwater,281.8519838519515
2026-06-08T00:00:00,Upper_Forest_Soilwater,280.77515330732723
2026-06-09T00:00:00,Upper_Forest_Soilwater,280.29050036029315
2026-06-10T00:00:00,Upper_Forest_Soilwater,279.5164182028407
2026-06-11T00:00:00,Upper_Forest_Soilwater,278.93063054775286
2026-06-12T00:00:00,Upper_Forest_Soilwater,278.8269004618339
2026-06-13T00:00:00,Upper_Forest_Soilwater,278.67244769935854
2026-06-14T00:00:00,Upper_Forest_Soilwater,278.3100860726237
2026-06-15T00:00:00,Upper_Forest_Soilwater,277.6995446997414
2026-06-16T00:00:00,Upper_Forest_Soilwater,277.00906024387996
2026-06-17T00:00:00,Upper_Forest_Soilwater,276.3006133133128
2026-06-18T00:00:00,Upper_Forest_Soilwater,275.38304238737874
2026-06-19T00:00:00,Upper_Forest_Soilwater,274.4332190317749
2026-06-20T00:00:00,Upper_Forest_Soilwater,274.3338611473569
2026-06-21T00:00:00,Upper_Forest_Soilwater,274.603532370288
2026-06-22T00:00:00,Upper_Forest_Soilwater,274.71526046977505
2026-06-23T00:00:00,Upper_Forest_Soilwater,274.44104118722146
2026-06-24T00:00:00,Upper_Forest_Soilwater,273.8612942858846
2026-06-25T00:00:00,Upper_Forest_Soilwater,273.83402077351013
2026-06-26T00:00:00,Upper_Forest_Soilwater,273.94493205094165
2026-06-27T00:00:00,Upper_Forest_Soilwater,273.9047047109346
2026-06-28T00:00:00,Upper_Forest_Soilwater,273.89650467817825
2026-06-29T00:00:00,Upper_Forest_Soilwater,274.5242369638483
2026-06-30T00:00:00,Upper_Forest_Soilwater,275.4216381093766
2026-07-01T00:00:00,Upper_Forest_Soilwater,276.182052759574
2026-07-02T00:00:00,Upper_Forest_Soilwater,276.9292184401452
2026-07-03T00:00:00,Upper_Forest_Soilwater,277.50799737463973
2026-07-04T00:00:00,Upper_Forest_Soilwater,277.7838497583836
2026-07-05T00:00:00,Upper_Forest_Soilwater,278.02674004756534
2026-07-06T00:00:00,Upper_Forest_Soilwater,278.2494035954757
2026-07-07T00:00:00,Upper_Forest_Soilwater,278.19623059248033
2026-07-08T00:00:00,Upper_Forest_Soilwater,277.51918148962307
2026-07-09T00:00:00,Upper_Forest_Soilwater,276.85894732560035
2026-07-10T00:00:00,Upper_Forest_Soilwater,275.981179027183
2026-07-11T00:00:00,Upper_Forest_Soilwater,275.0452392351544
2026-07-12T00:00:00,Upper_Forest_Soilwater,274.19891476373766
2026-07-13T00:00:00,Upper_Forest_Soilwater,273.3603549312781
2026-07-14T00:00:00,Upper_Forest_Soilwater,272.57867733992083
2026-07-15T00:00:00,Upper_Forest_Soilwater,272.07171607260443
2026-07-16T00:00:00,Upper_Forest_Soilwater,271.2707096121427
2026-07-17T00:00:00,Upper_Forest_Soilwater,270.65212209608234
2026-07-18T00:00:00,Upper_Forest_Soilwater,270.24607612431646
2026-07-19T00:00:00,Upper_Forest_Soilwater,269.5465782640071
2026-07-20T00:00:00,Upper_Forest_Soilwater,268.3312851729365
2026-07-21T00:00:00,Upper_Forest_Soilwater,267.0418238711354
2026-07-22T00:00:00,Upper_Forest_Soilwater,265.91159579990455
2026-07-23T00:00:00,Upper_Forest_Soilwater,264.68174208210183
2026-07-24T00:00:00,Upper_Forest_Soilwater,263.2935664793128
2026-07-25T00:00:00,Upper_Forest_Soilwater,262.25209011636866
2026-07-26T00:00:00,Upper_Forest_Soilwater,261.19965752297156
2026-07-27T00:00:00,Upper_Forest_Soilwater,259.8610496411214
2026-07-28T00:00:00,Upper_Forest_Soilwater,258.7757184961923
2026-07-29T00:00:00,Upper_Forest_Soilwater,257.71364936738775
2026-07-30T00:00:00,Upper_Forest_Soilwater,256.8721381779657
2026-07-31T00:00:00,Upper_Forest_Soilwater,256.1781279225692
2026-08-01T00:00:00,Upper_Forest_Soilwater,255.59841942395659
2026-08-02T00:00:00,Upper_Forest_Soilwater,254.981932196305
2026-08-03T00:00:00,Upper_Forest_Soilwater,254.22408950205798
2026-08-04T00:00:00,Upper_Forest_Soilwater,253.5328869385394
2026-08-05T00:00:00,Upper_Forest_Soilwater,253.12716822635042
2026-08-06T00:00:00,Upper_Forest_Soilwater,252.28608332895865
2026-08-07T00:00:00,Upper_Forest_Soilwater,251.7395252723586
2026-08-08T00:00:00,Upper_Forest_Soilwater,251.20611857937368
2026-08-09T00:00:00,Upper_Forest_Soilwater,250.96096285392707
2026-08-10T00:00:00,Upper_Forest_Soilwater,250.89376948244083
2026-08-11T00:00:00,Upper_Forest_Soilwater,250.46541481835794
2026-08-12T00:00:00,Upper_Forest_Soilwater,250.53244790427772
2026-08-13T00:00:00,Upper_Forest_Soilwater,251.5502686213734
2026-08-14T00:00:00,Upper_Forest_Soilwater,252.26910538574202
2026-08-15T00:00:00,Upper_Forest_Soilwater,253.0038570739975
2026-08-16T00:00:00,Upper_Forest_Soilwater,253.9998416613779
2026-08-17T00:00:00,Upper_Forest_Soilwater,256.20361772878
2026-08-18T00:00:00,Upper_Forest_Soilwater,257.83466083543635
2026-08-19T00:00:00,Upper_Forest_Soilwater,259.50670054426996
2026-08-20T00:00:00,Upper_Forest_Soilwater,260.4485064596484
2026-08-21T00:00:00,Upper_Forest_Soilwater,261.1231798575198
2026-08-22T00:00:00,Upper_Forest_Soilwater,261.51689541496495
2026-08-23T00:00:00,Upper_Forest_Soilwater,261.6238413541991
2026-08-24T00:00:00,Upper_Forest_Soilwater,261.55262496053655
2026-08-25T00:00:00,Upper_Forest_Soilwater,261.355627936067
2026-08-26T00:00:00,Upper_Forest_Soilwater,260.95601176159005
2026-08-27T00:00:00,Upper_Forest_Soilwater,260.5507146681599
2026-08-28T00:00:00,Upper_Forest_Soilwater,260.1054396998502
2026-08-29T00:00:00,Upper_Forest_Soilwater,259.50846968870775
2026-08-30T00:00:00,Upper_Forest_Soilwater,260.54521643106045
2026-08-31T00:00:00,Upper_Forest_Soilwater,261.5252546668492
2026-09-01T00:00:00,Upper_Forest_Soilwater,262.4239692892204
2026-09-02T00:00:00,Upper_Forest_Soilwater,263.4258610864933
2026-09-03T00:00:00,Upper_Forest_Soilwater,263.93832949895324
2026-09-04T00:00:00,Upper_Forest_Soilwater,264.0673984899982
2026-09-05T00:00:00,Upper_Forest_Soilwater,263.9381703614338
2026-09-06T00:00:00,Upper_Forest_Soilwater,263.6612389464517
2026-09-07T00:00:00,Upper_Forest_Soilwater,263.5147944759391
2026-09-08T00:00:00,Upper_Forest_Soilwater,263.31672587384526
2026-09-09T00:00:00,Upper_Forest_Soilwater,262.8707354853001
2026-09-10T00:00:00,Upper_Forest_Soilwater,261.9828238650216
2026-09-11T00:00:00,Upper_Forest_Soilwater,260.8658645435941
2026-09-12T00:00:00,Upper_Forest_Soilwater,259.36920543302136
2026-09-13T00:00:00,Upper_Forest_Soilwater,258.42411132674073
2026-09-14T00:00:00,Upper_Forest_Soilwater,257.8825015369459
2026-09-15T00:00:00,Upper_Forest_Soilwater,257.3540137425694
2026-09-16T00:00:00,Upper_Forest_Soilwater,256.6662276412421
2026-09-17T00:00:00,Upper_Forest_Soilwater,256.2561007524078
2026-09-18T00:00:00,Upper_Forest_Soilwater,255.89927978942427
2026-09-19T00:00:00,Upper_Forest_Soilwater,255.36398839798454
2026-09-20T00:00:00,Upper_Forest_Soilwater,254.57446215118168
2026-09-21T00:00:00,Upper_Forest_Soilwater,253.738454428076
2026-09-22T00:00:00,Upper_Forest_Soilwater,252.69622590706666
2026-09-23T00:00:00,Upper_Forest_Soilwater,252.12392785349968
2026-09-24T00:00:00,Upper_Forest_Soilwater,251.4458734222017
2026-09-25T00:00:00,Upper_Forest_Soilwater,250.75143098674462
2026-09-26T00:00:00,Upper_Forest_Soilwater,250.06285861784005
2026-09-27T00:00:00,Upper_Forest_Soilwater,248.99939991355197
2026-09-28T00:00:00,Upper_Forest_Soilwater,247.74570986532197
2026-09-29T00:00:00,Upper_Forest_Soilwater,246.4027116153422
2026-09-30T00:00:00,Upper_Forest_Soilwater,245.02852287645092
2026-10-01T00:00:00,Upper_Forest_Soilwater,243.43271124417487
2026-10-02T00:00:00,Upper_Forest_Soilwater,241.43345959047832
2026-10-03T00:00:00,Upper_Forest_Soilwater,239.38496573004693
2026-10-04T00:00:00,Upper_Forest_Soilwater,237.36718673158057
2026-10-05T00:00:00,Upper_Forest_Soilwater,235.52626886392693
2026-10-06T00:00:00,Upper_Forest_Soilwater,234.36453771758488
2026-10-07T00:00:00,Upper_Forest_Soilwater,233.297614222075
2026-10-08T00:00:00,Upper_Forest_Soilwater,233.50787484479636
2026-10-09T00:00:00,Upper_Forest_Soilwater,234.30334306019296
2026-10-10T00:00:00,Upper_Forest_Soilwater,235.06546586029953
2026-10-11T00:00:00,Upper_Forest_Soilwater,235.29855753931892
2026-10-12T00:00:00,Upper_Forest_Soilwater,235.42362851795124
2026-10-13T00:00:00,Upper_Forest_Soilwater,235.3565700305095
2026-10-14T00:00:00,Upper_Forest_Soilwater,235.07459574894176
2026-10-15T00:00:00,Upper_Forest_Soilwater,235.13544103879556
2026-10-16T00:00:00,Upper_Forest_Soilwater,235.63909138960275
2026-10-17T00:00:00,Upper_Forest_Soilwater,236.139015462294
2026-10-18T00:00:00,Upper_Forest_Soilwater,236.40520182780367
2026-10-19T00:00:00,Upper_Forest_Soilwater,236.37701876141685
2026-10-20T00:00:00,Upper_Forest_Soilwater,236.49799912340524
2026-10-21T00:00:00,Upper_Forest_Soilwater,236.85982190319604
2026-10-22T00:00:00,Upper_Forest_Soilwater,236.76125613664152
2026-10-23T00:00:00,Upper_Forest_Soilwater,236.5910235105738
2026-10-24T00:00:00,Upper_Forest_Soilwater,236.28284575452747
2026-10-25T00:00:00,Upper_Forest_Soilwater,237.1227595265119
2026-10-26T00:00:00,Upper_Forest_Soilwater,237.82128240066882
2026-10-27T00:00:00,Upper_Forest_Soilwater,238.39060633469188
2026-10-28T00:00:00,Upper_Forest_Soilwater,238.69785823321433
2026-10-29T00:00:00,Upper_Forest_Soilwater,240.1738431189989
2026-10-30T00:00:00,Upper_Forest_Soilwater,242.0981782897345
2026-10-31T00:00:00,Upper_Forest_Soilwater,243.64439710332502
2026-11-01T00:00:00,Upper_Forest_Soilwater,244.74081876451908
2026-11-02T00:00:00,Upper_Forest_Soilwater,245.5540051217449
2026-11-03T00:00:00,Upper_Forest_Soilwater,246.03945796702274
2026-11-04T00:00:00,Upper_Forest_Soilwater,246.2677910060943
2026-11-05T00:00:00,Upper_Forest_Soilwater,246.40360987793193
2026-11-06T00:00:00,Upper_Forest_Soilwater,246.18842459049287
2026-11-07T00:00:00,Upper_Forest_Soilwater,245.6887605794663
2026-11-08T00:00:00,Upper_Forest_Soilwater,245.02536980570508
2026-11-09T00:00:00,Upper_Forest_Soilwater,244.3612650453208
2026-11-10T00:00:00,Upper_Forest_Soilwater,243.47503882329397
2026-11-11T00:00:00,Upper_Forest_Soilwater,242.6202264611943
2026-11-12T00:00:00,Upper_Forest_Soilwater,241.55610900870337
2026-11-13T00:00:00,Upper_Forest_Soilwater,240.62251602143252
2026-11-14T00:00:00,Upper_Forest_Soilwater,239.54074171622855
2026-11-15T00:00:00,Upper_Forest_Soilwater,238.37804837735018
2026-11-16T00:00:00,Upper_Forest_Soilwater,237.10834929480592
2026-11-17T00:00:00,Upper_Forest_Soilwater,235.92034241510228
2026-11-18T00:00:00,Upper_Forest_Soilwater,234.5786421130971
2026-11-19T00:00:00,Upper_Forest_Soilwater,233.25137886351078
2026-11-20T00:00:00,Upper_Forest_Soilwater,231.9343077112218
2026-11-21T00:00:00,Upper_Forest_Soilwater,230.5457672314689
2026-11-22T00:00:00,Upper_Forest_Soilwater,229.1601266735836
2026-11-23T00:00:00,Upper_Forest_Soilwater,227.7138131801572
2026-11-24T00:00:00,Upper_Forest_Soilwater,226.09620243132252
2026-11-25T00:00:00,Upper_Forest_Soilwater,224.40754220304697
2026-11-26T00:00:00,Upper_Forest_Soilwater,223.03327435470422
2026-11-27T00:00:00,Upper_Forest_Soilwater,221.6356887589935
2026-11-28T00:00:00,Upper_Forest_Soilwater,220.32253160830476
2026-11-29T00:00:00,Upper_Forest_Soilwater,218.99312586527088
2026-11-30T00:00:00,Upper_Forest_Soilwater,217.7368839411644
2026-12-01T00:00:00,Upper_Forest_Soilwater,216.64987662890053
2026-12-02T00:00:00,Upper_Forest_Soilwater,217.72923533523223
2026-12-03T00:00:00,Upper_Forest_Soilwater,219.1166800420397
2026-12-04T00:00:00,Upper_Forest_Soilwater,220.10957287898069
2026-12-05T00:00:00,Upper_Forest_Soilwater,221.01756636245696
2026-12-06T00:00:00,Upper_Forest_Soilwater,223.61322102236673
2026-12-07T00:00:00,Upper_Forest_Soilwater,226.56000973867603
2026-12-08T00:00:00,Upper_Forest_Soilwater,229.04447740015834
2026-12-09T00:00:00,Upper_Forest_Soilwater,231.14046291398074
2026-12-10T00:00:00,Upper_Forest_Soilwater,232.9786361635393
2026-12-11T00:00:00,Upper_Forest_Soilwater,234.25590099766464
2026-12-12T00:00:00,Upper_Forest_Soilwater,235.28071030710228
2026-12-13T00:00:00,Upper_Forest_Soilwater,235.79937749054355
2026-12-14T00:00:00,Upper_Forest_Soilwater,236.13682938189345
2026-12-15T00:00:00,Upper_Forest_Soilwater,236.17524640690857
2026-12-16T00:00:00,Upper_Forest_Soilwater,236.45686163277284
2026-12-17T00:00:00,Upper_Forest_Soilwater,236.9491912167837
2026-12-18T00:00:00,Upper_Forest_Soilwater,237.7874031173665
2026-12-19T00:00:00,Upper_Forest_Soilwater,239.28697807592948
2026-12-20T00:00:00,Upper_Forest_Soilwater,240.57590530161846
2026-12-21T00:00:00,Upper_Forest_Soilwater,241.82177554356383
2026-12-22T00:00:00,Upper_Forest_Soilwater,242.84345380114704
2026-12-23T00:00:00,Upper_Forest_Soilwater,243.7517150931094
2026-12-24T00:00:00,Upper_Forest_Soilwater,244.4736085206436
2026-12-25T00:00:00,Upper_Forest_Soilwater,245.4616207170756
2026-12-26T00:00:00,Upper_Forest_Soilwater,246.10772454689763
2026-12-27T00:00:00,Upper_Forest_Soilwater,246.7972936097444
2026-12-28T00:00:00,Upper_Forest_Soilwater,247.35295774667097
2026-12-29T00:00:00,Upper_Forest_Soilwater,247.65292003332172
2026-12-30T00:00:00,Upper_Forest_Soilwater,247.85410278006103
2026-12-31T00:00:00,Upper_Forest_Soilwater,247.62661446538428
