c409d3e1-8cc6-43ae-8c94-37dd629ba1db,location,waterInputs
2023-01-01T00:00:00,Upper_Forest_Soilwater,0.24000000000000005
2023-01-02T00:00:00,Upper_Forest_Soilwater,1.2320000000000002
2023-01-03T00:00:00,Upper_Forest_Soilwater,1.1088000000000002
2023-01-04T00:00:00,Upper_Forest_Soilwater,0.9979200000000001
2023-01-05T00:00:00,Upper_Forest_Soilwater,0.898128
2023-01-06T00:00:00,Upper_Forest_Soilwater,0.8963152
2023-01-07T00:00:00,Upper_Forest_Soilwater,1.0866836800000002
2023-01-08T00:00:00,Upper_Forest_Soilwater,0.9780153120000001
2023-01-09T00:00:00,Upper_Forest_Soilwater,1.3522137808000005
2023-01-10T00:00:00,Upper_Forest_Soilwater,1.2169924027200005
2023-01-11T00:00:00,Upper_Forest_Soilwater,1.0952931624480002
2023-01-12T00:00:00,Upper_Forest_Soilwater,0.9857638462032002
2023-01-13T00:00:00,Upper_Forest_Soilwater,0.8871874615828802
2023-01-14T00:00:00,Upper_Forest_Soilwater,0.7984687154245922
2023-01-15T00:00:00,Upper_Forest_Soilwater,0.718621843882133
2023-01-16T00:00:00,Upper_Forest_Soilwater,0.6467596594939198
2023-01-17T00:00:00,Upper_Forest_Soilwater,0.5820836935445278
2023-01-18T00:00:00,Upper_Forest_Soilwater,1.875875324190075
2023-01-19T00:00:00,Upper_Forest_Soilwater,1.7682877917710678
2023-01-20T00:00:00,Upper_Forest_Soilwater,1.687459012593961
2023-01-21T00:00:00,Upper_Forest_Soilwater,1.6547131113345648
2023-01-22T00:00:00,Upper_Forest_Soilwater,1.4892418002011083
2023-01-23T00:00:00,Upper_Forest_Soilwater,1.3403176201809974
2023-01-24T00:00:00,Upper_Forest_Soilwater,1.2062858581628977
2023-01-25T00:00:00,Upper_Forest_Soilwater,1.085657272346608
2023-01-26T00:00:00,Upper_Forest_Soilwater,1.601091545111947
2023-01-27T00:00:00,Upper_Forest_Soilwater,1.4409823906007526
2023-01-28T00:00:00,Upper_Forest_Soilwater,1.2968841515406773
2023-01-29T00:00:00,Upper_Forest_Soilwater,1.1671957363866095
2023-01-30T00:00:00,Upper_Forest_Soilwater,1.0504761627479484
2023-01-31T00:00:00,Upper_Forest_Soilwater,0.9454285464731536
2023-02-01T00:00:00,Upper_Forest_Soilwater,0.8508856918258382
2023-02-02T00:00:00,Upper_Forest_Soilwater,0.7657971226432543
2023-02-03T00:00:00,Upper_Forest_Soilwater,0.6892174103789289
2023-02-04T00:00:00,Upper_Forest_Soilwater,0.6202956693410361
2023-02-05T00:00:00,Upper_Forest_Soilwater,0.5582661024069324
2023-02-06T00:00:00,Upper_Forest_Soilwater,0.5024394921662392
2023-02-07T00:00:00,Upper_Forest_Soilwater,0.4521955429496153
2023-02-08T00:00:00,Upper_Forest_Soilwater,0.4069759886546538
2023-02-09T00:00:00,Upper_Forest_Soilwater,0.3662783897891884
2023-02-10T00:00:00,Upper_Forest_Soilwater,0.3296505508102696
2023-02-11T00:00:00,Upper_Forest_Soilwater,0.2966854957292426
2023-02-12T00:00:00,Upper_Forest_Soilwater,0.2670169461563183
2023-02-13T00:00:00,Upper_Forest_Soilwater,0.24031525154068648
2023-02-14T00:00:00,Upper_Forest_Soilwater,0.2162837263866178
2023-02-15T00:00:00,Upper_Forest_Soilwater,0.19465535374795603
2023-02-16T00:00:00,Upper_Forest_Soilwater,0.17518981837316042
2023-02-17T00:00:00,Upper_Forest_Soilwater,0.15767083653584438
2023-02-18T00:00:00,Upper_Forest_Soilwater,0.28590375288225994
2023-02-19T00:00:00,Upper_Forest_Soilwater,0.257313377594034
2023-02-20T00:00:00,Upper_Forest_Soilwater,0.4395820398346305
2023-02-21T00:00:00,Upper_Forest_Soilwater,0.3956238358511675
2023-02-22T00:00:00,Upper_Forest_Soilwater,0.3560614522660508
2023-02-23T00:00:00,Upper_Forest_Soilwater,0.3924553070394457
2023-02-24T00:00:00,Upper_Forest_Soilwater,0.4892097763355011
2023-02-25T00:00:00,Upper_Forest_Soilwater,0.520288798701951
2023-02-26T00:00:00,Upper_Forest_Soilwater,0.468259918831756
2023-02-27T00:00:00,Upper_Forest_Soilwater,0.9894339269485806
2023-02-28T00:00:00,Upper_Forest_Soilwater,0.8904905342537224
2023-03-01T00:00:00,Upper_Forest_Soilwater,0.8014414808283501
2023-03-02T00:00:00,Upper_Forest_Soilwater,0.721297332745515
2023-03-03T00:00:00,Upper_Forest_Soilwater,0.6491675994709636
2023-03-04T00:00:00,Upper_Forest_Soilwater,0.5842508395238671
2023-03-05T00:00:00,Upper_Forest_Soilwater,0.8298257555714804
2023-03-06T00:00:00,Upper_Forest_Soilwater,0.7468431800143325
2023-03-07T00:00:00,Upper_Forest_Soilwater,0.6721588620128993
2023-03-08T00:00:00,Upper_Forest_Soilwater,0.6049429758116093
2023-03-09T00:00:00,Upper_Forest_Soilwater,0.6724486782304484
2023-03-10T00:00:00,Upper_Forest_Soilwater,1.1892038104074036
2023-03-11T00:00:00,Upper_Forest_Soilwater,1.3822834293666633
2023-03-12T00:00:00,Upper_Forest_Soilwater,1.2440550864299968
2023-03-13T00:00:00,Upper_Forest_Soilwater,1.2796495777869974
2023-03-14T00:00:00,Upper_Forest_Soilwater,1.2876846200082976
2023-03-15T00:00:00,Upper_Forest_Soilwater,1.4469161580074679
2023-03-16T00:00:00,Upper_Forest_Soilwater,1.3022245422067211
2023-03-17T00:00:00,Upper_Forest_Soilwater,1.1720020879860489
2023-03-18T00:00:00,Upper_Forest_Soilwater,1.3508018791874443
2023-03-19T00:00:00,Upper_Forest_Soilwater,2.5197216912686997
2023-03-20T00:00:00,Upper_Forest_Soilwater,2.65174952214183
2023-03-21T00:00:00,Upper_Forest_Soilwater,2.5305745699276465
2023-03-22T00:00:00,Upper_Forest_Soilwater,2.277517112934882
2023-03-23T00:00:00,Upper_Forest_Soilwater,2.0497654016413938
2023-03-24T00:00:00,Upper_Forest_Soilwater,1.8447888614772543
2023-03-25T00:00:00,Upper_Forest_Soilwater,1.7403099753295288
2023-03-26T00:00:00,Upper_Forest_Soilwater,1.5662789777965758
2023-03-27T00:00:00,Upper_Forest_Soilwater,1.4096510800169184
2023-03-28T00:00:00,Upper_Forest_Soilwater,1.2686859720152266
2023-03-29T00:00:00,Upper_Forest_Soilwater,1.141817374813704
2023-03-30T00:00:00,Upper_Forest_Soilwater,1.0276356373323337
2023-03-31T00:00:00,Upper_Forest_Soilwater,1.1488720735991003
2023-04-01T00:00:00,Upper_Forest_Soilwater,1.0339848662391902
2023-04-02T00:00:00,Upper_Forest_Soilwater,0.9305863796152712
2023-04-03T00:00:00,Upper_Forest_Soilwater,1.205527741653744
2023-04-04T00:00:00,Upper_Forest_Soilwater,1.4609749674883696
2023-04-05T00:00:00,Upper_Forest_Soilwater,1.9788774707395331
2023-04-06T00:00:00,Upper_Forest_Soilwater,2.0289897236655796
2023-04-07T00:00:00,Upper_Forest_Soilwater,1.8260907512990217
2023-04-08T00:00:00,Upper_Forest_Soilwater,1.6434816761691196
2023-04-09T00:00:00,Upper_Forest_Soilwater,1.4791335085522077
2023-04-10T00:00:00,Upper_Forest_Soilwater,1.331220157696987
2023-04-11T00:00:00,Upper_Forest_Soilwater,1.2460981419272885
2023-04-12T00:00:00,Upper_Forest_Soilwater,1.1214883277345595
2023-04-13T00:00:00,Upper_Forest_Soilwater,1.1053394949611037
2023-04-14T00:00:00,Upper_Forest_Soilwater,1.7228055454649933
2023-04-15T00:00:00,Upper_Forest_Soilwater,1.5505249909184942
2023-04-16T00:00:00,Upper_Forest_Soilwater,1.395472491826645
2023-04-17T00:00:00,Upper_Forest_Soilwater,1.2559252426439806
2023-04-18T00:00:00,Upper_Forest_Soilwater,1.3463327183795826
2023-04-19T00:00:00,Upper_Forest_Soilwater,1.2116994465416242
2023-04-20T00:00:00,Upper_Forest_Soilwater,1.2265295018874618
2023-04-21T00:00:00,Upper_Forest_Soilwater,1.1038765516987155
2023-04-22T00:00:00,Upper_Forest_Soilwater,0.9934888965288441
2023-04-23T00:00:00,Upper_Forest_Soilwater,1.0221400068759596
2023-04-24T00:00:00,Upper_Forest_Soilwater,1.0959260061883638
2023-04-25T00:00:00,Upper_Forest_Soilwater,0.9863334055695274
2023-04-26T00:00:00,Upper_Forest_Soilwater,0.8877000650125746
2023-04-27T00:00:00,Upper_Forest_Soilwater,0.798930058511317
2023-04-28T00:00:00,Upper_Forest_Soilwater,0.7190370526601854
2023-04-29T00:00:00,Upper_Forest_Soilwater,0.647133347394167
2023-04-30T00:00:00,Upper_Forest_Soilwater,0.5824200126547502
2023-05-01T00:00:00,Upper_Forest_Soilwater,0.5241780113892752
2023-05-02T00:00:00,Upper_Forest_Soilwater,0.47176021025034764
2023-05-03T00:00:00,Upper_Forest_Soilwater,0.4245841892253129
2023-05-04T00:00:00,Upper_Forest_Soilwater,0.3821257703027816
2023-05-05T00:00:00,Upper_Forest_Soilwater,0.3439131932725034
2023-05-06T00:00:00,Upper_Forest_Soilwater,0.30952187394525305
2023-05-07T00:00:00,Upper_Forest_Soilwater,0.27856968655072784
2023-05-08T00:00:00,Upper_Forest_Soilwater,0.250712717895655
2023-05-09T00:00:00,Upper_Forest_Soilwater,0.22564144610608952
2023-05-10T00:00:00,Upper_Forest_Soilwater,0.2030773014954806
2023-05-11T00:00:00,Upper_Forest_Soilwater,0.26276957134593254
2023-05-12T00:00:00,Upper_Forest_Soilwater,0.23649261421133932
2023-05-13T00:00:00,Upper_Forest_Soilwater,0.2128433527902054
2023-05-14T00:00:00,Upper_Forest_Soilwater,0.19155901751118487
2023-05-15T00:00:00,Upper_Forest_Soilwater,0.17240311576006634
2023-05-16T00:00:00,Upper_Forest_Soilwater,0.23516280418405971
2023-05-17T00:00:00,Upper_Forest_Soilwater,0.8116465237656538
2023-05-18T00:00:00,Upper_Forest_Soilwater,0.8184818713890882
2023-05-19T00:00:00,Upper_Forest_Soilwater,0.8806336842501796
2023-05-20T00:00:00,Upper_Forest_Soilwater,0.7925703158251617
2023-05-21T00:00:00,Upper_Forest_Soilwater,1.3133132842426456
2023-05-22T00:00:00,Upper_Forest_Soilwater,1.2459819558183811
2023-05-23T00:00:00,Upper_Forest_Soilwater,1.2093837602365434
2023-05-24T00:00:00,Upper_Forest_Soilwater,1.088445384212889
2023-05-25T00:00:00,Upper_Forest_Soilwater,2.4276008457916003
2023-05-26T00:00:00,Upper_Forest_Soilwater,2.18484076121244
2023-05-27T00:00:00,Upper_Forest_Soilwater,1.9663566850911964
2023-05-28T00:00:00,Upper_Forest_Soilwater,1.7697210165820765
2023-05-29T00:00:00,Upper_Forest_Soilwater,1.592748914923869
2023-05-30T00:00:00,Upper_Forest_Soilwater,1.745474023431482
2023-05-31T00:00:00,Upper_Forest_Soilwater,1.5709266210883337
2023-06-01T00:00:00,Upper_Forest_Soilwater,1.4138339589795006
2023-06-02T00:00:00,Upper_Forest_Soilwater,1.2724505630815504
2023-06-03T00:00:00,Upper_Forest_Soilwater,1.1452055067733953
2023-06-04T00:00:00,Upper_Forest_Soilwater,1.0306849560960558
2023-06-05T00:00:00,Upper_Forest_Soilwater,0.9276164604864502
2023-06-06T00:00:00,Upper_Forest_Soilwater,0.8348548144378051
2023-06-07T00:00:00,Upper_Forest_Soilwater,0.7513693329940245
2023-06-08T00:00:00,Upper_Forest_Soilwater,0.6762323996946221
2023-06-09T00:00:00,Upper_Forest_Soilwater,0.6086091597251599
2023-06-10T00:00:00,Upper_Forest_Soilwater,0.547748243752644
2023-06-11T00:00:00,Upper_Forest_Soilwater,0.4929734193773796
2023-06-12T00:00:00,Upper_Forest_Soilwater,0.4436760774396416
2023-06-13T00:00:00,Upper_Forest_Soilwater,0.39930846969567746
2023-06-14T00:00:00,Upper_Forest_Soilwater,0.35937762272610974
2023-06-15T00:00:00,Upper_Forest_Soilwater,0.32343986045349876
2023-06-16T00:00:00,Upper_Forest_Soilwater,0.2910958744081489
2023-06-17T00:00:00,Upper_Forest_Soilwater,0.26198628696733395
2023-06-18T00:00:00,Upper_Forest_Soilwater,0.23578765827060055
2023-06-19T00:00:00,Upper_Forest_Soilwater,0.2122088924435405
2023-06-20T00:00:00,Upper_Forest_Soilwater,0.19098800319918646
2023-06-21T00:00:00,Upper_Forest_Soilwater,0.24388920287926782
2023-06-22T00:00:00,Upper_Forest_Soilwater,0.21950028259134102
2023-06-23T00:00:00,Upper_Forest_Soilwater,0.19755025433220688
2023-06-24T00:00:00,Upper_Forest_Soilwater,0.17779522889898616
2023-06-25T00:00:00,Upper_Forest_Soilwater,0.16001570600908757
2023-06-26T00:00:00,Upper_Forest_Soilwater,0.14401413540817884
2023-06-27T00:00:00,Upper_Forest_Soilwater,0.12961272186736092
2023-06-28T00:00:00,Upper_Forest_Soilwater,0.11665144968062487
2023-06-29T00:00:00,Upper_Forest_Soilwater,0.6489863047125625
2023-06-30T00:00:00,Upper_Forest_Soilwater,0.6480876742413063
2023-07-01T00:00:00,Upper_Forest_Soilwater,0.8472789068171755
2023-07-02T00:00:00,Upper_Forest_Soilwater,0.7625510161354581
2023-07-03T00:00:00,Upper_Forest_Soilwater,0.6862959145219123
2023-07-04T00:00:00,Upper_Forest_Soilwater,0.617666323069721
2023-07-05T00:00:00,Upper_Forest_Soilwater,0.5558996907627488
2023-07-06T00:00:00,Upper_Forest_Soilwater,0.500309721686474
2023-07-07T00:00:00,Upper_Forest_Soilwater,0.9062787495178267
2023-07-08T00:00:00,Upper_Forest_Soilwater,0.887650874566044
2023-07-09T00:00:00,Upper_Forest_Soilwater,0.7988857871094396
2023-07-10T00:00:00,Upper_Forest_Soilwater,0.7189972083984956
2023-07-11T00:00:00,Upper_Forest_Soilwater,0.751097487558646
2023-07-12T00:00:00,Upper_Forest_Soilwater,0.9319877388027815
2023-07-13T00:00:00,Upper_Forest_Soilwater,0.8387889649225033
2023-07-14T00:00:00,Upper_Forest_Soilwater,0.754910068430253
2023-07-15T00:00:00,Upper_Forest_Soilwater,1.5274190615872278
2023-07-16T00:00:00,Upper_Forest_Soilwater,1.550677155428505
2023-07-17T00:00:00,Upper_Forest_Soilwater,1.3956094398856544
2023-07-18T00:00:00,Upper_Forest_Soilwater,1.256048495897089
2023-07-19T00:00:00,Upper_Forest_Soilwater,1.2184436463073804
2023-07-20T00:00:00,Upper_Forest_Soilwater,1.0965992816766423
2023-07-21T00:00:00,Upper_Forest_Soilwater,1.074939353508978
2023-07-22T00:00:00,Upper_Forest_Soilwater,1.8474454181580804
2023-07-23T00:00:00,Upper_Forest_Soilwater,1.6627008763422724
2023-07-24T00:00:00,Upper_Forest_Soilwater,1.4964307887080452
2023-07-25T00:00:00,Upper_Forest_Soilwater,1.3467877098372407
2023-07-26T00:00:00,Upper_Forest_Soilwater,1.2121089388535167
2023-07-27T00:00:00,Upper_Forest_Soilwater,1.1868980449681652
2023-07-28T00:00:00,Upper_Forest_Soilwater,1.4042082404713483
2023-07-29T00:00:00,Upper_Forest_Soilwater,1.2637874164242135
2023-07-30T00:00:00,Upper_Forest_Soilwater,1.1374086747817922
2023-07-31T00:00:00,Upper_Forest_Soilwater,1.023667807303613
2023-08-01T00:00:00,Upper_Forest_Soilwater,0.9213010265732516
2023-08-02T00:00:00,Upper_Forest_Soilwater,0.8291709239159264
2023-08-03T00:00:00,Upper_Forest_Soilwater,0.7462538315243338
2023-08-04T00:00:00,Upper_Forest_Soilwater,0.6716284483719005
2023-08-05T00:00:00,Upper_Forest_Soilwater,0.6044656035347103
2023-08-06T00:00:00,Upper_Forest_Soilwater,0.5440190431812394
2023-08-07T00:00:00,Upper_Forest_Soilwater,0.4896171388631153
2023-08-08T00:00:00,Upper_Forest_Soilwater,0.4406554249768038
2023-08-09T00:00:00,Upper_Forest_Soilwater,0.3965898824791234
2023-08-10T00:00:00,Upper_Forest_Soilwater,0.9969308942312112
2023-08-11T00:00:00,Upper_Forest_Soilwater,1.59323780480809
2023-08-12T00:00:00,Upper_Forest_Soilwater,1.697914024327281
2023-08-13T00:00:00,Upper_Forest_Soilwater,1.736122621894553
2023-08-14T00:00:00,Upper_Forest_Soilwater,1.562510359705098
2023-08-15T00:00:00,Upper_Forest_Soilwater,1.406259323734588
2023-08-16T00:00:00,Upper_Forest_Soilwater,1.2656333913611293
2023-08-17T00:00:00,Upper_Forest_Soilwater,1.2830700522250165
2023-08-18T00:00:00,Upper_Forest_Soilwater,1.1547630470025148
2023-08-19T00:00:00,Upper_Forest_Soilwater,1.0392867423022631
2023-08-20T00:00:00,Upper_Forest_Soilwater,0.9353580680720368
2023-08-21T00:00:00,Upper_Forest_Soilwater,0.8418222612648331
2023-08-22T00:00:00,Upper_Forest_Soilwater,0.7576400351383498
2023-08-23T00:00:00,Upper_Forest_Soilwater,0.6818760316245147
2023-08-24T00:00:00,Upper_Forest_Soilwater,0.6136884284620633
2023-08-25T00:00:00,Upper_Forest_Soilwater,0.5523195856158569
2023-08-26T00:00:00,Upper_Forest_Soilwater,0.6650876270542713
2023-08-27T00:00:00,Upper_Forest_Soilwater,0.5985788643488441
2023-08-28T00:00:00,Upper_Forest_Soilwater,0.5387209779139596
2023-08-29T00:00:00,Upper_Forest_Soilwater,0.48484888012256366
2023-08-30T00:00:00,Upper_Forest_Soilwater,0.4363639921103073
2023-08-31T00:00:00,Upper_Forest_Soilwater,0.3927275928992766
2023-09-01T00:00:00,Upper_Forest_Soilwater,1.217454833609349
2023-09-02T00:00:00,Upper_Forest_Soilwater,1.4637093502484142
2023-09-03T00:00:00,Upper_Forest_Soilwater,2.7333384152235727
2023-09-04T00:00:00,Upper_Forest_Soilwater,2.7000045737012157
2023-09-05T00:00:00,Upper_Forest_Soilwater,2.5820041163310936
2023-09-06T00:00:00,Upper_Forest_Soilwater,2.4438037046979844
2023-09-07T00:00:00,Upper_Forest_Soilwater,2.199423334228186
2023-09-08T00:00:00,Upper_Forest_Soilwater,1.9794810008053674
2023-09-09T00:00:00,Upper_Forest_Soilwater,1.9175329007248305
2023-09-10T00:00:00,Upper_Forest_Soilwater,1.7897796106523476
2023-09-11T00:00:00,Upper_Forest_Soilwater,1.8828016495871127
2023-09-12T00:00:00,Upper_Forest_Soilwater,1.9585214846284016
2023-09-13T00:00:00,Upper_Forest_Soilwater,1.9226693361655613
2023-09-14T00:00:00,Upper_Forest_Soilwater,1.7304024025490052
2023-09-15T00:00:00,Upper_Forest_Soilwater,1.5573621622941047
2023-09-16T00:00:00,Upper_Forest_Soilwater,1.4016259460646943
2023-09-17T00:00:00,Upper_Forest_Soilwater,2.053463351458225
2023-09-18T00:00:00,Upper_Forest_Soilwater,3.1361170163124026
2023-09-19T00:00:00,Upper_Forest_Soilwater,3.1345053146811623
2023-09-20T00:00:00,Upper_Forest_Soilwater,2.821054783213046
2023-09-21T00:00:00,Upper_Forest_Soilwater,2.5389493048917418
2023-09-22T00:00:00,Upper_Forest_Soilwater,2.2850543744025678
2023-09-23T00:00:00,Upper_Forest_Soilwater,2.056548936962311
2023-09-24T00:00:00,Upper_Forest_Soilwater,1.89889404326608
2023-09-25T00:00:00,Upper_Forest_Soilwater,2.2530046389394722
2023-09-26T00:00:00,Upper_Forest_Soilwater,2.819704175045525
2023-09-27T00:00:00,Upper_Forest_Soilwater,2.6897337575409725
2023-09-28T00:00:00,Upper_Forest_Soilwater,2.4207603817868755
2023-09-29T00:00:00,Upper_Forest_Soilwater,2.1786843436081877
2023-09-30T00:00:00,Upper_Forest_Soilwater,2.232815909247369
2023-10-01T00:00:00,Upper_Forest_Soilwater,2.009534318322632
2023-10-02T00:00:00,Upper_Forest_Soilwater,1.8085808864903687
2023-10-03T00:00:00,Upper_Forest_Soilwater,1.627722797841332
2023-10-04T00:00:00,Upper_Forest_Soilwater,1.4649505180571987
2023-10-05T00:00:00,Upper_Forest_Soilwater,1.3184554662514785
2023-10-06T00:00:00,Upper_Forest_Soilwater,1.1866099196263307
2023-10-07T00:00:00,Upper_Forest_Soilwater,1.0679489276636978
2023-10-08T00:00:00,Upper_Forest_Soilwater,0.9611540348973279
2023-10-09T00:00:00,Upper_Forest_Soilwater,1.4970386314075952
2023-10-10T00:00:00,Upper_Forest_Soilwater,1.4273347682668358
2023-10-11T00:00:00,Upper_Forest_Soilwater,1.7566012914401523
2023-10-12T00:00:00,Upper_Forest_Soilwater,1.6609411622961372
2023-10-13T00:00:00,Upper_Forest_Soilwater,1.5588470460665236
2023-10-14T00:00:00,Upper_Forest_Soilwater,1.834962341459871
2023-10-15T00:00:00,Upper_Forest_Soilwater,2.0834661073138845
2023-10-16T00:00:00,Upper_Forest_Soilwater,2.459119496582496
2023-10-17T00:00:00,Upper_Forest_Soilwater,2.2132075469242465
2023-10-18T00:00:00,Upper_Forest_Soilwater,2.0798867922318216
2023-10-19T00:00:00,Upper_Forest_Soilwater,1.8718981130086396
2023-10-20T00:00:00,Upper_Forest_Soilwater,1.6847083017077755
2023-10-21T00:00:00,Upper_Forest_Soilwater,1.9322374715369979
2023-10-22T00:00:00,Upper_Forest_Soilwater,1.739013724383298
2023-10-23T00:00:00,Upper_Forest_Soilwater,1.5651123519449683
2023-10-24T00:00:00,Upper_Forest_Soilwater,1.4086011167504715
2023-10-25T00:00:00,Upper_Forest_Soilwater,1.2677410050754243
2023-10-26T00:00:00,Upper_Forest_Soilwater,1.1409669045678819
2023-10-27T00:00:00,Upper_Forest_Soilwater,1.0268702141110937
2023-10-28T00:00:00,Upper_Forest_Soilwater,0.9241831926999842
2023-10-29T00:00:00,Upper_Forest_Soilwater,0.8317648734299858
2023-10-30T00:00:00,Upper_Forest_Soilwater,0.9725883860869875
2023-10-31T00:00:00,Upper_Forest_Soilwater,0.8753295474782887
2023-11-01T00:00:00,Upper_Forest_Soilwater,0.9317965927304599
2023-11-02T00:00:00,Upper_Forest_Soilwater,0.8386169334574141
2023-11-03T00:00:00,Upper_Forest_Soilwater,0.7547552401116726
2023-11-04T00:00:00,Upper_Forest_Soilwater,0.8312797161005053
2023-11-05T00:00:00,Upper_Forest_Soilwater,0.7481517444904547
2023-11-06T00:00:00,Upper_Forest_Soilwater,0.6733365700414092
2023-11-07T00:00:00,Upper_Forest_Soilwater,2.142002913037268
2023-11-08T00:00:00,Upper_Forest_Soilwater,2.4238026217335418
2023-11-09T00:00:00,Upper_Forest_Soilwater,3.773422359560188
2023-11-10T00:00:00,Upper_Forest_Soilwater,3.396080123604169
2023-11-11T00:00:00,Upper_Forest_Soilwater,3.0564721112437523
2023-11-12T00:00:00,Upper_Forest_Soilwater,2.7508249001193774
2023-11-13T00:00:00,Upper_Forest_Soilwater,2.47574241010744
2023-11-14T00:00:00,Upper_Forest_Soilwater,2.2281681690966955
2023-11-15T00:00:00,Upper_Forest_Soilwater,2.005351352187026
2023-11-16T00:00:00,Upper_Forest_Soilwater,1.8048162169683235
2023-11-17T00:00:00,Upper_Forest_Soilwater,1.6243345952714912
2023-11-18T00:00:00,Upper_Forest_Soilwater,1.461901135744342
2023-11-19T00:00:00,Upper_Forest_Soilwater,1.563711022169908
2023-11-20T00:00:00,Upper_Forest_Soilwater,1.407339919952917
2023-11-21T00:00:00,Upper_Forest_Soilwater,1.2666059279576254
2023-11-22T00:00:00,Upper_Forest_Soilwater,1.1399453351618627
2023-11-23T00:00:00,Upper_Forest_Soilwater,2.4579508016456764
2023-11-24T00:00:00,Upper_Forest_Soilwater,2.7001557214811087
2023-11-25T00:00:00,Upper_Forest_Soilwater,2.598140149332998
2023-11-26T00:00:00,Upper_Forest_Soilwater,2.466326134399698
2023-11-27T00:00:00,Upper_Forest_Soilwater,3.131693520959728
2023-11-28T00:00:00,Upper_Forest_Soilwater,2.8185241688637555
2023-11-29T00:00:00,Upper_Forest_Soilwater,2.6406717519773792
2023-11-30T00:00:00,Upper_Forest_Soilwater,2.3766045767796413
2023-12-01T00:00:00,Upper_Forest_Soilwater,2.5709441191016773
2023-12-02T00:00:00,Upper_Forest_Soilwater,4.63384970719151
2023-12-03T00:00:00,Upper_Forest_Soilwater,4.706464736472359
2023-12-04T00:00:00,Upper_Forest_Soilwater,4.235818262825123
2023-12-05T00:00:00,Upper_Forest_Soilwater,3.812236436542611
2023-12-06T00:00:00,Upper_Forest_Soilwater,3.4310127928883496
2023-12-07T00:00:00,Upper_Forest_Soilwater,3.087911513599515
2023-12-08T00:00:00,Upper_Forest_Soilwater,2.8911203622395636
2023-12-09T00:00:00,Upper_Forest_Soilwater,2.602008326015607
2023-12-10T00:00:00,Upper_Forest_Soilwater,2.3418074934140463
2023-12-11T00:00:00,Upper_Forest_Soilwater,2.107626744072641
2023-12-12T00:00:00,Upper_Forest_Soilwater,1.8968640696653774
2023-12-13T00:00:00,Upper_Forest_Soilwater,1.7871776626988394
2023-12-14T00:00:00,Upper_Forest_Soilwater,1.6084598964289551
2023-12-15T00:00:00,Upper_Forest_Soilwater,1.44761390678606
2023-12-16T00:00:00,Upper_Forest_Soilwater,1.7508525161074542
2023-12-17T00:00:00,Upper_Forest_Soilwater,1.5757672644967087
2023-12-18T00:00:00,Upper_Forest_Soilwater,1.4181905380470379
2023-12-19T00:00:00,Upper_Forest_Soilwater,1.4043714842423343
2023-12-20T00:00:00,Upper_Forest_Soilwater,1.759934335818101
2023-12-21T00:00:00,Upper_Forest_Soilwater,1.6959409022362906
2023-12-22T00:00:00,Upper_Forest_Soilwater,1.5263468120126618
2023-12-23T00:00:00,Upper_Forest_Soilwater,2.5017121308113954
2023-12-24T00:00:00,Upper_Forest_Soilwater,2.515540917730256
2023-12-25T00:00:00,Upper_Forest_Soilwater,2.26398682595723
2023-12-26T00:00:00,Upper_Forest_Soilwater,2.0375881433615075
2023-12-27T00:00:00,Upper_Forest_Soilwater,2.1138293290253567
2023-12-28T00:00:00,Upper_Forest_Soilwater,2.9344463961228215
2023-12-29T00:00:00,Upper_Forest_Soilwater,2.7690017565105394
2023-12-30T00:00:00,Upper_Forest_Soilwater,2.6521015808594854
2023-12-31T00:00:00,Upper_Forest_Soilwater,2.5548914227735366
2024-01-01T00:00:00,Upper_Forest_Soilwater,2.507402280496183
2024-01-02T00:00:00,Upper_Forest_Soilwater,2.448662052446565
2024-01-03T00:00:00,Upper_Forest_Soilwater,2.203795847201908
2024-01-04T00:00:00,Upper_Forest_Soilwater,2.327416262481717
2024-01-05T00:00:00,Upper_Forest_Soilwater,2.3186746362335455
2024-01-06T00:00:00,Upper_Forest_Soilwater,2.086807172610191
2024-01-07T00:00:00,Upper_Forest_Soilwater,1.878126455349172
2024-01-08T00:00:00,Upper_Forest_Soilwater,1.6903138098142545
2024-01-09T00:00:00,Upper_Forest_Soilwater,1.5212824288328293
2024-01-10T00:00:00,Upper_Forest_Soilwater,1.3691541859495466
2024-01-11T00:00:00,Upper_Forest_Soilwater,1.232238767354592
2024-01-12T00:00:00,Upper_Forest_Soilwater,1.1090148906191328
2024-01-13T00:00:00,Upper_Forest_Soilwater,0.9981134015572195
2024-01-14T00:00:00,Upper_Forest_Soilwater,0.8983020614014974
2024-01-15T00:00:00,Upper_Forest_Soilwater,1.064471855261348
2024-01-16T00:00:00,Upper_Forest_Soilwater,2.2540246697352133
2024-01-17T00:00:00,Upper_Forest_Soilwater,2.028622202761692
2024-01-18T00:00:00,Upper_Forest_Soilwater,1.953759982485523
2024-01-19T00:00:00,Upper_Forest_Soilwater,2.1663839842369703
2024-01-20T00:00:00,Upper_Forest_Soilwater,2.2057455858132733
2024-01-21T00:00:00,Upper_Forest_Soilwater,2.7851710272319465
2024-01-22T00:00:00,Upper_Forest_Soilwater,2.5626539245087523
2024-01-23T00:00:00,Upper_Forest_Soilwater,2.306388532057877
2024-01-24T00:00:00,Upper_Forest_Soilwater,2.0757496788520893
2024-01-25T00:00:00,Upper_Forest_Soilwater,1.8681747109668803
2024-01-26T00:00:00,Upper_Forest_Soilwater,1.6813572398701924
2024-01-27T00:00:00,Upper_Forest_Soilwater,1.5132215158831732
2024-01-28T00:00:00,Upper_Forest_Soilwater,1.3618993642948558
2024-01-29T00:00:00,Upper_Forest_Soilwater,1.22570942786537
2024-01-30T00:00:00,Upper_Forest_Soilwater,1.415138485078833
2024-01-31T00:00:00,Upper_Forest_Soilwater,1.4096246365709497
2024-02-01T00:00:00,Upper_Forest_Soilwater,1.2686621729138547
2024-02-02T00:00:00,Upper_Forest_Soilwater,1.3177959556224692
2024-02-03T00:00:00,Upper_Forest_Soilwater,1.186016360060222
2024-02-04T00:00:00,Upper_Forest_Soilwater,1.0674147240541998
2024-02-05T00:00:00,Upper_Forest_Soilwater,0.9606732516487799
2024-02-06T00:00:00,Upper_Forest_Soilwater,0.864605926483902
2024-02-07T00:00:00,Upper_Forest_Soilwater,0.7781453338355118
2024-02-08T00:00:00,Upper_Forest_Soilwater,0.7003308004519605
2024-02-09T00:00:00,Upper_Forest_Soilwater,0.6302977204067645
2024-02-10T00:00:00,Upper_Forest_Soilwater,0.567267948366088
2024-02-11T00:00:00,Upper_Forest_Soilwater,0.6065411535294792
2024-02-12T00:00:00,Upper_Forest_Soilwater,0.6658870381765314
2024-02-13T00:00:00,Upper_Forest_Soilwater,0.5992983343588782
2024-02-14T00:00:00,Upper_Forest_Soilwater,0.5393685009229905
2024-02-15T00:00:00,Upper_Forest_Soilwater,0.6534316508306914
2024-02-16T00:00:00,Upper_Forest_Soilwater,0.5880884857476223
2024-02-17T00:00:00,Upper_Forest_Soilwater,0.5292796371728601
2024-02-18T00:00:00,Upper_Forest_Soilwater,0.4763516734555741
2024-02-19T00:00:00,Upper_Forest_Soilwater,0.42871650611001666
2024-02-20T00:00:00,Upper_Forest_Soilwater,0.385844855499015
2024-02-21T00:00:00,Upper_Forest_Soilwater,0.34726036994911347
2024-02-22T00:00:00,Upper_Forest_Soilwater,0.31253433295420213
2024-02-23T00:00:00,Upper_Forest_Soilwater,0.2812808996587819
2024-02-24T00:00:00,Upper_Forest_Soilwater,0.2531528096929037
2024-02-25T00:00:00,Upper_Forest_Soilwater,0.37183752872361336
2024-02-26T00:00:00,Upper_Forest_Soilwater,0.334653775851252
2024-02-27T00:00:00,Upper_Forest_Soilwater,0.3011883982661268
2024-02-28T00:00:00,Upper_Forest_Soilwater,1.367069558439514
2024-02-29T00:00:00,Upper_Forest_Soilwater,1.702362602595563
2024-03-01T00:00:00,Upper_Forest_Soilwater,1.7161263423360067
2024-03-02T00:00:00,Upper_Forest_Soilwater,1.6485137081024062
2024-03-03T00:00:00,Upper_Forest_Soilwater,1.4836623372921658
2024-03-04T00:00:00,Upper_Forest_Soilwater,1.3352961035629491
2024-03-05T00:00:00,Upper_Forest_Soilwater,1.2017664932066545
2024-03-06T00:00:00,Upper_Forest_Soilwater,1.5135898438859892
2024-03-07T00:00:00,Upper_Forest_Soilwater,1.9062308594973905
2024-03-08T00:00:00,Upper_Forest_Soilwater,1.7156077735476511
2024-03-09T00:00:00,Upper_Forest_Soilwater,1.6080469961928863
2024-03-10T00:00:00,Upper_Forest_Soilwater,1.4472422965735978
2024-03-11T00:00:00,Upper_Forest_Soilwater,1.4545180669162379
2024-03-12T00:00:00,Upper_Forest_Soilwater,1.3090662602246141
2024-03-13T00:00:00,Upper_Forest_Soilwater,1.5781596342021529
2024-03-14T00:00:00,Upper_Forest_Soilwater,1.4203436707819377
2024-03-15T00:00:00,Upper_Forest_Soilwater,1.278309303703744
2024-03-16T00:00:00,Upper_Forest_Soilwater,1.2304783733333693
2024-03-17T00:00:00,Upper_Forest_Soilwater,1.3874305360000325
2024-03-18T00:00:00,Upper_Forest_Soilwater,1.3286874824000292
2024-03-19T00:00:00,Upper_Forest_Soilwater,1.2998187341600265
2024-03-20T00:00:00,Upper_Forest_Soilwater,1.3138368607440238
2024-03-21T00:00:00,Upper_Forest_Soilwater,1.1824531746696214
2024-03-22T00:00:00,Upper_Forest_Soilwater,1.0642078572026592
2024-03-23T00:00:00,Upper_Forest_Soilwater,1.0297870714823933
2024-03-24T00:00:00,Upper_Forest_Soilwater,0.998808364334154
2024-03-25T00:00:00,Upper_Forest_Soilwater,1.0029275279007386
2024-03-26T00:00:00,Upper_Forest_Soilwater,1.1186347751106647
2024-03-27T00:00:00,Upper_Forest_Soilwater,1.3187712975995982
2024-03-28T00:00:00,Upper_Forest_Soilwater,1.4828941678396383
2024-03-29T00:00:00,Upper_Forest_Soilwater,1.3346047510556744
2024-03-30T00:00:00,Upper_Forest_Soilwater,1.201144275950107
2024-03-31T00:00:00,Upper_Forest_Soilwater,1.3610298483550964
2024-04-01T00:00:00,Upper_Forest_Soilwater,1.3049268635195868
2024-04-02T00:00:00,Upper_Forest_Soilwater,1.4784341771676281
2024-04-03T00:00:00,Upper_Forest_Soilwater,1.3305907594508655
2024-04-04T00:00:00,Upper_Forest_Soilwater,1.197531683505779
2024-04-05T00:00:00,Upper_Forest_Soilwater,1.1817785151552012
2024-04-06T00:00:00,Upper_Forest_Soilwater,1.0636006636396809
2024-04-07T00:00:00,Upper_Forest_Soilwater,0.9572405972757129
2024-04-08T00:00:00,Upper_Forest_Soilwater,0.8615165375481416
2024-04-09T00:00:00,Upper_Forest_Soilwater,1.1273648837933274
2024-04-10T00:00:00,Upper_Forest_Soilwater,1.0146283954139947
2024-04-11T00:00:00,Upper_Forest_Soilwater,0.9131655558725952
2024-04-12T00:00:00,Upper_Forest_Soilwater,0.9498490002853357
2024-04-13T00:00:00,Upper_Forest_Soilwater,0.854864100256802
2024-04-14T00:00:00,Upper_Forest_Soilwater,0.7693776902311219
2024-04-15T00:00:00,Upper_Forest_Soilwater,0.6924399212080097
2024-04-16T00:00:00,Upper_Forest_Soilwater,0.7031959290872087
2024-04-17T00:00:00,Upper_Forest_Soilwater,1.096876336178488
2024-04-18T00:00:00,Upper_Forest_Soilwater,0.9871887025606392
2024-04-19T00:00:00,Upper_Forest_Soilwater,0.8884698323045752
2024-04-20T00:00:00,Upper_Forest_Soilwater,0.7996228490741176
2024-04-21T00:00:00,Upper_Forest_Soilwater,0.783660564166706
2024-04-22T00:00:00,Upper_Forest_Soilwater,0.7052945077500353
2024-04-23T00:00:00,Upper_Forest_Soilwater,0.6347650569750318
2024-04-24T00:00:00,Upper_Forest_Soilwater,0.5712885512775286
2024-04-25T00:00:00,Upper_Forest_Soilwater,0.5141596961497757
2024-04-26T00:00:00,Upper_Forest_Soilwater,0.46274372653479817
2024-04-27T00:00:00,Upper_Forest_Soilwater,0.41646935388131845
2024-04-28T00:00:00,Upper_Forest_Soilwater,0.3748224184931866
2024-04-29T00:00:00,Upper_Forest_Soilwater,0.513340176643868
2024-04-30T00:00:00,Upper_Forest_Soilwater,0.4620061589794811
2024-05-01T00:00:00,Upper_Forest_Soilwater,0.41580554308153306
2024-05-02T00:00:00,Upper_Forest_Soilwater,0.5182249887733799
2024-05-03T00:00:00,Upper_Forest_Soilwater,0.4664024898960419
2024-05-04T00:00:00,Upper_Forest_Soilwater,0.41976224090643766
2024-05-05T00:00:00,Upper_Forest_Soilwater,0.37778601681579393
2024-05-06T00:00:00,Upper_Forest_Soilwater,0.34000741513421456
2024-05-07T00:00:00,Upper_Forest_Soilwater,0.44200667362079316
2024-05-08T00:00:00,Upper_Forest_Soilwater,0.5978060062587139
2024-05-09T00:00:00,Upper_Forest_Soilwater,1.0980254056328427
2024-05-10T00:00:00,Upper_Forest_Soilwater,1.1482228650695585
2024-05-11T00:00:00,Upper_Forest_Soilwater,1.2014005785626027
2024-05-12T00:00:00,Upper_Forest_Soilwater,1.0812605207063424
2024-05-13T00:00:00,Upper_Forest_Soilwater,1.1331344686357079
2024-05-14T00:00:00,Upper_Forest_Soilwater,1.2438210217721373
2024-05-15T00:00:00,Upper_Forest_Soilwater,1.2954389195949234
2024-05-16T00:00:00,Upper_Forest_Soilwater,1.325895027635431
2024-05-17T00:00:00,Upper_Forest_Soilwater,1.193305524871888
2024-05-18T00:00:00,Upper_Forest_Soilwater,1.0739749723846992
2024-05-19T00:00:00,Upper_Forest_Soilwater,0.9665774751462293
2024-05-20T00:00:00,Upper_Forest_Soilwater,0.9259197276316062
2024-05-21T00:00:00,Upper_Forest_Soilwater,0.8893277548684456
2024-05-22T00:00:00,Upper_Forest_Soilwater,0.8003949793816011
2024-05-23T00:00:00,Upper_Forest_Soilwater,0.720355481443441
2024-05-24T00:00:00,Upper_Forest_Soilwater,0.6483199332990969
2024-05-25T00:00:00,Upper_Forest_Soilwater,0.5834879399691871
2024-05-26T00:00:00,Upper_Forest_Soilwater,0.5251391459722685
2024-05-27T00:00:00,Upper_Forest_Soilwater,0.47262523137504164
2024-05-28T00:00:00,Upper_Forest_Soilwater,0.4253627082375375
2024-05-29T00:00:00,Upper_Forest_Soilwater,0.38282643741378375
2024-05-30T00:00:00,Upper_Forest_Soilwater,0.3445437936724054
2024-05-31T00:00:00,Upper_Forest_Soilwater,0.31008941430516485
2024-06-01T00:00:00,Upper_Forest_Soilwater,0.2790804728746483
2024-06-02T00:00:00,Upper_Forest_Soilwater,0.2511724255871835
2024-06-03T00:00:00,Upper_Forest_Soilwater,0.22605518302846514
2024-06-04T00:00:00,Upper_Forest_Soilwater,0.20344966472561868
2024-06-05T00:00:00,Upper_Forest_Soilwater,0.18310469825305684
2024-06-06T00:00:00,Upper_Forest_Soilwater,0.16479422842775115
2024-06-07T00:00:00,Upper_Forest_Soilwater,0.14831480558497603
2024-06-08T00:00:00,Upper_Forest_Soilwater,0.13348332502647844
2024-06-09T00:00:00,Upper_Forest_Soilwater,0.1201349925238306
2024-06-10T00:00:00,Upper_Forest_Soilwater,0.10812149327144754
2024-06-11T00:00:00,Upper_Forest_Soilwater,0.0973093439443028
2024-06-12T00:00:00,Upper_Forest_Soilwater,0.08757840954987253
2024-06-13T00:00:00,Upper_Forest_Soilwater,0.07882056859488526
2024-06-14T00:00:00,Upper_Forest_Soilwater,0.07093851173539673
2024-06-15T00:00:00,Upper_Forest_Soilwater,0.06384466056185704
2024-06-16T00:00:00,Upper_Forest_Soilwater,0.05746019450567133
2024-06-17T00:00:00,Upper_Forest_Soilwater,0.0517141750551042
2024-06-18T00:00:00,Upper_Forest_Soilwater,0.04654275754959379
2024-06-19T00:00:00,Upper_Forest_Soilwater,0.04188848179463442
2024-06-20T00:00:00,Upper_Forest_Soilwater,0.037699633615170966
2024-06-21T00:00:00,Upper_Forest_Soilwater,0.03392967025365387
2024-06-22T00:00:00,Upper_Forest_Soilwater,0.03053670322828847
2024-06-23T00:00:00,Upper_Forest_Soilwater,0.02748303290545963
2024-06-24T00:00:00,Upper_Forest_Soilwater,0.024734729614913676
2024-06-25T00:00:00,Upper_Forest_Soilwater,0.02226125665342231
2024-06-26T00:00:00,Upper_Forest_Soilwater,0.020035130988080074
2024-06-27T00:00:00,Upper_Forest_Soilwater,0.018031617889272055
2024-06-28T00:00:00,Upper_Forest_Soilwater,0.016228456100344853
2024-06-29T00:00:00,Upper_Forest_Soilwater,0.014605610490310356
2024-06-30T00:00:00,Upper_Forest_Soilwater,0.013145049441279328
2024-07-01T00:00:00,Upper_Forest_Soilwater,0.011830544497151402
2024-07-02T00:00:00,Upper_Forest_Soilwater,0.010647490047436252
2024-07-03T00:00:00,Upper_Forest_Soilwater,0.009582741042692612
2024-07-04T00:00:00,Upper_Forest_Soilwater,0.00862446693842337
2024-07-05T00:00:00,Upper_Forest_Soilwater,0.007762020244581046
2024-07-06T00:00:00,Upper_Forest_Soilwater,0.006985818220122938
2024-07-07T00:00:00,Upper_Forest_Soilwater,0.006287236398110636
2024-07-08T00:00:00,Upper_Forest_Soilwater,0.0056585127582995665
2024-07-09T00:00:00,Upper_Forest_Soilwater,0.005092661482469616
2024-07-10T00:00:00,Upper_Forest_Soilwater,0.004583395334222651
2024-07-11T00:00:00,Upper_Forest_Soilwater,0.004125055800800369
2024-07-12T00:00:00,Upper_Forest_Soilwater,0.0037125502207203454
2024-07-13T00:00:00,Upper_Forest_Soilwater,0.9953412951986484
2024-07-14T00:00:00,Upper_Forest_Soilwater,1.2158071656787839
2024-07-15T00:00:00,Upper_Forest_Soilwater,1.0942264491109055
2024-07-16T00:00:00,Upper_Forest_Soilwater,1.2408038041998148
2024-07-17T00:00:00,Upper_Forest_Soilwater,1.4527234237798334
2024-07-18T00:00:00,Upper_Forest_Soilwater,1.4274510814018502
2024-07-19T00:00:00,Upper_Forest_Soilwater,1.9327059732616654
2024-07-20T00:00:00,Upper_Forest_Soilwater,1.859435375935499
2024-07-21T00:00:00,Upper_Forest_Soilwater,1.673491838341949
2024-07-22T00:00:00,Upper_Forest_Soilwater,1.5061426545077543
2024-07-23T00:00:00,Upper_Forest_Soilwater,1.5315283890569786
2024-07-24T00:00:00,Upper_Forest_Soilwater,1.3783755501512809
2024-07-25T00:00:00,Upper_Forest_Soilwater,1.2405379951361526
2024-07-26T00:00:00,Upper_Forest_Soilwater,1.1164841956225373
2024-07-27T00:00:00,Upper_Forest_Soilwater,1.0048357760602835
2024-07-28T00:00:00,Upper_Forest_Soilwater,0.9043521984542551
2024-07-29T00:00:00,Upper_Forest_Soilwater,0.8139169786088296
2024-07-30T00:00:00,Upper_Forest_Soilwater,0.7325252807479468
2024-07-31T00:00:00,Upper_Forest_Soilwater,0.659272752673152
2024-08-01T00:00:00,Upper_Forest_Soilwater,0.5933454774058368
2024-08-02T00:00:00,Upper_Forest_Soilwater,0.5340109296652532
2024-08-03T00:00:00,Upper_Forest_Soilwater,0.48060983669872787
2024-08-04T00:00:00,Upper_Forest_Soilwater,0.4325488530288551
2024-08-05T00:00:00,Upper_Forest_Soilwater,0.3892939677259696
2024-08-06T00:00:00,Upper_Forest_Soilwater,0.3503645709533726
2024-08-07T00:00:00,Upper_Forest_Soilwater,0.3153281138580353
2024-08-08T00:00:00,Upper_Forest_Soilwater,0.4437953024722318
2024-08-09T00:00:00,Upper_Forest_Soilwater,0.6394157722250086
2024-08-10T00:00:00,Upper_Forest_Soilwater,0.6634741950025078
2024-08-11T00:00:00,Upper_Forest_Soilwater,0.597126775502257
2024-08-12T00:00:00,Upper_Forest_Soilwater,0.5374140979520313
2024-08-13T00:00:00,Upper_Forest_Soilwater,0.48367268815682823
2024-08-14T00:00:00,Upper_Forest_Soilwater,0.5953054193411454
2024-08-15T00:00:00,Upper_Forest_Soilwater,0.5357748774070309
2024-08-16T00:00:00,Upper_Forest_Soilwater,0.4821973896663278
2024-08-17T00:00:00,Upper_Forest_Soilwater,0.433977650699695
2024-08-18T00:00:00,Upper_Forest_Soilwater,0.3905798856297255
2024-08-19T00:00:00,Upper_Forest_Soilwater,0.47952189706675297
2024-08-20T00:00:00,Upper_Forest_Soilwater,0.4315697073600777
2024-08-21T00:00:00,Upper_Forest_Soilwater,0.53241273662407
2024-08-22T00:00:00,Upper_Forest_Soilwater,0.479171462961663
2024-08-23T00:00:00,Upper_Forest_Soilwater,0.43125431666549674
2024-08-24T00:00:00,Upper_Forest_Soilwater,0.38812888499894704
2024-08-25T00:00:00,Upper_Forest_Soilwater,0.3493159964990524
2024-08-26T00:00:00,Upper_Forest_Soilwater,0.514384396849147
2024-08-27T00:00:00,Upper_Forest_Soilwater,0.5829459571642324
2024-08-28T00:00:00,Upper_Forest_Soilwater,0.5246513614478092
2024-08-29T00:00:00,Upper_Forest_Soilwater,0.5921862253030283
2024-08-30T00:00:00,Upper_Forest_Soilwater,0.5329676027727255
2024-08-31T00:00:00,Upper_Forest_Soilwater,0.47967084249545294
2024-09-01T00:00:00,Upper_Forest_Soilwater,0.7837037582459075
2024-09-02T00:00:00,Upper_Forest_Soilwater,0.7053333824213168
2024-09-03T00:00:00,Upper_Forest_Soilwater,0.6348000441791851
2024-09-04T00:00:00,Upper_Forest_Soilwater,0.5713200397612667
2024-09-05T00:00:00,Upper_Forest_Soilwater,0.5141880357851399
2024-09-06T00:00:00,Upper_Forest_Soilwater,0.4627692322066259
2024-09-07T00:00:00,Upper_Forest_Soilwater,0.41649230898596334
2024-09-08T00:00:00,Upper_Forest_Soilwater,0.374843078087367
2024-09-09T00:00:00,Upper_Forest_Soilwater,0.9613587702786304
2024-09-10T00:00:00,Upper_Forest_Soilwater,1.4172228932507673
2024-09-11T00:00:00,Upper_Forest_Soilwater,1.2755006039256906
2024-09-12T00:00:00,Upper_Forest_Soilwater,1.1479505435331214
2024-09-13T00:00:00,Upper_Forest_Soilwater,1.6011554891798092
2024-09-14T00:00:00,Upper_Forest_Soilwater,1.6170399402618285
2024-09-15T00:00:00,Upper_Forest_Soilwater,1.8153359462356455
2024-09-16T00:00:00,Upper_Forest_Soilwater,1.633802351612081
2024-09-17T00:00:00,Upper_Forest_Soilwater,1.4704221164508728
2024-09-18T00:00:00,Upper_Forest_Soilwater,1.3233799048057855
2024-09-19T00:00:00,Upper_Forest_Soilwater,1.3830419143252068
2024-09-20T00:00:00,Upper_Forest_Soilwater,1.2447377228926861
2024-09-21T00:00:00,Upper_Forest_Soilwater,1.1202639506034175
2024-09-22T00:00:00,Upper_Forest_Soilwater,1.0082375555430758
2024-09-23T00:00:00,Upper_Forest_Soilwater,0.9074137999887681
2024-09-24T00:00:00,Upper_Forest_Soilwater,0.8166724199898914
2024-09-25T00:00:00,Upper_Forest_Soilwater,1.2310051779909026
2024-09-26T00:00:00,Upper_Forest_Soilwater,1.107904660191812
2024-09-27T00:00:00,Upper_Forest_Soilwater,0.9971141941726309
2024-09-28T00:00:00,Upper_Forest_Soilwater,0.8974027747553678
2024-09-29T00:00:00,Upper_Forest_Soilwater,0.8076624972798311
2024-09-30T00:00:00,Upper_Forest_Soilwater,0.7268962475518479
2024-10-01T00:00:00,Upper_Forest_Soilwater,0.6542066227966631
2024-10-02T00:00:00,Upper_Forest_Soilwater,0.5887859605169968
2024-10-03T00:00:00,Upper_Forest_Soilwater,0.5299073644652971
2024-10-04T00:00:00,Upper_Forest_Soilwater,0.47691662801876744
2024-10-05T00:00:00,Upper_Forest_Soilwater,0.4292249652168907
2024-10-06T00:00:00,Upper_Forest_Soilwater,0.38630246869520163
2024-10-07T00:00:00,Upper_Forest_Soilwater,0.3476722218256814
2024-10-08T00:00:00,Upper_Forest_Soilwater,0.31290499964311325
2024-10-09T00:00:00,Upper_Forest_Soilwater,0.39361449967880197
2024-10-10T00:00:00,Upper_Forest_Soilwater,1.074253049710922
2024-10-11T00:00:00,Upper_Forest_Soilwater,0.9668277447398297
2024-10-12T00:00:00,Upper_Forest_Soilwater,0.8701449702658467
2024-10-13T00:00:00,Upper_Forest_Soilwater,0.7831304732392621
2024-10-14T00:00:00,Upper_Forest_Soilwater,0.7048174259153358
2024-10-15T00:00:00,Upper_Forest_Soilwater,0.6343356833238023
2024-10-16T00:00:00,Upper_Forest_Soilwater,0.5709021149914221
2024-10-17T00:00:00,Upper_Forest_Soilwater,0.5138119034922799
2024-10-18T00:00:00,Upper_Forest_Soilwater,0.4624307131430519
2024-10-19T00:00:00,Upper_Forest_Soilwater,0.4161876418287467
2024-10-20T00:00:00,Upper_Forest_Soilwater,0.374568877645872
2024-10-21T00:00:00,Upper_Forest_Soilwater,0.33711198988128477
2024-10-22T00:00:00,Upper_Forest_Soilwater,0.30340079089315625
2024-10-23T00:00:00,Upper_Forest_Soilwater,0.2730607118038406
2024-10-24T00:00:00,Upper_Forest_Soilwater,0.24575464062345653
2024-10-25T00:00:00,Upper_Forest_Soilwater,0.2211791765611109
2024-10-26T00:00:00,Upper_Forest_Soilwater,0.19906125890499982
2024-10-27T00:00:00,Upper_Forest_Soilwater,0.17915513301449987
2024-10-28T00:00:00,Upper_Forest_Soilwater,0.24123961971304989
2024-10-29T00:00:00,Upper_Forest_Soilwater,0.2171156577417449
2024-10-30T00:00:00,Upper_Forest_Soilwater,1.8594040919675707
2024-10-31T00:00:00,Upper_Forest_Soilwater,2.017463682770814
2024-11-01T00:00:00,Upper_Forest_Soilwater,2.023717314493733
2024-11-02T00:00:00,Upper_Forest_Soilwater,1.8213455830443595
2024-11-03T00:00:00,Upper_Forest_Soilwater,1.7512110247399233
2024-11-04T00:00:00,Upper_Forest_Soilwater,1.5760899222659313
2024-11-05T00:00:00,Upper_Forest_Soilwater,1.4184809300393382
2024-11-06T00:00:00,Upper_Forest_Soilwater,1.2766328370354045
2024-11-07T00:00:00,Upper_Forest_Soilwater,1.1489695533318638
2024-11-08T00:00:00,Upper_Forest_Soilwater,2.458072597998678
2024-11-09T00:00:00,Upper_Forest_Soilwater,2.21226533819881
2024-11-10T00:00:00,Upper_Forest_Soilwater,1.9910388043789293
2024-11-11T00:00:00,Upper_Forest_Soilwater,2.831934923941036
2024-11-12T00:00:00,Upper_Forest_Soilwater,2.5487414315469326
2024-11-13T00:00:00,Upper_Forest_Soilwater,2.2938672883922395
2024-11-14T00:00:00,Upper_Forest_Soilwater,2.2164805595530157
2024-11-15T00:00:00,Upper_Forest_Soilwater,1.994832503597714
2024-11-16T00:00:00,Upper_Forest_Soilwater,1.8993492532379426
2024-11-17T00:00:00,Upper_Forest_Soilwater,1.709414327914148
2024-11-18T00:00:00,Upper_Forest_Soilwater,2.0824728951227334
2024-11-19T00:00:00,Upper_Forest_Soilwater,1.8742256056104598
2024-11-20T00:00:00,Upper_Forest_Soilwater,1.686803045049414
2024-11-21T00:00:00,Upper_Forest_Soilwater,1.5181227405444726
2024-11-22T00:00:00,Upper_Forest_Soilwater,1.3663104664900254
2024-11-23T00:00:00,Upper_Forest_Soilwater,1.2296794198410226
2024-11-24T00:00:00,Upper_Forest_Soilwater,1.1067114778569205
2024-11-25T00:00:00,Upper_Forest_Soilwater,0.9960403300712284
2024-11-26T00:00:00,Upper_Forest_Soilwater,0.8964362970641053
2024-11-27T00:00:00,Upper_Forest_Soilwater,0.806792667357695
2024-11-28T00:00:00,Upper_Forest_Soilwater,0.7261134006219255
2024-11-29T00:00:00,Upper_Forest_Soilwater,0.6535020605597329
2024-11-30T00:00:00,Upper_Forest_Soilwater,0.8201518545037598
2024-12-01T00:00:00,Upper_Forest_Soilwater,1.3701366690533838
2024-12-02T00:00:00,Upper_Forest_Soilwater,1.3531230021480454
2024-12-03T00:00:00,Upper_Forest_Soilwater,1.3378107019332408
2024-12-04T00:00:00,Upper_Forest_Soilwater,1.2040296317399166
2024-12-05T00:00:00,Upper_Forest_Soilwater,1.0836266685659248
2024-12-06T00:00:00,Upper_Forest_Soilwater,0.9752640017093324
2024-12-07T00:00:00,Upper_Forest_Soilwater,0.8777376015383992
2024-12-08T00:00:00,Upper_Forest_Soilwater,0.7899638413845591
2024-12-09T00:00:00,Upper_Forest_Soilwater,0.7109674572461032
2024-12-10T00:00:00,Upper_Forest_Soilwater,0.639870711521493
2024-12-11T00:00:00,Upper_Forest_Soilwater,0.5758836403693436
2024-12-12T00:00:00,Upper_Forest_Soilwater,0.5182952763324092
2024-12-13T00:00:00,Upper_Forest_Soilwater,0.4664657486991682
2024-12-14T00:00:00,Upper_Forest_Soilwater,0.4198191738292514
2024-12-15T00:00:00,Upper_Forest_Soilwater,0.3778372564463263
2024-12-16T00:00:00,Upper_Forest_Soilwater,0.9320535308016938
2024-12-17T00:00:00,Upper_Forest_Soilwater,1.4068481777215245
2024-12-18T00:00:00,Upper_Forest_Soilwater,1.6421633599493717
2024-12-19T00:00:00,Upper_Forest_Soilwater,1.4779470239544346
2024-12-20T00:00:00,Upper_Forest_Soilwater,1.650152321558991
2024-12-21T00:00:00,Upper_Forest_Soilwater,1.485137089403092
2024-12-22T00:00:00,Upper_Forest_Soilwater,1.336623380462783
2024-12-23T00:00:00,Upper_Forest_Soilwater,1.3149610424165046
2024-12-24T00:00:00,Upper_Forest_Soilwater,1.3114649381748542
2024-12-25T00:00:00,Upper_Forest_Soilwater,1.1803184443573689
2024-12-26T00:00:00,Upper_Forest_Soilwater,1.062286599921632
2024-12-27T00:00:00,Upper_Forest_Soilwater,0.9560579399294687
2024-12-28T00:00:00,Upper_Forest_Soilwater,1.052452145936522
2024-12-29T00:00:00,Upper_Forest_Soilwater,0.9472069313428698
2024-12-30T00:00:00,Upper_Forest_Soilwater,0.8524862382085829
2024-12-31T00:00:00,Upper_Forest_Soilwater,0.7672376143877246
2025-01-01T00:00:00,Upper_Forest_Soilwater,0.6905138529489522
2025-01-02T00:00:00,Upper_Forest_Soilwater,0.621462467654057
2025-01-03T00:00:00,Upper_Forest_Soilwater,0.5593162208886513
2025-01-04T00:00:00,Upper_Forest_Soilwater,0.5033845987997861
2025-01-05T00:00:00,Upper_Forest_Soilwater,1.0050461389198078
2025-01-06T00:00:00,Upper_Forest_Soilwater,0.9045415250278268
2025-01-07T00:00:00,Upper_Forest_Soilwater,0.8140873725250443
2025-01-08T00:00:00,Upper_Forest_Soilwater,1.2286786352725398
2025-01-09T00:00:00,Upper_Forest_Soilwater,1.1058107717452859
2025-01-10T00:00:00,Upper_Forest_Soilwater,0.9952296945707574
2025-01-11T00:00:00,Upper_Forest_Soilwater,0.8957067251136815
2025-01-12T00:00:00,Upper_Forest_Soilwater,0.8061360526023134
2025-01-13T00:00:00,Upper_Forest_Soilwater,0.7255224473420819
2025-01-14T00:00:00,Upper_Forest_Soilwater,0.6529702026078738
2025-01-15T00:00:00,Upper_Forest_Soilwater,0.5876731823470863
2025-01-16T00:00:00,Upper_Forest_Soilwater,0.5289058641123777
2025-01-17T00:00:00,Upper_Forest_Soilwater,1.5240152777011402
2025-01-18T00:00:00,Upper_Forest_Soilwater,1.3716137499310264
2025-01-19T00:00:00,Upper_Forest_Soilwater,1.2344523749379235
2025-01-20T00:00:00,Upper_Forest_Soilwater,1.1110071374441313
2025-01-21T00:00:00,Upper_Forest_Soilwater,0.999906423699718
2025-01-22T00:00:00,Upper_Forest_Soilwater,1.3559157813297462
2025-01-23T00:00:00,Upper_Forest_Soilwater,1.3563242031967717
2025-01-24T00:00:00,Upper_Forest_Soilwater,1.2206917828770945
2025-01-25T00:00:00,Upper_Forest_Soilwater,1.3066226045893852
2025-01-26T00:00:00,Upper_Forest_Soilwater,1.1759603441304467
2025-01-27T00:00:00,Upper_Forest_Soilwater,1.2343643097174022
2025-01-28T00:00:00,Upper_Forest_Soilwater,2.246927878745662
2025-01-29T00:00:00,Upper_Forest_Soilwater,2.0222350908710958
2025-01-30T00:00:00,Upper_Forest_Soilwater,1.8200115817839864
2025-01-31T00:00:00,Upper_Forest_Soilwater,1.7500104236055873
2025-02-01T00:00:00,Upper_Forest_Soilwater,1.7110093812450284
2025-02-02T00:00:00,Upper_Forest_Soilwater,1.5399084431205257
2025-02-03T00:00:00,Upper_Forest_Soilwater,2.0819175988084733
2025-02-04T00:00:00,Upper_Forest_Soilwater,2.593725838927626
2025-02-05T00:00:00,Upper_Forest_Soilwater,2.606353255034864
2025-02-06T00:00:00,Upper_Forest_Soilwater,2.4577179295313774
2025-02-07T00:00:00,Upper_Forest_Soilwater,2.4359461365782398
2025-02-08T00:00:00,Upper_Forest_Soilwater,2.1923515229204154
2025-02-09T00:00:00,Upper_Forest_Soilwater,2.7811163706283737
2025-02-10T00:00:00,Upper_Forest_Soilwater,2.631004733565537
2025-02-11T00:00:00,Upper_Forest_Soilwater,2.367904260208983
2025-02-12T00:00:00,Upper_Forest_Soilwater,2.3631138341880846
2025-02-13T00:00:00,Upper_Forest_Soilwater,2.126802450769276
2025-02-14T00:00:00,Upper_Forest_Soilwater,1.9621222056923486
2025-02-15T00:00:00,Upper_Forest_Soilwater,1.9739099851231143
2025-02-16T00:00:00,Upper_Forest_Soilwater,1.7765189866108029
2025-02-17T00:00:00,Upper_Forest_Soilwater,1.5988670879497224
2025-02-18T00:00:00,Upper_Forest_Soilwater,1.5429803791547503
2025-02-19T00:00:00,Upper_Forest_Soilwater,1.3886823412392753
2025-02-20T00:00:00,Upper_Forest_Soilwater,1.393814107115348
2025-02-21T00:00:00,Upper_Forest_Soilwater,1.3424326964038134
2025-02-22T00:00:00,Upper_Forest_Soilwater,1.208189426763432
2025-02-23T00:00:00,Upper_Forest_Soilwater,1.0873704840870888
2025-02-24T00:00:00,Upper_Forest_Soilwater,0.9786334356783799
2025-02-25T00:00:00,Upper_Forest_Soilwater,0.880770092110542
2025-02-26T00:00:00,Upper_Forest_Soilwater,0.8966930828994878
2025-02-27T00:00:00,Upper_Forest_Soilwater,0.8070237746095391
2025-02-28T00:00:00,Upper_Forest_Soilwater,0.7263213971485851
2025-03-01T00:00:00,Upper_Forest_Soilwater,0.6536892574337266
2025-03-02T00:00:00,Upper_Forest_Soilwater,0.5883203316903539
2025-03-03T00:00:00,Upper_Forest_Soilwater,0.5294882985213185
2025-03-04T00:00:00,Upper_Forest_Soilwater,0.47653946866918667
2025-03-05T00:00:00,Upper_Forest_Soilwater,0.900885521802268
2025-03-06T00:00:00,Upper_Forest_Soilwater,0.8107969696220414
2025-03-07T00:00:00,Upper_Forest_Soilwater,1.0577172726598372
2025-03-08T00:00:00,Upper_Forest_Soilwater,1.1119455453938536
2025-03-09T00:00:00,Upper_Forest_Soilwater,1.000750990854468
2025-03-10T00:00:00,Upper_Forest_Soilwater,0.9006758917690212
2025-03-11T00:00:00,Upper_Forest_Soilwater,0.8986083025921192
2025-03-12T00:00:00,Upper_Forest_Soilwater,0.8087474723329072
2025-03-13T00:00:00,Upper_Forest_Soilwater,0.7278727250996166
2025-03-14T00:00:00,Upper_Forest_Soilwater,0.6550854525896549
2025-03-15T00:00:00,Upper_Forest_Soilwater,0.5895769073306893
2025-03-16T00:00:00,Upper_Forest_Soilwater,0.7546192165976203
2025-03-17T00:00:00,Upper_Forest_Soilwater,0.7911572949378582
2025-03-18T00:00:00,Upper_Forest_Soilwater,0.7120415654440725
2025-03-19T00:00:00,Upper_Forest_Soilwater,0.6408374088996652
2025-03-20T00:00:00,Upper_Forest_Soilwater,0.5767536680096987
2025-03-21T00:00:00,Upper_Forest_Soilwater,0.751078301208729
2025-03-22T00:00:00,Upper_Forest_Soilwater,0.6759704710878561
2025-03-23T00:00:00,Upper_Forest_Soilwater,0.7603734239790705
2025-03-24T00:00:00,Upper_Forest_Soilwater,0.6843360815811633
2025-03-25T00:00:00,Upper_Forest_Soilwater,0.8399024734230469
2025-03-26T00:00:00,Upper_Forest_Soilwater,0.8599122260807424
2025-03-27T00:00:00,Upper_Forest_Soilwater,1.109921003472668
2025-03-28T00:00:00,Upper_Forest_Soilwater,1.2069289031254016
2025-03-29T00:00:00,Upper_Forest_Soilwater,1.6702360128128615
2025-03-30T00:00:00,Upper_Forest_Soilwater,1.5032124115315753
2025-03-31T00:00:00,Upper_Forest_Soilwater,1.3528911703784177
2025-04-01T00:00:00,Upper_Forest_Soilwater,1.2176020533405758
2025-04-02T00:00:00,Upper_Forest_Soilwater,1.0958418480065182
2025-04-03T00:00:00,Upper_Forest_Soilwater,0.9862576632058663
2025-04-04T00:00:00,Upper_Forest_Soilwater,0.9436318968852796
2025-04-05T00:00:00,Upper_Forest_Soilwater,0.9372687071967516
2025-04-06T00:00:00,Upper_Forest_Soilwater,1.1315418364770764
2025-04-07T00:00:00,Upper_Forest_Soilwater,1.0743876528293688
2025-04-08T00:00:00,Upper_Forest_Soilwater,1.0869488875464322
2025-04-09T00:00:00,Upper_Forest_Soilwater,1.1462539987917888
2025-04-10T00:00:00,Upper_Forest_Soilwater,1.0796285989126098
2025-04-11T00:00:00,Upper_Forest_Soilwater,1.9076657390213487
2025-04-12T00:00:00,Upper_Forest_Soilwater,1.908899165119214
2025-04-13T00:00:00,Upper_Forest_Soilwater,1.8140092486072925
2025-04-14T00:00:00,Upper_Forest_Soilwater,1.6326083237465632
2025-04-15T00:00:00,Upper_Forest_Soilwater,1.4693474913719067
2025-04-16T00:00:00,Upper_Forest_Soilwater,1.3224127422347163
2025-04-17T00:00:00,Upper_Forest_Soilwater,1.2621714680112446
2025-04-18T00:00:00,Upper_Forest_Soilwater,1.1359543212101202
2025-04-19T00:00:00,Upper_Forest_Soilwater,1.0223588890891082
2025-04-20T00:00:00,Upper_Forest_Soilwater,0.9201230001801973
2025-04-21T00:00:00,Upper_Forest_Soilwater,0.8281107001621776
2025-04-22T00:00:00,Upper_Forest_Soilwater,0.7452996301459599
2025-04-23T00:00:00,Upper_Forest_Soilwater,0.6707696671313639
2025-04-24T00:00:00,Upper_Forest_Soilwater,0.6036927004182275
2025-04-25T00:00:00,Upper_Forest_Soilwater,0.5433234303764047
2025-04-26T00:00:00,Upper_Forest_Soilwater,0.4889910873387642
2025-04-27T00:00:00,Upper_Forest_Soilwater,0.4400919786048878
2025-04-28T00:00:00,Upper_Forest_Soilwater,0.39608278074439895
2025-04-29T00:00:00,Upper_Forest_Soilwater,0.4284745026699591
2025-04-30T00:00:00,Upper_Forest_Soilwater,0.38562705240296324
2025-05-01T00:00:00,Upper_Forest_Soilwater,0.3470643471626669
2025-05-02T00:00:00,Upper_Forest_Soilwater,0.3123579124464002
2025-05-03T00:00:00,Upper_Forest_Soilwater,0.6891221212017602
2025-05-04T00:00:00,Upper_Forest_Soilwater,0.6202099090815842
2025-05-05T00:00:00,Upper_Forest_Soilwater,0.6461889181734257
2025-05-06T00:00:00,Upper_Forest_Soilwater,0.5815700263560831
2025-05-07T00:00:00,Upper_Forest_Soilwater,0.5234130237204749
2025-05-08T00:00:00,Upper_Forest_Soilwater,0.4710717213484273
2025-05-09T00:00:00,Upper_Forest_Soilwater,0.42396454921358456
2025-05-10T00:00:00,Upper_Forest_Soilwater,1.1015680942922264
2025-05-11T00:00:00,Upper_Forest_Soilwater,1.0714112848630037
2025-05-12T00:00:00,Upper_Forest_Soilwater,1.0602701563767034
2025-05-13T00:00:00,Upper_Forest_Soilwater,1.114243140739033
2025-05-14T00:00:00,Upper_Forest_Soilwater,1.0828188266651295
2025-05-15T00:00:00,Upper_Forest_Soilwater,0.9745369439986167
2025-05-16T00:00:00,Upper_Forest_Soilwater,1.069083249598755
2025-05-17T00:00:00,Upper_Forest_Soilwater,0.9621749246388795
2025-05-18T00:00:00,Upper_Forest_Soilwater,1.0419574321749916
2025-05-19T00:00:00,Upper_Forest_Soilwater,1.0017616889574925
2025-05-20T00:00:00,Upper_Forest_Soilwater,0.9015855200617431
2025-05-21T00:00:00,Upper_Forest_Soilwater,0.8114269680555689
2025-05-22T00:00:00,Upper_Forest_Soilwater,1.034284271250012
2025-05-23T00:00:00,Upper_Forest_Soilwater,1.122855844125011
2025-05-24T00:00:00,Upper_Forest_Soilwater,1.9065702597125096
2025-05-25T00:00:00,Upper_Forest_Soilwater,1.7159132337412588
2025-05-26T00:00:00,Upper_Forest_Soilwater,1.5443219103671328
2025-05-27T00:00:00,Upper_Forest_Soilwater,1.3898897193304194
2025-05-28T00:00:00,Upper_Forest_Soilwater,1.2509007473973777
2025-05-29T00:00:00,Upper_Forest_Soilwater,1.12581067265764
2025-05-30T00:00:00,Upper_Forest_Soilwater,1.1972296053918758
2025-05-31T00:00:00,Upper_Forest_Soilwater,1.0775066448526882
2025-06-01T00:00:00,Upper_Forest_Soilwater,0.9697559803674194
2025-06-02T00:00:00,Upper_Forest_Soilwater,1.1847803823306775
2025-06-03T00:00:00,Upper_Forest_Soilwater,1.0663023440976098
2025-06-04T00:00:00,Upper_Forest_Soilwater,0.9596721096878487
2025-06-05T00:00:00,Upper_Forest_Soilwater,0.8637048987190638
2025-06-06T00:00:00,Upper_Forest_Soilwater,0.7773344088471574
2025-06-07T00:00:00,Upper_Forest_Soilwater,0.6996009679624416
2025-06-08T00:00:00,Upper_Forest_Soilwater,0.6296408711661975
2025-06-09T00:00:00,Upper_Forest_Soilwater,0.5666767840495778
2025-06-10T00:00:00,Upper_Forest_Soilwater,0.67000910564462
2025-06-11T00:00:00,Upper_Forest_Soilwater,0.603008195080158
2025-06-12T00:00:00,Upper_Forest_Soilwater,0.5427073755721422
2025-06-13T00:00:00,Upper_Forest_Soilwater,0.48843663801492804
2025-06-14T00:00:00,Upper_Forest_Soilwater,1.8075929742134353
2025-06-15T00:00:00,Upper_Forest_Soilwater,1.626833676792092
2025-06-16T00:00:00,Upper_Forest_Soilwater,1.7121503091128827
2025-06-17T00:00:00,Upper_Forest_Soilwater,1.5409352782015944
2025-06-18T00:00:00,Upper_Forest_Soilwater,1.3868417503814352
2025-06-19T00:00:00,Upper_Forest_Soilwater,2.1361575753432915
2025-06-20T00:00:00,Upper_Forest_Soilwater,2.0185418178089622
2025-06-21T00:00:00,Upper_Forest_Soilwater,1.8166876360280657
2025-06-22T00:00:00,Upper_Forest_Soilwater,1.635018872425259
2025-06-23T00:00:00,Upper_Forest_Soilwater,1.471516985182733
2025-06-24T00:00:00,Upper_Forest_Soilwater,1.3243652866644595
2025-06-25T00:00:00,Upper_Forest_Soilwater,1.3119287579980137
2025-06-26T00:00:00,Upper_Forest_Soilwater,1.1807358821982123
2025-06-27T00:00:00,Upper_Forest_Soilwater,1.0626622939783912
2025-06-28T00:00:00,Upper_Forest_Soilwater,0.9563960645805522
2025-06-29T00:00:00,Upper_Forest_Soilwater,0.8607564581224969
2025-06-30T00:00:00,Upper_Forest_Soilwater,0.7746808123102472
2025-07-01T00:00:00,Upper_Forest_Soilwater,0.6972127310792224
2025-07-02T00:00:00,Upper_Forest_Soilwater,0.6274914579713002
2025-07-03T00:00:00,Upper_Forest_Soilwater,0.5647423121741703
2025-07-04T00:00:00,Upper_Forest_Soilwater,0.5082680809567532
2025-07-05T00:00:00,Upper_Forest_Soilwater,0.4574412728610779
2025-07-06T00:00:00,Upper_Forest_Soilwater,0.41169714557497006
2025-07-07T00:00:00,Upper_Forest_Soilwater,0.690527431017473
2025-07-08T00:00:00,Upper_Forest_Soilwater,1.301474687915726
2025-07-09T00:00:00,Upper_Forest_Soilwater,2.0673272191241536
2025-07-10T00:00:00,Upper_Forest_Soilwater,1.8605944972117383
2025-07-11T00:00:00,Upper_Forest_Soilwater,1.6745350474905643
2025-07-12T00:00:00,Upper_Forest_Soilwater,1.5070815427415079
2025-07-13T00:00:00,Upper_Forest_Soilwater,1.500373388467357
2025-07-14T00:00:00,Upper_Forest_Soilwater,1.3503360496206211
2025-07-15T00:00:00,Upper_Forest_Soilwater,1.2153024446585592
2025-07-16T00:00:00,Upper_Forest_Soilwater,1.0937722001927033
2025-07-17T00:00:00,Upper_Forest_Soilwater,0.984394980173433
2025-07-18T00:00:00,Upper_Forest_Soilwater,0.9739554821560896
2025-07-19T00:00:00,Upper_Forest_Soilwater,0.8765599339404807
2025-07-20T00:00:00,Upper_Forest_Soilwater,0.7889039405464326
2025-07-21T00:00:00,Upper_Forest_Soilwater,0.7100135464917893
2025-07-22T00:00:00,Upper_Forest_Soilwater,0.6390121918426104
2025-07-23T00:00:00,Upper_Forest_Soilwater,0.5751109726583493
2025-07-24T00:00:00,Upper_Forest_Soilwater,0.5175998753925143
2025-07-25T00:00:00,Upper_Forest_Soilwater,0.4658398878532629
2025-07-26T00:00:00,Upper_Forest_Soilwater,0.41925589906793653
2025-07-27T00:00:00,Upper_Forest_Soilwater,0.3773303091611429
2025-07-28T00:00:00,Upper_Forest_Soilwater,0.3395972782450286
2025-07-29T00:00:00,Upper_Forest_Soilwater,0.30563755042052576
2025-07-30T00:00:00,Upper_Forest_Soilwater,0.27507379537847315
2025-07-31T00:00:00,Upper_Forest_Soilwater,1.159566415840626
2025-08-01T00:00:00,Upper_Forest_Soilwater,1.0436097742565635
2025-08-02T00:00:00,Upper_Forest_Soilwater,0.939248796830907
2025-08-03T00:00:00,Upper_Forest_Soilwater,0.8453239171478164
2025-08-04T00:00:00,Upper_Forest_Soilwater,0.7607915254330347
2025-08-05T00:00:00,Upper_Forest_Soilwater,0.6847123728897313
2025-08-06T00:00:00,Upper_Forest_Soilwater,0.7602411356007581
2025-08-07T00:00:00,Upper_Forest_Soilwater,1.1882170220406825
2025-08-08T00:00:00,Upper_Forest_Soilwater,1.5653953198366144
2025-08-09T00:00:00,Upper_Forest_Soilwater,1.632855787852953
2025-08-10T00:00:00,Upper_Forest_Soilwater,1.6215702090676576
2025-08-11T00:00:00,Upper_Forest_Soilwater,1.699413188160892
2025-08-12T00:00:00,Upper_Forest_Soilwater,1.5294718693448026
2025-08-13T00:00:00,Upper_Forest_Soilwater,1.3765246824103223
2025-08-14T00:00:00,Upper_Forest_Soilwater,1.23887221416929
2025-08-15T00:00:00,Upper_Forest_Soilwater,1.114984992752361
2025-08-16T00:00:00,Upper_Forest_Soilwater,1.003486493477125
2025-08-17T00:00:00,Upper_Forest_Soilwater,0.9031378441294123
2025-08-18T00:00:00,Upper_Forest_Soilwater,0.8128240597164711
2025-08-19T00:00:00,Upper_Forest_Soilwater,2.3315416537448246
2025-08-20T00:00:00,Upper_Forest_Soilwater,2.0983874883703417
2025-08-21T00:00:00,Upper_Forest_Soilwater,1.8885487395333076
2025-08-22T00:00:00,Upper_Forest_Soilwater,1.6996938655799767
2025-08-23T00:00:00,Upper_Forest_Soilwater,1.5297244790219793
2025-08-24T00:00:00,Upper_Forest_Soilwater,1.3767520311197812
2025-08-25T00:00:00,Upper_Forest_Soilwater,1.239076828007803
2025-08-26T00:00:00,Upper_Forest_Soilwater,1.1151691452070227
2025-08-27T00:00:00,Upper_Forest_Soilwater,1.0036522306863205
2025-08-28T00:00:00,Upper_Forest_Soilwater,0.9032870076176883
2025-08-29T00:00:00,Upper_Forest_Soilwater,0.8129583068559196
2025-08-30T00:00:00,Upper_Forest_Soilwater,1.1636624761703274
2025-08-31T00:00:00,Upper_Forest_Soilwater,1.3032962285532947
2025-09-01T00:00:00,Upper_Forest_Soilwater,1.1729666056979653
2025-09-02T00:00:00,Upper_Forest_Soilwater,1.0556699451281688
2025-09-03T00:00:00,Upper_Forest_Soilwater,1.126102950615352
2025-09-04T00:00:00,Upper_Forest_Soilwater,1.0134926555538168
2025-09-05T00:00:00,Upper_Forest_Soilwater,0.9121433899984353
2025-09-06T00:00:00,Upper_Forest_Soilwater,0.8209290509985916
2025-09-07T00:00:00,Upper_Forest_Soilwater,0.7388361458987324
2025-09-08T00:00:00,Upper_Forest_Soilwater,0.6649525313088592
2025-09-09T00:00:00,Upper_Forest_Soilwater,0.5984572781779732
2025-09-10T00:00:00,Upper_Forest_Soilwater,0.5386115503601759
2025-09-11T00:00:00,Upper_Forest_Soilwater,0.4847503953241584
2025-09-12T00:00:00,Upper_Forest_Soilwater,0.8602753557917424
2025-09-13T00:00:00,Upper_Forest_Soilwater,0.7742478202125682
2025-09-14T00:00:00,Upper_Forest_Soilwater,0.6968230381913114
2025-09-15T00:00:00,Upper_Forest_Soilwater,0.6271407343721802
2025-09-16T00:00:00,Upper_Forest_Soilwater,0.5644266609349622
2025-09-17T00:00:00,Upper_Forest_Soilwater,0.5079839948414658
2025-09-18T00:00:00,Upper_Forest_Soilwater,0.5611855953573194
2025-09-19T00:00:00,Upper_Forest_Soilwater,1.2250670358215876
2025-09-20T00:00:00,Upper_Forest_Soilwater,1.1025603322394288
2025-09-21T00:00:00,Upper_Forest_Soilwater,0.9923042990154859
2025-09-22T00:00:00,Upper_Forest_Soilwater,1.0210738691139374
2025-09-23T00:00:00,Upper_Forest_Soilwater,1.0149664822025437
2025-09-24T00:00:00,Upper_Forest_Soilwater,0.9134698339822891
2025-09-25T00:00:00,Upper_Forest_Soilwater,0.8221228505840602
2025-09-26T00:00:00,Upper_Forest_Soilwater,0.7399105655256542
2025-09-27T00:00:00,Upper_Forest_Soilwater,1.2019195089730887
2025-09-28T00:00:00,Upper_Forest_Soilwater,1.91372755807578
2025-09-29T00:00:00,Upper_Forest_Soilwater,1.7223548022682018
2025-09-30T00:00:00,Upper_Forest_Soilwater,1.5501193220413816
2025-10-01T00:00:00,Upper_Forest_Soilwater,1.3951073898372433
2025-10-02T00:00:00,Upper_Forest_Soilwater,1.2555966508535188
2025-10-03T00:00:00,Upper_Forest_Soilwater,1.3620369857681667
2025-10-04T00:00:00,Upper_Forest_Soilwater,1.2258332871913504
2025-10-05T00:00:00,Upper_Forest_Soilwater,1.1032499584722153
2025-10-06T00:00:00,Upper_Forest_Soilwater,0.9929249626249936
2025-10-07T00:00:00,Upper_Forest_Soilwater,0.8936324663624943
2025-10-08T00:00:00,Upper_Forest_Soilwater,0.8042692197262448
2025-10-09T00:00:00,Upper_Forest_Soilwater,0.7238422977536203
2025-10-10T00:00:00,Upper_Forest_Soilwater,0.6514580679782583
2025-10-11T00:00:00,Upper_Forest_Soilwater,0.5863122611804326
2025-10-12T00:00:00,Upper_Forest_Soilwater,0.5276810350623892
2025-10-13T00:00:00,Upper_Forest_Soilwater,0.47491293155615033
2025-10-14T00:00:00,Upper_Forest_Soilwater,0.4274216384005352
2025-10-15T00:00:00,Upper_Forest_Soilwater,0.3846794745604818
2025-10-16T00:00:00,Upper_Forest_Soilwater,0.3462115271044336
2025-10-17T00:00:00,Upper_Forest_Soilwater,0.3115903743939903
2025-10-18T00:00:00,Upper_Forest_Soilwater,0.2804313369545912
2025-10-19T00:00:00,Upper_Forest_Soilwater,0.3483882032591321
2025-10-20T00:00:00,Upper_Forest_Soilwater,0.313549382933219
2025-10-21T00:00:00,Upper_Forest_Soilwater,0.8661944446398971
2025-10-22T00:00:00,Upper_Forest_Soilwater,0.7795750001759074
2025-10-23T00:00:00,Upper_Forest_Soilwater,0.7016175001583167
2025-10-24T00:00:00,Upper_Forest_Soilwater,0.631455750142485
2025-10-25T00:00:00,Upper_Forest_Soilwater,0.5683101751282366
2025-10-26T00:00:00,Upper_Forest_Soilwater,0.511479157615413
2025-10-27T00:00:00,Upper_Forest_Soilwater,0.4603312418538716
2025-10-28T00:00:00,Upper_Forest_Soilwater,0.41429811766848446
2025-10-29T00:00:00,Upper_Forest_Soilwater,0.372868305901636
2025-10-30T00:00:00,Upper_Forest_Soilwater,1.8235814753114725
2025-10-31T00:00:00,Upper_Forest_Soilwater,1.641223327780325
2025-11-01T00:00:00,Upper_Forest_Soilwater,1.4771009950022929
2025-11-02T00:00:00,Upper_Forest_Soilwater,2.113390895502064
2025-11-03T00:00:00,Upper_Forest_Soilwater,1.9020518059518574
2025-11-04T00:00:00,Upper_Forest_Soilwater,1.7118466253566718
2025-11-05T00:00:00,Upper_Forest_Soilwater,1.6686619628210047
2025-11-06T00:00:00,Upper_Forest_Soilwater,2.805795766538904
2025-11-07T00:00:00,Upper_Forest_Soilwater,3.4452161898850138
2025-11-08T00:00:00,Upper_Forest_Soilwater,3.1006945708965126
2025-11-09T00:00:00,Upper_Forest_Soilwater,3.3106251138068608
2025-11-10T00:00:00,Upper_Forest_Soilwater,2.979562602426175
2025-11-11T00:00:00,Upper_Forest_Soilwater,3.5456063421835573
2025-11-12T00:00:00,Upper_Forest_Soilwater,3.191045707965202
2025-11-13T00:00:00,Upper_Forest_Soilwater,3.263941137168682
2025-11-14T00:00:00,Upper_Forest_Soilwater,2.9375470234518133
2025-11-15T00:00:00,Upper_Forest_Soilwater,3.0997923211066327
2025-11-16T00:00:00,Upper_Forest_Soilwater,2.7898130889959694
2025-11-17T00:00:00,Upper_Forest_Soilwater,2.9668317800963724
2025-11-18T00:00:00,Upper_Forest_Soilwater,2.8381486020867355
2025-11-19T00:00:00,Upper_Forest_Soilwater,3.018333741878062
2025-11-20T00:00:00,Upper_Forest_Soilwater,3.0285003676902553
2025-11-21T00:00:00,Upper_Forest_Soilwater,2.72565033092123
2025-11-22T00:00:00,Upper_Forest_Soilwater,2.453085297829107
2025-11-23T00:00:00,Upper_Forest_Soilwater,2.6237767680461968
2025-11-24T00:00:00,Upper_Forest_Soilwater,2.457399091241577
2025-11-25T00:00:00,Upper_Forest_Soilwater,2.4276591821174196
2025-11-26T00:00:00,Upper_Forest_Soilwater,2.4488932639056773
2025-11-27T00:00:00,Upper_Forest_Soilwater,2.2040039375151097
2025-11-28T00:00:00,Upper_Forest_Soilwater,1.9836035437635986
2025-11-29T00:00:00,Upper_Forest_Soilwater,1.785243189387239
2025-11-30T00:00:00,Upper_Forest_Soilwater,1.606718870448515
2025-12-01T00:00:00,Upper_Forest_Soilwater,1.4460469834036633
2025-12-02T00:00:00,Upper_Forest_Soilwater,1.301442285063297
2025-12-03T00:00:00,Upper_Forest_Soilwater,1.1712980565569673
2025-12-04T00:00:00,Upper_Forest_Soilwater,1.0541682509012706
2025-12-05T00:00:00,Upper_Forest_Soilwater,0.9487514258111436
2025-12-06T00:00:00,Upper_Forest_Soilwater,0.8538762832300292
2025-12-07T00:00:00,Upper_Forest_Soilwater,0.7684886549070263
2025-12-08T00:00:00,Upper_Forest_Soilwater,0.6916397894163238
2025-12-09T00:00:00,Upper_Forest_Soilwater,0.9984758104746915
2025-12-10T00:00:00,Upper_Forest_Soilwater,0.8986282294272222
2025-12-11T00:00:00,Upper_Forest_Soilwater,0.8087654064845001
2025-12-12T00:00:00,Upper_Forest_Soilwater,0.7278888658360501
2025-12-13T00:00:00,Upper_Forest_Soilwater,0.6550999792524451
2025-12-14T00:00:00,Upper_Forest_Soilwater,0.5895899813272006
2025-12-15T00:00:00,Upper_Forest_Soilwater,0.5306309831944805
2025-12-16T00:00:00,Upper_Forest_Soilwater,0.47756788487503243
2025-12-17T00:00:00,Upper_Forest_Soilwater,0.42981109638752923
2025-12-18T00:00:00,Upper_Forest_Soilwater,0.3868299867487763
2025-12-19T00:00:00,Upper_Forest_Soilwater,0.34814698807389866
2025-12-20T00:00:00,Upper_Forest_Soilwater,0.3133322892665088
2025-12-21T00:00:00,Upper_Forest_Soilwater,0.28199906033985794
2025-12-22T00:00:00,Upper_Forest_Soilwater,2.0777991543058723
2025-12-23T00:00:00,Upper_Forest_Soilwater,2.0460192388752847
2025-12-24T00:00:00,Upper_Forest_Soilwater,1.8414173149877564
2025-12-25T00:00:00,Upper_Forest_Soilwater,1.8972755834889807
2025-12-26T00:00:00,Upper_Forest_Soilwater,2.1635480251400825
2025-12-27T00:00:00,Upper_Forest_Soilwater,1.9471932226260744
2025-12-28T00:00:00,Upper_Forest_Soilwater,1.7524739003634668
2025-12-29T00:00:00,Upper_Forest_Soilwater,1.5772265103271204
2025-12-30T00:00:00,Upper_Forest_Soilwater,1.4195038592944083
2025-12-31T00:00:00,Upper_Forest_Soilwater,1.2775534733649674
2026-01-01T00:00:00,Upper_Forest_Soilwater,1.1497981260284706
2026-01-02T00:00:00,Upper_Forest_Soilwater,1.1948183134256238
2026-01-03T00:00:00,Upper_Forest_Soilwater,1.0753364820830613
2026-01-04T00:00:00,Upper_Forest_Soilwater,0.9678028338747553
2026-01-05T00:00:00,Upper_Forest_Soilwater,0.8710225504872797
2026-01-06T00:00:00,Upper_Forest_Soilwater,0.8639202954385518
2026-01-07T00:00:00,Upper_Forest_Soilwater,2.5375282658946974
2026-01-08T00:00:00,Upper_Forest_Soilwater,2.787775439305227
2026-01-09T00:00:00,Upper_Forest_Soilwater,2.7009978953747047
2026-01-10T00:00:00,Upper_Forest_Soilwater,2.430898105837234
2026-01-11T00:00:00,Upper_Forest_Soilwater,2.1878082952535105
2026-01-12T00:00:00,Upper_Forest_Soilwater,2.7610274657281595
2026-01-13T00:00:00,Upper_Forest_Soilwater,2.4849247191553436
2026-01-14T00:00:00,Upper_Forest_Soilwater,2.2364322472398093
2026-01-15T00:00:00,Upper_Forest_Soilwater,2.0127890225158285
2026-01-16T00:00:00,Upper_Forest_Soilwater,1.811510120264245
2026-01-17T00:00:00,Upper_Forest_Soilwater,1.6303591082378206
2026-01-18T00:00:00,Upper_Forest_Soilwater,2.5313231974140393
2026-01-19T00:00:00,Upper_Forest_Soilwater,2.406190877672635
2026-01-20T00:00:00,Upper_Forest_Soilwater,2.333571789905372
2026-01-21T00:00:00,Upper_Forest_Soilwater,2.100214610914834
2026-01-22T00:00:00,Upper_Forest_Soilwater,1.8901931498233506
2026-01-23T00:00:00,Upper_Forest_Soilwater,1.7731738348410158
2026-01-24T00:00:00,Upper_Forest_Soilwater,1.7398564513569141
2026-01-25T00:00:00,Upper_Forest_Soilwater,1.773870806221223
2026-01-26T00:00:00,Upper_Forest_Soilwater,1.596483725599101
2026-01-27T00:00:00,Upper_Forest_Soilwater,1.4368353530391909
2026-01-28T00:00:00,Upper_Forest_Soilwater,1.2931518177352714
2026-01-29T00:00:00,Upper_Forest_Soilwater,1.1638366359617442
2026-01-30T00:00:00,Upper_Forest_Soilwater,1.04745297236557
2026-01-31T00:00:00,Upper_Forest_Soilwater,0.9427076751290129
2026-02-01T00:00:00,Upper_Forest_Soilwater,1.5924369076161118
2026-02-02T00:00:00,Upper_Forest_Soilwater,1.4331932168545005
2026-02-03T00:00:00,Upper_Forest_Soilwater,1.4018738951690504
2026-02-04T00:00:00,Upper_Forest_Soilwater,1.2616865056521456
2026-02-05T00:00:00,Upper_Forest_Soilwater,1.135517855086931
2026-02-06T00:00:00,Upper_Forest_Soilwater,1.4699660695782377
2026-02-07T00:00:00,Upper_Forest_Soilwater,1.322969462620414
2026-02-08T00:00:00,Upper_Forest_Soilwater,1.1906725163583725
2026-02-09T00:00:00,Upper_Forest_Soilwater,1.1596052647225352
2026-02-10T00:00:00,Upper_Forest_Soilwater,1.4356447382502822
2026-02-11T00:00:00,Upper_Forest_Soilwater,1.292080264425254
2026-02-12T00:00:00,Upper_Forest_Soilwater,1.1628722379827285
2026-02-13T00:00:00,Upper_Forest_Soilwater,1.0465850141844555
2026-02-14T00:00:00,Upper_Forest_Soilwater,0.9419265127660101
2026-02-15T00:00:00,Upper_Forest_Soilwater,0.8477338614894091
2026-02-16T00:00:00,Upper_Forest_Soilwater,0.7629604753404682
2026-02-17T00:00:00,Upper_Forest_Soilwater,0.6866644278064213
2026-02-18T00:00:00,Upper_Forest_Soilwater,0.6179979850257792
2026-02-19T00:00:00,Upper_Forest_Soilwater,0.5561981865232013
2026-02-20T00:00:00,Upper_Forest_Soilwater,0.5725783678708812
2026-02-21T00:00:00,Upper_Forest_Soilwater,0.5793205310837931
2026-02-22T00:00:00,Upper_Forest_Soilwater,0.5213884779754138
2026-02-23T00:00:00,Upper_Forest_Soilwater,0.4692496301778724
2026-02-24T00:00:00,Upper_Forest_Soilwater,0.7823246671600851
2026-02-25T00:00:00,Upper_Forest_Soilwater,0.7040922004440766
2026-02-26T00:00:00,Upper_Forest_Soilwater,0.633682980399669
2026-02-27T00:00:00,Upper_Forest_Soilwater,0.5703146823597021
2026-02-28T00:00:00,Upper_Forest_Soilwater,0.5132832141237318
2026-03-01T00:00:00,Upper_Forest_Soilwater,0.4619548927113586
2026-03-02T00:00:00,Upper_Forest_Soilwater,0.4157594034402228
2026-03-03T00:00:00,Upper_Forest_Soilwater,0.37418346309620043
2026-03-04T00:00:00,Upper_Forest_Soilwater,0.3367651167865804
2026-03-05T00:00:00,Upper_Forest_Soilwater,0.3030886051079224
2026-03-06T00:00:00,Upper_Forest_Soilwater,0.27277974459713017
2026-03-07T00:00:00,Upper_Forest_Soilwater,0.3895017701374172
2026-03-08T00:00:00,Upper_Forest_Soilwater,0.4225515931236755
2026-03-09T00:00:00,Upper_Forest_Soilwater,0.588296433811308
2026-03-10T00:00:00,Upper_Forest_Soilwater,0.5294667904301772
2026-03-11T00:00:00,Upper_Forest_Soilwater,0.47652011138715933
2026-03-12T00:00:00,Upper_Forest_Soilwater,0.5808681002484434
2026-03-13T00:00:00,Upper_Forest_Soilwater,0.5227812902235991
2026-03-14T00:00:00,Upper_Forest_Soilwater,0.9105031612012392
2026-03-15T00:00:00,Upper_Forest_Soilwater,0.8194528450811153
2026-03-16T00:00:00,Upper_Forest_Soilwater,0.7375075605730037
2026-03-17T00:00:00,Upper_Forest_Soilwater,0.8477568045157033
2026-03-18T00:00:00,Upper_Forest_Soilwater,0.7629811240641331
2026-03-19T00:00:00,Upper_Forest_Soilwater,0.9426830116577198
2026-03-20T00:00:00,Upper_Forest_Soilwater,1.3044147104919483
2026-03-21T00:00:00,Upper_Forest_Soilwater,1.1739732394427533
2026-03-22T00:00:00,Upper_Forest_Soilwater,1.056575915498478
2026-03-23T00:00:00,Upper_Forest_Soilwater,1.0869183239486302
2026-03-24T00:00:00,Upper_Forest_Soilwater,0.9782264915537671
2026-03-25T00:00:00,Upper_Forest_Soilwater,0.8804038423983903
2026-03-26T00:00:00,Upper_Forest_Soilwater,0.7923634581585515
2026-03-27T00:00:00,Upper_Forest_Soilwater,0.7131271123426962
2026-03-28T00:00:00,Upper_Forest_Soilwater,0.6418144011084266
2026-03-29T00:00:00,Upper_Forest_Soilwater,0.577632960997584
2026-03-30T00:00:00,Upper_Forest_Soilwater,0.5198696648978256
2026-03-31T00:00:00,Upper_Forest_Soilwater,0.6598826984080431
2026-04-01T00:00:00,Upper_Forest_Soilwater,0.5938944285672388
2026-04-02T00:00:00,Upper_Forest_Soilwater,0.534504985710515
2026-04-03T00:00:00,Upper_Forest_Soilwater,0.5770544871394633
2026-04-04T00:00:00,Upper_Forest_Soilwater,0.591349038425517
2026-04-05T00:00:00,Upper_Forest_Soilwater,0.5322141345829653
2026-04-06T00:00:00,Upper_Forest_Soilwater,0.47899272112466873
2026-04-07T00:00:00,Upper_Forest_Soilwater,0.4310934490122019
2026-04-08T00:00:00,Upper_Forest_Soilwater,0.4439841041109818
2026-04-09T00:00:00,Upper_Forest_Soilwater,0.5195856936998837
2026-04-10T00:00:00,Upper_Forest_Soilwater,0.6516271243298954
2026-04-11T00:00:00,Upper_Forest_Soilwater,0.5864644118969058
2026-04-12T00:00:00,Upper_Forest_Soilwater,1.2878179707072155
2026-04-13T00:00:00,Upper_Forest_Soilwater,1.3110361736364937
2026-04-14T00:00:00,Upper_Forest_Soilwater,1.6439325562728446
2026-04-15T00:00:00,Upper_Forest_Soilwater,1.4795393006455602
2026-04-16T00:00:00,Upper_Forest_Soilwater,1.3315853705810041
2026-04-17T00:00:00,Upper_Forest_Soilwater,1.7904268335229034
2026-04-18T00:00:00,Upper_Forest_Soilwater,1.611384150170613
2026-04-19T00:00:00,Upper_Forest_Soilwater,1.450245735153552
2026-04-20T00:00:00,Upper_Forest_Soilwater,1.3932211616381966
2026-04-21T00:00:00,Upper_Forest_Soilwater,1.3258990454743769
2026-04-22T00:00:00,Upper_Forest_Soilwater,1.193309140926939
2026-04-23T00:00:00,Upper_Forest_Soilwater,1.369978226834245
2026-04-24T00:00:00,Upper_Forest_Soilwater,1.5449804041508202
2026-04-25T00:00:00,Upper_Forest_Soilwater,1.3904823637357382
2026-04-26T00:00:00,Upper_Forest_Soilwater,1.3554341273621644
2026-04-27T00:00:00,Upper_Forest_Soilwater,1.2198907146259481
2026-04-28T00:00:00,Upper_Forest_Soilwater,1.4979016431633534
2026-04-29T00:00:00,Upper_Forest_Soilwater,1.3481114788470179
2026-04-30T00:00:00,Upper_Forest_Soilwater,1.525300330962316
2026-05-01T00:00:00,Upper_Forest_Soilwater,1.4447702978660844
2026-05-02T00:00:00,Upper_Forest_Soilwater,1.612293268079476
2026-05-03T00:00:00,Upper_Forest_Soilwater,2.3550639412715286
2026-05-04T00:00:00,Upper_Forest_Soilwater,2.5835575471443755
2026-05-05T00:00:00,Upper_Forest_Soilwater,2.685201792429938
2026-05-06T00:00:00,Upper_Forest_Soilwater,2.600681613186944
2026-05-07T00:00:00,Upper_Forest_Soilwater,2.3406134518682493
2026-05-08T00:00:00,Upper_Forest_Soilwater,2.106552106681425
2026-05-09T00:00:00,Upper_Forest_Soilwater,1.8958968960132818
2026-05-10T00:00:00,Upper_Forest_Soilwater,1.706307206411954
2026-05-11T00:00:00,Upper_Forest_Soilwater,1.7516764857707583
2026-05-12T00:00:00,Upper_Forest_Soilwater,1.5765088371936826
2026-05-13T00:00:00,Upper_Forest_Soilwater,1.4188579534743142
2026-05-14T00:00:00,Upper_Forest_Soilwater,1.276972158126883
2026-05-15T00:00:00,Upper_Forest_Soilwater,1.1492749423141946
2026-05-16T00:00:00,Upper_Forest_Soilwater,1.0343474480827752
2026-05-17T00:00:00,Upper_Forest_Soilwater,0.9309127032744975
2026-05-18T00:00:00,Upper_Forest_Soilwater,0.8378214329470479
2026-05-19T00:00:00,Upper_Forest_Soilwater,0.7540392896523431
2026-05-20T00:00:00,Upper_Forest_Soilwater,0.6786353606871088
2026-05-21T00:00:00,Upper_Forest_Soilwater,0.6107718246183979
2026-05-22T00:00:00,Upper_Forest_Soilwater,0.5496946421565582
2026-05-23T00:00:00,Upper_Forest_Soilwater,0.49472517794090226
2026-05-24T00:00:00,Upper_Forest_Soilwater,0.9172526601468122
2026-05-25T00:00:00,Upper_Forest_Soilwater,0.825527394132131
2026-05-26T00:00:00,Upper_Forest_Soilwater,0.8869746547189179
2026-05-27T00:00:00,Upper_Forest_Soilwater,0.7982771892470262
2026-05-28T00:00:00,Upper_Forest_Soilwater,0.7184494703223234
2026-05-29T00:00:00,Upper_Forest_Soilwater,0.6466045232900911
2026-05-30T00:00:00,Upper_Forest_Soilwater,0.581944070961082
2026-05-31T00:00:00,Upper_Forest_Soilwater,0.5237496638649738
2026-06-01T00:00:00,Upper_Forest_Soilwater,0.6313746974784764
2026-06-02T00:00:00,Upper_Forest_Soilwater,0.5682372277306288
2026-06-03T00:00:00,Upper_Forest_Soilwater,0.7194135049575658
2026-06-04T00:00:00,Upper_Forest_Soilwater,0.6474721544618092
2026-06-05T00:00:00,Upper_Forest_Soilwater,0.9827249390156283
2026-06-06T00:00:00,Upper_Forest_Soilwater,0.9644524451140655
2026-06-07T00:00:00,Upper_Forest_Soilwater,0.868007200602659
2026-06-08T00:00:00,Upper_Forest_Soilwater,0.7812064805423931
2026-06-09T00:00:00,Upper_Forest_Soilwater,0.7030858324881537
2026-06-10T00:00:00,Upper_Forest_Soilwater,0.6327772492393384
2026-06-11T00:00:00,Upper_Forest_Soilwater,0.5694995243154046
2026-06-12T00:00:00,Upper_Forest_Soilwater,0.5125495718838642
2026-06-13T00:00:00,Upper_Forest_Soilwater,0.4612946146954777
2026-06-14T00:00:00,Upper_Forest_Soilwater,0.41516515322593
2026-06-15T00:00:00,Upper_Forest_Soilwater,0.37364863790333697
2026-06-16T00:00:00,Upper_Forest_Soilwater,0.33628377411300325
2026-06-17T00:00:00,Upper_Forest_Soilwater,0.30265539670170294
2026-06-18T00:00:00,Upper_Forest_Soilwater,0.2723898570315326
2026-06-19T00:00:00,Upper_Forest_Soilwater,0.24515087132837934
2026-06-20T00:00:00,Upper_Forest_Soilwater,0.7406357841955415
2026-06-21T00:00:00,Upper_Forest_Soilwater,0.6665722057759874
2026-06-22T00:00:00,Upper_Forest_Soilwater,0.5999149851983886
2026-06-23T00:00:00,Upper_Forest_Soilwater,0.6919234866785499
2026-06-24T00:00:00,Upper_Forest_Soilwater,0.6227311380106948
2026-06-25T00:00:00,Upper_Forest_Soilwater,0.5604580242096254
2026-06-26T00:00:00,Upper_Forest_Soilwater,0.960412221788663
2026-06-27T00:00:00,Upper_Forest_Soilwater,1.0483709996097967
2026-06-28T00:00:00,Upper_Forest_Soilwater,0.9435338996488168
2026-06-29T00:00:00,Upper_Forest_Soilwater,1.5371805096839353
2026-06-30T00:00:00,Upper_Forest_Soilwater,1.9034624587155418
2026-07-01T00:00:00,Upper_Forest_Soilwater,1.713116212843988
2026-07-02T00:00:00,Upper_Forest_Soilwater,1.541804591559589
2026-07-03T00:00:00,Upper_Forest_Soilwater,1.38762413240363
2026-07-04T00:00:00,Upper_Forest_Soilwater,1.2488617191632672
2026-07-05T00:00:00,Upper_Forest_Soilwater,1.1239755472469406
2026-07-06T00:00:00,Upper_Forest_Soilwater,1.0115779925222463
2026-07-07T00:00:00,Upper_Forest_Soilwater,0.9104201932700218
2026-07-08T00:00:00,Upper_Forest_Soilwater,0.8193781739430195
2026-07-09T00:00:00,Upper_Forest_Soilwater,0.7374403565487175
2026-07-10T00:00:00,Upper_Forest_Soilwater,0.6636963208938459
2026-07-11T00:00:00,Upper_Forest_Soilwater,0.5973266888044613
2026-07-12T00:00:00,Upper_Forest_Soilwater,0.6335940199240151
2026-07-13T00:00:00,Upper_Forest_Soilwater,0.6342346179316136
2026-07-14T00:00:00,Upper_Forest_Soilwater,0.5708111561384522
2026-07-15T00:00:00,Upper_Forest_Soilwater,0.5137300405246069
2026-07-16T00:00:00,Upper_Forest_Soilwater,0.4623570364721462
2026-07-17T00:00:00,Upper_Forest_Soilwater,0.5841213328249316
2026-07-18T00:00:00,Upper_Forest_Soilwater,0.5257091995424386
2026-07-19T00:00:00,Upper_Forest_Soilwater,0.47313827958819465
2026-07-20T00:00:00,Upper_Forest_Soilwater,0.42582445162937516
2026-07-21T00:00:00,Upper_Forest_Soilwater,0.38324200646643763
2026-07-22T00:00:00,Upper_Forest_Soilwater,0.3449178058197939
2026-07-23T00:00:00,Upper_Forest_Soilwater,0.31042602523781454
2026-07-24T00:00:00,Upper_Forest_Soilwater,0.279383422714033
2026-07-25T00:00:00,Upper_Forest_Soilwater,0.25144508044262975
2026-07-26T00:00:00,Upper_Forest_Soilwater,0.3383005723983668
2026-07-27T00:00:00,Upper_Forest_Soilwater,0.30447051515853013
2026-07-28T00:00:00,Upper_Forest_Soilwater,0.2740234636426772
2026-07-29T00:00:00,Upper_Forest_Soilwater,0.24662111727840946
2026-07-30T00:00:00,Upper_Forest_Soilwater,0.32595900555056856
2026-07-31T00:00:00,Upper_Forest_Soilwater,0.5813631049955118
2026-08-01T00:00:00,Upper_Forest_Soilwater,0.6192267944959605
2026-08-02T00:00:00,Upper_Forest_Soilwater,0.5573041150463645
2026-08-03T00:00:00,Upper_Forest_Soilwater,0.501573703541728
2026-08-04T00:00:00,Upper_Forest_Soilwater,0.4514163331875552
2026-08-05T00:00:00,Upper_Forest_Soilwater,1.0062746998687997
2026-08-06T00:00:00,Upper_Forest_Soilwater,0.9056472298819197
2026-08-07T00:00:00,Upper_Forest_Soilwater,1.0230825068937277
2026-08-08T00:00:00,Upper_Forest_Soilwater,0.9207742562043548
2026-08-09T00:00:00,Upper_Forest_Soilwater,1.1966968305839192
2026-08-10T00:00:00,Upper_Forest_Soilwater,1.1650271475255274
2026-08-11T00:00:00,Upper_Forest_Soilwater,1.0485244327729746
2026-08-12T00:00:00,Upper_Forest_Soilwater,1.783671989495677
2026-08-13T00:00:00,Upper_Forest_Soilwater,2.3253047905461095
2026-08-14T00:00:00,Upper_Forest_Soilwater,2.0927743114914987
2026-08-15T00:00:00,Upper_Forest_Soilwater,1.8834968803423486
2026-08-16T00:00:00,Upper_Forest_Soilwater,2.223147192308114
2026-08-17T00:00:00,Upper_Forest_Soilwater,3.232832473077303
2026-08-18T00:00:00,Upper_Forest_Soilwater,2.909549225769572
2026-08-19T00:00:00,Upper_Forest_Soilwater,2.890594303192615
2026-08-20T00:00:00,Upper_Forest_Soilwater,2.6015348728733536
2026-08-21T00:00:00,Upper_Forest_Soilwater,2.3413813855860184
2026-08-22T00:00:00,Upper_Forest_Soilwater,2.1072432470274167
2026-08-23T00:00:00,Upper_Forest_Soilwater,1.8965189223246748
2026-08-24T00:00:00,Upper_Forest_Soilwater,1.7068670300922073
2026-08-25T00:00:00,Upper_Forest_Soilwater,1.5361803270829866
2026-08-26T00:00:00,Upper_Forest_Soilwater,1.382562294374688
2026-08-27T00:00:00,Upper_Forest_Soilwater,1.4043060649372192
2026-08-28T00:00:00,Upper_Forest_Soilwater,1.2638754584434972
2026-08-29T00:00:00,Upper_Forest_Soilwater,1.1374879125991477
2026-08-30T00:00:00,Upper_Forest_Soilwater,2.5277391213392337
2026-08-31T00:00:00,Upper_Forest_Soilwater,2.6829652092053102
2026-09-01T00:00:00,Upper_Forest_Soilwater,2.7186686882847795
2026-09-02T00:00:00,Upper_Forest_Soilwater,2.670801819456301
2026-09-03T00:00:00,Upper_Forest_Soilwater,2.403721637510671
2026-09-04T00:00:00,Upper_Forest_Soilwater,2.1633494737596037
2026-09-05T00:00:00,Upper_Forest_Soilwater,1.9470145263836436
2026-09-06T00:00:00,Upper_Forest_Soilwater,1.7523130737452792
2026-09-07T00:00:00,Upper_Forest_Soilwater,1.7290817663707512
2026-09-08T00:00:00,Upper_Forest_Soilwater,1.5561735897336761
2026-09-09T00:00:00,Upper_Forest_Soilwater,1.4005562307603086
2026-09-10T00:00:00,Upper_Forest_Soilwater,1.2605006076842777
2026-09-11T00:00:00,Upper_Forest_Soilwater,1.13445054691585
2026-09-12T00:00:00,Upper_Forest_Soilwater,1.0210054922242648
2026-09-13T00:00:00,Upper_Forest_Soilwater,1.3989049430018383
2026-09-14T00:00:00,Upper_Forest_Soilwater,1.3950144487016545
2026-09-15T00:00:00,Upper_Forest_Soilwater,1.255513003831489
2026-09-16T00:00:00,Upper_Forest_Soilwater,1.12996170344834
2026-09-17T00:00:00,Upper_Forest_Soilwater,1.288965533103506
2026-09-18T00:00:00,Upper_Forest_Soilwater,1.3280689797931553
2026-09-19T00:00:00,Upper_Forest_Soilwater,1.1952620818138397
2026-09-20T00:00:00,Upper_Forest_Soilwater,1.0757358736324558
2026-09-21T00:00:00,Upper_Forest_Soilwater,0.9681622862692102
2026-09-22T00:00:00,Upper_Forest_Soilwater,0.871346057642289
2026-09-23T00:00:00,Upper_Forest_Soilwater,1.3442114518780603
2026-09-24T00:00:00,Upper_Forest_Soilwater,1.2097903066902542
2026-09-25T00:00:00,Upper_Forest_Soilwater,1.2248112760212289
2026-09-26T00:00:00,Upper_Forest_Soilwater,1.102330148419106
2026-09-27T00:00:00,Upper_Forest_Soilwater,0.9920971335771953
2026-09-28T00:00:00,Upper_Forest_Soilwater,0.8928874202194758
2026-09-29T00:00:00,Upper_Forest_Soilwater,0.8035986781975281
2026-09-30T00:00:00,Upper_Forest_Soilwater,0.7232388103777754
2026-10-01T00:00:00,Upper_Forest_Soilwater,0.6509149293399978
2026-10-02T00:00:00,Upper_Forest_Soilwater,0.5858234364059981
2026-10-03T00:00:00,Upper_Forest_Soilwater,0.5272410927653983
2026-10-04T00:00:00,Upper_Forest_Soilwater,0.4745169834888585
2026-10-05T00:00:00,Upper_Forest_Soilwater,0.4270652851399726
2026-10-06T00:00:00,Upper_Forest_Soilwater,0.8083587566259753
2026-10-07T00:00:00,Upper_Forest_Soilwater,0.887522880963378
2026-10-08T00:00:00,Upper_Forest_Soilwater,1.9987705928670403
2026-10-09T00:00:00,Upper_Forest_Soilwater,2.558893533580336
2026-10-10T00:00:00,Upper_Forest_Soilwater,2.383004180222302
2026-10-11T00:00:00,Upper_Forest_Soilwater,2.144703762200072
2026-10-12T00:00:00,Upper_Forest_Soilwater,1.930233385980065
2026-10-13T00:00:00,Upper_Forest_Soilwater,1.7372100473820584
2026-10-14T00:00:00,Upper_Forest_Soilwater,1.5634890426438526
2026-10-15T00:00:00,Upper_Forest_Soilwater,1.9431401383794675
2026-10-16T00:00:00,Upper_Forest_Soilwater,2.3568261245415205
2026-10-17T00:00:00,Upper_Forest_Soilwater,2.233143512087368
2026-10-18T00:00:00,Upper_Forest_Soilwater,2.1298291608786317
2026-10-19T00:00:00,Upper_Forest_Soilwater,1.9168462447907684
2026-10-20T00:00:00,Upper_Forest_Soilwater,2.0131616203116915
2026-10-21T00:00:00,Upper_Forest_Soilwater,2.0678454582805226
2026-10-22T00:00:00,Upper_Forest_Soilwater,1.8610609124524702
2026-10-23T00:00:00,Upper_Forest_Soilwater,1.7869548212072228
2026-10-24T00:00:00,Upper_Forest_Soilwater,1.6082593390865008
2026-10-25T00:00:00,Upper_Forest_Soilwater,2.5674334051778507
2026-10-26T00:00:00,Upper_Forest_Soilwater,2.5906900646600652
2026-10-27T00:00:00,Upper_Forest_Soilwater,2.3956210581940587
2026-10-28T00:00:00,Upper_Forest_Soilwater,2.156058952374653
2026-10-29T00:00:00,Upper_Forest_Soilwater,3.3724530571371876
2026-10-30T00:00:00,Upper_Forest_Soilwater,3.7712077514234688
2026-10-31T00:00:00,Upper_Forest_Soilwater,3.3940869762811214
2026-11-01T00:00:00,Upper_Forest_Soilwater,3.0546782786530096
2026-11-02T00:00:00,Upper_Forest_Soilwater,2.8212104507877083
2026-11-03T00:00:00,Upper_Forest_Soilwater,2.5390894057089373
2026-11-04T00:00:00,Upper_Forest_Soilwater,2.2851804651380436
2026-11-05T00:00:00,Upper_Forest_Soilwater,2.2726624186242392
2026-11-06T00:00:00,Upper_Forest_Soilwater,2.0453961767618156
2026-11-07T00:00:00,Upper_Forest_Soilwater,1.8408565590856338
2026-11-08T00:00:00,Upper_Forest_Soilwater,1.65677090317707
2026-11-09T00:00:00,Upper_Forest_Soilwater,1.4910938128593632
2026-11-10T00:00:00,Upper_Forest_Soilwater,1.3419844315734268
2026-11-11T00:00:00,Upper_Forest_Soilwater,1.2077859884160844
2026-11-12T00:00:00,Upper_Forest_Soilwater,1.0870073895744758
2026-11-13T00:00:00,Upper_Forest_Soilwater,0.9783066506170283
2026-11-14T00:00:00,Upper_Forest_Soilwater,0.8804759855553255
2026-11-15T00:00:00,Upper_Forest_Soilwater,0.7924283869997928
2026-11-16T00:00:00,Upper_Forest_Soilwater,0.7131855482998136
2026-11-17T00:00:00,Upper_Forest_Soilwater,0.6418669934698322
2026-11-18T00:00:00,Upper_Forest_Soilwater,0.577680294122849
2026-11-19T00:00:00,Upper_Forest_Soilwater,0.5199122647105642
2026-11-20T00:00:00,Upper_Forest_Soilwater,0.4679210382395077
2026-11-21T00:00:00,Upper_Forest_Soilwater,0.421128934415557
2026-11-22T00:00:00,Upper_Forest_Soilwater,0.3790160409740013
2026-11-23T00:00:00,Upper_Forest_Soilwater,0.3411144368766012
2026-11-24T00:00:00,Upper_Forest_Soilwater,0.3070029931889411
2026-11-25T00:00:00,Upper_Forest_Soilwater,0.46830269387004697
2026-11-26T00:00:00,Upper_Forest_Soilwater,0.42147242448304223
2026-11-27T00:00:00,Upper_Forest_Soilwater,0.483325182034738
2026-11-28T00:00:00,Upper_Forest_Soilwater,0.4349926638312642
2026-11-29T00:00:00,Upper_Forest_Soilwater,0.39149339744813777
2026-11-30T00:00:00,Upper_Forest_Soilwater,0.352344057703324
2026-12-01T00:00:00,Upper_Forest_Soilwater,0.4291096519329915
2026-12-02T00:00:00,Upper_Forest_Soilwater,2.5781986867396927
2026-12-03T00:00:00,Upper_Forest_Soilwater,2.8643788180657226
2026-12-04T00:00:00,Upper_Forest_Soilwater,2.5779409362591506
2026-12-05T00:00:00,Upper_Forest_Soilwater,2.3201468426332355
2026-12-06T00:00:00,Upper_Forest_Soilwater,4.120132158369912
2026-12-07T00:00:00,Upper_Forest_Soilwater,4.3481189425329205
2026-12-08T00:00:00,Upper_Forest_Soilwater,3.913307048279629
2026-12-09T00:00:00,Upper_Forest_Soilwater,3.5219763434516658
2026-12-10T00:00:00,Upper_Forest_Soilwater,3.169778709106499
2026-12-11T00:00:00,Upper_Forest_Soilwater,2.852800838195849
2026-12-12T00:00:00,Upper_Forest_Soilwater,2.567520754376264
2026-12-13T00:00:00,Upper_Forest_Soilwater,2.3107686789386377
2026-12-14T00:00:00,Upper_Forest_Soilwater,2.079691811044774
2026-12-15T00:00:00,Upper_Forest_Soilwater,1.8717226299402965
2026-12-16T00:00:00,Upper_Forest_Soilwater,2.100550366946267
2026-12-17T00:00:00,Upper_Forest_Soilwater,2.2904953302516406
2026-12-18T00:00:00,Upper_Forest_Soilwater,2.757445797226476
2026-12-19T00:00:00,Upper_Forest_Soilwater,3.3377012175038283
2026-12-20T00:00:00,Upper_Forest_Soilwater,3.0039310957534457
2026-12-21T00:00:00,Upper_Forest_Soilwater,2.7035379861781017
2026-12-22T00:00:00,Upper_Forest_Soilwater,2.4331841875602915
2026-12-23T00:00:00,Upper_Forest_Soilwater,2.4618657688042624
2026-12-24T00:00:00,Upper_Forest_Soilwater,2.4556791919238368
2026-12-25T00:00:00,Upper_Forest_Soilwater,2.666111272731453
2026-12-26T00:00:00,Upper_Forest_Soilwater,2.399500145458308
2026-12-27T00:00:00,Upper_Forest_Soilwater,2.1595501309124767
2026-12-28T00:00:00,Upper_Forest_Soilwater,1.9435951178212294
2026-12-29T00:00:00,Upper_Forest_Soilwater,1.749235606039106
2026-12-30T00:00:00,Upper_Forest_Soilwater,1.5743120454351953
2026-12-31T00:00:00,Upper_Forest_Soilwater,1.416880840891676
