ad65a889-dda2-4e0a-a045-5c72e66ff0a7,location,waterInputs
2023-01-01T00:00:00,Upper_Agriculture_Soilwater,0.09000000000000001
2023-01-02T00:00:00,Upper_Agriculture_Soilwater,1.2240000000000002
2023-01-03T00:00:00,Upper_Agriculture_Soilwater,1.1016000000000001
2023-01-04T00:00:00,Upper_Agriculture_Soilwater,0.9914400000000001
2023-01-05T00:00:00,Upper_Agriculture_Soilwater,0.8922960000000001
2023-01-06T00:00:00,Upper_Agriculture_Soilwater,0.9020664
2023-01-07T00:00:00,Upper_Agriculture_Soilwater,1.12685976
2023-01-08T00:00:00,Upper_Agriculture_Soilwater,1.014173784
2023-01-09T00:00:00,Upper_Agriculture_Soilwater,1.4437564056
2023-01-10T00:00:00,Upper_Agriculture_Soilwater,1.29938076504
2023-01-11T00:00:00,Upper_Agriculture_Soilwater,1.169442688536
2023-01-12T00:00:00,Upper_Agriculture_Soilwater,1.0524984196823999
2023-01-13T00:00:00,Upper_Agriculture_Soilwater,0.9472485777141599
2023-01-14T00:00:00,Upper_Agriculture_Soilwater,0.852523719942744
2023-01-15T00:00:00,Upper_Agriculture_Soilwater,0.7672713479484697
2023-01-16T00:00:00,Upper_Agriculture_Soilwater,0.6905442131536228
2023-01-17T00:00:00,Upper_Agriculture_Soilwater,0.6214897918382606
2023-01-18T00:00:00,Upper_Agriculture_Soilwater,2.080340812654434
2023-01-19T00:00:00,Upper_Agriculture_Soilwater,1.9623067313889913
2023-01-20T00:00:00,Upper_Agriculture_Soilwater,1.8740760582500917
2023-01-21T00:00:00,Upper_Agriculture_Soilwater,1.8396684524250828
2023-01-22T00:00:00,Upper_Agriculture_Soilwater,1.6557016071825745
2023-01-23T00:00:00,Upper_Agriculture_Soilwater,1.490131446464317
2023-01-24T00:00:00,Upper_Agriculture_Soilwater,1.3411183018178854
2023-01-25T00:00:00,Upper_Agriculture_Soilwater,1.2070064716360966
2023-01-26T00:00:00,Upper_Agriculture_Soilwater,1.7883058244724868
2023-01-27T00:00:00,Upper_Agriculture_Soilwater,1.6094752420252383
2023-01-28T00:00:00,Upper_Agriculture_Soilwater,1.4485277178227143
2023-01-29T00:00:00,Upper_Agriculture_Soilwater,1.303674946040443
2023-01-30T00:00:00,Upper_Agriculture_Soilwater,1.1733074514363988
2023-01-31T00:00:00,Upper_Agriculture_Soilwater,1.0559767062927587
2023-02-01T00:00:00,Upper_Agriculture_Soilwater,0.9503790356634829
2023-02-02T00:00:00,Upper_Agriculture_Soilwater,0.8553411320971347
2023-02-03T00:00:00,Upper_Agriculture_Soilwater,0.7698070188874212
2023-02-04T00:00:00,Upper_Agriculture_Soilwater,0.6928263169986791
2023-02-05T00:00:00,Upper_Agriculture_Soilwater,0.6235436852988111
2023-02-06T00:00:00,Upper_Agriculture_Soilwater,0.5611893167689301
2023-02-07T00:00:00,Upper_Agriculture_Soilwater,0.5050703850920372
2023-02-08T00:00:00,Upper_Agriculture_Soilwater,0.4545633465828335
2023-02-09T00:00:00,Upper_Agriculture_Soilwater,0.40910701192455007
2023-02-10T00:00:00,Upper_Agriculture_Soilwater,0.36819631073209513
2023-02-11T00:00:00,Upper_Agriculture_Soilwater,0.3313766796588856
2023-02-12T00:00:00,Upper_Agriculture_Soilwater,0.298239011692997
2023-02-13T00:00:00,Upper_Agriculture_Soilwater,0.2684151105236974
2023-02-14T00:00:00,Upper_Agriculture_Soilwater,0.2415735994713276
2023-02-15T00:00:00,Upper_Agriculture_Soilwater,0.21741623952419487
2023-02-16T00:00:00,Upper_Agriculture_Soilwater,0.19567461557177537
2023-02-17T00:00:00,Upper_Agriculture_Soilwater,0.17610715401459784
2023-02-18T00:00:00,Upper_Agriculture_Soilwater,0.32049643861313815
2023-02-19T00:00:00,Upper_Agriculture_Soilwater,0.2884467947518243
2023-02-20T00:00:00,Upper_Agriculture_Soilwater,0.49360211527664183
2023-02-21T00:00:00,Upper_Agriculture_Soilwater,0.4442419037489776
2023-02-22T00:00:00,Upper_Agriculture_Soilwater,0.39981771337407984
2023-02-23T00:00:00,Upper_Agriculture_Soilwater,0.44083594203667187
2023-02-24T00:00:00,Upper_Agriculture_Soilwater,0.5497523478330046
2023-02-25T00:00:00,Upper_Agriculture_Soilwater,0.584777113049704
2023-02-26T00:00:00,Upper_Agriculture_Soilwater,0.5262994017447337
2023-02-27T00:00:00,Upper_Agriculture_Soilwater,1.1126694615702604
2023-02-28T00:00:00,Upper_Agriculture_Soilwater,1.0014025154132344
2023-03-01T00:00:00,Upper_Agriculture_Soilwater,0.9012622638719108
2023-03-02T00:00:00,Upper_Agriculture_Soilwater,0.8111360374847199
2023-03-03T00:00:00,Upper_Agriculture_Soilwater,0.7300224337362479
2023-03-04T00:00:00,Upper_Agriculture_Soilwater,0.657020190362623
2023-03-05T00:00:00,Upper_Agriculture_Soilwater,0.933318171326361
2023-03-06T00:00:00,Upper_Agriculture_Soilwater,0.8399863541937248
2023-03-07T00:00:00,Upper_Agriculture_Soilwater,0.7559877187743522
2023-03-08T00:00:00,Upper_Agriculture_Soilwater,0.680388946896917
2023-03-09T00:00:00,Upper_Agriculture_Soilwater,0.7563500522072254
2023-03-10T00:00:00,Upper_Agriculture_Soilwater,1.337715046986503
2023-03-11T00:00:00,Upper_Agriculture_Soilwater,1.5549435422878526
2023-03-12T00:00:00,Upper_Agriculture_Soilwater,1.3994491880590674
2023-03-13T00:00:00,Upper_Agriculture_Soilwater,1.4395042692531606
2023-03-14T00:00:00,Upper_Agriculture_Soilwater,1.4485538423278446
2023-03-15T00:00:00,Upper_Agriculture_Soilwater,1.62769845809506
2023-03-16T00:00:00,Upper_Agriculture_Soilwater,1.4649286122855543
2023-03-17T00:00:00,Upper_Agriculture_Soilwater,1.3184357510569986
2023-03-18T00:00:00,Upper_Agriculture_Soilwater,1.5195921759512987
2023-03-19T00:00:00,Upper_Agriculture_Soilwater,2.8346329583561682
2023-03-20T00:00:00,Upper_Agriculture_Soilwater,2.9831696625205515
2023-03-21T00:00:00,Upper_Agriculture_Soilwater,2.8468526962684964
2023-03-22T00:00:00,Upper_Agriculture_Soilwater,2.562167426641647
2023-03-23T00:00:00,Upper_Agriculture_Soilwater,2.3059506839774824
2023-03-24T00:00:00,Upper_Agriculture_Soilwater,2.075355615579734
2023-03-25T00:00:00,Upper_Agriculture_Soilwater,1.9578200540217607
2023-03-26T00:00:00,Upper_Agriculture_Soilwater,1.7620380486195846
2023-03-27T00:00:00,Upper_Agriculture_Soilwater,1.585834243757626
2023-03-28T00:00:00,Upper_Agriculture_Soilwater,1.4272508193818636
2023-03-29T00:00:00,Upper_Agriculture_Soilwater,1.2845257374436774
2023-03-30T00:00:00,Upper_Agriculture_Soilwater,1.1560731636993096
2023-03-31T00:00:00,Upper_Agriculture_Soilwater,1.2924658473293786
2023-04-01T00:00:00,Upper_Agriculture_Soilwater,1.1632192625964408
2023-04-02T00:00:00,Upper_Agriculture_Soilwater,1.0468973363367968
2023-04-03T00:00:00,Upper_Agriculture_Soilwater,1.3562076027031171
2023-04-04T00:00:00,Upper_Agriculture_Soilwater,1.6435868424328055
2023-04-05T00:00:00,Upper_Agriculture_Soilwater,2.226228158189525
2023-04-06T00:00:00,Upper_Agriculture_Soilwater,2.2826053423705726
2023-04-07T00:00:00,Upper_Agriculture_Soilwater,2.054344808133515
2023-04-08T00:00:00,Upper_Agriculture_Soilwater,1.8489103273201637
2023-04-09T00:00:00,Upper_Agriculture_Soilwater,1.6640192945881473
2023-04-10T00:00:00,Upper_Agriculture_Soilwater,1.4976173651293327
2023-04-11T00:00:00,Upper_Agriculture_Soilwater,1.4018556286163995
2023-04-12T00:00:00,Upper_Agriculture_Soilwater,1.2616700657547597
2023-04-13T00:00:00,Upper_Agriculture_Soilwater,1.2435030591792837
2023-04-14T00:00:00,Upper_Agriculture_Soilwater,1.9381527532613556
2023-04-15T00:00:00,Upper_Agriculture_Soilwater,1.7443374779352199
2023-04-16T00:00:00,Upper_Agriculture_Soilwater,1.5699037301416978
2023-04-17T00:00:00,Upper_Agriculture_Soilwater,1.4129133571275283
2023-04-18T00:00:00,Upper_Agriculture_Soilwater,1.5146220214147754
2023-04-19T00:00:00,Upper_Agriculture_Soilwater,1.3631598192732979
2023-04-20T00:00:00,Upper_Agriculture_Soilwater,1.3798438373459683
2023-04-21T00:00:00,Upper_Agriculture_Soilwater,1.2418594536113714
2023-04-22T00:00:00,Upper_Agriculture_Soilwater,1.1176735082502343
2023-04-23T00:00:00,Upper_Agriculture_Soilwater,1.149906157425211
2023-04-24T00:00:00,Upper_Agriculture_Soilwater,1.2329155416826898
2023-04-25T00:00:00,Upper_Agriculture_Soilwater,1.1096239875144212
2023-04-26T00:00:00,Upper_Agriculture_Soilwater,0.9986615887629788
2023-04-27T00:00:00,Upper_Agriculture_Soilwater,0.8987954298866808
2023-04-28T00:00:00,Upper_Agriculture_Soilwater,0.8089158868980129
2023-04-29T00:00:00,Upper_Agriculture_Soilwater,0.7280242982082116
2023-04-30T00:00:00,Upper_Agriculture_Soilwater,0.6552218683873904
2023-05-01T00:00:00,Upper_Agriculture_Soilwater,0.5896996815486514
2023-05-02T00:00:00,Upper_Agriculture_Soilwater,0.5307297133937862
2023-05-03T00:00:00,Upper_Agriculture_Soilwater,0.47765674205440756
2023-05-04T00:00:00,Upper_Agriculture_Soilwater,0.42989106784896686
2023-05-05T00:00:00,Upper_Agriculture_Soilwater,0.38690196106407015
2023-05-06T00:00:00,Upper_Agriculture_Soilwater,0.34821176495766315
2023-05-07T00:00:00,Upper_Agriculture_Soilwater,0.3133905884618968
2023-05-08T00:00:00,Upper_Agriculture_Soilwater,0.2820515296157072
2023-05-09T00:00:00,Upper_Agriculture_Soilwater,0.25384637665413634
2023-05-10T00:00:00,Upper_Agriculture_Soilwater,0.22846173898872277
2023-05-11T00:00:00,Upper_Agriculture_Soilwater,0.2956155650898505
2023-05-12T00:00:00,Upper_Agriculture_Soilwater,0.2660540085808654
2023-05-13T00:00:00,Upper_Agriculture_Soilwater,0.23944860772277893
2023-05-14T00:00:00,Upper_Agriculture_Soilwater,0.21550374695050104
2023-05-15T00:00:00,Upper_Agriculture_Soilwater,0.19395337225545092
2023-05-16T00:00:00,Upper_Agriculture_Soilwater,0.2645580350299059
2023-05-17T00:00:00,Upper_Agriculture_Soilwater,0.9131022315269154
2023-05-18T00:00:00,Upper_Agriculture_Soilwater,0.9207920083742238
2023-05-19T00:00:00,Upper_Agriculture_Soilwater,0.9907128075368016
2023-05-20T00:00:00,Upper_Agriculture_Soilwater,0.8916415267831216
2023-05-21T00:00:00,Upper_Agriculture_Soilwater,1.477477374104809
2023-05-22T00:00:00,Upper_Agriculture_Soilwater,1.4017296366943282
2023-05-23T00:00:00,Upper_Agriculture_Soilwater,1.3605566730248955
2023-05-24T00:00:00,Upper_Agriculture_Soilwater,1.224501005722406
2023-05-25T00:00:00,Upper_Agriculture_Soilwater,2.7310509051501657
2023-05-26T00:00:00,Upper_Agriculture_Soilwater,2.457945814635149
2023-05-27T00:00:00,Upper_Agriculture_Soilwater,2.2121512331716344
2023-05-28T00:00:00,Upper_Agriculture_Soilwater,1.9909361098544707
2023-05-29T00:00:00,Upper_Agriculture_Soilwater,1.7918424988690234
2023-05-30T00:00:00,Upper_Agriculture_Soilwater,1.9636582489821213
2023-05-31T00:00:00,Upper_Agriculture_Soilwater,1.7672924240839087
2023-06-01T00:00:00,Upper_Agriculture_Soilwater,1.590563181675518
2023-06-02T00:00:00,Upper_Agriculture_Soilwater,1.4315068635079662
2023-06-03T00:00:00,Upper_Agriculture_Soilwater,1.2883561771571697
2023-06-04T00:00:00,Upper_Agriculture_Soilwater,1.1595205594414528
2023-06-05T00:00:00,Upper_Agriculture_Soilwater,1.0435685034973075
2023-06-06T00:00:00,Upper_Agriculture_Soilwater,0.9392116531475767
2023-06-07T00:00:00,Upper_Agriculture_Soilwater,0.8452904878328191
2023-06-08T00:00:00,Upper_Agriculture_Soilwater,0.7607614390495372
2023-06-09T00:00:00,Upper_Agriculture_Soilwater,0.6846852951445835
2023-06-10T00:00:00,Upper_Agriculture_Soilwater,0.6162167656301251
2023-06-11T00:00:00,Upper_Agriculture_Soilwater,0.5545950890671125
2023-06-12T00:00:00,Upper_Agriculture_Soilwater,0.49913558016040127
2023-06-13T00:00:00,Upper_Agriculture_Soilwater,0.4492220221443611
2023-06-14T00:00:00,Upper_Agriculture_Soilwater,0.404299819929925
2023-06-15T00:00:00,Upper_Agriculture_Soilwater,0.36386983793693256
2023-06-16T00:00:00,Upper_Agriculture_Soilwater,0.32748285414323924
2023-06-17T00:00:00,Upper_Agriculture_Soilwater,0.2947345687289154
2023-06-18T00:00:00,Upper_Agriculture_Soilwater,0.26526111185602375
2023-06-19T00:00:00,Upper_Agriculture_Soilwater,0.2387350006704214
2023-06-20T00:00:00,Upper_Agriculture_Soilwater,0.21486150060337925
2023-06-21T00:00:00,Upper_Agriculture_Soilwater,0.27437535054304135
2023-06-22T00:00:00,Upper_Agriculture_Soilwater,0.24693781548873728
2023-06-23T00:00:00,Upper_Agriculture_Soilwater,0.2222440339398635
2023-06-24T00:00:00,Upper_Agriculture_Soilwater,0.20001963054587718
2023-06-25T00:00:00,Upper_Agriculture_Soilwater,0.1800176674912895
2023-06-26T00:00:00,Upper_Agriculture_Soilwater,0.16201590074216055
2023-06-27T00:00:00,Upper_Agriculture_Soilwater,0.1458143106679445
2023-06-28T00:00:00,Upper_Agriculture_Soilwater,0.13123287960115002
2023-06-29T00:00:00,Upper_Agriculture_Soilwater,0.7301095916410351
2023-06-30T00:00:00,Upper_Agriculture_Soilwater,0.7290986324769316
2023-07-01T00:00:00,Upper_Agriculture_Soilwater,0.9531887692292385
2023-07-02T00:00:00,Upper_Agriculture_Soilwater,0.8578698923063145
2023-07-03T00:00:00,Upper_Agriculture_Soilwater,0.7720829030756832
2023-07-04T00:00:00,Upper_Agriculture_Soilwater,0.6948746127681148
2023-07-05T00:00:00,Upper_Agriculture_Soilwater,0.6253871514913033
2023-07-06T00:00:00,Upper_Agriculture_Soilwater,0.5628484363421731
2023-07-07T00:00:00,Upper_Agriculture_Soilwater,1.0195635927079556
2023-07-08T00:00:00,Upper_Agriculture_Soilwater,0.9986072334371603
2023-07-09T00:00:00,Upper_Agriculture_Soilwater,0.8987465100934443
2023-07-10T00:00:00,Upper_Agriculture_Soilwater,0.8088718590840998
2023-07-11T00:00:00,Upper_Agriculture_Soilwater,0.8449846731756899
2023-07-12T00:00:00,Upper_Agriculture_Soilwater,1.048486205858121
2023-07-13T00:00:00,Upper_Agriculture_Soilwater,0.9436375852723089
2023-07-14T00:00:00,Upper_Agriculture_Soilwater,0.849273826745078
2023-07-15T00:00:00,Upper_Agriculture_Soilwater,1.71834644407057
2023-07-16T00:00:00,Upper_Agriculture_Soilwater,1.7445117996635129
2023-07-17T00:00:00,Upper_Agriculture_Soilwater,1.5700606196971614
2023-07-18T00:00:00,Upper_Agriculture_Soilwater,1.4130545577274454
2023-07-19T00:00:00,Upper_Agriculture_Soilwater,1.3707491019547007
2023-07-20T00:00:00,Upper_Agriculture_Soilwater,1.2336741917592307
2023-07-21T00:00:00,Upper_Agriculture_Soilwater,1.2093067725833078
2023-07-22T00:00:00,Upper_Agriculture_Soilwater,2.078376095324977
2023-07-23T00:00:00,Upper_Agriculture_Soilwater,1.8705384857924787
2023-07-24T00:00:00,Upper_Agriculture_Soilwater,1.683484637213231
2023-07-25T00:00:00,Upper_Agriculture_Soilwater,1.5151361734919078
2023-07-26T00:00:00,Upper_Agriculture_Soilwater,1.3636225561427173
2023-07-27T00:00:00,Upper_Agriculture_Soilwater,1.3352603005284456
2023-07-28T00:00:00,Upper_Agriculture_Soilwater,1.579734270475601
2023-07-29T00:00:00,Upper_Agriculture_Soilwater,1.4217608434280409
2023-07-30T00:00:00,Upper_Agriculture_Soilwater,1.2795847590852367
2023-07-31T00:00:00,Upper_Agriculture_Soilwater,1.151626283176713
2023-08-01T00:00:00,Upper_Agriculture_Soilwater,1.0364636548590418
2023-08-02T00:00:00,Upper_Agriculture_Soilwater,0.9328172893731377
2023-08-03T00:00:00,Upper_Agriculture_Soilwater,0.8395355604358238
2023-08-04T00:00:00,Upper_Agriculture_Soilwater,0.7555820043922415
2023-08-05T00:00:00,Upper_Agriculture_Soilwater,0.6800238039530174
2023-08-06T00:00:00,Upper_Agriculture_Soilwater,0.6120214235577156
2023-08-07T00:00:00,Upper_Agriculture_Soilwater,0.550819281201944
2023-08-08T00:00:00,Upper_Agriculture_Soilwater,0.4957373530817496
2023-08-09T00:00:00,Upper_Agriculture_Soilwater,0.4461636177735746
2023-08-10T00:00:00,Upper_Agriculture_Soilwater,1.1215472559962172
2023-08-11T00:00:00,Upper_Agriculture_Soilwater,1.7923925303965953
2023-08-12T00:00:00,Upper_Agriculture_Soilwater,1.9101532773569356
2023-08-13T00:00:00,Upper_Agriculture_Soilwater,1.9531379496212424
2023-08-14T00:00:00,Upper_Agriculture_Soilwater,1.7578241546591182
2023-08-15T00:00:00,Upper_Agriculture_Soilwater,1.5820417391932062
2023-08-16T00:00:00,Upper_Agriculture_Soilwater,1.4238375652738857
2023-08-17T00:00:00,Upper_Agriculture_Soilwater,1.4434538087464974
2023-08-18T00:00:00,Upper_Agriculture_Soilwater,1.2991084278718474
2023-08-19T00:00:00,Upper_Agriculture_Soilwater,1.169197585084663
2023-08-20T00:00:00,Upper_Agriculture_Soilwater,1.0522778265761965
2023-08-21T00:00:00,Upper_Agriculture_Soilwater,0.9470500439185771
2023-08-22T00:00:00,Upper_Agriculture_Soilwater,0.8523450395267194
2023-08-23T00:00:00,Upper_Agriculture_Soilwater,0.7671105355740474
2023-08-24T00:00:00,Upper_Agriculture_Soilwater,0.6903994820166428
2023-08-25T00:00:00,Upper_Agriculture_Soilwater,0.6213595338149784
2023-08-26T00:00:00,Upper_Agriculture_Soilwater,0.7482235804334806
2023-08-27T00:00:00,Upper_Agriculture_Soilwater,0.6734012223901324
2023-08-28T00:00:00,Upper_Agriculture_Soilwater,0.6060611001511192
2023-08-29T00:00:00,Upper_Agriculture_Soilwater,0.5454549901360073
2023-08-30T00:00:00,Upper_Agriculture_Soilwater,0.49090949112240645
2023-08-31T00:00:00,Upper_Agriculture_Soilwater,0.44181854201016585
2023-09-01T00:00:00,Upper_Agriculture_Soilwater,1.3696366878091495
2023-09-02T00:00:00,Upper_Agriculture_Soilwater,1.6466730190282342
2023-09-03T00:00:00,Upper_Agriculture_Soilwater,3.0750057171254106
2023-09-04T00:00:00,Upper_Agriculture_Soilwater,3.0375051454128696
2023-09-05T00:00:00,Upper_Agriculture_Soilwater,2.9047546308715826
2023-09-06T00:00:00,Upper_Agriculture_Soilwater,2.749279167784424
2023-09-07T00:00:00,Upper_Agriculture_Soilwater,2.4743512510059817
2023-09-08T00:00:00,Upper_Agriculture_Soilwater,2.2269161259053836
2023-09-09T00:00:00,Upper_Agriculture_Soilwater,2.157224513314845
2023-09-10T00:00:00,Upper_Agriculture_Soilwater,2.0135020619833606
2023-09-11T00:00:00,Upper_Agriculture_Soilwater,2.1181518557850243
2023-09-12T00:00:00,Upper_Agriculture_Soilwater,2.203336670206522
2023-09-13T00:00:00,Upper_Agriculture_Soilwater,2.16300300318587
2023-09-14T00:00:00,Upper_Agriculture_Soilwater,1.946702702867283
2023-09-15T00:00:00,Upper_Agriculture_Soilwater,1.7520324325805545
2023-09-16T00:00:00,Upper_Agriculture_Soilwater,1.5768291893224993
2023-09-17T00:00:00,Upper_Agriculture_Soilwater,2.3101462703902493
2023-09-18T00:00:00,Upper_Agriculture_Soilwater,3.528131643351225
2023-09-19T00:00:00,Upper_Agriculture_Soilwater,3.526318479016102
2023-09-20T00:00:00,Upper_Agriculture_Soilwater,3.1736866311144922
2023-09-21T00:00:00,Upper_Agriculture_Soilwater,2.856317968003043
2023-09-22T00:00:00,Upper_Agriculture_Soilwater,2.570686171202738
2023-09-23T00:00:00,Upper_Agriculture_Soilwater,2.313617554082464
2023-09-24T00:00:00,Upper_Agriculture_Soilwater,2.1362557986742177
2023-09-25T00:00:00,Upper_Agriculture_Soilwater,2.5346302188067966
2023-09-26T00:00:00,Upper_Agriculture_Soilwater,3.1721671969261163
2023-09-27T00:00:00,Upper_Agriculture_Soilwater,3.025950477233504
2023-09-28T00:00:00,Upper_Agriculture_Soilwater,2.723355429510154
2023-09-29T00:00:00,Upper_Agriculture_Soilwater,2.4510198865591386
2023-09-30T00:00:00,Upper_Agriculture_Soilwater,2.5119178979032246
2023-10-01T00:00:00,Upper_Agriculture_Soilwater,2.260726108112902
2023-10-02T00:00:00,Upper_Agriculture_Soilwater,2.034653497301612
2023-10-03T00:00:00,Upper_Agriculture_Soilwater,1.8311881475714509
2023-10-04T00:00:00,Upper_Agriculture_Soilwater,1.648069332814306
2023-10-05T00:00:00,Upper_Agriculture_Soilwater,1.4832623995328753
2023-10-06T00:00:00,Upper_Agriculture_Soilwater,1.3349361595795879
2023-10-07T00:00:00,Upper_Agriculture_Soilwater,1.201442543621629
2023-10-08T00:00:00,Upper_Agriculture_Soilwater,1.081298289259466
2023-10-09T00:00:00,Upper_Agriculture_Soilwater,1.6841684603335194
2023-10-10T00:00:00,Upper_Agriculture_Soilwater,1.6057516143001673
2023-10-11T00:00:00,Upper_Agriculture_Soilwater,1.9761764528701509
2023-10-12T00:00:00,Upper_Agriculture_Soilwater,1.8685588075831359
2023-10-13T00:00:00,Upper_Agriculture_Soilwater,1.7537029268248223
2023-10-14T00:00:00,Upper_Agriculture_Soilwater,2.0643326341423403
2023-10-15T00:00:00,Upper_Agriculture_Soilwater,2.3438993707281064
2023-10-16T00:00:00,Upper_Agriculture_Soilwater,2.766509433655296
2023-10-17T00:00:00,Upper_Agriculture_Soilwater,2.4898584902897665
2023-10-18T00:00:00,Upper_Agriculture_Soilwater,2.33987264126079
2023-10-19T00:00:00,Upper_Agriculture_Soilwater,2.105885377134711
2023-10-20T00:00:00,Upper_Agriculture_Soilwater,1.8952968394212397
2023-10-21T00:00:00,Upper_Agriculture_Soilwater,2.173767155479116
2023-10-22T00:00:00,Upper_Agriculture_Soilwater,1.956390439931204
2023-10-23T00:00:00,Upper_Agriculture_Soilwater,1.7607513959380838
2023-10-24T00:00:00,Upper_Agriculture_Soilwater,1.5846762563442753
2023-10-25T00:00:00,Upper_Agriculture_Soilwater,1.4262086307098478
2023-10-26T00:00:00,Upper_Agriculture_Soilwater,1.2835877676388632
2023-10-27T00:00:00,Upper_Agriculture_Soilwater,1.1552289908749769
2023-10-28T00:00:00,Upper_Agriculture_Soilwater,1.039706091787479
2023-10-29T00:00:00,Upper_Agriculture_Soilwater,0.9357354826087313
2023-10-30T00:00:00,Upper_Agriculture_Soilwater,1.0941619343478581
2023-10-31T00:00:00,Upper_Agriculture_Soilwater,0.9847457409130721
2023-11-01T00:00:00,Upper_Agriculture_Soilwater,1.048271166821765
2023-11-02T00:00:00,Upper_Agriculture_Soilwater,0.9434440501395885
2023-11-03T00:00:00,Upper_Agriculture_Soilwater,0.8490996451256297
2023-11-04T00:00:00,Upper_Agriculture_Soilwater,0.9351896806130668
2023-11-05T00:00:00,Upper_Agriculture_Soilwater,0.8416707125517602
2023-11-06T00:00:00,Upper_Agriculture_Soilwater,0.7575036412965841
2023-11-07T00:00:00,Upper_Agriculture_Soilwater,2.4097532771669257
2023-11-08T00:00:00,Upper_Agriculture_Soilwater,2.726777949450233
2023-11-09T00:00:00,Upper_Agriculture_Soilwater,4.245100154505209
2023-11-10T00:00:00,Upper_Agriculture_Soilwater,3.8205901390546884
2023-11-11T00:00:00,Upper_Agriculture_Soilwater,3.43853112514922
2023-11-12T00:00:00,Upper_Agriculture_Soilwater,3.094678012634298
2023-11-13T00:00:00,Upper_Agriculture_Soilwater,2.7852102113708685
2023-11-14T00:00:00,Upper_Agriculture_Soilwater,2.506689190233782
2023-11-15T00:00:00,Upper_Agriculture_Soilwater,2.256020271210404
2023-11-16T00:00:00,Upper_Agriculture_Soilwater,2.030418244089363
2023-11-17T00:00:00,Upper_Agriculture_Soilwater,1.8273764196804267
2023-11-18T00:00:00,Upper_Agriculture_Soilwater,1.6446387777123839
2023-11-19T00:00:00,Upper_Agriculture_Soilwater,1.7591748999411458
2023-11-20T00:00:00,Upper_Agriculture_Soilwater,1.5832574099470313
2023-11-21T00:00:00,Upper_Agriculture_Soilwater,1.4249316689523281
2023-11-22T00:00:00,Upper_Agriculture_Soilwater,1.2824385020570954
2023-11-23T00:00:00,Upper_Agriculture_Soilwater,2.7651946518513855
2023-11-24T00:00:00,Upper_Agriculture_Soilwater,3.0376751866662475
2023-11-25T00:00:00,Upper_Agriculture_Soilwater,2.922907667999622
2023-11-26T00:00:00,Upper_Agriculture_Soilwater,2.77461690119966
2023-11-27T00:00:00,Upper_Agriculture_Soilwater,3.5231552110796938
2023-11-28T00:00:00,Upper_Agriculture_Soilwater,3.170839689971725
2023-11-29T00:00:00,Upper_Agriculture_Soilwater,2.9707557209745517
2023-11-30T00:00:00,Upper_Agriculture_Soilwater,2.6736801488770965
2023-12-01T00:00:00,Upper_Agriculture_Soilwater,2.892312133989387
2023-12-02T00:00:00,Upper_Agriculture_Soilwater,5.213080920590449
2023-12-03T00:00:00,Upper_Agriculture_Soilwater,5.294772828531404
2023-12-04T00:00:00,Upper_Agriculture_Soilwater,4.7652955456782635
2023-12-05T00:00:00,Upper_Agriculture_Soilwater,4.288765991110437
2023-12-06T00:00:00,Upper_Agriculture_Soilwater,3.8598893919993933
2023-12-07T00:00:00,Upper_Agriculture_Soilwater,3.4739004527994544
2023-12-08T00:00:00,Upper_Agriculture_Soilwater,3.252510407519509
2023-12-09T00:00:00,Upper_Agriculture_Soilwater,2.9272593667675575
2023-12-10T00:00:00,Upper_Agriculture_Soilwater,2.634533430090802
2023-12-11T00:00:00,Upper_Agriculture_Soilwater,2.3710800870817215
2023-12-12T00:00:00,Upper_Agriculture_Soilwater,2.1339720783735494
2023-12-13T00:00:00,Upper_Agriculture_Soilwater,2.0105748705361943
2023-12-14T00:00:00,Upper_Agriculture_Soilwater,1.8095173834825746
2023-12-15T00:00:00,Upper_Agriculture_Soilwater,1.6285656451343173
2023-12-16T00:00:00,Upper_Agriculture_Soilwater,1.969709080620886
2023-12-17T00:00:00,Upper_Agriculture_Soilwater,1.7727381725587972
2023-12-18T00:00:00,Upper_Agriculture_Soilwater,1.5954643553029175
2023-12-19T00:00:00,Upper_Agriculture_Soilwater,1.5799179197726259
2023-12-20T00:00:00,Upper_Agriculture_Soilwater,1.9799261277953637
2023-12-21T00:00:00,Upper_Agriculture_Soilwater,1.907933515015827
2023-12-22T00:00:00,Upper_Agriculture_Soilwater,1.7171401635142443
2023-12-23T00:00:00,Upper_Agriculture_Soilwater,2.81442614716282
2023-12-24T00:00:00,Upper_Agriculture_Soilwater,2.829983532446538
2023-12-25T00:00:00,Upper_Agriculture_Soilwater,2.5469851792018843
2023-12-26T00:00:00,Upper_Agriculture_Soilwater,2.292286661281696
2023-12-27T00:00:00,Upper_Agriculture_Soilwater,2.3780579951535263
2023-12-28T00:00:00,Upper_Agriculture_Soilwater,3.3012521956381744
2023-12-29T00:00:00,Upper_Agriculture_Soilwater,3.115126976074357
2023-12-30T00:00:00,Upper_Agriculture_Soilwater,2.9836142784669213
2023-12-31T00:00:00,Upper_Agriculture_Soilwater,2.8742528506202287
2024-01-01T00:00:00,Upper_Agriculture_Soilwater,2.8208275655582056
2024-01-02T00:00:00,Upper_Agriculture_Soilwater,2.754744809002385
2024-01-03T00:00:00,Upper_Agriculture_Soilwater,2.479270328102147
2024-01-04T00:00:00,Upper_Agriculture_Soilwater,2.618343295291932
2024-01-05T00:00:00,Upper_Agriculture_Soilwater,2.6085089657627387
2024-01-06T00:00:00,Upper_Agriculture_Soilwater,2.347658069186465
2024-01-07T00:00:00,Upper_Agriculture_Soilwater,2.1128922622678186
2024-01-08T00:00:00,Upper_Agriculture_Soilwater,1.9016030360410363
2024-01-09T00:00:00,Upper_Agriculture_Soilwater,1.711442732436933
2024-01-10T00:00:00,Upper_Agriculture_Soilwater,1.54029845919324
2024-01-11T00:00:00,Upper_Agriculture_Soilwater,1.386268613273916
2024-01-12T00:00:00,Upper_Agriculture_Soilwater,1.2476417519465244
2024-01-13T00:00:00,Upper_Agriculture_Soilwater,1.122877576751872
2024-01-14T00:00:00,Upper_Agriculture_Soilwater,1.0105898190766847
2024-01-15T00:00:00,Upper_Agriculture_Soilwater,1.1975308371690163
2024-01-16T00:00:00,Upper_Agriculture_Soilwater,2.535777753452115
2024-01-17T00:00:00,Upper_Agriculture_Soilwater,2.282199978106903
2024-01-18T00:00:00,Upper_Agriculture_Soilwater,2.197979980296213
2024-01-19T00:00:00,Upper_Agriculture_Soilwater,2.437181982266592
2024-01-20T00:00:00,Upper_Agriculture_Soilwater,2.4814637840399327
2024-01-21T00:00:00,Upper_Agriculture_Soilwater,3.13331740563594
2024-01-22T00:00:00,Upper_Agriculture_Soilwater,2.882985665072346
2024-01-23T00:00:00,Upper_Agriculture_Soilwater,2.5946870985651116
2024-01-24T00:00:00,Upper_Agriculture_Soilwater,2.3352183887086007
2024-01-25T00:00:00,Upper_Agriculture_Soilwater,2.1016965498377402
2024-01-26T00:00:00,Upper_Agriculture_Soilwater,1.8915268948539663
2024-01-27T00:00:00,Upper_Agriculture_Soilwater,1.7023742053685698
2024-01-28T00:00:00,Upper_Agriculture_Soilwater,1.5321367848317127
2024-01-29T00:00:00,Upper_Agriculture_Soilwater,1.3789231063485412
2024-01-30T00:00:00,Upper_Agriculture_Soilwater,1.5920307957136872
2024-01-31T00:00:00,Upper_Agriculture_Soilwater,1.5858277161423184
2024-02-01T00:00:00,Upper_Agriculture_Soilwater,1.4272449445280864
2024-02-02T00:00:00,Upper_Agriculture_Soilwater,1.4825204500752778
2024-02-03T00:00:00,Upper_Agriculture_Soilwater,1.3342684050677498
2024-02-04T00:00:00,Upper_Agriculture_Soilwater,1.200841564560975
2024-02-05T00:00:00,Upper_Agriculture_Soilwater,1.0807574081048774
2024-02-06T00:00:00,Upper_Agriculture_Soilwater,0.9726816672943897
2024-02-07T00:00:00,Upper_Agriculture_Soilwater,0.8754135005649507
2024-02-08T00:00:00,Upper_Agriculture_Soilwater,0.7878721505084556
2024-02-09T00:00:00,Upper_Agriculture_Soilwater,0.70908493545761
2024-02-10T00:00:00,Upper_Agriculture_Soilwater,0.6381764419118489
2024-02-11T00:00:00,Upper_Agriculture_Soilwater,0.6823587977206641
2024-02-12T00:00:00,Upper_Agriculture_Soilwater,0.7491229179485978
2024-02-13T00:00:00,Upper_Agriculture_Soilwater,0.674210626153738
2024-02-14T00:00:00,Upper_Agriculture_Soilwater,0.6067895635383642
2024-02-15T00:00:00,Upper_Agriculture_Soilwater,0.7351106071845279
2024-02-16T00:00:00,Upper_Agriculture_Soilwater,0.661599546466075
2024-02-17T00:00:00,Upper_Agriculture_Soilwater,0.5954395918194676
2024-02-18T00:00:00,Upper_Agriculture_Soilwater,0.5358956326375208
2024-02-19T00:00:00,Upper_Agriculture_Soilwater,0.48230606937376874
2024-02-20T00:00:00,Upper_Agriculture_Soilwater,0.43407546243639183
2024-02-21T00:00:00,Upper_Agriculture_Soilwater,0.39066791619275265
2024-02-22T00:00:00,Upper_Agriculture_Soilwater,0.3516011245734774
2024-02-23T00:00:00,Upper_Agriculture_Soilwater,0.3164410121161296
2024-02-24T00:00:00,Upper_Agriculture_Soilwater,0.2847969109045167
2024-02-25T00:00:00,Upper_Agriculture_Soilwater,0.41831721981406506
2024-02-26T00:00:00,Upper_Agriculture_Soilwater,0.3764854978326585
2024-02-27T00:00:00,Upper_Agriculture_Soilwater,0.3388369480493927
2024-02-28T00:00:00,Upper_Agriculture_Soilwater,1.5379532532444533
2024-02-29T00:00:00,Upper_Agriculture_Soilwater,1.9151579279200084
2024-03-01T00:00:00,Upper_Agriculture_Soilwater,1.9306421351280074
2024-03-02T00:00:00,Upper_Agriculture_Soilwater,1.8545779216152067
2024-03-03T00:00:00,Upper_Agriculture_Soilwater,1.6691201294536866
2024-03-04T00:00:00,Upper_Agriculture_Soilwater,1.5022081165083179
2024-03-05T00:00:00,Upper_Agriculture_Soilwater,1.3519873048574864
2024-03-06T00:00:00,Upper_Agriculture_Soilwater,1.702788574371738
2024-03-07T00:00:00,Upper_Agriculture_Soilwater,2.144509716934564
2024-03-08T00:00:00,Upper_Agriculture_Soilwater,1.9300587452411075
2024-03-09T00:00:00,Upper_Agriculture_Soilwater,1.809052870716997
2024-03-10T00:00:00,Upper_Agriculture_Soilwater,1.6281475836452974
2024-03-11T00:00:00,Upper_Agriculture_Soilwater,1.6363328252807674
2024-03-12T00:00:00,Upper_Agriculture_Soilwater,1.472699542752691
2024-03-13T00:00:00,Upper_Agriculture_Soilwater,1.7754295884774218
2024-03-14T00:00:00,Upper_Agriculture_Soilwater,1.5978866296296799
2024-03-15T00:00:00,Upper_Agriculture_Soilwater,1.438097966666712
2024-03-16T00:00:00,Upper_Agriculture_Soilwater,1.3842881700000405
2024-03-17T00:00:00,Upper_Agriculture_Soilwater,1.5608593530000365
2024-03-18T00:00:00,Upper_Agriculture_Soilwater,1.4947734177000327
2024-03-19T00:00:00,Upper_Agriculture_Soilwater,1.4622960759300299
2024-03-20T00:00:00,Upper_Agriculture_Soilwater,1.4780664683370266
2024-03-21T00:00:00,Upper_Agriculture_Soilwater,1.330259821503324
2024-03-22T00:00:00,Upper_Agriculture_Soilwater,1.1972338393529915
2024-03-23T00:00:00,Upper_Agriculture_Soilwater,1.1585104554176926
2024-03-24T00:00:00,Upper_Agriculture_Soilwater,1.1236594098759232
2024-03-25T00:00:00,Upper_Agriculture_Soilwater,1.128293468888331
2024-03-26T00:00:00,Upper_Agriculture_Soilwater,1.2584641219994979
2024-03-27T00:00:00,Upper_Agriculture_Soilwater,1.483617709799548
2024-03-28T00:00:00,Upper_Agriculture_Soilwater,1.6682559388195932
2024-03-29T00:00:00,Upper_Agriculture_Soilwater,1.5014303449376338
2024-03-30T00:00:00,Upper_Agriculture_Soilwater,1.3512873104438703
2024-03-31T00:00:00,Upper_Agriculture_Soilwater,1.5311585793994833
2024-04-01T00:00:00,Upper_Agriculture_Soilwater,1.468042721459535
2024-04-02T00:00:00,Upper_Agriculture_Soilwater,1.6632384493135817
2024-04-03T00:00:00,Upper_Agriculture_Soilwater,1.4969146043822235
2024-04-04T00:00:00,Upper_Agriculture_Soilwater,1.3472231439440014
2024-04-05T00:00:00,Upper_Agriculture_Soilwater,1.3295008295496011
2024-04-06T00:00:00,Upper_Agriculture_Soilwater,1.196550746594641
2024-04-07T00:00:00,Upper_Agriculture_Soilwater,1.076895671935177
2024-04-08T00:00:00,Upper_Agriculture_Soilwater,0.9692061047416594
2024-04-09T00:00:00,Upper_Agriculture_Soilwater,1.2682854942674935
2024-04-10T00:00:00,Upper_Agriculture_Soilwater,1.141456944840744
2024-04-11T00:00:00,Upper_Agriculture_Soilwater,1.0273112503566695
2024-04-12T00:00:00,Upper_Agriculture_Soilwater,1.0685801253210028
2024-04-13T00:00:00,Upper_Agriculture_Soilwater,0.9617221127889023
2024-04-14T00:00:00,Upper_Agriculture_Soilwater,0.8655499015100121
2024-04-15T00:00:00,Upper_Agriculture_Soilwater,0.7789949113590109
2024-04-16T00:00:00,Upper_Agriculture_Soilwater,0.7910954202231097
2024-04-17T00:00:00,Upper_Agriculture_Soilwater,1.2339858782007989
2024-04-18T00:00:00,Upper_Agriculture_Soilwater,1.110587290380719
2024-04-19T00:00:00,Upper_Agriculture_Soilwater,0.9995285613426471
2024-04-20T00:00:00,Upper_Agriculture_Soilwater,0.8995757052083824
2024-04-21T00:00:00,Upper_Agriculture_Soilwater,0.8816181346875442
2024-04-22T00:00:00,Upper_Agriculture_Soilwater,0.7934563212187897
2024-04-23T00:00:00,Upper_Agriculture_Soilwater,0.7141106890969108
2024-04-24T00:00:00,Upper_Agriculture_Soilwater,0.6426996201872197
2024-04-25T00:00:00,Upper_Agriculture_Soilwater,0.5784296581684978
2024-04-26T00:00:00,Upper_Agriculture_Soilwater,0.5205866923516479
2024-04-27T00:00:00,Upper_Agriculture_Soilwater,0.4685280231164832
2024-04-28T00:00:00,Upper_Agriculture_Soilwater,0.42167522080483494
2024-04-29T00:00:00,Upper_Agriculture_Soilwater,0.5775076987243515
2024-04-30T00:00:00,Upper_Agriculture_Soilwater,0.5197569288519163
2024-05-01T00:00:00,Upper_Agriculture_Soilwater,0.46778123596672466
2024-05-02T00:00:00,Upper_Agriculture_Soilwater,0.5830031123700523
2024-05-03T00:00:00,Upper_Agriculture_Soilwater,0.5247028011330471
2024-05-04T00:00:00,Upper_Agriculture_Soilwater,0.47223252101974234
2024-05-05T00:00:00,Upper_Agriculture_Soilwater,0.42500926891776813
2024-05-06T00:00:00,Upper_Agriculture_Soilwater,0.3825083420259914
2024-05-07T00:00:00,Upper_Agriculture_Soilwater,0.4972575078233923
2024-05-08T00:00:00,Upper_Agriculture_Soilwater,0.6725317570410532
2024-05-09T00:00:00,Upper_Agriculture_Soilwater,1.235278581336948
2024-05-10T00:00:00,Upper_Agriculture_Soilwater,1.2917507232032532
2024-05-11T00:00:00,Upper_Agriculture_Soilwater,1.351575650882928
2024-05-12T00:00:00,Upper_Agriculture_Soilwater,1.2164180857946352
2024-05-13T00:00:00,Upper_Agriculture_Soilwater,1.2747762772151714
2024-05-14T00:00:00,Upper_Agriculture_Soilwater,1.3992986494936543
2024-05-15T00:00:00,Upper_Agriculture_Soilwater,1.4573687845442886
2024-05-16T00:00:00,Upper_Agriculture_Soilwater,1.49163190608986
2024-05-17T00:00:00,Upper_Agriculture_Soilwater,1.342468715480874
2024-05-18T00:00:00,Upper_Agriculture_Soilwater,1.2082218439327865
2024-05-19T00:00:00,Upper_Agriculture_Soilwater,1.087399659539508
2024-05-20T00:00:00,Upper_Agriculture_Soilwater,1.041659693585557
2024-05-21T00:00:00,Upper_Agriculture_Soilwater,1.0004937242270013
2024-05-22T00:00:00,Upper_Agriculture_Soilwater,0.9004443518043013
2024-05-23T00:00:00,Upper_Agriculture_Soilwater,0.810399916623871
2024-05-24T00:00:00,Upper_Agriculture_Soilwater,0.7293599249614839
2024-05-25T00:00:00,Upper_Agriculture_Soilwater,0.6564239324653356
2024-05-26T00:00:00,Upper_Agriculture_Soilwater,0.590781539218802
2024-05-27T00:00:00,Upper_Agriculture_Soilwater,0.5317033852969218
2024-05-28T00:00:00,Upper_Agriculture_Soilwater,0.4785330467672297
2024-05-29T00:00:00,Upper_Agriculture_Soilwater,0.43067974209050675
2024-05-30T00:00:00,Upper_Agriculture_Soilwater,0.387611767881456
2024-05-31T00:00:00,Upper_Agriculture_Soilwater,0.3488505910933104
2024-06-01T00:00:00,Upper_Agriculture_Soilwater,0.31396553198397936
2024-06-02T00:00:00,Upper_Agriculture_Soilwater,0.28256897878558146
2024-06-03T00:00:00,Upper_Agriculture_Soilwater,0.2543120809070233
2024-06-04T00:00:00,Upper_Agriculture_Soilwater,0.22888087281632102
2024-06-05T00:00:00,Upper_Agriculture_Soilwater,0.20599278553468892
2024-06-06T00:00:00,Upper_Agriculture_Soilwater,0.18539350698122006
2024-06-07T00:00:00,Upper_Agriculture_Soilwater,0.16685415628309805
2024-06-08T00:00:00,Upper_Agriculture_Soilwater,0.15016874065478825
2024-06-09T00:00:00,Upper_Agriculture_Soilwater,0.13515186658930942
2024-06-10T00:00:00,Upper_Agriculture_Soilwater,0.12163667993037848
2024-06-11T00:00:00,Upper_Agriculture_Soilwater,0.10947301193734063
2024-06-12T00:00:00,Upper_Agriculture_Soilwater,0.0985257107436066
2024-06-13T00:00:00,Upper_Agriculture_Soilwater,0.0886731396692459
2024-06-14T00:00:00,Upper_Agriculture_Soilwater,0.07980582570232132
2024-06-15T00:00:00,Upper_Agriculture_Soilwater,0.07182524313208918
2024-06-16T00:00:00,Upper_Agriculture_Soilwater,0.06464271881888024
2024-06-17T00:00:00,Upper_Agriculture_Soilwater,0.05817844693699222
2024-06-18T00:00:00,Upper_Agriculture_Soilwater,0.05236060224329301
2024-06-19T00:00:00,Upper_Agriculture_Soilwater,0.047124542018963725
2024-06-20T00:00:00,Upper_Agriculture_Soilwater,0.04241208781706733
2024-06-21T00:00:00,Upper_Agriculture_Soilwater,0.03817087903536061
2024-06-22T00:00:00,Upper_Agriculture_Soilwater,0.03435379113182453
2024-06-23T00:00:00,Upper_Agriculture_Soilwater,0.03091841201864208
2024-06-24T00:00:00,Upper_Agriculture_Soilwater,0.027826570816777887
2024-06-25T00:00:00,Upper_Agriculture_Soilwater,0.0250439137351001
2024-06-26T00:00:00,Upper_Agriculture_Soilwater,0.02253952236159008
2024-06-27T00:00:00,Upper_Agriculture_Soilwater,0.020285570125431064
2024-06-28T00:00:00,Upper_Agriculture_Soilwater,0.01825701311288796
2024-06-29T00:00:00,Upper_Agriculture_Soilwater,0.016431311801599152
2024-06-30T00:00:00,Upper_Agriculture_Soilwater,0.014788180621439244
2024-07-01T00:00:00,Upper_Agriculture_Soilwater,0.013309362559295327
2024-07-02T00:00:00,Upper_Agriculture_Soilwater,0.011978426303365782
2024-07-03T00:00:00,Upper_Agriculture_Soilwater,0.010780583673029188
2024-07-04T00:00:00,Upper_Agriculture_Soilwater,0.00970252530572629
2024-07-05T00:00:00,Upper_Agriculture_Soilwater,0.008732272775153677
2024-07-06T00:00:00,Upper_Agriculture_Soilwater,0.007859045497638304
2024-07-07T00:00:00,Upper_Agriculture_Soilwater,0.007073140947874466
2024-07-08T00:00:00,Upper_Agriculture_Soilwater,0.006365826853087011
2024-07-09T00:00:00,Upper_Agriculture_Soilwater,0.005729244167778318
2024-07-10T00:00:00,Upper_Agriculture_Soilwater,0.005156319751000483
2024-07-11T00:00:00,Upper_Agriculture_Soilwater,0.004640687775900414
2024-07-12T00:00:00,Upper_Agriculture_Soilwater,0.004176618998310388
2024-07-13T00:00:00,Upper_Agriculture_Soilwater,1.1197589570984796
2024-07-14T00:00:00,Upper_Agriculture_Soilwater,1.3677830613886317
2024-07-15T00:00:00,Upper_Agriculture_Soilwater,1.2310047552497685
2024-07-16T00:00:00,Upper_Agriculture_Soilwater,1.3959042797247918
2024-07-17T00:00:00,Upper_Agriculture_Soilwater,1.6343138517523126
2024-07-18T00:00:00,Upper_Agriculture_Soilwater,1.6058824665770814
2024-07-19T00:00:00,Upper_Agriculture_Soilwater,2.1742942199193735
2024-07-20T00:00:00,Upper_Agriculture_Soilwater,2.0918647979274363
2024-07-21T00:00:00,Upper_Agriculture_Soilwater,1.8826783181346927
2024-07-22T00:00:00,Upper_Agriculture_Soilwater,1.6944104863212235
2024-07-23T00:00:00,Upper_Agriculture_Soilwater,1.722969437689101
2024-07-24T00:00:00,Upper_Agriculture_Soilwater,1.5506724939201908
2024-07-25T00:00:00,Upper_Agriculture_Soilwater,1.3956052445281715
2024-07-26T00:00:00,Upper_Agriculture_Soilwater,1.2560447200753546
2024-07-27T00:00:00,Upper_Agriculture_Soilwater,1.130440248067819
2024-07-28T00:00:00,Upper_Agriculture_Soilwater,1.017396223261037
2024-07-29T00:00:00,Upper_Agriculture_Soilwater,0.9156566009349333
2024-07-30T00:00:00,Upper_Agriculture_Soilwater,0.8240909408414401
2024-07-31T00:00:00,Upper_Agriculture_Soilwater,0.741681846757296
2024-08-01T00:00:00,Upper_Agriculture_Soilwater,0.6675136620815664
2024-08-02T00:00:00,Upper_Agriculture_Soilwater,0.6007622958734099
2024-08-03T00:00:00,Upper_Agriculture_Soilwater,0.5406860662860689
2024-08-04T00:00:00,Upper_Agriculture_Soilwater,0.486617459657462
2024-08-05T00:00:00,Upper_Agriculture_Soilwater,0.43795571369171576
2024-08-06T00:00:00,Upper_Agriculture_Soilwater,0.39416014232254415
2024-08-07T00:00:00,Upper_Agriculture_Soilwater,0.3547441280902897
2024-08-08T00:00:00,Upper_Agriculture_Soilwater,0.49926971528126074
2024-08-09T00:00:00,Upper_Agriculture_Soilwater,0.7193427437531347
2024-08-10T00:00:00,Upper_Agriculture_Soilwater,0.7464084693778212
2024-08-11T00:00:00,Upper_Agriculture_Soilwater,0.6717676224400392
2024-08-12T00:00:00,Upper_Agriculture_Soilwater,0.6045908601960351
2024-08-13T00:00:00,Upper_Agriculture_Soilwater,0.5441317741764318
2024-08-14T00:00:00,Upper_Agriculture_Soilwater,0.6697185967587885
2024-08-15T00:00:00,Upper_Agriculture_Soilwater,0.6027467370829097
2024-08-16T00:00:00,Upper_Agriculture_Soilwater,0.5424720633746187
2024-08-17T00:00:00,Upper_Agriculture_Soilwater,0.48822485703715685
2024-08-18T00:00:00,Upper_Agriculture_Soilwater,0.4394023713334412
2024-08-19T00:00:00,Upper_Agriculture_Soilwater,0.5394621342000971
2024-08-20T00:00:00,Upper_Agriculture_Soilwater,0.48551592078008743
2024-08-21T00:00:00,Upper_Agriculture_Soilwater,0.5989643287020787
2024-08-22T00:00:00,Upper_Agriculture_Soilwater,0.5390678958318709
2024-08-23T00:00:00,Upper_Agriculture_Soilwater,0.4851611062486838
2024-08-24T00:00:00,Upper_Agriculture_Soilwater,0.43664499562381537
2024-08-25T00:00:00,Upper_Agriculture_Soilwater,0.39298049606143387
2024-08-26T00:00:00,Upper_Agriculture_Soilwater,0.5786824464552904
2024-08-27T00:00:00,Upper_Agriculture_Soilwater,0.6558142018097615
2024-08-28T00:00:00,Upper_Agriculture_Soilwater,0.5902327816287853
2024-08-29T00:00:00,Upper_Agriculture_Soilwater,0.6662095034659068
2024-08-30T00:00:00,Upper_Agriculture_Soilwater,0.5995885531193161
2024-08-31T00:00:00,Upper_Agriculture_Soilwater,0.5396296978073846
2024-09-01T00:00:00,Upper_Agriculture_Soilwater,0.881666728026646
2024-09-02T00:00:00,Upper_Agriculture_Soilwater,0.7935000552239815
2024-09-03T00:00:00,Upper_Agriculture_Soilwater,0.7141500497015832
2024-09-04T00:00:00,Upper_Agriculture_Soilwater,0.642735044731425
2024-09-05T00:00:00,Upper_Agriculture_Soilwater,0.5784615402582823
2024-09-06T00:00:00,Upper_Agriculture_Soilwater,0.5206153862324541
2024-09-07T00:00:00,Upper_Agriculture_Soilwater,0.46855384760920876
2024-09-08T00:00:00,Upper_Agriculture_Soilwater,0.4216984628482878
2024-09-09T00:00:00,Upper_Agriculture_Soilwater,1.081528616563459
2024-09-10T00:00:00,Upper_Agriculture_Soilwater,1.5943757549071131
2024-09-11T00:00:00,Upper_Agriculture_Soilwater,1.4349381794164018
2024-09-12T00:00:00,Upper_Agriculture_Soilwater,1.2914443614747617
2024-09-13T00:00:00,Upper_Agriculture_Soilwater,1.8012999253272854
2024-09-14T00:00:00,Upper_Agriculture_Soilwater,1.819169932794557
2024-09-15T00:00:00,Upper_Agriculture_Soilwater,2.0422529395151012
2024-09-16T00:00:00,Upper_Agriculture_Soilwater,1.838027645563591
2024-09-17T00:00:00,Upper_Agriculture_Soilwater,1.6542248810072318
2024-09-18T00:00:00,Upper_Agriculture_Soilwater,1.4888023929065086
2024-09-19T00:00:00,Upper_Agriculture_Soilwater,1.5559221536158576
2024-09-20T00:00:00,Upper_Agriculture_Soilwater,1.400329938254272
2024-09-21T00:00:00,Upper_Agriculture_Soilwater,1.2602969444288445
2024-09-22T00:00:00,Upper_Agriculture_Soilwater,1.1342672499859603
2024-09-23T00:00:00,Upper_Agriculture_Soilwater,1.020840524987364
2024-09-24T00:00:00,Upper_Agriculture_Soilwater,0.9187564724886278
2024-09-25T00:00:00,Upper_Agriculture_Soilwater,1.3848808252397653
2024-09-26T00:00:00,Upper_Agriculture_Soilwater,1.2463927427157886
2024-09-27T00:00:00,Upper_Agriculture_Soilwater,1.1217534684442099
2024-09-28T00:00:00,Upper_Agriculture_Soilwater,1.0095781215997888
2024-09-29T00:00:00,Upper_Agriculture_Soilwater,0.9086203094398099
2024-09-30T00:00:00,Upper_Agriculture_Soilwater,0.8177582784958288
2024-10-01T00:00:00,Upper_Agriculture_Soilwater,0.735982450646246
2024-10-02T00:00:00,Upper_Agriculture_Soilwater,0.6623842055816215
2024-10-03T00:00:00,Upper_Agriculture_Soilwater,0.5961457850234593
2024-10-04T00:00:00,Upper_Agriculture_Soilwater,0.5365312065211134
2024-10-05T00:00:00,Upper_Agriculture_Soilwater,0.482878085869002
2024-10-06T00:00:00,Upper_Agriculture_Soilwater,0.4345902772821018
2024-10-07T00:00:00,Upper_Agriculture_Soilwater,0.3911312495538916
2024-10-08T00:00:00,Upper_Agriculture_Soilwater,0.3520181245985024
2024-10-09T00:00:00,Upper_Agriculture_Soilwater,0.4428163121386522
2024-10-10T00:00:00,Upper_Agriculture_Soilwater,1.208534680924787
2024-10-11T00:00:00,Upper_Agriculture_Soilwater,1.0876812128323083
2024-10-12T00:00:00,Upper_Agriculture_Soilwater,0.9789130915490776
2024-10-13T00:00:00,Upper_Agriculture_Soilwater,0.8810217823941698
2024-10-14T00:00:00,Upper_Agriculture_Soilwater,0.7929196041547528
2024-10-15T00:00:00,Upper_Agriculture_Soilwater,0.7136276437392776
2024-10-16T00:00:00,Upper_Agriculture_Soilwater,0.6422648793653498
2024-10-17T00:00:00,Upper_Agriculture_Soilwater,0.5780383914288149
2024-10-18T00:00:00,Upper_Agriculture_Soilwater,0.5202345522859334
2024-10-19T00:00:00,Upper_Agriculture_Soilwater,0.46821109705734
2024-10-20T00:00:00,Upper_Agriculture_Soilwater,0.42138998735160593
2024-10-21T00:00:00,Upper_Agriculture_Soilwater,0.37925098861644535
2024-10-22T00:00:00,Upper_Agriculture_Soilwater,0.34132588975480077
2024-10-23T00:00:00,Upper_Agriculture_Soilwater,0.3071933007793207
2024-10-24T00:00:00,Upper_Agriculture_Soilwater,0.2764739707013886
2024-10-25T00:00:00,Upper_Agriculture_Soilwater,0.24882657363124977
2024-10-26T00:00:00,Upper_Agriculture_Soilwater,0.22394391626812477
2024-10-27T00:00:00,Upper_Agriculture_Soilwater,0.20154952464131234
2024-10-28T00:00:00,Upper_Agriculture_Soilwater,0.2713945721771811
2024-10-29T00:00:00,Upper_Agriculture_Soilwater,0.244255114959463
2024-10-30T00:00:00,Upper_Agriculture_Soilwater,2.091829603463517
2024-10-31T00:00:00,Upper_Agriculture_Soilwater,2.2696466431171656
2024-11-01T00:00:00,Upper_Agriculture_Soilwater,2.276681978805449
2024-11-02T00:00:00,Upper_Agriculture_Soilwater,2.0490137809249043
2024-11-03T00:00:00,Upper_Agriculture_Soilwater,1.9701124028324135
2024-11-04T00:00:00,Upper_Agriculture_Soilwater,1.7731011625491726
2024-11-05T00:00:00,Upper_Agriculture_Soilwater,1.5957910462942553
2024-11-06T00:00:00,Upper_Agriculture_Soilwater,1.43621194166483
2024-11-07T00:00:00,Upper_Agriculture_Soilwater,1.292590747498347
2024-11-08T00:00:00,Upper_Agriculture_Soilwater,2.765331672748513
2024-11-09T00:00:00,Upper_Agriculture_Soilwater,2.4887985054736617
2024-11-10T00:00:00,Upper_Agriculture_Soilwater,2.2399186549262957
2024-11-11T00:00:00,Upper_Agriculture_Soilwater,3.185926789433666
2024-11-12T00:00:00,Upper_Agriculture_Soilwater,2.8673341104902987
2024-11-13T00:00:00,Upper_Agriculture_Soilwater,2.5806006994412694
2024-11-14T00:00:00,Upper_Agriculture_Soilwater,2.4935406294971423
2024-11-15T00:00:00,Upper_Agriculture_Soilwater,2.244186566547428
2024-11-16T00:00:00,Upper_Agriculture_Soilwater,2.136767909892685
2024-11-17T00:00:00,Upper_Agriculture_Soilwater,1.9230911189034166
2024-11-18T00:00:00,Upper_Agriculture_Soilwater,2.3427820070130747
2024-11-19T00:00:00,Upper_Agriculture_Soilwater,2.1085038063117674
2024-11-20T00:00:00,Upper_Agriculture_Soilwater,1.8976534256805906
2024-11-21T00:00:00,Upper_Agriculture_Soilwater,1.7078880831125316
2024-11-22T00:00:00,Upper_Agriculture_Soilwater,1.5370992748012784
2024-11-23T00:00:00,Upper_Agriculture_Soilwater,1.3833893473211505
2024-11-24T00:00:00,Upper_Agriculture_Soilwater,1.2450504125890354
2024-11-25T00:00:00,Upper_Agriculture_Soilwater,1.1205453713301319
2024-11-26T00:00:00,Upper_Agriculture_Soilwater,1.0084908341971186
2024-11-27T00:00:00,Upper_Agriculture_Soilwater,0.9076417507774067
2024-11-28T00:00:00,Upper_Agriculture_Soilwater,0.8168775756996661
2024-11-29T00:00:00,Upper_Agriculture_Soilwater,0.7351898181296995
2024-11-30T00:00:00,Upper_Agriculture_Soilwater,0.9226708363167297
2024-12-01T00:00:00,Upper_Agriculture_Soilwater,1.5414037526850568
2024-12-02T00:00:00,Upper_Agriculture_Soilwater,1.522263377416551
2024-12-03T00:00:00,Upper_Agriculture_Soilwater,1.505037039674896
2024-12-04T00:00:00,Upper_Agriculture_Soilwater,1.3545333357074063
2024-12-05T00:00:00,Upper_Agriculture_Soilwater,1.2190800021366655
2024-12-06T00:00:00,Upper_Agriculture_Soilwater,1.097172001922999
2024-12-07T00:00:00,Upper_Agriculture_Soilwater,0.987454801730699
2024-12-08T00:00:00,Upper_Agriculture_Soilwater,0.888709321557629
2024-12-09T00:00:00,Upper_Agriculture_Soilwater,0.799838389401866
2024-12-10T00:00:00,Upper_Agriculture_Soilwater,0.7198545504616796
2024-12-11T00:00:00,Upper_Agriculture_Soilwater,0.6478690954155115
2024-12-12T00:00:00,Upper_Agriculture_Soilwater,0.5830821858739604
2024-12-13T00:00:00,Upper_Agriculture_Soilwater,0.5247739672865642
2024-12-14T00:00:00,Upper_Agriculture_Soilwater,0.4722965705579078
2024-12-15T00:00:00,Upper_Agriculture_Soilwater,0.42506691350211706
2024-12-16T00:00:00,Upper_Agriculture_Soilwater,1.0485602221519055
2024-12-17T00:00:00,Upper_Agriculture_Soilwater,1.5827041999367149
2024-12-18T00:00:00,Upper_Agriculture_Soilwater,1.8474337799430431
2024-12-19T00:00:00,Upper_Agriculture_Soilwater,1.662690401948739
2024-12-20T00:00:00,Upper_Agriculture_Soilwater,1.8564213617538647
2024-12-21T00:00:00,Upper_Agriculture_Soilwater,1.6707792255784786
2024-12-22T00:00:00,Upper_Agriculture_Soilwater,1.5037013030206308
2024-12-23T00:00:00,Upper_Agriculture_Soilwater,1.4793311727185676
2024-12-24T00:00:00,Upper_Agriculture_Soilwater,1.475398055446711
2024-12-25T00:00:00,Upper_Agriculture_Soilwater,1.32785824990204
2024-12-26T00:00:00,Upper_Agriculture_Soilwater,1.195072424911836
2024-12-27T00:00:00,Upper_Agriculture_Soilwater,1.0755651824206522
2024-12-28T00:00:00,Upper_Agriculture_Soilwater,1.1840086641785872
2024-12-29T00:00:00,Upper_Agriculture_Soilwater,1.0656077977607286
2024-12-30T00:00:00,Upper_Agriculture_Soilwater,0.9590470179846557
2024-12-31T00:00:00,Upper_Agriculture_Soilwater,0.8631423161861902
2025-01-01T00:00:00,Upper_Agriculture_Soilwater,0.7768280845675712
2025-01-02T00:00:00,Upper_Agriculture_Soilwater,0.6991452761108141
2025-01-03T00:00:00,Upper_Agriculture_Soilwater,0.6292307484997327
2025-01-04T00:00:00,Upper_Agriculture_Soilwater,0.5663076736497594
2025-01-05T00:00:00,Upper_Agriculture_Soilwater,1.1306769062847837
2025-01-06T00:00:00,Upper_Agriculture_Soilwater,1.0176092156563052
2025-01-07T00:00:00,Upper_Agriculture_Soilwater,0.9158482940906747
2025-01-08T00:00:00,Upper_Agriculture_Soilwater,1.3822634646816074
2025-01-09T00:00:00,Upper_Agriculture_Soilwater,1.2440371182134464
2025-01-10T00:00:00,Upper_Agriculture_Soilwater,1.119633406392102
2025-01-11T00:00:00,Upper_Agriculture_Soilwater,1.0076700657528916
2025-01-12T00:00:00,Upper_Agriculture_Soilwater,0.9069030591776025
2025-01-13T00:00:00,Upper_Agriculture_Soilwater,0.8162127532598422
2025-01-14T00:00:00,Upper_Agriculture_Soilwater,0.7345914779338579
2025-01-15T00:00:00,Upper_Agriculture_Soilwater,0.661132330140472
2025-01-16T00:00:00,Upper_Agriculture_Soilwater,0.595019097126425
2025-01-17T00:00:00,Upper_Agriculture_Soilwater,1.7145171874137826
2025-01-18T00:00:00,Upper_Agriculture_Soilwater,1.5430654686724046
2025-01-19T00:00:00,Upper_Agriculture_Soilwater,1.388758921805164
2025-01-20T00:00:00,Upper_Agriculture_Soilwater,1.2498830296246475
2025-01-21T00:00:00,Upper_Agriculture_Soilwater,1.1248947266621827
2025-01-22T00:00:00,Upper_Agriculture_Soilwater,1.5254052539959644
2025-01-23T00:00:00,Upper_Agriculture_Soilwater,1.525864728596368
2025-01-24T00:00:00,Upper_Agriculture_Soilwater,1.3732782557367313
2025-01-25T00:00:00,Upper_Agriculture_Soilwater,1.4699504301630582
2025-01-26T00:00:00,Upper_Agriculture_Soilwater,1.3229553871467525
2025-01-27T00:00:00,Upper_Agriculture_Soilwater,1.3886598484320776
2025-01-28T00:00:00,Upper_Agriculture_Soilwater,2.5277938635888697
2025-01-29T00:00:00,Upper_Agriculture_Soilwater,2.2750144772299827
2025-01-30T00:00:00,Upper_Agriculture_Soilwater,2.0475130295069843
2025-01-31T00:00:00,Upper_Agriculture_Soilwater,1.9687617265562856
2025-02-01T00:00:00,Upper_Agriculture_Soilwater,1.924885553900657
2025-02-02T00:00:00,Upper_Agriculture_Soilwater,1.7323969985105914
2025-02-03T00:00:00,Upper_Agriculture_Soilwater,2.342157298659532
2025-02-04T00:00:00,Upper_Agriculture_Soilwater,2.9179415687935792
2025-02-05T00:00:00,Upper_Agriculture_Soilwater,2.9321474119142215
2025-02-06T00:00:00,Upper_Agriculture_Soilwater,2.7649326707227995
2025-02-07T00:00:00,Upper_Agriculture_Soilwater,2.7404394036505195
2025-02-08T00:00:00,Upper_Agriculture_Soilwater,2.466395463285467
2025-02-09T00:00:00,Upper_Agriculture_Soilwater,3.1287559169569206
2025-02-10T00:00:00,Upper_Agriculture_Soilwater,2.959880325261229
2025-02-11T00:00:00,Upper_Agriculture_Soilwater,2.663892292735106
2025-02-12T00:00:00,Upper_Agriculture_Soilwater,2.658503063461595
2025-02-13T00:00:00,Upper_Agriculture_Soilwater,2.3926527571154357
2025-02-14T00:00:00,Upper_Agriculture_Soilwater,2.207387481403892
2025-02-15T00:00:00,Upper_Agriculture_Soilwater,2.2206487332635034
2025-02-16T00:00:00,Upper_Agriculture_Soilwater,1.998583859937153
2025-02-17T00:00:00,Upper_Agriculture_Soilwater,1.7987254739434377
2025-02-18T00:00:00,Upper_Agriculture_Soilwater,1.735852926549094
2025-02-19T00:00:00,Upper_Agriculture_Soilwater,1.5622676338941848
2025-02-20T00:00:00,Upper_Agriculture_Soilwater,1.5680408705047664
2025-02-21T00:00:00,Upper_Agriculture_Soilwater,1.51023678345429
2025-02-22T00:00:00,Upper_Agriculture_Soilwater,1.359213105108861
2025-02-23T00:00:00,Upper_Agriculture_Soilwater,1.2232917945979749
2025-02-24T00:00:00,Upper_Agriculture_Soilwater,1.1009626151381775
2025-02-25T00:00:00,Upper_Agriculture_Soilwater,0.9908663536243598
2025-02-26T00:00:00,Upper_Agriculture_Soilwater,1.0087797182619238
2025-02-27T00:00:00,Upper_Agriculture_Soilwater,0.9079017464357314
2025-02-28T00:00:00,Upper_Agriculture_Soilwater,0.8171115717921583
2025-03-01T00:00:00,Upper_Agriculture_Soilwater,0.7354004146129424
2025-03-02T00:00:00,Upper_Agriculture_Soilwater,0.6618603731516481
2025-03-03T00:00:00,Upper_Agriculture_Soilwater,0.5956743358364833
2025-03-04T00:00:00,Upper_Agriculture_Soilwater,0.536106902252835
2025-03-05T00:00:00,Upper_Agriculture_Soilwater,1.0134962120275515
2025-03-06T00:00:00,Upper_Agriculture_Soilwater,0.9121465908247965
2025-03-07T00:00:00,Upper_Agriculture_Soilwater,1.189931931742317
2025-03-08T00:00:00,Upper_Agriculture_Soilwater,1.2509387385680852
2025-03-09T00:00:00,Upper_Agriculture_Soilwater,1.1258448647112766
2025-03-10T00:00:00,Upper_Agriculture_Soilwater,1.0132603782401488
2025-03-11T00:00:00,Upper_Agriculture_Soilwater,1.010934340416134
2025-03-12T00:00:00,Upper_Agriculture_Soilwater,0.9098409063745205
2025-03-13T00:00:00,Upper_Agriculture_Soilwater,0.8188568157370687
2025-03-14T00:00:00,Upper_Agriculture_Soilwater,0.7369711341633618
2025-03-15T00:00:00,Upper_Agriculture_Soilwater,0.6632740207470256
2025-03-16T00:00:00,Upper_Agriculture_Soilwater,0.8489466186723229
2025-03-17T00:00:00,Upper_Agriculture_Soilwater,0.8900519568050905
2025-03-18T00:00:00,Upper_Agriculture_Soilwater,0.8010467611245815
2025-03-19T00:00:00,Upper_Agriculture_Soilwater,0.7209420850121234
2025-03-20T00:00:00,Upper_Agriculture_Soilwater,0.6488478765109111
2025-03-21T00:00:00,Upper_Agriculture_Soilwater,0.8449630888598201
2025-03-22T00:00:00,Upper_Agriculture_Soilwater,0.760466779973838
2025-03-23T00:00:00,Upper_Agriculture_Soilwater,0.8554201019764542
2025-03-24T00:00:00,Upper_Agriculture_Soilwater,0.7698780917788087
2025-03-25T00:00:00,Upper_Agriculture_Soilwater,0.9448902826009278
2025-03-26T00:00:00,Upper_Agriculture_Soilwater,0.9674012543408351
2025-03-27T00:00:00,Upper_Agriculture_Soilwater,1.2486611289067517
2025-03-28T00:00:00,Upper_Agriculture_Soilwater,1.3577950160160766
2025-03-29T00:00:00,Upper_Agriculture_Soilwater,1.8790155144144691
2025-03-30T00:00:00,Upper_Agriculture_Soilwater,1.691113962973022
2025-03-31T00:00:00,Upper_Agriculture_Soilwater,1.5220025666757198
2025-04-01T00:00:00,Upper_Agriculture_Soilwater,1.3698023100081476
2025-04-02T00:00:00,Upper_Agriculture_Soilwater,1.2328220790073328
2025-04-03T00:00:00,Upper_Agriculture_Soilwater,1.1095398711065996
2025-04-04T00:00:00,Upper_Agriculture_Soilwater,1.0615858839959396
2025-04-05T00:00:00,Upper_Agriculture_Soilwater,1.0544272955963456
2025-04-06T00:00:00,Upper_Agriculture_Soilwater,1.272984566036711
2025-04-07T00:00:00,Upper_Agriculture_Soilwater,1.20868610943304
2025-04-08T00:00:00,Upper_Agriculture_Soilwater,1.222817498489736
2025-04-09T00:00:00,Upper_Agriculture_Soilwater,1.2895357486407624
2025-04-10T00:00:00,Upper_Agriculture_Soilwater,1.214582173776686
2025-04-11T00:00:00,Upper_Agriculture_Soilwater,2.1461239563990175
2025-04-12T00:00:00,Upper_Agriculture_Soilwater,2.1475115607591158
2025-04-13T00:00:00,Upper_Agriculture_Soilwater,2.040760404683204
2025-04-14T00:00:00,Upper_Agriculture_Soilwater,1.8366843642148836
2025-04-15T00:00:00,Upper_Agriculture_Soilwater,1.6530159277933951
2025-04-16T00:00:00,Upper_Agriculture_Soilwater,1.4877143350140556
2025-04-17T00:00:00,Upper_Agriculture_Soilwater,1.4199429015126501
2025-04-18T00:00:00,Upper_Agriculture_Soilwater,1.2779486113613852
2025-04-19T00:00:00,Upper_Agriculture_Soilwater,1.1501537502252466
2025-04-20T00:00:00,Upper_Agriculture_Soilwater,1.035138375202722
2025-04-21T00:00:00,Upper_Agriculture_Soilwater,0.9316245376824497
2025-04-22T00:00:00,Upper_Agriculture_Soilwater,0.8384620839142048
2025-04-23T00:00:00,Upper_Agriculture_Soilwater,0.7546158755227844
2025-04-24T00:00:00,Upper_Agriculture_Soilwater,0.6791542879705059
2025-04-25T00:00:00,Upper_Agriculture_Soilwater,0.6112388591734553
2025-04-26T00:00:00,Upper_Agriculture_Soilwater,0.5501149732561097
2025-04-27T00:00:00,Upper_Agriculture_Soilwater,0.49510347593049875
2025-04-28T00:00:00,Upper_Agriculture_Soilwater,0.44559312833744885
2025-04-29T00:00:00,Upper_Agriculture_Soilwater,0.482033815503704
2025-04-30T00:00:00,Upper_Agriculture_Soilwater,0.4338304339533336
2025-05-01T00:00:00,Upper_Agriculture_Soilwater,0.39044739055800026
2025-05-02T00:00:00,Upper_Agriculture_Soilwater,0.35140265150220024
2025-05-03T00:00:00,Upper_Agriculture_Soilwater,0.7752623863519802
2025-05-04T00:00:00,Upper_Agriculture_Soilwater,0.6977361477167822
2025-05-05T00:00:00,Upper_Agriculture_Soilwater,0.7269625329451039
2025-05-06T00:00:00,Upper_Agriculture_Soilwater,0.6542662796505936
2025-05-07T00:00:00,Upper_Agriculture_Soilwater,0.5888396516855342
2025-05-08T00:00:00,Upper_Agriculture_Soilwater,0.5299556865169807
2025-05-09T00:00:00,Upper_Agriculture_Soilwater,0.4769601178652826
2025-05-10T00:00:00,Upper_Agriculture_Soilwater,1.2392641060787546
2025-05-11T00:00:00,Upper_Agriculture_Soilwater,1.2053376954708792
2025-05-12T00:00:00,Upper_Agriculture_Soilwater,1.1928039259237913
2025-05-13T00:00:00,Upper_Agriculture_Soilwater,1.253523533331412
2025-05-14T00:00:00,Upper_Agriculture_Soilwater,1.2181711799982708
2025-05-15T00:00:00,Upper_Agriculture_Soilwater,1.0963540619984438
2025-05-16T00:00:00,Upper_Agriculture_Soilwater,1.2027186557985994
2025-05-17T00:00:00,Upper_Agriculture_Soilwater,1.0824467902187396
2025-05-18T00:00:00,Upper_Agriculture_Soilwater,1.1722021111968655
2025-05-19T00:00:00,Upper_Agriculture_Soilwater,1.126981900077179
2025-05-20T00:00:00,Upper_Agriculture_Soilwater,1.014283710069461
2025-05-21T00:00:00,Upper_Agriculture_Soilwater,0.9128553390625149
2025-05-22T00:00:00,Upper_Agriculture_Soilwater,1.1635698051562633
2025-05-23T00:00:00,Upper_Agriculture_Soilwater,1.263212824640637
2025-05-24T00:00:00,Upper_Agriculture_Soilwater,2.1448915421765733
2025-05-25T00:00:00,Upper_Agriculture_Soilwater,1.930402387958916
2025-05-26T00:00:00,Upper_Agriculture_Soilwater,1.7373621491630244
2025-05-27T00:00:00,Upper_Agriculture_Soilwater,1.5636259342467218
2025-05-28T00:00:00,Upper_Agriculture_Soilwater,1.4072633408220498
2025-05-29T00:00:00,Upper_Agriculture_Soilwater,1.266537006739845
2025-05-30T00:00:00,Upper_Agriculture_Soilwater,1.3468833060658603
2025-05-31T00:00:00,Upper_Agriculture_Soilwater,1.2121949754592742
2025-06-01T00:00:00,Upper_Agriculture_Soilwater,1.090975477913347
2025-06-02T00:00:00,Upper_Agriculture_Soilwater,1.3328779301220122
2025-06-03T00:00:00,Upper_Agriculture_Soilwater,1.199590137109811
2025-06-04T00:00:00,Upper_Agriculture_Soilwater,1.0796311233988298
2025-06-05T00:00:00,Upper_Agriculture_Soilwater,0.9716680110589466
2025-06-06T00:00:00,Upper_Agriculture_Soilwater,0.874501209953052
2025-06-07T00:00:00,Upper_Agriculture_Soilwater,0.7870510889577469
2025-06-08T00:00:00,Upper_Agriculture_Soilwater,0.7083459800619721
2025-06-09T00:00:00,Upper_Agriculture_Soilwater,0.637511382055775
2025-06-10T00:00:00,Upper_Agriculture_Soilwater,0.7537602438501975
2025-06-11T00:00:00,Upper_Agriculture_Soilwater,0.6783842194651777
2025-06-12T00:00:00,Upper_Agriculture_Soilwater,0.61054579751866
2025-06-13T00:00:00,Upper_Agriculture_Soilwater,0.549491217766794
2025-06-14T00:00:00,Upper_Agriculture_Soilwater,2.0335420959901147
2025-06-15T00:00:00,Upper_Agriculture_Soilwater,1.8301878863911032
2025-06-16T00:00:00,Upper_Agriculture_Soilwater,1.926169097751993
2025-06-17T00:00:00,Upper_Agriculture_Soilwater,1.7335521879767937
2025-06-18T00:00:00,Upper_Agriculture_Soilwater,1.5601969691791144
2025-06-19T00:00:00,Upper_Agriculture_Soilwater,2.4031772722612033
2025-06-20T00:00:00,Upper_Agriculture_Soilwater,2.270859545035082
2025-06-21T00:00:00,Upper_Agriculture_Soilwater,2.043773590531574
2025-06-22T00:00:00,Upper_Agriculture_Soilwater,1.8393962314784165
2025-06-23T00:00:00,Upper_Agriculture_Soilwater,1.6554566083305746
2025-06-24T00:00:00,Upper_Agriculture_Soilwater,1.489910947497517
2025-06-25T00:00:00,Upper_Agriculture_Soilwater,1.4759198527477655
2025-06-26T00:00:00,Upper_Agriculture_Soilwater,1.328327867472989
2025-06-27T00:00:00,Upper_Agriculture_Soilwater,1.19549508072569
2025-06-28T00:00:00,Upper_Agriculture_Soilwater,1.075945572653121
2025-06-29T00:00:00,Upper_Agriculture_Soilwater,0.968351015387809
2025-06-30T00:00:00,Upper_Agriculture_Soilwater,0.8715159138490282
2025-07-01T00:00:00,Upper_Agriculture_Soilwater,0.7843643224641252
2025-07-02T00:00:00,Upper_Agriculture_Soilwater,0.7059278902177127
2025-07-03T00:00:00,Upper_Agriculture_Soilwater,0.6353351011959415
2025-07-04T00:00:00,Upper_Agriculture_Soilwater,0.5718015910763473
2025-07-05T00:00:00,Upper_Agriculture_Soilwater,0.5146214319687126
2025-07-06T00:00:00,Upper_Agriculture_Soilwater,0.4631592887718413
2025-07-07T00:00:00,Upper_Agriculture_Soilwater,0.7768433598946571
2025-07-08T00:00:00,Upper_Agriculture_Soilwater,1.4641590239051916
2025-07-09T00:00:00,Upper_Agriculture_Soilwater,2.3257431215146727
2025-07-10T00:00:00,Upper_Agriculture_Soilwater,2.0931688093632053
2025-07-11T00:00:00,Upper_Agriculture_Soilwater,1.8838519284268849
2025-07-12T00:00:00,Upper_Agriculture_Soilwater,1.6954667355841961
2025-07-13T00:00:00,Upper_Agriculture_Soilwater,1.6879200620257766
2025-07-14T00:00:00,Upper_Agriculture_Soilwater,1.5191280558231988
2025-07-15T00:00:00,Upper_Agriculture_Soilwater,1.367215250240879
2025-07-16T00:00:00,Upper_Agriculture_Soilwater,1.2304937252167911
2025-07-17T00:00:00,Upper_Agriculture_Soilwater,1.107444352695112
2025-07-18T00:00:00,Upper_Agriculture_Soilwater,1.0956999174256008
2025-07-19T00:00:00,Upper_Agriculture_Soilwater,0.9861299256830407
2025-07-20T00:00:00,Upper_Agriculture_Soilwater,0.8875169331147367
2025-07-21T00:00:00,Upper_Agriculture_Soilwater,0.798765239803263
2025-07-22T00:00:00,Upper_Agriculture_Soilwater,0.7188887158229366
2025-07-23T00:00:00,Upper_Agriculture_Soilwater,0.6469998442406429
2025-07-24T00:00:00,Upper_Agriculture_Soilwater,0.5822998598165786
2025-07-25T00:00:00,Upper_Agriculture_Soilwater,0.5240698738349208
2025-07-26T00:00:00,Upper_Agriculture_Soilwater,0.4716628864514286
2025-07-27T00:00:00,Upper_Agriculture_Soilwater,0.4244965978062858
2025-07-28T00:00:00,Upper_Agriculture_Soilwater,0.38204693802565715
2025-07-29T00:00:00,Upper_Agriculture_Soilwater,0.34384224422309145
2025-07-30T00:00:00,Upper_Agriculture_Soilwater,0.3094580198007823
2025-07-31T00:00:00,Upper_Agriculture_Soilwater,1.3045122178207043
2025-08-01T00:00:00,Upper_Agriculture_Soilwater,1.174060996038634
2025-08-02T00:00:00,Upper_Agriculture_Soilwater,1.0566548964347704
2025-08-03T00:00:00,Upper_Agriculture_Soilwater,0.9509894067912934
2025-08-04T00:00:00,Upper_Agriculture_Soilwater,0.8558904661121641
2025-08-05T00:00:00,Upper_Agriculture_Soilwater,0.7703014195009477
2025-08-06T00:00:00,Upper_Agriculture_Soilwater,0.8552712775508529
2025-08-07T00:00:00,Upper_Agriculture_Soilwater,1.3367441497957677
2025-08-08T00:00:00,Upper_Agriculture_Soilwater,1.761069734816191
2025-08-09T00:00:00,Upper_Agriculture_Soilwater,1.8369627613345723
2025-08-10T00:00:00,Upper_Agriculture_Soilwater,1.8242664852011148
2025-08-11T00:00:00,Upper_Agriculture_Soilwater,1.9118398366810034
2025-08-12T00:00:00,Upper_Agriculture_Soilwater,1.720655853012903
2025-08-13T00:00:00,Upper_Agriculture_Soilwater,1.5485902677116126
2025-08-14T00:00:00,Upper_Agriculture_Soilwater,1.3937312409404512
2025-08-15T00:00:00,Upper_Agriculture_Soilwater,1.2543581168464062
2025-08-16T00:00:00,Upper_Agriculture_Soilwater,1.1289223051617656
2025-08-17T00:00:00,Upper_Agriculture_Soilwater,1.0160300746455888
2025-08-18T00:00:00,Upper_Agriculture_Soilwater,0.91442706718103
2025-08-19T00:00:00,Upper_Agriculture_Soilwater,2.6229843604629273
2025-08-20T00:00:00,Upper_Agriculture_Soilwater,2.3606859244166345
2025-08-21T00:00:00,Upper_Agriculture_Soilwater,2.1246173319749713
2025-08-22T00:00:00,Upper_Agriculture_Soilwater,1.9121555987774739
2025-08-23T00:00:00,Upper_Agriculture_Soilwater,1.7209400388997265
2025-08-24T00:00:00,Upper_Agriculture_Soilwater,1.548846035009754
2025-08-25T00:00:00,Upper_Agriculture_Soilwater,1.3939614315087783
2025-08-26T00:00:00,Upper_Agriculture_Soilwater,1.2545652883579004
2025-08-27T00:00:00,Upper_Agriculture_Soilwater,1.1291087595221105
2025-08-28T00:00:00,Upper_Agriculture_Soilwater,1.0161978835698993
2025-08-29T00:00:00,Upper_Agriculture_Soilwater,0.9145780952129096
2025-08-30T00:00:00,Upper_Agriculture_Soilwater,1.3091202856916184
2025-08-31T00:00:00,Upper_Agriculture_Soilwater,1.4662082571224564
2025-09-01T00:00:00,Upper_Agriculture_Soilwater,1.319587431410211
2025-09-02T00:00:00,Upper_Agriculture_Soilwater,1.18762868826919
2025-09-03T00:00:00,Upper_Agriculture_Soilwater,1.266865819442271
2025-09-04T00:00:00,Upper_Agriculture_Soilwater,1.140179237498044
2025-09-05T00:00:00,Upper_Agriculture_Soilwater,1.0261613137482395
2025-09-06T00:00:00,Upper_Agriculture_Soilwater,0.9235451823734155
2025-09-07T00:00:00,Upper_Agriculture_Soilwater,0.8311906641360739
2025-09-08T00:00:00,Upper_Agriculture_Soilwater,0.7480715977224667
2025-09-09T00:00:00,Upper_Agriculture_Soilwater,0.67326443795022
2025-09-10T00:00:00,Upper_Agriculture_Soilwater,0.605937994155198
2025-09-11T00:00:00,Upper_Agriculture_Soilwater,0.5453441947396782
2025-09-12T00:00:00,Upper_Agriculture_Soilwater,0.9678097752657102
2025-09-13T00:00:00,Upper_Agriculture_Soilwater,0.8710287977391392
2025-09-14T00:00:00,Upper_Agriculture_Soilwater,0.7839259179652253
2025-09-15T00:00:00,Upper_Agriculture_Soilwater,0.7055333261687028
2025-09-16T00:00:00,Upper_Agriculture_Soilwater,0.6349799935518324
2025-09-17T00:00:00,Upper_Agriculture_Soilwater,0.5714819941966491
2025-09-18T00:00:00,Upper_Agriculture_Soilwater,0.6313337947769844
2025-09-19T00:00:00,Upper_Agriculture_Soilwater,1.378200415299286
2025-09-20T00:00:00,Upper_Agriculture_Soilwater,1.2403803737693573
2025-09-21T00:00:00,Upper_Agriculture_Soilwater,1.1163423363924216
2025-09-22T00:00:00,Upper_Agriculture_Soilwater,1.1487081027531794
2025-09-23T00:00:00,Upper_Agriculture_Soilwater,1.1418372924778615
2025-09-24T00:00:00,Upper_Agriculture_Soilwater,1.0276535632300752
2025-09-25T00:00:00,Upper_Agriculture_Soilwater,0.9248882069070676
2025-09-26T00:00:00,Upper_Agriculture_Soilwater,0.8323993862163609
2025-09-27T00:00:00,Upper_Agriculture_Soilwater,1.3521594475947247
2025-09-28T00:00:00,Upper_Agriculture_Soilwater,2.152943502835252
2025-09-29T00:00:00,Upper_Agriculture_Soilwater,1.937649152551727
2025-09-30T00:00:00,Upper_Agriculture_Soilwater,1.7438842372965542
2025-10-01T00:00:00,Upper_Agriculture_Soilwater,1.5694958135668986
2025-10-02T00:00:00,Upper_Agriculture_Soilwater,1.4125462322102085
2025-10-03T00:00:00,Upper_Agriculture_Soilwater,1.5322916089891876
2025-10-04T00:00:00,Upper_Agriculture_Soilwater,1.3790624480902691
2025-10-05T00:00:00,Upper_Agriculture_Soilwater,1.2411562032812422
2025-10-06T00:00:00,Upper_Agriculture_Soilwater,1.1170405829531178
2025-10-07T00:00:00,Upper_Agriculture_Soilwater,1.005336524657806
2025-10-08T00:00:00,Upper_Agriculture_Soilwater,0.9048028721920253
2025-10-09T00:00:00,Upper_Agriculture_Soilwater,0.8143225849728228
2025-10-10T00:00:00,Upper_Agriculture_Soilwater,0.7328903264755405
2025-10-11T00:00:00,Upper_Agriculture_Soilwater,0.6596012938279866
2025-10-12T00:00:00,Upper_Agriculture_Soilwater,0.5936411644451879
2025-10-13T00:00:00,Upper_Agriculture_Soilwater,0.5342770480006691
2025-10-14T00:00:00,Upper_Agriculture_Soilwater,0.48084934320060213
2025-10-15T00:00:00,Upper_Agriculture_Soilwater,0.43276440888054196
2025-10-16T00:00:00,Upper_Agriculture_Soilwater,0.38948796799248775
2025-10-17T00:00:00,Upper_Agriculture_Soilwater,0.350539171193239
2025-10-18T00:00:00,Upper_Agriculture_Soilwater,0.31548525407391514
2025-10-19T00:00:00,Upper_Agriculture_Soilwater,0.3919367286665236
2025-10-20T00:00:00,Upper_Agriculture_Soilwater,0.3527430557998713
2025-10-21T00:00:00,Upper_Agriculture_Soilwater,0.9744687502198843
2025-10-22T00:00:00,Upper_Agriculture_Soilwater,0.8770218751978958
2025-10-23T00:00:00,Upper_Agriculture_Soilwater,0.7893196876781062
2025-10-24T00:00:00,Upper_Agriculture_Soilwater,0.7103877189102956
2025-10-25T00:00:00,Upper_Agriculture_Soilwater,0.639348947019266
2025-10-26T00:00:00,Upper_Agriculture_Soilwater,0.5754140523173396
2025-10-27T00:00:00,Upper_Agriculture_Soilwater,0.5178726470856055
2025-10-28T00:00:00,Upper_Agriculture_Soilwater,0.466085382377045
2025-10-29T00:00:00,Upper_Agriculture_Soilwater,0.4194768441393405
2025-10-30T00:00:00,Upper_Agriculture_Soilwater,2.0515291597254066
2025-10-31T00:00:00,Upper_Agriculture_Soilwater,1.8463762437528657
2025-11-01T00:00:00,Upper_Agriculture_Soilwater,1.6617386193775794
2025-11-02T00:00:00,Upper_Agriculture_Soilwater,2.3775647574398215
2025-11-03T00:00:00,Upper_Agriculture_Soilwater,2.1398082816958395
2025-11-04T00:00:00,Upper_Agriculture_Soilwater,1.9258274535262556
2025-11-05T00:00:00,Upper_Agriculture_Soilwater,1.8772447081736303
2025-11-06T00:00:00,Upper_Agriculture_Soilwater,3.156520237356267
2025-11-07T00:00:00,Upper_Agriculture_Soilwater,3.8758682136206404
2025-11-08T00:00:00,Upper_Agriculture_Soilwater,3.4882813922585765
2025-11-09T00:00:00,Upper_Agriculture_Soilwater,3.7244532530327183
2025-11-10T00:00:00,Upper_Agriculture_Soilwater,3.352007927729447
2025-11-11T00:00:00,Upper_Agriculture_Soilwater,3.988807134956502
2025-11-12T00:00:00,Upper_Agriculture_Soilwater,3.589926421460852
2025-11-13T00:00:00,Upper_Agriculture_Soilwater,3.671933779314767
2025-11-14T00:00:00,Upper_Agriculture_Soilwater,3.30474040138329
2025-11-15T00:00:00,Upper_Agriculture_Soilwater,3.4872663612449615
2025-11-16T00:00:00,Upper_Agriculture_Soilwater,3.138539725120465
2025-11-17T00:00:00,Upper_Agriculture_Soilwater,3.337685752608419
2025-11-18T00:00:00,Upper_Agriculture_Soilwater,3.192917177347577
2025-11-19T00:00:00,Upper_Agriculture_Soilwater,3.3956254596128197
2025-11-20T00:00:00,Upper_Agriculture_Soilwater,3.407062913651537
2025-11-21T00:00:00,Upper_Agriculture_Soilwater,3.0663566222863836
2025-11-22T00:00:00,Upper_Agriculture_Soilwater,2.7597209600577455
2025-11-23T00:00:00,Upper_Agriculture_Soilwater,2.951748864051971
2025-11-24T00:00:00,Upper_Agriculture_Soilwater,2.764573977646774
2025-11-25T00:00:00,Upper_Agriculture_Soilwater,2.7311165798820967
2025-11-26T00:00:00,Upper_Agriculture_Soilwater,2.7550049218938866
2025-11-27T00:00:00,Upper_Agriculture_Soilwater,2.4795044297044986
2025-11-28T00:00:00,Upper_Agriculture_Soilwater,2.2315539867340486
2025-11-29T00:00:00,Upper_Agriculture_Soilwater,2.008398588060644
2025-11-30T00:00:00,Upper_Agriculture_Soilwater,1.8075587292545792
2025-12-01T00:00:00,Upper_Agriculture_Soilwater,1.6268028563291212
2025-12-02T00:00:00,Upper_Agriculture_Soilwater,1.4641225706962089
2025-12-03T00:00:00,Upper_Agriculture_Soilwater,1.3177103136265882
2025-12-04T00:00:00,Upper_Agriculture_Soilwater,1.1859392822639294
2025-12-05T00:00:00,Upper_Agriculture_Soilwater,1.0673453540375366
2025-12-06T00:00:00,Upper_Agriculture_Soilwater,0.9606108186337827
2025-12-07T00:00:00,Upper_Agriculture_Soilwater,0.8645497367704046
2025-12-08T00:00:00,Upper_Agriculture_Soilwater,0.7780947630933641
2025-12-09T00:00:00,Upper_Agriculture_Soilwater,1.123285286784028
2025-12-10T00:00:00,Upper_Agriculture_Soilwater,1.010956758105625
2025-12-11T00:00:00,Upper_Agriculture_Soilwater,0.9098610822950627
2025-12-12T00:00:00,Upper_Agriculture_Soilwater,0.8188749740655563
2025-12-13T00:00:00,Upper_Agriculture_Soilwater,0.7369874766590007
2025-12-14T00:00:00,Upper_Agriculture_Soilwater,0.6632887289931008
2025-12-15T00:00:00,Upper_Agriculture_Soilwater,0.5969598560937907
2025-12-16T00:00:00,Upper_Agriculture_Soilwater,0.5372638704844115
2025-12-17T00:00:00,Upper_Agriculture_Soilwater,0.48353748343597036
2025-12-18T00:00:00,Upper_Agriculture_Soilwater,0.4351837350923733
2025-12-19T00:00:00,Upper_Agriculture_Soilwater,0.391665361583136
2025-12-20T00:00:00,Upper_Agriculture_Soilwater,0.35249882542482236
2025-12-21T00:00:00,Upper_Agriculture_Soilwater,0.3172489428823402
2025-12-22T00:00:00,Upper_Agriculture_Soilwater,2.3375240485941062
2025-12-23T00:00:00,Upper_Agriculture_Soilwater,2.3017716437346953
2025-12-24T00:00:00,Upper_Agriculture_Soilwater,2.071594479361226
2025-12-25T00:00:00,Upper_Agriculture_Soilwater,2.1344350314251033
2025-12-26T00:00:00,Upper_Agriculture_Soilwater,2.433991528282593
2025-12-27T00:00:00,Upper_Agriculture_Soilwater,2.190592375454334
2025-12-28T00:00:00,Upper_Agriculture_Soilwater,1.9715331379089003
2025-12-29T00:00:00,Upper_Agriculture_Soilwater,1.7743798241180102
2025-12-30T00:00:00,Upper_Agriculture_Soilwater,1.5969418417062091
2025-12-31T00:00:00,Upper_Agriculture_Soilwater,1.4372476575355881
2026-01-01T00:00:00,Upper_Agriculture_Soilwater,1.2935228917820296
2026-01-02T00:00:00,Upper_Agriculture_Soilwater,1.344170602603827
2026-01-03T00:00:00,Upper_Agriculture_Soilwater,1.209753542343444
2026-01-04T00:00:00,Upper_Agriculture_Soilwater,1.0887781881090997
2026-01-05T00:00:00,Upper_Agriculture_Soilwater,0.9799003692981897
2026-01-06T00:00:00,Upper_Agriculture_Soilwater,0.9719103323683708
2026-01-07T00:00:00,Upper_Agriculture_Soilwater,2.8547192991315344
2026-01-08T00:00:00,Upper_Agriculture_Soilwater,3.1362473692183808
2026-01-09T00:00:00,Upper_Agriculture_Soilwater,3.0386226322965424
2026-01-10T00:00:00,Upper_Agriculture_Soilwater,2.7347603690668882
2026-01-11T00:00:00,Upper_Agriculture_Soilwater,2.461284332160199
2026-01-12T00:00:00,Upper_Agriculture_Soilwater,3.1061558989441793
2026-01-13T00:00:00,Upper_Agriculture_Soilwater,2.7955403090497613
2026-01-14T00:00:00,Upper_Agriculture_Soilwater,2.5159862781447853
2026-01-15T00:00:00,Upper_Agriculture_Soilwater,2.2643876503303066
2026-01-16T00:00:00,Upper_Agriculture_Soilwater,2.0379488852972756
2026-01-17T00:00:00,Upper_Agriculture_Soilwater,1.834153996767548
2026-01-18T00:00:00,Upper_Agriculture_Soilwater,2.847738597090794
2026-01-19T00:00:00,Upper_Agriculture_Soilwater,2.706964737381714
2026-01-20T00:00:00,Upper_Agriculture_Soilwater,2.625268263643543
2026-01-21T00:00:00,Upper_Agriculture_Soilwater,2.3627414372791886
2026-01-22T00:00:00,Upper_Agriculture_Soilwater,2.1264672935512694
2026-01-23T00:00:00,Upper_Agriculture_Soilwater,1.9948205641961427
2026-01-24T00:00:00,Upper_Agriculture_Soilwater,1.9573385077765284
2026-01-25T00:00:00,Upper_Agriculture_Soilwater,1.995604656998876
2026-01-26T00:00:00,Upper_Agriculture_Soilwater,1.7960441912989884
2026-01-27T00:00:00,Upper_Agriculture_Soilwater,1.6164397721690895
2026-01-28T00:00:00,Upper_Agriculture_Soilwater,1.4547957949521804
2026-01-29T00:00:00,Upper_Agriculture_Soilwater,1.3093162154569624
2026-01-30T00:00:00,Upper_Agriculture_Soilwater,1.1783845939112663
2026-01-31T00:00:00,Upper_Agriculture_Soilwater,1.0605461345201395
2026-02-01T00:00:00,Upper_Agriculture_Soilwater,1.7914915210681257
2026-02-02T00:00:00,Upper_Agriculture_Soilwater,1.612342368961313
2026-02-03T00:00:00,Upper_Agriculture_Soilwater,1.5771081320651816
2026-02-04T00:00:00,Upper_Agriculture_Soilwater,1.4193973188586637
2026-02-05T00:00:00,Upper_Agriculture_Soilwater,1.2774575869727973
2026-02-06T00:00:00,Upper_Agriculture_Soilwater,1.6537118282755174
2026-02-07T00:00:00,Upper_Agriculture_Soilwater,1.4883406454479657
2026-02-08T00:00:00,Upper_Agriculture_Soilwater,1.339506580903169
2026-02-09T00:00:00,Upper_Agriculture_Soilwater,1.3045559228128523
2026-02-10T00:00:00,Upper_Agriculture_Soilwater,1.6151003305315672
2026-02-11T00:00:00,Upper_Agriculture_Soilwater,1.4535902974784107
2026-02-12T00:00:00,Upper_Agriculture_Soilwater,1.3082312677305694
2026-02-13T00:00:00,Upper_Agriculture_Soilwater,1.1774081409575126
2026-02-14T00:00:00,Upper_Agriculture_Soilwater,1.0596673268617613
2026-02-15T00:00:00,Upper_Agriculture_Soilwater,0.9537005941755853
2026-02-16T00:00:00,Upper_Agriculture_Soilwater,0.8583305347580267
2026-02-17T00:00:00,Upper_Agriculture_Soilwater,0.7724974812822241
2026-02-18T00:00:00,Upper_Agriculture_Soilwater,0.6952477331540016
2026-02-19T00:00:00,Upper_Agriculture_Soilwater,0.6257229598386014
2026-02-20T00:00:00,Upper_Agriculture_Soilwater,0.6441506638547413
2026-02-21T00:00:00,Upper_Agriculture_Soilwater,0.6517355974692672
2026-02-22T00:00:00,Upper_Agriculture_Soilwater,0.5865620377223405
2026-02-23T00:00:00,Upper_Agriculture_Soilwater,0.5279058339501065
2026-02-24T00:00:00,Upper_Agriculture_Soilwater,0.8801152505550958
2026-02-25T00:00:00,Upper_Agriculture_Soilwater,0.7921037254995861
2026-02-26T00:00:00,Upper_Agriculture_Soilwater,0.7128933529496276
2026-02-27T00:00:00,Upper_Agriculture_Soilwater,0.6416040176546648
2026-02-28T00:00:00,Upper_Agriculture_Soilwater,0.5774436158891982
2026-03-01T00:00:00,Upper_Agriculture_Soilwater,0.5196992543002784
2026-03-02T00:00:00,Upper_Agriculture_Soilwater,0.4677293288702506
2026-03-03T00:00:00,Upper_Agriculture_Soilwater,0.4209563959832255
2026-03-04T00:00:00,Upper_Agriculture_Soilwater,0.37886075638490296
2026-03-05T00:00:00,Upper_Agriculture_Soilwater,0.3409746807464127
2026-03-06T00:00:00,Upper_Agriculture_Soilwater,0.3068772126717714
2026-03-07T00:00:00,Upper_Agriculture_Soilwater,0.43818949140459434
2026-03-08T00:00:00,Upper_Agriculture_Soilwater,0.47537054226413494
2026-03-09T00:00:00,Upper_Agriculture_Soilwater,0.6618334880377216
2026-03-10T00:00:00,Upper_Agriculture_Soilwater,0.5956501392339494
2026-03-11T00:00:00,Upper_Agriculture_Soilwater,0.5360851253105543
2026-03-12T00:00:00,Upper_Agriculture_Soilwater,0.6534766127794989
2026-03-13T00:00:00,Upper_Agriculture_Soilwater,0.588128951501549
2026-03-14T00:00:00,Upper_Agriculture_Soilwater,1.024316056351394
2026-03-15T00:00:00,Upper_Agriculture_Soilwater,0.9218844507162546
2026-03-16T00:00:00,Upper_Agriculture_Soilwater,0.8296960056446291
2026-03-17T00:00:00,Upper_Agriculture_Soilwater,0.9537264050801663
2026-03-18T00:00:00,Upper_Agriculture_Soilwater,0.8583537645721497
2026-03-19T00:00:00,Upper_Agriculture_Soilwater,1.060518388114935
2026-03-20T00:00:00,Upper_Agriculture_Soilwater,1.4674665493034418
2026-03-21T00:00:00,Upper_Agriculture_Soilwater,1.3207198943730973
2026-03-22T00:00:00,Upper_Agriculture_Soilwater,1.1886479049357876
2026-03-23T00:00:00,Upper_Agriculture_Soilwater,1.2227831144422088
2026-03-24T00:00:00,Upper_Agriculture_Soilwater,1.100504802997988
2026-03-25T00:00:00,Upper_Agriculture_Soilwater,0.990454322698189
2026-03-26T00:00:00,Upper_Agriculture_Soilwater,0.8914088904283703
2026-03-27T00:00:00,Upper_Agriculture_Soilwater,0.8022680013855332
2026-03-28T00:00:00,Upper_Agriculture_Soilwater,0.7220412012469799
2026-03-29T00:00:00,Upper_Agriculture_Soilwater,0.6498370811222819
2026-03-30T00:00:00,Upper_Agriculture_Soilwater,0.5848533730100538
2026-03-31T00:00:00,Upper_Agriculture_Soilwater,0.7423680357090485
2026-04-01T00:00:00,Upper_Agriculture_Soilwater,0.6681312321381437
2026-04-02T00:00:00,Upper_Agriculture_Soilwater,0.6013181089243292
2026-04-03T00:00:00,Upper_Agriculture_Soilwater,0.6491862980318962
2026-04-04T00:00:00,Upper_Agriculture_Soilwater,0.6652676682287065
2026-04-05T00:00:00,Upper_Agriculture_Soilwater,0.598740901405836
2026-04-06T00:00:00,Upper_Agriculture_Soilwater,0.5388668112652524
2026-04-07T00:00:00,Upper_Agriculture_Soilwater,0.48498013013872715
2026-04-08T00:00:00,Upper_Agriculture_Soilwater,0.4994821171248546
2026-04-09T00:00:00,Upper_Agriculture_Soilwater,0.5845339054123692
2026-04-10T00:00:00,Upper_Agriculture_Soilwater,0.7330805148711323
2026-04-11T00:00:00,Upper_Agriculture_Soilwater,0.6597724633840191
2026-04-12T00:00:00,Upper_Agriculture_Soilwater,1.4487952170456173
2026-04-13T00:00:00,Upper_Agriculture_Soilwater,1.4749156953410554
2026-04-14T00:00:00,Upper_Agriculture_Soilwater,1.8494241258069501
2026-04-15T00:00:00,Upper_Agriculture_Soilwater,1.6644817132262553
2026-04-16T00:00:00,Upper_Agriculture_Soilwater,1.4980335419036295
2026-04-17T00:00:00,Upper_Agriculture_Soilwater,2.0142301877132662
2026-04-18T00:00:00,Upper_Agriculture_Soilwater,1.8128071689419396
2026-04-19T00:00:00,Upper_Agriculture_Soilwater,1.631526452047746
2026-04-20T00:00:00,Upper_Agriculture_Soilwater,1.5673738068429712
2026-04-21T00:00:00,Upper_Agriculture_Soilwater,1.4916364261586739
2026-04-22T00:00:00,Upper_Agriculture_Soilwater,1.3424727835428063
2026-04-23T00:00:00,Upper_Agriculture_Soilwater,1.5412255051885255
2026-04-24T00:00:00,Upper_Agriculture_Soilwater,1.7381029546696727
2026-04-25T00:00:00,Upper_Agriculture_Soilwater,1.5642926592027055
2026-04-26T00:00:00,Upper_Agriculture_Soilwater,1.524863393282435
2026-04-27T00:00:00,Upper_Agriculture_Soilwater,1.3723770539541915
2026-04-28T00:00:00,Upper_Agriculture_Soilwater,1.6851393485587725
2026-04-29T00:00:00,Upper_Agriculture_Soilwater,1.516625413702895
2026-04-30T00:00:00,Upper_Agriculture_Soilwater,1.7159628723326057
2026-05-01T00:00:00,Upper_Agriculture_Soilwater,1.6253665850993448
2026-05-02T00:00:00,Upper_Agriculture_Soilwater,1.8138299265894102
2026-05-03T00:00:00,Upper_Agriculture_Soilwater,2.6494469339304696
2026-05-04T00:00:00,Upper_Agriculture_Soilwater,2.9065022405374226
2026-05-05T00:00:00,Upper_Agriculture_Soilwater,3.0208520164836803
2026-05-06T00:00:00,Upper_Agriculture_Soilwater,2.925766814835312
2026-05-07T00:00:00,Upper_Agriculture_Soilwater,2.6331901333517806
2026-05-08T00:00:00,Upper_Agriculture_Soilwater,2.3698711200166027
2026-05-09T00:00:00,Upper_Agriculture_Soilwater,2.1328840080149423
2026-05-10T00:00:00,Upper_Agriculture_Soilwater,1.9195956072134481
2026-05-11T00:00:00,Upper_Agriculture_Soilwater,1.9706360464921029
2026-05-12T00:00:00,Upper_Agriculture_Soilwater,1.7735724418428929
2026-05-13T00:00:00,Upper_Agriculture_Soilwater,1.5962151976586034
2026-05-14T00:00:00,Upper_Agriculture_Soilwater,1.4365936778927433
2026-05-15T00:00:00,Upper_Agriculture_Soilwater,1.2929343101034687
2026-05-16T00:00:00,Upper_Agriculture_Soilwater,1.163640879093122
2026-05-17T00:00:00,Upper_Agriculture_Soilwater,1.0472767911838097
2026-05-18T00:00:00,Upper_Agriculture_Soilwater,0.9425491120654289
2026-05-19T00:00:00,Upper_Agriculture_Soilwater,0.848294200858886
2026-05-20T00:00:00,Upper_Agriculture_Soilwater,0.7634647807729974
2026-05-21T00:00:00,Upper_Agriculture_Soilwater,0.6871183026956976
2026-05-22T00:00:00,Upper_Agriculture_Soilwater,0.6184064724261279
2026-05-23T00:00:00,Upper_Agriculture_Soilwater,0.556565825183515
2026-05-24T00:00:00,Upper_Agriculture_Soilwater,1.0319092426651637
2026-05-25T00:00:00,Upper_Agriculture_Soilwater,0.9287183183986474
2026-05-26T00:00:00,Upper_Agriculture_Soilwater,0.9978464865587826
2026-05-27T00:00:00,Upper_Agriculture_Soilwater,0.8980618379029044
2026-05-28T00:00:00,Upper_Agriculture_Soilwater,0.8082556541126139
2026-05-29T00:00:00,Upper_Agriculture_Soilwater,0.7274300887013524
2026-05-30T00:00:00,Upper_Agriculture_Soilwater,0.6546870798312173
2026-05-31T00:00:00,Upper_Agriculture_Soilwater,0.5892183718480956
2026-06-01T00:00:00,Upper_Agriculture_Soilwater,0.7102965346632859
2026-06-02T00:00:00,Upper_Agriculture_Soilwater,0.6392668811969573
2026-06-03T00:00:00,Upper_Agriculture_Soilwater,0.8093401930772616
2026-06-04T00:00:00,Upper_Agriculture_Soilwater,0.7284061737695353
2026-06-05T00:00:00,Upper_Agriculture_Soilwater,1.105565556392582
2026-06-06T00:00:00,Upper_Agriculture_Soilwater,1.0850090007533237
2026-06-07T00:00:00,Upper_Agriculture_Soilwater,0.9765081006779914
2026-06-08T00:00:00,Upper_Agriculture_Soilwater,0.8788572906101921
2026-06-09T00:00:00,Upper_Agriculture_Soilwater,0.7909715615491729
2026-06-10T00:00:00,Upper_Agriculture_Soilwater,0.7118744053942556
2026-06-11T00:00:00,Upper_Agriculture_Soilwater,0.6406869648548301
2026-06-12T00:00:00,Upper_Agriculture_Soilwater,0.5766182683693473
2026-06-13T00:00:00,Upper_Agriculture_Soilwater,0.5189564415324125
2026-06-14T00:00:00,Upper_Agriculture_Soilwater,0.4670607973791713
2026-06-15T00:00:00,Upper_Agriculture_Soilwater,0.42035471764125404
2026-06-16T00:00:00,Upper_Agriculture_Soilwater,0.3783192458771286
2026-06-17T00:00:00,Upper_Agriculture_Soilwater,0.34048732128941583
2026-06-18T00:00:00,Upper_Agriculture_Soilwater,0.30643858916047423
2026-06-19T00:00:00,Upper_Agriculture_Soilwater,0.27579473024442674
2026-06-20T00:00:00,Upper_Agriculture_Soilwater,0.8332152572199842
2026-06-21T00:00:00,Upper_Agriculture_Soilwater,0.7498937314979859
2026-06-22T00:00:00,Upper_Agriculture_Soilwater,0.6749043583481872
2026-06-23T00:00:00,Upper_Agriculture_Soilwater,0.7784139225133685
2026-06-24T00:00:00,Upper_Agriculture_Soilwater,0.7005725302620316
2026-06-25T00:00:00,Upper_Agriculture_Soilwater,0.6305152772358286
2026-06-26T00:00:00,Upper_Agriculture_Soilwater,1.080463749512246
2026-06-27T00:00:00,Upper_Agriculture_Soilwater,1.1794173745610212
2026-06-28T00:00:00,Upper_Agriculture_Soilwater,1.061475637104919
2026-06-29T00:00:00,Upper_Agriculture_Soilwater,1.7293280733944272
2026-06-30T00:00:00,Upper_Agriculture_Soilwater,2.1413952660549844
2026-07-01T00:00:00,Upper_Agriculture_Soilwater,1.9272557394494865
2026-07-02T00:00:00,Upper_Agriculture_Soilwater,1.7345301655045378
2026-07-03T00:00:00,Upper_Agriculture_Soilwater,1.5610771489540838
2026-07-04T00:00:00,Upper_Agriculture_Soilwater,1.4049694340586754
2026-07-05T00:00:00,Upper_Agriculture_Soilwater,1.264472490652808
2026-07-06T00:00:00,Upper_Agriculture_Soilwater,1.1380252415875272
2026-07-07T00:00:00,Upper_Agriculture_Soilwater,1.0242227174287746
2026-07-08T00:00:00,Upper_Agriculture_Soilwater,0.9218004456858969
2026-07-09T00:00:00,Upper_Agriculture_Soilwater,0.8296204011173073
2026-07-10T00:00:00,Upper_Agriculture_Soilwater,0.7466583610055766
2026-07-11T00:00:00,Upper_Agriculture_Soilwater,0.6719925249050189
2026-07-12T00:00:00,Upper_Agriculture_Soilwater,0.712793272414517
2026-07-13T00:00:00,Upper_Agriculture_Soilwater,0.7135139451730652
2026-07-14T00:00:00,Upper_Agriculture_Soilwater,0.6421625506557587
2026-07-15T00:00:00,Upper_Agriculture_Soilwater,0.5779462955901828
2026-07-16T00:00:00,Upper_Agriculture_Soilwater,0.5201516660311645
2026-07-17T00:00:00,Upper_Agriculture_Soilwater,0.6571364994280481
2026-07-18T00:00:00,Upper_Agriculture_Soilwater,0.5914228494852434
2026-07-19T00:00:00,Upper_Agriculture_Soilwater,0.5322805645367189
2026-07-20T00:00:00,Upper_Agriculture_Soilwater,0.479052508083047
2026-07-21T00:00:00,Upper_Agriculture_Soilwater,0.4311472572747423
2026-07-22T00:00:00,Upper_Agriculture_Soilwater,0.38803253154726813
2026-07-23T00:00:00,Upper_Agriculture_Soilwater,0.3492292783925413
2026-07-24T00:00:00,Upper_Agriculture_Soilwater,0.31430635055328715
2026-07-25T00:00:00,Upper_Agriculture_Soilwater,0.2828757154979584
2026-07-26T00:00:00,Upper_Agriculture_Soilwater,0.38058814394816265
2026-07-27T00:00:00,Upper_Agriculture_Soilwater,0.3425293295533464
2026-07-28T00:00:00,Upper_Agriculture_Soilwater,0.3082763965980118
2026-07-29T00:00:00,Upper_Agriculture_Soilwater,0.27744875693821064
2026-07-30T00:00:00,Upper_Agriculture_Soilwater,0.3667038812443896
2026-07-31T00:00:00,Upper_Agriculture_Soilwater,0.6540334931199507
2026-08-01T00:00:00,Upper_Agriculture_Soilwater,0.6966301438079556
2026-08-02T00:00:00,Upper_Agriculture_Soilwater,0.6269671294271599
2026-08-03T00:00:00,Upper_Agriculture_Soilwater,0.5642704164844441
2026-08-04T00:00:00,Upper_Agriculture_Soilwater,0.5078433748359996
2026-08-05T00:00:00,Upper_Agriculture_Soilwater,1.1320590373523998
2026-08-06T00:00:00,Upper_Agriculture_Soilwater,1.0188531336171596
2026-08-07T00:00:00,Upper_Agriculture_Soilwater,1.1509678202554436
2026-08-08T00:00:00,Upper_Agriculture_Soilwater,1.035871038229899
2026-08-09T00:00:00,Upper_Agriculture_Soilwater,1.346283934406909
2026-08-10T00:00:00,Upper_Agriculture_Soilwater,1.3106555409662184
2026-08-11T00:00:00,Upper_Agriculture_Soilwater,1.1795899868695965
2026-08-12T00:00:00,Upper_Agriculture_Soilwater,2.0066309881826365
2026-08-13T00:00:00,Upper_Agriculture_Soilwater,2.615967889364373
2026-08-14T00:00:00,Upper_Agriculture_Soilwater,2.3543711004279357
2026-08-15T00:00:00,Upper_Agriculture_Soilwater,2.118933990385142
2026-08-16T00:00:00,Upper_Agriculture_Soilwater,2.5010405913466283
2026-08-17T00:00:00,Upper_Agriculture_Soilwater,3.6369365322119656
2026-08-18T00:00:00,Upper_Agriculture_Soilwater,3.273242878990769
2026-08-19T00:00:00,Upper_Agriculture_Soilwater,3.251918591091692
2026-08-20T00:00:00,Upper_Agriculture_Soilwater,2.926726731982523
2026-08-21T00:00:00,Upper_Agriculture_Soilwater,2.6340540587842707
2026-08-22T00:00:00,Upper_Agriculture_Soilwater,2.3706486529058437
2026-08-23T00:00:00,Upper_Agriculture_Soilwater,2.133583787615259
2026-08-24T00:00:00,Upper_Agriculture_Soilwater,1.9202254088537332
2026-08-25T00:00:00,Upper_Agriculture_Soilwater,1.7282028679683599
2026-08-26T00:00:00,Upper_Agriculture_Soilwater,1.5553825811715238
2026-08-27T00:00:00,Upper_Agriculture_Soilwater,1.5798443230543717
2026-08-28T00:00:00,Upper_Agriculture_Soilwater,1.4218598907489344
2026-08-29T00:00:00,Upper_Agriculture_Soilwater,1.2796739016740413
2026-08-30T00:00:00,Upper_Agriculture_Soilwater,2.8437065115066376
2026-08-31T00:00:00,Upper_Agriculture_Soilwater,3.018335860355974
2026-09-01T00:00:00,Upper_Agriculture_Soilwater,3.0585022743203765
2026-09-02T00:00:00,Upper_Agriculture_Soilwater,3.0046520468883386
2026-09-03T00:00:00,Upper_Agriculture_Soilwater,2.704186842199505
2026-09-04T00:00:00,Upper_Agriculture_Soilwater,2.4337681579795545
2026-09-05T00:00:00,Upper_Agriculture_Soilwater,2.190391342181599
2026-09-06T00:00:00,Upper_Agriculture_Soilwater,1.9713522079634391
2026-09-07T00:00:00,Upper_Agriculture_Soilwater,1.945216987167095
2026-09-08T00:00:00,Upper_Agriculture_Soilwater,1.7506952884503855
2026-09-09T00:00:00,Upper_Agriculture_Soilwater,1.575625759605347
2026-09-10T00:00:00,Upper_Agriculture_Soilwater,1.4180631836448125
2026-09-11T00:00:00,Upper_Agriculture_Soilwater,1.2762568652803312
2026-09-12T00:00:00,Upper_Agriculture_Soilwater,1.148631178752298
2026-09-13T00:00:00,Upper_Agriculture_Soilwater,1.573768060877068
2026-09-14T00:00:00,Upper_Agriculture_Soilwater,1.5693912547893614
2026-09-15T00:00:00,Upper_Agriculture_Soilwater,1.412452129310425
2026-09-16T00:00:00,Upper_Agriculture_Soilwater,1.2712069163793824
2026-09-17T00:00:00,Upper_Agriculture_Soilwater,1.450086224741444
2026-09-18T00:00:00,Upper_Agriculture_Soilwater,1.4940776022672997
2026-09-19T00:00:00,Upper_Agriculture_Soilwater,1.3446698420405698
2026-09-20T00:00:00,Upper_Agriculture_Soilwater,1.2102028578365127
2026-09-21T00:00:00,Upper_Agriculture_Soilwater,1.0891825720528614
2026-09-22T00:00:00,Upper_Agriculture_Soilwater,0.980264314847575
2026-09-23T00:00:00,Upper_Agriculture_Soilwater,1.5122378833628178
2026-09-24T00:00:00,Upper_Agriculture_Soilwater,1.361014095026536
2026-09-25T00:00:00,Upper_Agriculture_Soilwater,1.3779126855238824
2026-09-26T00:00:00,Upper_Agriculture_Soilwater,1.2401214169714943
2026-09-27T00:00:00,Upper_Agriculture_Soilwater,1.1161092752743447
2026-09-28T00:00:00,Upper_Agriculture_Soilwater,1.0044983477469103
2026-09-29T00:00:00,Upper_Agriculture_Soilwater,0.9040485129722191
2026-09-30T00:00:00,Upper_Agriculture_Soilwater,0.8136436616749972
2026-10-01T00:00:00,Upper_Agriculture_Soilwater,0.7322792955074975
2026-10-02T00:00:00,Upper_Agriculture_Soilwater,0.6590513659567478
2026-10-03T00:00:00,Upper_Agriculture_Soilwater,0.5931462293610731
2026-10-04T00:00:00,Upper_Agriculture_Soilwater,0.5338316064249657
2026-10-05T00:00:00,Upper_Agriculture_Soilwater,0.4804484457824692
2026-10-06T00:00:00,Upper_Agriculture_Soilwater,0.9094036012042223
2026-10-07T00:00:00,Upper_Agriculture_Soilwater,0.9984632410838001
2026-10-08T00:00:00,Upper_Agriculture_Soilwater,2.24861691697542
2026-10-09T00:00:00,Upper_Agriculture_Soilwater,2.878755225277878
2026-10-10T00:00:00,Upper_Agriculture_Soilwater,2.68087970275009
2026-10-11T00:00:00,Upper_Agriculture_Soilwater,2.4127917324750814
2026-10-12T00:00:00,Upper_Agriculture_Soilwater,2.1715125592275735
2026-10-13T00:00:00,Upper_Agriculture_Soilwater,1.9543613033048157
2026-10-14T00:00:00,Upper_Agriculture_Soilwater,1.7589251729743343
2026-10-15T00:00:00,Upper_Agriculture_Soilwater,2.186032655676901
2026-10-16T00:00:00,Upper_Agriculture_Soilwater,2.6514293901092105
2026-10-17T00:00:00,Upper_Agriculture_Soilwater,2.5122864510982894
2026-10-18T00:00:00,Upper_Agriculture_Soilwater,2.3960578059884603
2026-10-19T00:00:00,Upper_Agriculture_Soilwater,2.1564520253896142
2026-10-20T00:00:00,Upper_Agriculture_Soilwater,2.264806822850653
2026-10-21T00:00:00,Upper_Agriculture_Soilwater,2.3263261405655875
2026-10-22T00:00:00,Upper_Agriculture_Soilwater,2.093693526509029
2026-10-23T00:00:00,Upper_Agriculture_Soilwater,2.010324173858126
2026-10-24T00:00:00,Upper_Agriculture_Soilwater,1.8092917564723134
2026-10-25T00:00:00,Upper_Agriculture_Soilwater,2.8883625808250817
2026-10-26T00:00:00,Upper_Agriculture_Soilwater,2.914526322742573
2026-10-27T00:00:00,Upper_Agriculture_Soilwater,2.6950736904683157
2026-10-28T00:00:00,Upper_Agriculture_Soilwater,2.4255663214214844
2026-10-29T00:00:00,Upper_Agriculture_Soilwater,3.794009689279336
2026-10-30T00:00:00,Upper_Agriculture_Soilwater,4.242608720351402
2026-10-31T00:00:00,Upper_Agriculture_Soilwater,3.8183478483162614
2026-11-01T00:00:00,Upper_Agriculture_Soilwater,3.436513063484636
2026-11-02T00:00:00,Upper_Agriculture_Soilwater,3.173861757136172
2026-11-03T00:00:00,Upper_Agriculture_Soilwater,2.8564755814225546
2026-11-04T00:00:00,Upper_Agriculture_Soilwater,2.5708280232802987
2026-11-05T00:00:00,Upper_Agriculture_Soilwater,2.5567452209522687
2026-11-06T00:00:00,Upper_Agriculture_Soilwater,2.301070698857042
2026-11-07T00:00:00,Upper_Agriculture_Soilwater,2.070963628971338
2026-11-08T00:00:00,Upper_Agriculture_Soilwater,1.863867266074204
2026-11-09T00:00:00,Upper_Agriculture_Soilwater,1.6774805394667835
2026-11-10T00:00:00,Upper_Agriculture_Soilwater,1.509732485520105
2026-11-11T00:00:00,Upper_Agriculture_Soilwater,1.3587592369680948
2026-11-12T00:00:00,Upper_Agriculture_Soilwater,1.2228833132712853
2026-11-13T00:00:00,Upper_Agriculture_Soilwater,1.1005949819441567
2026-11-14T00:00:00,Upper_Agriculture_Soilwater,0.9905354837497411
2026-11-15T00:00:00,Upper_Agriculture_Soilwater,0.8914819353747669
2026-11-16T00:00:00,Upper_Agriculture_Soilwater,0.8023337418372902
2026-11-17T00:00:00,Upper_Agriculture_Soilwater,0.7221003676535612
2026-11-18T00:00:00,Upper_Agriculture_Soilwater,0.6498903308882052
2026-11-19T00:00:00,Upper_Agriculture_Soilwater,0.5849012977993846
2026-11-20T00:00:00,Upper_Agriculture_Soilwater,0.5264111680194462
2026-11-21T00:00:00,Upper_Agriculture_Soilwater,0.4737700512175016
2026-11-22T00:00:00,Upper_Agriculture_Soilwater,0.42639304609575146
2026-11-23T00:00:00,Upper_Agriculture_Soilwater,0.3837537414861763
2026-11-24T00:00:00,Upper_Agriculture_Soilwater,0.34537836733755867
2026-11-25T00:00:00,Upper_Agriculture_Soilwater,0.5268405306038028
2026-11-26T00:00:00,Upper_Agriculture_Soilwater,0.4741564775434225
2026-11-27T00:00:00,Upper_Agriculture_Soilwater,0.5437408297890802
2026-11-28T00:00:00,Upper_Agriculture_Soilwater,0.4893667468101722
2026-11-29T00:00:00,Upper_Agriculture_Soilwater,0.44043007212915497
2026-11-30T00:00:00,Upper_Agriculture_Soilwater,0.3963870649162395
2026-12-01T00:00:00,Upper_Agriculture_Soilwater,0.4827483584246154
2026-12-02T00:00:00,Upper_Agriculture_Soilwater,2.900473522582154
2026-12-03T00:00:00,Upper_Agriculture_Soilwater,3.222426170323938
2026-12-04T00:00:00,Upper_Agriculture_Soilwater,2.9001835532915443
2026-12-05T00:00:00,Upper_Agriculture_Soilwater,2.61016519796239
2026-12-06T00:00:00,Upper_Agriculture_Soilwater,4.635148678166151
2026-12-07T00:00:00,Upper_Agriculture_Soilwater,4.891633810349536
2026-12-08T00:00:00,Upper_Agriculture_Soilwater,4.402470429314582
2026-12-09T00:00:00,Upper_Agriculture_Soilwater,3.962223386383124
2026-12-10T00:00:00,Upper_Agriculture_Soilwater,3.566001047744811
2026-12-11T00:00:00,Upper_Agriculture_Soilwater,3.2094009429703303
2026-12-12T00:00:00,Upper_Agriculture_Soilwater,2.8884608486732968
2026-12-13T00:00:00,Upper_Agriculture_Soilwater,2.5996147638059677
2026-12-14T00:00:00,Upper_Agriculture_Soilwater,2.3396532874253704
2026-12-15T00:00:00,Upper_Agriculture_Soilwater,2.105687958682833
2026-12-16T00:00:00,Upper_Agriculture_Soilwater,2.3631191628145505
2026-12-17T00:00:00,Upper_Agriculture_Soilwater,2.5768072465330953
2026-12-18T00:00:00,Upper_Agriculture_Soilwater,3.1021265218797858
2026-12-19T00:00:00,Upper_Agriculture_Soilwater,3.7549138696918067
2026-12-20T00:00:00,Upper_Agriculture_Soilwater,3.3794224827226267
2026-12-21T00:00:00,Upper_Agriculture_Soilwater,3.041480234450364
2026-12-22T00:00:00,Upper_Agriculture_Soilwater,2.737332211005328
2026-12-23T00:00:00,Upper_Agriculture_Soilwater,2.7695989899047952
2026-12-24T00:00:00,Upper_Agriculture_Soilwater,2.762639090914316
2026-12-25T00:00:00,Upper_Agriculture_Soilwater,2.9993751818228844
2026-12-26T00:00:00,Upper_Agriculture_Soilwater,2.699437663640596
2026-12-27T00:00:00,Upper_Agriculture_Soilwater,2.4294938972765365
2026-12-28T00:00:00,Upper_Agriculture_Soilwater,2.186544507548883
2026-12-29T00:00:00,Upper_Agriculture_Soilwater,1.9678900567939943
2026-12-30T00:00:00,Upper_Agriculture_Soilwater,1.7711010511145948
2026-12-31T00:00:00,Upper_Agriculture_Soilwater,1.5939909460031354
