bdc136f8-60b3-4531-809e-0de67a6a5b5b,location,waterLevel
2023-01-01T00:00:00,Upper_Forest_Direct Runoff,4.7
2023-01-02T00:00:00,Upper_Forest_Direct Runoff,15.86
2023-01-03T00:00:00,Upper_Forest_Direct Runoff,14.474
2023-01-04T00:00:00,Upper_Forest_Direct Runoff,13.2266
2023-01-05T00:00:00,Upper_Forest_Direct Runoff,12.10394
2023-01-06T00:00:00,Upper_Forest_Direct Runoff,12.083546
2023-01-07T00:00:00,Upper_Forest_Direct Runoff,14.2251914
2023-01-08T00:00:00,Upper_Forest_Direct Runoff,13.00267226
2023-01-09T00:00:00,Upper_Forest_Direct Runoff,17.212405034000003
2023-01-10T00:00:00,Upper_Forest_Direct Runoff,15.691164530600002
2023-01-11T00:00:00,Upper_Forest_Direct Runoff,14.322048077540002
2023-01-12T00:00:00,Upper_Forest_Direct Runoff,13.089843269786002
2023-01-13T00:00:00,Upper_Forest_Direct Runoff,11.980858942807401
2023-01-14T00:00:00,Upper_Forest_Direct Runoff,10.982773048526662
2023-01-15T00:00:00,Upper_Forest_Direct Runoff,10.084495743673996
2023-01-16T00:00:00,Upper_Forest_Direct Runoff,9.276046169306596
2023-01-17T00:00:00,Upper_Forest_Direct Runoff,8.548441552375937
2023-01-18T00:00:00,Upper_Forest_Direct Runoff,23.103597397138344
2023-01-19T00:00:00,Upper_Forest_Direct Runoff,21.89323765742451
2023-01-20T00:00:00,Upper_Forest_Direct Runoff,20.983913891682057
2023-01-21T00:00:00,Upper_Forest_Direct Runoff,20.61552250251385
2023-01-22T00:00:00,Upper_Forest_Direct Runoff,18.753970252262466
2023-01-23T00:00:00,Upper_Forest_Direct Runoff,17.07857322703622
2023-01-24T00:00:00,Upper_Forest_Direct Runoff,15.570715904332598
2023-01-25T00:00:00,Upper_Forest_Direct Runoff,14.213644313899337
2023-01-26T00:00:00,Upper_Forest_Direct Runoff,20.012279882509404
2023-01-27T00:00:00,Upper_Forest_Direct Runoff,18.211051894258464
2023-01-28T00:00:00,Upper_Forest_Direct Runoff,16.589946704832617
2023-01-29T00:00:00,Upper_Forest_Direct Runoff,15.130952034349354
2023-01-30T00:00:00,Upper_Forest_Direct Runoff,13.817856830914419
2023-01-31T00:00:00,Upper_Forest_Direct Runoff,12.636071147822976
2023-02-01T00:00:00,Upper_Forest_Direct Runoff,11.572464033040678
2023-02-02T00:00:00,Upper_Forest_Direct Runoff,10.61521762973661
2023-02-03T00:00:00,Upper_Forest_Direct Runoff,9.75369586676295
2023-02-04T00:00:00,Upper_Forest_Direct Runoff,8.978326280086655
2023-02-05T00:00:00,Upper_Forest_Direct Runoff,8.28049365207799
2023-02-06T00:00:00,Upper_Forest_Direct Runoff,7.652444286870191
2023-02-07T00:00:00,Upper_Forest_Direct Runoff,7.087199858183172
2023-02-08T00:00:00,Upper_Forest_Direct Runoff,6.578479872364855
2023-02-09T00:00:00,Upper_Forest_Direct Runoff,6.120631885128369
2023-02-10T00:00:00,Upper_Forest_Direct Runoff,5.708568696615532
2023-02-11T00:00:00,Upper_Forest_Direct Runoff,5.337711826953979
2023-02-12T00:00:00,Upper_Forest_Direct Runoff,5.003940644258581
2023-02-13T00:00:00,Upper_Forest_Direct Runoff,4.7035465798327225
2023-02-14T00:00:00,Upper_Forest_Direct Runoff,4.43319192184945
2023-02-15T00:00:00,Upper_Forest_Direct Runoff,4.189872729664505
2023-02-16T00:00:00,Upper_Forest_Direct Runoff,3.9708854566980545
2023-02-17T00:00:00,Upper_Forest_Direct Runoff,3.773796911028249
2023-02-18T00:00:00,Upper_Forest_Direct Runoff,5.216417219925424
2023-02-19T00:00:00,Upper_Forest_Direct Runoff,4.894775497932882
2023-02-20T00:00:00,Upper_Forest_Direct Runoff,6.945297948139594
2023-02-21T00:00:00,Upper_Forest_Direct Runoff,6.450768153325634
2023-02-22T00:00:00,Upper_Forest_Direct Runoff,6.0056913379930705
2023-02-23T00:00:00,Upper_Forest_Direct Runoff,6.4151222041937634
2023-02-24T00:00:00,Upper_Forest_Direct Runoff,7.503609983774387
2023-02-25T00:00:00,Upper_Forest_Direct Runoff,7.853248985396949
2023-02-26T00:00:00,Upper_Forest_Direct Runoff,7.267924086857254
2023-02-27T00:00:00,Upper_Forest_Direct Runoff,13.131131678171528
2023-02-28T00:00:00,Upper_Forest_Direct Runoff,12.018018510354375
2023-03-01T00:00:00,Upper_Forest_Direct Runoff,11.016216659318937
2023-03-02T00:00:00,Upper_Forest_Direct Runoff,10.114594993387044
2023-03-03T00:00:00,Upper_Forest_Direct Runoff,9.30313549404834
2023-03-04T00:00:00,Upper_Forest_Direct Runoff,8.572821944643506
2023-03-05T00:00:00,Upper_Forest_Direct Runoff,11.335539750179155
2023-03-06T00:00:00,Upper_Forest_Direct Runoff,10.40198577516124
2023-03-07T00:00:00,Upper_Forest_Direct Runoff,9.561787197645115
2023-03-08T00:00:00,Upper_Forest_Direct Runoff,8.805608477880604
2023-03-09T00:00:00,Upper_Forest_Direct Runoff,9.565047630092543
2023-03-10T00:00:00,Upper_Forest_Direct Runoff,15.37854286708329
2023-03-11T00:00:00,Upper_Forest_Direct Runoff,17.55068858037496
2023-03-12T00:00:00,Upper_Forest_Direct Runoff,15.995619722337464
2023-03-13T00:00:00,Upper_Forest_Direct Runoff,16.39605775010372
2023-03-14T00:00:00,Upper_Forest_Direct Runoff,16.486451975093345
2023-03-15T00:00:00,Upper_Forest_Direct Runoff,18.27780677758401
2023-03-16T00:00:00,Upper_Forest_Direct Runoff,16.65002609982561
2023-03-17T00:00:00,Upper_Forest_Direct Runoff,15.185023489843049
2023-03-18T00:00:00,Upper_Forest_Direct Runoff,17.196521140858746
2023-03-19T00:00:00,Upper_Forest_Direct Runoff,30.346869026772872
2023-03-20T00:00:00,Upper_Forest_Direct Runoff,31.83218212409558
2023-03-21T00:00:00,Upper_Forest_Direct Runoff,30.46896391168602
2023-03-22T00:00:00,Upper_Forest_Direct Runoff,27.62206752051742
2023-03-23T00:00:00,Upper_Forest_Direct Runoff,25.059860768465676
2023-03-24T00:00:00,Upper_Forest_Direct Runoff,22.753874691619107
2023-03-25T00:00:00,Upper_Forest_Direct Runoff,21.578487222457195
2023-03-26T00:00:00,Upper_Forest_Direct Runoff,19.620638500211477
2023-03-27T00:00:00,Upper_Forest_Direct Runoff,17.85857465019033
2023-03-28T00:00:00,Upper_Forest_Direct Runoff,16.2727171851713
2023-03-29T00:00:00,Upper_Forest_Direct Runoff,14.84544546665417
2023-03-30T00:00:00,Upper_Forest_Direct Runoff,13.560900919988752
2023-03-31T00:00:00,Upper_Forest_Direct Runoff,14.924810827989877
2023-04-01T00:00:00,Upper_Forest_Direct Runoff,13.632329745190889
2023-04-02T00:00:00,Upper_Forest_Direct Runoff,12.4690967706718
2023-04-03T00:00:00,Upper_Forest_Direct Runoff,15.562187093604619
2023-04-04T00:00:00,Upper_Forest_Direct Runoff,18.43596838424416
2023-04-05T00:00:00,Upper_Forest_Direct Runoff,24.262371545819743
2023-04-06T00:00:00,Upper_Forest_Direct Runoff,24.82613439123777
2023-04-07T00:00:00,Upper_Forest_Direct Runoff,22.543520952113994
2023-04-08T00:00:00,Upper_Forest_Direct Runoff,20.489168856902594
2023-04-09T00:00:00,Upper_Forest_Direct Runoff,18.640251971212336
2023-04-10T00:00:00,Upper_Forest_Direct Runoff,16.976226774091103
2023-04-11T00:00:00,Upper_Forest_Direct Runoff,16.018604096681994
2023-04-12T00:00:00,Upper_Forest_Direct Runoff,14.616743687013795
2023-04-13T00:00:00,Upper_Forest_Direct Runoff,14.435069318312415
2023-04-14T00:00:00,Upper_Forest_Direct Runoff,21.381562386481175
2023-04-15T00:00:00,Upper_Forest_Direct Runoff,19.44340614783306
2023-04-16T00:00:00,Upper_Forest_Direct Runoff,17.699065533049755
2023-04-17T00:00:00,Upper_Forest_Direct Runoff,16.12915897974478
2023-04-18T00:00:00,Upper_Forest_Direct Runoff,17.1462430817703
2023-04-19T00:00:00,Upper_Forest_Direct Runoff,15.63161877359327
2023-04-20T00:00:00,Upper_Forest_Direct Runoff,15.798456896233944
2023-04-21T00:00:00,Upper_Forest_Direct Runoff,14.41861120661055
2023-04-22T00:00:00,Upper_Forest_Direct Runoff,13.176750085949495
2023-04-23T00:00:00,Upper_Forest_Direct Runoff,13.499075077354545
2023-04-24T00:00:00,Upper_Forest_Direct Runoff,14.329167569619091
2023-04-25T00:00:00,Upper_Forest_Direct Runoff,13.096250812657182
2023-04-26T00:00:00,Upper_Forest_Direct Runoff,11.986625731391463
2023-04-27T00:00:00,Upper_Forest_Direct Runoff,10.987963158252317
2023-04-28T00:00:00,Upper_Forest_Direct Runoff,10.089166842427085
2023-04-29T00:00:00,Upper_Forest_Direct Runoff,9.280250158184376
2023-04-30T00:00:00,Upper_Forest_Direct Runoff,8.55222514236594
2023-05-01T00:00:00,Upper_Forest_Direct Runoff,7.8970026281293455
2023-05-02T00:00:00,Upper_Forest_Direct Runoff,7.307302365316411
2023-05-03T00:00:00,Upper_Forest_Direct Runoff,6.776572128784769
2023-05-04T00:00:00,Upper_Forest_Direct Runoff,6.298914915906292
2023-05-05T00:00:00,Upper_Forest_Direct Runoff,5.869023424315663
2023-05-06T00:00:00,Upper_Forest_Direct Runoff,5.482121081884097
2023-05-07T00:00:00,Upper_Forest_Direct Runoff,5.1339089736956875
2023-05-08T00:00:00,Upper_Forest_Direct Runoff,4.820518076326119
2023-05-09T00:00:00,Upper_Forest_Direct Runoff,4.538466268693507
2023-05-10T00:00:00,Upper_Forest_Direct Runoff,4.284619641824157
2023-05-11T00:00:00,Upper_Forest_Direct Runoff,4.956157677641741
2023-05-12T00:00:00,Upper_Forest_Direct Runoff,4.660541909877567
2023-05-13T00:00:00,Upper_Forest_Direct Runoff,4.394487718889811
2023-05-14T00:00:00,Upper_Forest_Direct Runoff,4.155038947000829
2023-05-15T00:00:00,Upper_Forest_Direct Runoff,3.939535052300746
2023-05-16T00:00:00,Upper_Forest_Direct Runoff,4.645581547070671
2023-05-17T00:00:00,Upper_Forest_Direct Runoff,11.131023392363604
2023-05-18T00:00:00,Upper_Forest_Direct Runoff,11.207921053127244
2023-05-19T00:00:00,Upper_Forest_Direct Runoff,11.90712894781452
2023-05-20T00:00:00,Upper_Forest_Direct Runoff,10.916416053033068
2023-05-21T00:00:00,Upper_Forest_Direct Runoff,16.77477444772976
2023-05-22T00:00:00,Upper_Forest_Direct Runoff,16.017297002956788
2023-05-23T00:00:00,Upper_Forest_Direct Runoff,15.605567302661111
2023-05-24T00:00:00,Upper_Forest_Direct Runoff,14.245010572395
2023-05-25T00:00:00,Upper_Forest_Direct Runoff,29.3105095151555
2023-05-26T00:00:00,Upper_Forest_Direct Runoff,26.57945856363995
2023-05-27T00:00:00,Upper_Forest_Direct Runoff,24.121512707275954
2023-05-28T00:00:00,Upper_Forest_Direct Runoff,21.90936143654836
2023-05-29T00:00:00,Upper_Forest_Direct Runoff,19.918425292893524
2023-05-30T00:00:00,Upper_Forest_Direct Runoff,21.63658276360417
2023-05-31T00:00:00,Upper_Forest_Direct Runoff,19.672924487243755
2023-06-01T00:00:00,Upper_Forest_Direct Runoff,17.90563203851938
2023-06-02T00:00:00,Upper_Forest_Direct Runoff,16.31506883466744
2023-06-03T00:00:00,Upper_Forest_Direct Runoff,14.883561951200695
2023-06-04T00:00:00,Upper_Forest_Direct Runoff,13.595205756080626
2023-06-05T00:00:00,Upper_Forest_Direct Runoff,12.435685180472563
2023-06-06T00:00:00,Upper_Forest_Direct Runoff,11.392116662425305
2023-06-07T00:00:00,Upper_Forest_Direct Runoff,10.452904996182776
2023-06-08T00:00:00,Upper_Forest_Direct Runoff,9.607614496564498
2023-06-09T00:00:00,Upper_Forest_Direct Runoff,8.846853046908048
2023-06-10T00:00:00,Upper_Forest_Direct Runoff,8.162167742217244
2023-06-11T00:00:00,Upper_Forest_Direct Runoff,7.54595096799552
2023-06-12T00:00:00,Upper_Forest_Direct Runoff,6.991355871195967
2023-06-13T00:00:00,Upper_Forest_Direct Runoff,6.492220284076371
2023-06-14T00:00:00,Upper_Forest_Direct Runoff,6.042998255668734
2023-06-15T00:00:00,Upper_Forest_Direct Runoff,5.638698430101861
2023-06-16T00:00:00,Upper_Forest_Direct Runoff,5.274828587091674
2023-06-17T00:00:00,Upper_Forest_Direct Runoff,4.947345728382507
2023-06-18T00:00:00,Upper_Forest_Direct Runoff,4.652611155544256
2023-06-19T00:00:00,Upper_Forest_Direct Runoff,4.387350039989831
2023-06-20T00:00:00,Upper_Forest_Direct Runoff,4.148615035990847
2023-06-21T00:00:00,Upper_Forest_Direct Runoff,4.743753532391763
2023-06-22T00:00:00,Upper_Forest_Direct Runoff,4.469378179152586
2023-06-23T00:00:00,Upper_Forest_Direct Runoff,4.222440361237327
2023-06-24T00:00:00,Upper_Forest_Direct Runoff,4.000196325113595
2023-06-25T00:00:00,Upper_Forest_Direct Runoff,3.800176692602235
2023-06-26T00:00:00,Upper_Forest_Direct Runoff,3.6201590233420116
2023-06-27T00:00:00,Upper_Forest_Direct Runoff,3.4581431210078106
2023-06-28T00:00:00,Upper_Forest_Direct Runoff,3.3123288089070297
2023-06-29T00:00:00,Upper_Forest_Direct Runoff,9.301095928016327
2023-06-30T00:00:00,Upper_Forest_Direct Runoff,9.290986335214695
2023-07-01T00:00:00,Upper_Forest_Direct Runoff,11.531887701693226
2023-07-02T00:00:00,Upper_Forest_Direct Runoff,10.578698931523903
2023-07-03T00:00:00,Upper_Forest_Direct Runoff,9.720829038371512
2023-07-04T00:00:00,Upper_Forest_Direct Runoff,8.94874613453436
2023-07-05T00:00:00,Upper_Forest_Direct Runoff,8.253871521080924
2023-07-06T00:00:00,Upper_Forest_Direct Runoff,7.628484368972832
2023-07-07T00:00:00,Upper_Forest_Direct Runoff,12.195635932075549
2023-07-08T00:00:00,Upper_Forest_Direct Runoff,11.986072338867993
2023-07-09T00:00:00,Upper_Forest_Direct Runoff,10.987465104981194
2023-07-10T00:00:00,Upper_Forest_Direct Runoff,10.088718594483074
2023-07-11T00:00:00,Upper_Forest_Direct Runoff,10.449846735034768
2023-07-12T00:00:00,Upper_Forest_Direct Runoff,12.48486206153129
2023-07-13T00:00:00,Upper_Forest_Direct Runoff,11.436375855378161
2023-07-14T00:00:00,Upper_Forest_Direct Runoff,10.492738269840345
2023-07-15T00:00:00,Upper_Forest_Direct Runoff,19.183464442856312
2023-07-16T00:00:00,Upper_Forest_Direct Runoff,19.44511799857068
2023-07-17T00:00:00,Upper_Forest_Direct Runoff,17.70060619871361
2023-07-18T00:00:00,Upper_Forest_Direct Runoff,16.130545578842252
2023-07-19T00:00:00,Upper_Forest_Direct Runoff,15.707491020958027
2023-07-20T00:00:00,Upper_Forest_Direct Runoff,14.336741918862224
2023-07-21T00:00:00,Upper_Forest_Direct Runoff,14.093067726976
2023-07-22T00:00:00,Upper_Forest_Direct Runoff,22.783760954278403
2023-07-23T00:00:00,Upper_Forest_Direct Runoff,20.705384858850564
2023-07-24T00:00:00,Upper_Forest_Direct Runoff,18.834846372965508
2023-07-25T00:00:00,Upper_Forest_Direct Runoff,17.151361735668956
2023-07-26T00:00:00,Upper_Forest_Direct Runoff,15.63622556210206
2023-07-27T00:00:00,Upper_Forest_Direct Runoff,15.352603005891854
2023-07-28T00:00:00,Upper_Forest_Direct Runoff,17.79734270530267
2023-07-29T00:00:00,Upper_Forest_Direct Runoff,16.2176084347724
2023-07-30T00:00:00,Upper_Forest_Direct Runoff,14.79584759129516
2023-07-31T00:00:00,Upper_Forest_Direct Runoff,13.516262832165644
2023-08-01T00:00:00,Upper_Forest_Direct Runoff,12.364636548949079
2023-08-02T00:00:00,Upper_Forest_Direct Runoff,11.328172894054171
2023-08-03T00:00:00,Upper_Forest_Direct Runoff,10.395355604648755
2023-08-04T00:00:00,Upper_Forest_Direct Runoff,9.555820044183879
2023-08-05T00:00:00,Upper_Forest_Direct Runoff,8.80023803976549
2023-08-06T00:00:00,Upper_Forest_Direct Runoff,8.120214235788941
2023-08-07T00:00:00,Upper_Forest_Direct Runoff,7.508192812210047
2023-08-08T00:00:00,Upper_Forest_Direct Runoff,6.9573735309890425
2023-08-09T00:00:00,Upper_Forest_Direct Runoff,6.4616361778901386
2023-08-10T00:00:00,Upper_Forest_Direct Runoff,13.215472560101125
2023-08-11T00:00:00,Upper_Forest_Direct Runoff,19.92392530409101
2023-08-12T00:00:00,Upper_Forest_Direct Runoff,21.10153277368191
2023-08-13T00:00:00,Upper_Forest_Direct Runoff,21.531379496313722
2023-08-14T00:00:00,Upper_Forest_Direct Runoff,19.57824154668235
2023-08-15T00:00:00,Upper_Forest_Direct Runoff,17.820417392014114
2023-08-16T00:00:00,Upper_Forest_Direct Runoff,16.238375652812703
2023-08-17T00:00:00,Upper_Forest_Direct Runoff,16.434538087531433
2023-08-18T00:00:00,Upper_Forest_Direct Runoff,14.991084278778288
2023-08-19T00:00:00,Upper_Forest_Direct Runoff,13.691975850900459
2023-08-20T00:00:00,Upper_Forest_Direct Runoff,12.522778265810413
2023-08-21T00:00:00,Upper_Forest_Direct Runoff,11.47050043922937
2023-08-22T00:00:00,Upper_Forest_Direct Runoff,10.523450395306433
2023-08-23T00:00:00,Upper_Forest_Direct Runoff,9.67110535577579
2023-08-24T00:00:00,Upper_Forest_Direct Runoff,8.90399482019821
2023-08-25T00:00:00,Upper_Forest_Direct Runoff,8.21359533817839
2023-08-26T00:00:00,Upper_Forest_Direct Runoff,9.48223580436055
2023-08-27T00:00:00,Upper_Forest_Direct Runoff,8.734012223924495
2023-08-28T00:00:00,Upper_Forest_Direct Runoff,8.060611001532045
2023-08-29T00:00:00,Upper_Forest_Direct Runoff,7.454549901378841
2023-08-30T00:00:00,Upper_Forest_Direct Runoff,6.909094911240957
2023-08-31T00:00:00,Upper_Forest_Direct Runoff,6.4181854201168616
2023-09-01T00:00:00,Upper_Forest_Direct Runoff,15.696366878105174
2023-09-02T00:00:00,Upper_Forest_Direct Runoff,18.46673019029466
2023-09-03T00:00:00,Upper_Forest_Direct Runoff,32.75005717126519
2023-09-04T00:00:00,Upper_Forest_Direct Runoff,32.37505145413867
2023-09-05T00:00:00,Upper_Forest_Direct Runoff,31.0475463087248
2023-09-06T00:00:00,Upper_Forest_Direct Runoff,29.492791677852324
2023-09-07T00:00:00,Upper_Forest_Direct Runoff,26.74351251006709
2023-09-08T00:00:00,Upper_Forest_Direct Runoff,24.269161259060382
2023-09-09T00:00:00,Upper_Forest_Direct Runoff,23.572245133154343
2023-09-10T00:00:00,Upper_Forest_Direct Runoff,22.135020619838908
2023-09-11T00:00:00,Upper_Forest_Direct Runoff,23.181518557855014
2023-09-12T00:00:00,Upper_Forest_Direct Runoff,24.033366702069515
2023-09-13T00:00:00,Upper_Forest_Direct Runoff,23.630030031862564
2023-09-14T00:00:00,Upper_Forest_Direct Runoff,21.467027028676306
2023-09-15T00:00:00,Upper_Forest_Direct Runoff,19.520324325808676
2023-09-16T00:00:00,Upper_Forest_Direct Runoff,17.768291893227808
2023-09-17T00:00:00,Upper_Forest_Direct Runoff,25.101462703905028
2023-09-18T00:00:00,Upper_Forest_Direct Runoff,37.281316433514526
2023-09-19T00:00:00,Upper_Forest_Direct Runoff,37.26318479016307
2023-09-20T00:00:00,Upper_Forest_Direct Runoff,33.73686631114677
2023-09-21T00:00:00,Upper_Forest_Direct Runoff,30.563179680032093
2023-09-22T00:00:00,Upper_Forest_Direct Runoff,27.706861712028882
2023-09-23T00:00:00,Upper_Forest_Direct Runoff,25.136175540825995
2023-09-24T00:00:00,Upper_Forest_Direct Runoff,23.362557986743397
2023-09-25T00:00:00,Upper_Forest_Direct Runoff,27.346302188069057
2023-09-26T00:00:00,Upper_Forest_Direct Runoff,33.721671969262154
2023-09-27T00:00:00,Upper_Forest_Direct Runoff,32.25950477233594
2023-09-28T00:00:00,Upper_Forest_Direct Runoff,29.233554295102344
2023-09-29T00:00:00,Upper_Forest_Direct Runoff,26.51019886559211
2023-09-30T00:00:00,Upper_Forest_Direct Runoff,27.119178979032895
2023-10-01T00:00:00,Upper_Forest_Direct Runoff,24.607261081129607
2023-10-02T00:00:00,Upper_Forest_Direct Runoff,22.346534973016645
2023-10-03T00:00:00,Upper_Forest_Direct Runoff,20.31188147571498
2023-10-04T00:00:00,Upper_Forest_Direct Runoff,18.48069332814348
2023-10-05T00:00:00,Upper_Forest_Direct Runoff,16.832623995329133
2023-10-06T00:00:00,Upper_Forest_Direct Runoff,15.34936159579622
2023-10-07T00:00:00,Upper_Forest_Direct Runoff,14.014425436216598
2023-10-08T00:00:00,Upper_Forest_Direct Runoff,12.812982892594938
2023-10-09T00:00:00,Upper_Forest_Direct Runoff,18.841684603335445
2023-10-10T00:00:00,Upper_Forest_Direct Runoff,18.0575161430019
2023-10-11T00:00:00,Upper_Forest_Direct Runoff,21.761764528701715
2023-10-12T00:00:00,Upper_Forest_Direct Runoff,20.685588075831543
2023-10-13T00:00:00,Upper_Forest_Direct Runoff,19.53702926824839
2023-10-14T00:00:00,Upper_Forest_Direct Runoff,22.64332634142355
2023-10-15T00:00:00,Upper_Forest_Direct Runoff,25.438993707281195
2023-10-16T00:00:00,Upper_Forest_Direct Runoff,29.665094336553075
2023-10-17T00:00:00,Upper_Forest_Direct Runoff,26.898584902897767
2023-10-18T00:00:00,Upper_Forest_Direct Runoff,25.398726412607992
2023-10-19T00:00:00,Upper_Forest_Direct Runoff,23.05885377134719
2023-10-20T00:00:00,Upper_Forest_Direct Runoff,20.952968394212473
2023-10-21T00:00:00,Upper_Forest_Direct Runoff,23.737671554791223
2023-10-22T00:00:00,Upper_Forest_Direct Runoff,21.5639043993121
2023-10-23T00:00:00,Upper_Forest_Direct Runoff,19.607513959380892
2023-10-24T00:00:00,Upper_Forest_Direct Runoff,17.8467625634428
2023-10-25T00:00:00,Upper_Forest_Direct Runoff,16.26208630709852
2023-10-26T00:00:00,Upper_Forest_Direct Runoff,14.83587767638867
2023-10-27T00:00:00,Upper_Forest_Direct Runoff,13.552289908749803
2023-10-28T00:00:00,Upper_Forest_Direct Runoff,12.397060917874823
2023-10-29T00:00:00,Upper_Forest_Direct Runoff,11.357354826087342
2023-10-30T00:00:00,Upper_Forest_Direct Runoff,12.941619343478608
2023-10-31T00:00:00,Upper_Forest_Direct Runoff,11.847457409130747
2023-11-01T00:00:00,Upper_Forest_Direct Runoff,12.482711668217673
2023-11-02T00:00:00,Upper_Forest_Direct Runoff,11.434440501395907
2023-11-03T00:00:00,Upper_Forest_Direct Runoff,10.490996451256315
2023-11-04T00:00:00,Upper_Forest_Direct Runoff,11.351896806130684
2023-11-05T00:00:00,Upper_Forest_Direct Runoff,10.416707125517615
2023-11-06T00:00:00,Upper_Forest_Direct Runoff,9.575036412965853
2023-11-07T00:00:00,Upper_Forest_Direct Runoff,26.097532771669268
2023-11-08T00:00:00,Upper_Forest_Direct Runoff,29.267779494502342
2023-11-09T00:00:00,Upper_Forest_Direct Runoff,44.45100154505211
2023-11-10T00:00:00,Upper_Forest_Direct Runoff,40.2059013905469
2023-11-11T00:00:00,Upper_Forest_Direct Runoff,36.38531125149221
2023-11-12T00:00:00,Upper_Forest_Direct Runoff,32.94678012634299
2023-11-13T00:00:00,Upper_Forest_Direct Runoff,29.852102113708693
2023-11-14T00:00:00,Upper_Forest_Direct Runoff,27.066891902337822
2023-11-15T00:00:00,Upper_Forest_Direct Runoff,24.56020271210404
2023-11-16T00:00:00,Upper_Forest_Direct Runoff,22.304182440893637
2023-11-17T00:00:00,Upper_Forest_Direct Runoff,20.273764196804272
2023-11-18T00:00:00,Upper_Forest_Direct Runoff,18.446387777123846
2023-11-19T00:00:00,Upper_Forest_Direct Runoff,19.59174899941146
2023-11-20T00:00:00,Upper_Forest_Direct Runoff,17.832574099470314
2023-11-21T00:00:00,Upper_Forest_Direct Runoff,16.249316689523283
2023-11-22T00:00:00,Upper_Forest_Direct Runoff,14.824385020570954
2023-11-23T00:00:00,Upper_Forest_Direct Runoff,29.651946518513853
2023-11-24T00:00:00,Upper_Forest_Direct Runoff,32.37675186666247
2023-11-25T00:00:00,Upper_Forest_Direct Runoff,31.229076679996222
2023-11-26T00:00:00,Upper_Forest_Direct Runoff,29.7461690119966
2023-11-27T00:00:00,Upper_Forest_Direct Runoff,37.23155211079694
2023-11-28T00:00:00,Upper_Forest_Direct Runoff,33.70839689971724
2023-11-29T00:00:00,Upper_Forest_Direct Runoff,31.707557209745517
2023-11-30T00:00:00,Upper_Forest_Direct Runoff,28.736801488770965
2023-12-01T00:00:00,Upper_Forest_Direct Runoff,30.923121339893868
2023-12-02T00:00:00,Upper_Forest_Direct Runoff,54.130809205904484
2023-12-03T00:00:00,Upper_Forest_Direct Runoff,54.947728285314035
2023-12-04T00:00:00,Upper_Forest_Direct Runoff,49.652955456782635
2023-12-05T00:00:00,Upper_Forest_Direct Runoff,44.88765991110437
2023-12-06T00:00:00,Upper_Forest_Direct Runoff,40.598893919993934
2023-12-07T00:00:00,Upper_Forest_Direct Runoff,36.73900452799454
2023-12-08T00:00:00,Upper_Forest_Direct Runoff,34.52510407519508
2023-12-09T00:00:00,Upper_Forest_Direct Runoff,31.272593667675572
2023-12-10T00:00:00,Upper_Forest_Direct Runoff,28.345334300908014
2023-12-11T00:00:00,Upper_Forest_Direct Runoff,25.710800870817213
2023-12-12T00:00:00,Upper_Forest_Direct Runoff,23.33972078373549
2023-12-13T00:00:00,Upper_Forest_Direct Runoff,22.10574870536194
2023-12-14T00:00:00,Upper_Forest_Direct Runoff,20.095173834825747
2023-12-15T00:00:00,Upper_Forest_Direct Runoff,18.285656451343172
2023-12-16T00:00:00,Upper_Forest_Direct Runoff,21.697090806208855
2023-12-17T00:00:00,Upper_Forest_Direct Runoff,19.72738172558797
2023-12-18T00:00:00,Upper_Forest_Direct Runoff,17.954643553029175
2023-12-19T00:00:00,Upper_Forest_Direct Runoff,17.79917919772626
2023-12-20T00:00:00,Upper_Forest_Direct Runoff,21.799261277953633
2023-12-21T00:00:00,Upper_Forest_Direct Runoff,21.07933515015827
2023-12-22T00:00:00,Upper_Forest_Direct Runoff,19.17140163514244
2023-12-23T00:00:00,Upper_Forest_Direct Runoff,30.144261471628194
2023-12-24T00:00:00,Upper_Forest_Direct Runoff,30.299835324465377
2023-12-25T00:00:00,Upper_Forest_Direct Runoff,27.46985179201884
2023-12-26T00:00:00,Upper_Forest_Direct Runoff,24.922866612816957
2023-12-27T00:00:00,Upper_Forest_Direct Runoff,25.780579951535262
2023-12-28T00:00:00,Upper_Forest_Direct Runoff,35.01252195638174
2023-12-29T00:00:00,Upper_Forest_Direct Runoff,33.15126976074357
2023-12-30T00:00:00,Upper_Forest_Direct Runoff,31.83614278466921
2023-12-31T00:00:00,Upper_Forest_Direct Runoff,30.742528506202287
2024-01-01T00:00:00,Upper_Forest_Direct Runoff,30.208275655582057
2024-01-02T00:00:00,Upper_Forest_Direct Runoff,29.54744809002385
2024-01-03T00:00:00,Upper_Forest_Direct Runoff,26.792703281021463
2024-01-04T00:00:00,Upper_Forest_Direct Runoff,28.18343295291932
2024-01-05T00:00:00,Upper_Forest_Direct Runoff,28.085089657627385
2024-01-06T00:00:00,Upper_Forest_Direct Runoff,25.476580691864648
2024-01-07T00:00:00,Upper_Forest_Direct Runoff,23.128922622678182
2024-01-08T00:00:00,Upper_Forest_Direct Runoff,21.016030360410365
2024-01-09T00:00:00,Upper_Forest_Direct Runoff,19.11442732436933
2024-01-10T00:00:00,Upper_Forest_Direct Runoff,17.402984591932398
2024-01-11T00:00:00,Upper_Forest_Direct Runoff,15.862686132739158
2024-01-12T00:00:00,Upper_Forest_Direct Runoff,14.476417519465242
2024-01-13T00:00:00,Upper_Forest_Direct Runoff,13.228775767518718
2024-01-14T00:00:00,Upper_Forest_Direct Runoff,12.105898190766846
2024-01-15T00:00:00,Upper_Forest_Direct Runoff,13.975308371690161
2024-01-16T00:00:00,Upper_Forest_Direct Runoff,27.357777534521144
2024-01-17T00:00:00,Upper_Forest_Direct Runoff,24.82199978106903
2024-01-18T00:00:00,Upper_Forest_Direct Runoff,23.97979980296213
2024-01-19T00:00:00,Upper_Forest_Direct Runoff,26.371819822665916
2024-01-20T00:00:00,Upper_Forest_Direct Runoff,26.814637840399325
2024-01-21T00:00:00,Upper_Forest_Direct Runoff,33.3331740563594
2024-01-22T00:00:00,Upper_Forest_Direct Runoff,30.82985665072346
2024-01-23T00:00:00,Upper_Forest_Direct Runoff,27.946870985651113
2024-01-24T00:00:00,Upper_Forest_Direct Runoff,25.352183887086003
2024-01-25T00:00:00,Upper_Forest_Direct Runoff,23.016965498377402
2024-01-26T00:00:00,Upper_Forest_Direct Runoff,20.915268948539662
2024-01-27T00:00:00,Upper_Forest_Direct Runoff,19.023742053685694
2024-01-28T00:00:00,Upper_Forest_Direct Runoff,17.321367848317124
2024-01-29T00:00:00,Upper_Forest_Direct Runoff,15.789231063485412
2024-01-30T00:00:00,Upper_Forest_Direct Runoff,17.92030795713687
2024-01-31T00:00:00,Upper_Forest_Direct Runoff,17.85827716142318
2024-02-01T00:00:00,Upper_Forest_Direct Runoff,16.272449445280863
2024-02-02T00:00:00,Upper_Forest_Direct Runoff,16.825204500752776
2024-02-03T00:00:00,Upper_Forest_Direct Runoff,15.342684050677498
2024-02-04T00:00:00,Upper_Forest_Direct Runoff,14.008415645609748
2024-02-05T00:00:00,Upper_Forest_Direct Runoff,12.807574081048774
2024-02-06T00:00:00,Upper_Forest_Direct Runoff,11.726816672943896
2024-02-07T00:00:00,Upper_Forest_Direct Runoff,10.754135005649506
2024-02-08T00:00:00,Upper_Forest_Direct Runoff,9.878721505084554
2024-02-09T00:00:00,Upper_Forest_Direct Runoff,9.090849354576099
2024-02-10T00:00:00,Upper_Forest_Direct Runoff,8.38176441911849
2024-02-11T00:00:00,Upper_Forest_Direct Runoff,8.82358797720664
2024-02-12T00:00:00,Upper_Forest_Direct Runoff,9.491229179485977
2024-02-13T00:00:00,Upper_Forest_Direct Runoff,8.74210626153738
2024-02-14T00:00:00,Upper_Forest_Direct Runoff,8.067895635383643
2024-02-15T00:00:00,Upper_Forest_Direct Runoff,9.351106071845278
2024-02-16T00:00:00,Upper_Forest_Direct Runoff,8.61599546466075
2024-02-17T00:00:00,Upper_Forest_Direct Runoff,7.954395918194676
2024-02-18T00:00:00,Upper_Forest_Direct Runoff,7.358956326375208
2024-02-19T00:00:00,Upper_Forest_Direct Runoff,6.823060693737687
2024-02-20T00:00:00,Upper_Forest_Direct Runoff,6.340754624363918
2024-02-21T00:00:00,Upper_Forest_Direct Runoff,5.906679161927526
2024-02-22T00:00:00,Upper_Forest_Direct Runoff,5.516011245734774
2024-02-23T00:00:00,Upper_Forest_Direct Runoff,5.164410121161296
2024-02-24T00:00:00,Upper_Forest_Direct Runoff,4.847969109045167
2024-02-25T00:00:00,Upper_Forest_Direct Runoff,6.1831721981406496
2024-02-26T00:00:00,Upper_Forest_Direct Runoff,5.764854978326585
2024-02-27T00:00:00,Upper_Forest_Direct Runoff,5.388369480493926
2024-02-28T00:00:00,Upper_Forest_Direct Runoff,17.379532532444532
2024-02-29T00:00:00,Upper_Forest_Direct Runoff,21.15157927920008
2024-03-01T00:00:00,Upper_Forest_Direct Runoff,21.306421351280076
2024-03-02T00:00:00,Upper_Forest_Direct Runoff,20.54577921615207
2024-03-03T00:00:00,Upper_Forest_Direct Runoff,18.691201294536864
2024-03-04T00:00:00,Upper_Forest_Direct Runoff,17.02208116508318
2024-03-05T00:00:00,Upper_Forest_Direct Runoff,15.519873048574862
2024-03-06T00:00:00,Upper_Forest_Direct Runoff,19.027885743717377
2024-03-07T00:00:00,Upper_Forest_Direct Runoff,23.44509716934564
2024-03-08T00:00:00,Upper_Forest_Direct Runoff,21.300587452411076
2024-03-09T00:00:00,Upper_Forest_Direct Runoff,20.09052870716997
2024-03-10T00:00:00,Upper_Forest_Direct Runoff,18.281475836452973
2024-03-11T00:00:00,Upper_Forest_Direct Runoff,18.363328252807676
2024-03-12T00:00:00,Upper_Forest_Direct Runoff,16.72699542752691
2024-03-13T00:00:00,Upper_Forest_Direct Runoff,19.75429588477422
2024-03-14T00:00:00,Upper_Forest_Direct Runoff,17.978866296296797
2024-03-15T00:00:00,Upper_Forest_Direct Runoff,16.380979666667116
2024-03-16T00:00:00,Upper_Forest_Direct Runoff,15.842881700000405
2024-03-17T00:00:00,Upper_Forest_Direct Runoff,17.608593530000363
2024-03-18T00:00:00,Upper_Forest_Direct Runoff,16.947734177000328
2024-03-19T00:00:00,Upper_Forest_Direct Runoff,16.622960759300295
2024-03-20T00:00:00,Upper_Forest_Direct Runoff,16.780664683370265
2024-03-21T00:00:00,Upper_Forest_Direct Runoff,15.302598215033239
2024-03-22T00:00:00,Upper_Forest_Direct Runoff,13.972338393529915
2024-03-23T00:00:00,Upper_Forest_Direct Runoff,13.585104554176924
2024-03-24T00:00:00,Upper_Forest_Direct Runoff,13.236594098759232
2024-03-25T00:00:00,Upper_Forest_Direct Runoff,13.282934688883309
2024-03-26T00:00:00,Upper_Forest_Direct Runoff,14.584641219994976
2024-03-27T00:00:00,Upper_Forest_Direct Runoff,16.836177097995478
2024-03-28T00:00:00,Upper_Forest_Direct Runoff,18.68255938819593
2024-03-29T00:00:00,Upper_Forest_Direct Runoff,17.014303449376335
2024-03-30T00:00:00,Upper_Forest_Direct Runoff,15.512873104438702
2024-03-31T00:00:00,Upper_Forest_Direct Runoff,17.311585793994833
2024-04-01T00:00:00,Upper_Forest_Direct Runoff,16.68042721459535
2024-04-02T00:00:00,Upper_Forest_Direct Runoff,18.632384493135817
2024-04-03T00:00:00,Upper_Forest_Direct Runoff,16.969146043822235
2024-04-04T00:00:00,Upper_Forest_Direct Runoff,15.472231439440012
2024-04-05T00:00:00,Upper_Forest_Direct Runoff,15.295008295496011
2024-04-06T00:00:00,Upper_Forest_Direct Runoff,13.96550746594641
2024-04-07T00:00:00,Upper_Forest_Direct Runoff,12.768956719351769
2024-04-08T00:00:00,Upper_Forest_Direct Runoff,11.692061047416592
2024-04-09T00:00:00,Upper_Forest_Direct Runoff,14.682854942674933
2024-04-10T00:00:00,Upper_Forest_Direct Runoff,13.41456944840744
2024-04-11T00:00:00,Upper_Forest_Direct Runoff,12.273112503566695
2024-04-12T00:00:00,Upper_Forest_Direct Runoff,12.685801253210025
2024-04-13T00:00:00,Upper_Forest_Direct Runoff,11.617221127889023
2024-04-14T00:00:00,Upper_Forest_Direct Runoff,10.655499015100121
2024-04-15T00:00:00,Upper_Forest_Direct Runoff,9.789949113590108
2024-04-16T00:00:00,Upper_Forest_Direct Runoff,9.910954202231098
2024-04-17T00:00:00,Upper_Forest_Direct Runoff,14.339858782007987
2024-04-18T00:00:00,Upper_Forest_Direct Runoff,13.105872903807189
2024-04-19T00:00:00,Upper_Forest_Direct Runoff,11.99528561342647
2024-04-20T00:00:00,Upper_Forest_Direct Runoff,10.995757052083823
2024-04-21T00:00:00,Upper_Forest_Direct Runoff,10.81618134687544
2024-04-22T00:00:00,Upper_Forest_Direct Runoff,9.934563212187896
2024-04-23T00:00:00,Upper_Forest_Direct Runoff,9.141106890969107
2024-04-24T00:00:00,Upper_Forest_Direct Runoff,8.426996201872196
2024-04-25T00:00:00,Upper_Forest_Direct Runoff,7.784296581684977
2024-04-26T00:00:00,Upper_Forest_Direct Runoff,7.20586692351648
2024-04-27T00:00:00,Upper_Forest_Direct Runoff,6.685280231164832
2024-04-28T00:00:00,Upper_Forest_Direct Runoff,6.216752208048349
2024-04-29T00:00:00,Upper_Forest_Direct Runoff,7.775076987243514
2024-04-30T00:00:00,Upper_Forest_Direct Runoff,7.197569288519163
2024-05-01T00:00:00,Upper_Forest_Direct Runoff,6.6778123596672465
2024-05-02T00:00:00,Upper_Forest_Direct Runoff,7.830031123700523
2024-05-03T00:00:00,Upper_Forest_Direct Runoff,7.24702801133047
2024-05-04T00:00:00,Upper_Forest_Direct Runoff,6.722325210197424
2024-05-05T00:00:00,Upper_Forest_Direct Runoff,6.250092689177682
2024-05-06T00:00:00,Upper_Forest_Direct Runoff,5.825083420259913
2024-05-07T00:00:00,Upper_Forest_Direct Runoff,6.972575078233922
2024-05-08T00:00:00,Upper_Forest_Direct Runoff,8.725317570410532
2024-05-09T00:00:00,Upper_Forest_Direct Runoff,14.35278581336948
2024-05-10T00:00:00,Upper_Forest_Direct Runoff,14.91750723203253
2024-05-11T00:00:00,Upper_Forest_Direct Runoff,15.515756508829279
2024-05-12T00:00:00,Upper_Forest_Direct Runoff,14.16418085794635
2024-05-13T00:00:00,Upper_Forest_Direct Runoff,14.747762772151713
2024-05-14T00:00:00,Upper_Forest_Direct Runoff,15.992986494936542
2024-05-15T00:00:00,Upper_Forest_Direct Runoff,16.573687845442887
2024-05-16T00:00:00,Upper_Forest_Direct Runoff,16.916319060898598
2024-05-17T00:00:00,Upper_Forest_Direct Runoff,15.424687154808737
2024-05-18T00:00:00,Upper_Forest_Direct Runoff,14.082218439327864
2024-05-19T00:00:00,Upper_Forest_Direct Runoff,12.873996595395077
2024-05-20T00:00:00,Upper_Forest_Direct Runoff,12.41659693585557
2024-05-21T00:00:00,Upper_Forest_Direct Runoff,12.004937242270012
2024-05-22T00:00:00,Upper_Forest_Direct Runoff,11.004443518043011
2024-05-23T00:00:00,Upper_Forest_Direct Runoff,10.10399916623871
2024-05-24T00:00:00,Upper_Forest_Direct Runoff,9.29359924961484
2024-05-25T00:00:00,Upper_Forest_Direct Runoff,8.564239324653355
2024-05-26T00:00:00,Upper_Forest_Direct Runoff,7.90781539218802
2024-05-27T00:00:00,Upper_Forest_Direct Runoff,7.317033852969218
2024-05-28T00:00:00,Upper_Forest_Direct Runoff,6.7853304676722965
2024-05-29T00:00:00,Upper_Forest_Direct Runoff,6.306797420905067
2024-05-30T00:00:00,Upper_Forest_Direct Runoff,5.87611767881456
2024-05-31T00:00:00,Upper_Forest_Direct Runoff,5.488505910933104
2024-06-01T00:00:00,Upper_Forest_Direct Runoff,5.139655319839793
2024-06-02T00:00:00,Upper_Forest_Direct Runoff,4.825689787855814
2024-06-03T00:00:00,Upper_Forest_Direct Runoff,4.543120809070233
2024-06-04T00:00:00,Upper_Forest_Direct Runoff,4.28880872816321
2024-06-05T00:00:00,Upper_Forest_Direct Runoff,4.059927855346889
2024-06-06T00:00:00,Upper_Forest_Direct Runoff,3.8539350698122004
2024-06-07T00:00:00,Upper_Forest_Direct Runoff,3.6685415628309803
2024-06-08T00:00:00,Upper_Forest_Direct Runoff,3.5016874065478825
2024-06-09T00:00:00,Upper_Forest_Direct Runoff,3.351518665893094
2024-06-10T00:00:00,Upper_Forest_Direct Runoff,3.2163667993037848
2024-06-11T00:00:00,Upper_Forest_Direct Runoff,3.0947301193734065
2024-06-12T00:00:00,Upper_Forest_Direct Runoff,2.9852571074360656
2024-06-13T00:00:00,Upper_Forest_Direct Runoff,2.886731396692459
2024-06-14T00:00:00,Upper_Forest_Direct Runoff,2.798058257023213
2024-06-15T00:00:00,Upper_Forest_Direct Runoff,2.7182524313208916
2024-06-16T00:00:00,Upper_Forest_Direct Runoff,2.6464271881888024
2024-06-17T00:00:00,Upper_Forest_Direct Runoff,2.5817844693699223
2024-06-18T00:00:00,Upper_Forest_Direct Runoff,2.52360602243293
2024-06-19T00:00:00,Upper_Forest_Direct Runoff,2.471245420189637
2024-06-20T00:00:00,Upper_Forest_Direct Runoff,2.4241208781706733
2024-06-21T00:00:00,Upper_Forest_Direct Runoff,2.381708790353606
2024-06-22T00:00:00,Upper_Forest_Direct Runoff,2.3435379113182453
2024-06-23T00:00:00,Upper_Forest_Direct Runoff,2.309184120186421
2024-06-24T00:00:00,Upper_Forest_Direct Runoff,2.278265708167779
2024-06-25T00:00:00,Upper_Forest_Direct Runoff,2.250439137351001
2024-06-26T00:00:00,Upper_Forest_Direct Runoff,2.2253952236159007
2024-06-27T00:00:00,Upper_Forest_Direct Runoff,2.2028557012543106
2024-06-28T00:00:00,Upper_Forest_Direct Runoff,2.1825701311288794
2024-06-29T00:00:00,Upper_Forest_Direct Runoff,2.1643131180159916
2024-06-30T00:00:00,Upper_Forest_Direct Runoff,2.1478818062143925
2024-07-01T00:00:00,Upper_Forest_Direct Runoff,2.133093625592953
2024-07-02T00:00:00,Upper_Forest_Direct Runoff,2.1197842630336576
2024-07-03T00:00:00,Upper_Forest_Direct Runoff,2.107805836730292
2024-07-04T00:00:00,Upper_Forest_Direct Runoff,2.097025253057263
2024-07-05T00:00:00,Upper_Forest_Direct Runoff,2.0873227277515367
2024-07-06T00:00:00,Upper_Forest_Direct Runoff,2.078590454976383
2024-07-07T00:00:00,Upper_Forest_Direct Runoff,2.0707314094787446
2024-07-08T00:00:00,Upper_Forest_Direct Runoff,2.06365826853087
2024-07-09T00:00:00,Upper_Forest_Direct Runoff,2.057292441677783
2024-07-10T00:00:00,Upper_Forest_Direct Runoff,2.0515631975100046
2024-07-11T00:00:00,Upper_Forest_Direct Runoff,2.0464068777590043
2024-07-12T00:00:00,Upper_Forest_Direct Runoff,2.041766189983104
2024-07-13T00:00:00,Upper_Forest_Direct Runoff,13.197589570984794
2024-07-14T00:00:00,Upper_Forest_Direct Runoff,15.677830613886316
2024-07-15T00:00:00,Upper_Forest_Direct Runoff,14.310047552497684
2024-07-16T00:00:00,Upper_Forest_Direct Runoff,15.959042797247916
2024-07-17T00:00:00,Upper_Forest_Direct Runoff,18.343138517523126
2024-07-18T00:00:00,Upper_Forest_Direct Runoff,18.058824665770814
2024-07-19T00:00:00,Upper_Forest_Direct Runoff,23.742942199193735
2024-07-20T00:00:00,Upper_Forest_Direct Runoff,22.91864797927436
2024-07-21T00:00:00,Upper_Forest_Direct Runoff,20.826783181346926
2024-07-22T00:00:00,Upper_Forest_Direct Runoff,18.94410486321223
2024-07-23T00:00:00,Upper_Forest_Direct Runoff,19.229694376891008
2024-07-24T00:00:00,Upper_Forest_Direct Runoff,17.506724939201906
2024-07-25T00:00:00,Upper_Forest_Direct Runoff,15.956052445281715
2024-07-26T00:00:00,Upper_Forest_Direct Runoff,14.560447200753543
2024-07-27T00:00:00,Upper_Forest_Direct Runoff,13.304402480678188
2024-07-28T00:00:00,Upper_Forest_Direct Runoff,12.17396223261037
2024-07-29T00:00:00,Upper_Forest_Direct Runoff,11.156566009349334
2024-07-30T00:00:00,Upper_Forest_Direct Runoff,10.2409094084144
2024-07-31T00:00:00,Upper_Forest_Direct Runoff,9.41681846757296
2024-08-01T00:00:00,Upper_Forest_Direct Runoff,8.675136620815664
2024-08-02T00:00:00,Upper_Forest_Direct Runoff,8.007622958734098
2024-08-03T00:00:00,Upper_Forest_Direct Runoff,7.406860662860688
2024-08-04T00:00:00,Upper_Forest_Direct Runoff,6.866174596574619
2024-08-05T00:00:00,Upper_Forest_Direct Runoff,6.379557136917157
2024-08-06T00:00:00,Upper_Forest_Direct Runoff,5.941601423225441
2024-08-07T00:00:00,Upper_Forest_Direct Runoff,5.547441280902897
2024-08-08T00:00:00,Upper_Forest_Direct Runoff,6.992697152812607
2024-08-09T00:00:00,Upper_Forest_Direct Runoff,9.193427437531346
2024-08-10T00:00:00,Upper_Forest_Direct Runoff,9.464084693778211
2024-08-11T00:00:00,Upper_Forest_Direct Runoff,8.71767622440039
2024-08-12T00:00:00,Upper_Forest_Direct Runoff,8.045908601960353
2024-08-13T00:00:00,Upper_Forest_Direct Runoff,7.441317741764317
2024-08-14T00:00:00,Upper_Forest_Direct Runoff,8.697185967587885
2024-08-15T00:00:00,Upper_Forest_Direct Runoff,8.027467370829097
2024-08-16T00:00:00,Upper_Forest_Direct Runoff,7.424720633746187
2024-08-17T00:00:00,Upper_Forest_Direct Runoff,6.882248570371568
2024-08-18T00:00:00,Upper_Forest_Direct Runoff,6.394023713334412
2024-08-19T00:00:00,Upper_Forest_Direct Runoff,7.394621342000971
2024-08-20T00:00:00,Upper_Forest_Direct Runoff,6.855159207800874
2024-08-21T00:00:00,Upper_Forest_Direct Runoff,7.989643287020787
2024-08-22T00:00:00,Upper_Forest_Direct Runoff,7.390678958318708
2024-08-23T00:00:00,Upper_Forest_Direct Runoff,6.851611062486837
2024-08-24T00:00:00,Upper_Forest_Direct Runoff,6.366449956238154
2024-08-25T00:00:00,Upper_Forest_Direct Runoff,5.929804960614338
2024-08-26T00:00:00,Upper_Forest_Direct Runoff,7.786824464552904
2024-08-27T00:00:00,Upper_Forest_Direct Runoff,8.558142018097614
2024-08-28T00:00:00,Upper_Forest_Direct Runoff,7.902327816287853
2024-08-29T00:00:00,Upper_Forest_Direct Runoff,8.662095034659067
2024-08-30T00:00:00,Upper_Forest_Direct Runoff,7.995885531193161
2024-08-31T00:00:00,Upper_Forest_Direct Runoff,7.396296978073845
2024-09-01T00:00:00,Upper_Forest_Direct Runoff,10.81666728026646
2024-09-02T00:00:00,Upper_Forest_Direct Runoff,9.935000552239813
2024-09-03T00:00:00,Upper_Forest_Direct Runoff,9.141500497015832
2024-09-04T00:00:00,Upper_Forest_Direct Runoff,8.427350447314248
2024-09-05T00:00:00,Upper_Forest_Direct Runoff,7.784615402582824
2024-09-06T00:00:00,Upper_Forest_Direct Runoff,7.206153862324541
2024-09-07T00:00:00,Upper_Forest_Direct Runoff,6.685538476092087
2024-09-08T00:00:00,Upper_Forest_Direct Runoff,6.216984628482878
2024-09-09T00:00:00,Upper_Forest_Direct Runoff,12.815286165634589
2024-09-10T00:00:00,Upper_Forest_Direct Runoff,17.94375754907113
2024-09-11T00:00:00,Upper_Forest_Direct Runoff,16.349381794164017
2024-09-12T00:00:00,Upper_Forest_Direct Runoff,14.914443614747615
2024-09-13T00:00:00,Upper_Forest_Direct Runoff,20.012999253272852
2024-09-14T00:00:00,Upper_Forest_Direct Runoff,20.191699327945567
2024-09-15T00:00:00,Upper_Forest_Direct Runoff,22.42252939515101
2024-09-16T00:00:00,Upper_Forest_Direct Runoff,20.380276455635908
2024-09-17T00:00:00,Upper_Forest_Direct Runoff,18.542248810072316
2024-09-18T00:00:00,Upper_Forest_Direct Runoff,16.888023929065085
2024-09-19T00:00:00,Upper_Forest_Direct Runoff,17.559221536158574
2024-09-20T00:00:00,Upper_Forest_Direct Runoff,16.003299382542718
2024-09-21T00:00:00,Upper_Forest_Direct Runoff,14.602969444288446
2024-09-22T00:00:00,Upper_Forest_Direct Runoff,13.342672499859601
2024-09-23T00:00:00,Upper_Forest_Direct Runoff,12.20840524987364
2024-09-24T00:00:00,Upper_Forest_Direct Runoff,11.187564724886277
2024-09-25T00:00:00,Upper_Forest_Direct Runoff,15.84880825239765
2024-09-26T00:00:00,Upper_Forest_Direct Runoff,14.463927427157884
2024-09-27T00:00:00,Upper_Forest_Direct Runoff,13.217534684442096
2024-09-28T00:00:00,Upper_Forest_Direct Runoff,12.095781215997887
2024-09-29T00:00:00,Upper_Forest_Direct Runoff,11.086203094398098
2024-09-30T00:00:00,Upper_Forest_Direct Runoff,10.177582784958288
2024-10-01T00:00:00,Upper_Forest_Direct Runoff,9.35982450646246
2024-10-02T00:00:00,Upper_Forest_Direct Runoff,8.623842055816214
2024-10-03T00:00:00,Upper_Forest_Direct Runoff,7.961457850234592
2024-10-04T00:00:00,Upper_Forest_Direct Runoff,7.365312065211133
2024-10-05T00:00:00,Upper_Forest_Direct Runoff,6.82878085869002
2024-10-06T00:00:00,Upper_Forest_Direct Runoff,6.345902772821018
2024-10-07T00:00:00,Upper_Forest_Direct Runoff,5.911312495538915
2024-10-08T00:00:00,Upper_Forest_Direct Runoff,5.5201812459850235
2024-10-09T00:00:00,Upper_Forest_Direct Runoff,6.428163121386522
2024-10-10T00:00:00,Upper_Forest_Direct Runoff,14.08534680924787
2024-10-11T00:00:00,Upper_Forest_Direct Runoff,12.876812128323083
2024-10-12T00:00:00,Upper_Forest_Direct Runoff,11.789130915490775
2024-10-13T00:00:00,Upper_Forest_Direct Runoff,10.810217823941697
2024-10-14T00:00:00,Upper_Forest_Direct Runoff,9.929196041547527
2024-10-15T00:00:00,Upper_Forest_Direct Runoff,9.136276437392775
2024-10-16T00:00:00,Upper_Forest_Direct Runoff,8.422648793653497
2024-10-17T00:00:00,Upper_Forest_Direct Runoff,7.780383914288148
2024-10-18T00:00:00,Upper_Forest_Direct Runoff,7.202345522859333
2024-10-19T00:00:00,Upper_Forest_Direct Runoff,6.682110970573399
2024-10-20T00:00:00,Upper_Forest_Direct Runoff,6.213899873516059
2024-10-21T00:00:00,Upper_Forest_Direct Runoff,5.792509886164453
2024-10-22T00:00:00,Upper_Forest_Direct Runoff,5.413258897548007
2024-10-23T00:00:00,Upper_Forest_Direct Runoff,5.0719330077932065
2024-10-24T00:00:00,Upper_Forest_Direct Runoff,4.764739707013886
2024-10-25T00:00:00,Upper_Forest_Direct Runoff,4.488265736312497
2024-10-26T00:00:00,Upper_Forest_Direct Runoff,4.239439162681248
2024-10-27T00:00:00,Upper_Forest_Direct Runoff,4.015495246413123
2024-10-28T00:00:00,Upper_Forest_Direct Runoff,4.713945721771811
2024-10-29T00:00:00,Upper_Forest_Direct Runoff,4.44255114959463
2024-10-30T00:00:00,Upper_Forest_Direct Runoff,22.91829603463517
2024-10-31T00:00:00,Upper_Forest_Direct Runoff,24.696466431171654
2024-11-01T00:00:00,Upper_Forest_Direct Runoff,24.76681978805449
2024-11-02T00:00:00,Upper_Forest_Direct Runoff,22.490137809249042
2024-11-03T00:00:00,Upper_Forest_Direct Runoff,21.701124028324138
2024-11-04T00:00:00,Upper_Forest_Direct Runoff,19.731011625491725
2024-11-05T00:00:00,Upper_Forest_Direct Runoff,17.957910462942554
2024-11-06T00:00:00,Upper_Forest_Direct Runoff,16.362119416648298
2024-11-07T00:00:00,Upper_Forest_Direct Runoff,14.925907474983468
2024-11-08T00:00:00,Upper_Forest_Direct Runoff,29.653316727485127
2024-11-09T00:00:00,Upper_Forest_Direct Runoff,26.887985054736614
2024-11-10T00:00:00,Upper_Forest_Direct Runoff,24.399186549262954
2024-11-11T00:00:00,Upper_Forest_Direct Runoff,33.859267894336654
2024-11-12T00:00:00,Upper_Forest_Direct Runoff,30.67334110490299
2024-11-13T00:00:00,Upper_Forest_Direct Runoff,27.80600699441269
2024-11-14T00:00:00,Upper_Forest_Direct Runoff,26.935406294971422
2024-11-15T00:00:00,Upper_Forest_Direct Runoff,24.44186566547428
2024-11-16T00:00:00,Upper_Forest_Direct Runoff,23.36767909892685
2024-11-17T00:00:00,Upper_Forest_Direct Runoff,21.230911189034163
2024-11-18T00:00:00,Upper_Forest_Direct Runoff,25.427820070130746
2024-11-19T00:00:00,Upper_Forest_Direct Runoff,23.085038063117672
2024-11-20T00:00:00,Upper_Forest_Direct Runoff,20.976534256805905
2024-11-21T00:00:00,Upper_Forest_Direct Runoff,19.078880831125314
2024-11-22T00:00:00,Upper_Forest_Direct Runoff,17.37099274801278
2024-11-23T00:00:00,Upper_Forest_Direct Runoff,15.833893473211504
2024-11-24T00:00:00,Upper_Forest_Direct Runoff,14.450504125890353
2024-11-25T00:00:00,Upper_Forest_Direct Runoff,13.205453713301317
2024-11-26T00:00:00,Upper_Forest_Direct Runoff,12.084908341971186
2024-11-27T00:00:00,Upper_Forest_Direct Runoff,11.076417507774067
2024-11-28T00:00:00,Upper_Forest_Direct Runoff,10.168775756996661
2024-11-29T00:00:00,Upper_Forest_Direct Runoff,9.351898181296995
2024-11-30T00:00:00,Upper_Forest_Direct Runoff,11.226708363167296
2024-12-01T00:00:00,Upper_Forest_Direct Runoff,17.414037526850567
2024-12-02T00:00:00,Upper_Forest_Direct Runoff,17.22263377416551
2024-12-03T00:00:00,Upper_Forest_Direct Runoff,17.050370396748956
2024-12-04T00:00:00,Upper_Forest_Direct Runoff,15.54533335707406
2024-12-05T00:00:00,Upper_Forest_Direct Runoff,14.190800021366654
2024-12-06T00:00:00,Upper_Forest_Direct Runoff,12.971720019229988
2024-12-07T00:00:00,Upper_Forest_Direct Runoff,11.874548017306989
2024-12-08T00:00:00,Upper_Forest_Direct Runoff,10.88709321557629
2024-12-09T00:00:00,Upper_Forest_Direct Runoff,9.99838389401866
2024-12-10T00:00:00,Upper_Forest_Direct Runoff,9.198545504616794
2024-12-11T00:00:00,Upper_Forest_Direct Runoff,8.478690954155114
2024-12-12T00:00:00,Upper_Forest_Direct Runoff,7.830821858739602
2024-12-13T00:00:00,Upper_Forest_Direct Runoff,7.2477396728656425
2024-12-14T00:00:00,Upper_Forest_Direct Runoff,6.722965705579078
2024-12-15T00:00:00,Upper_Forest_Direct Runoff,6.2506691350211705
2024-12-16T00:00:00,Upper_Forest_Direct Runoff,12.485602221519054
2024-12-17T00:00:00,Upper_Forest_Direct Runoff,17.827041999367147
2024-12-18T00:00:00,Upper_Forest_Direct Runoff,20.47433779943043
2024-12-19T00:00:00,Upper_Forest_Direct Runoff,18.626904019487387
2024-12-20T00:00:00,Upper_Forest_Direct Runoff,20.56421361753865
2024-12-21T00:00:00,Upper_Forest_Direct Runoff,18.707792255784785
2024-12-22T00:00:00,Upper_Forest_Direct Runoff,17.037013030206307
2024-12-23T00:00:00,Upper_Forest_Direct Runoff,16.793311727185674
2024-12-24T00:00:00,Upper_Forest_Direct Runoff,16.75398055446711
2024-12-25T00:00:00,Upper_Forest_Direct Runoff,15.278582499020398
2024-12-26T00:00:00,Upper_Forest_Direct Runoff,13.950724249118359
2024-12-27T00:00:00,Upper_Forest_Direct Runoff,12.755651824206524
2024-12-28T00:00:00,Upper_Forest_Direct Runoff,13.840086641785872
2024-12-29T00:00:00,Upper_Forest_Direct Runoff,12.656077977607286
2024-12-30T00:00:00,Upper_Forest_Direct Runoff,11.590470179846557
2024-12-31T00:00:00,Upper_Forest_Direct Runoff,10.631423161861902
2025-01-01T00:00:00,Upper_Forest_Direct Runoff,9.768280845675712
2025-01-02T00:00:00,Upper_Forest_Direct Runoff,8.99145276110814
2025-01-03T00:00:00,Upper_Forest_Direct Runoff,8.292307484997327
2025-01-04T00:00:00,Upper_Forest_Direct Runoff,7.663076736497594
2025-01-05T00:00:00,Upper_Forest_Direct Runoff,13.306769062847835
2025-01-06T00:00:00,Upper_Forest_Direct Runoff,12.176092156563051
2025-01-07T00:00:00,Upper_Forest_Direct Runoff,11.158482940906746
2025-01-08T00:00:00,Upper_Forest_Direct Runoff,15.822634646816072
2025-01-09T00:00:00,Upper_Forest_Direct Runoff,14.440371182134465
2025-01-10T00:00:00,Upper_Forest_Direct Runoff,13.196334063921018
2025-01-11T00:00:00,Upper_Forest_Direct Runoff,12.076700657528916
2025-01-12T00:00:00,Upper_Forest_Direct Runoff,11.069030591776023
2025-01-13T00:00:00,Upper_Forest_Direct Runoff,10.16212753259842
2025-01-14T00:00:00,Upper_Forest_Direct Runoff,9.345914779338578
2025-01-15T00:00:00,Upper_Forest_Direct Runoff,8.61132330140472
2025-01-16T00:00:00,Upper_Forest_Direct Runoff,7.950190971264249
2025-01-17T00:00:00,Upper_Forest_Direct Runoff,19.145171874137827
2025-01-18T00:00:00,Upper_Forest_Direct Runoff,17.430654686724044
2025-01-19T00:00:00,Upper_Forest_Direct Runoff,15.88758921805164
2025-01-20T00:00:00,Upper_Forest_Direct Runoff,14.498830296246474
2025-01-21T00:00:00,Upper_Forest_Direct Runoff,13.248947266621826
2025-01-22T00:00:00,Upper_Forest_Direct Runoff,17.254052539959645
2025-01-23T00:00:00,Upper_Forest_Direct Runoff,17.25864728596368
2025-01-24T00:00:00,Upper_Forest_Direct Runoff,15.732782557367312
2025-01-25T00:00:00,Upper_Forest_Direct Runoff,16.699504301630583
2025-01-26T00:00:00,Upper_Forest_Direct Runoff,15.229553871467525
2025-01-27T00:00:00,Upper_Forest_Direct Runoff,15.886598484320773
2025-01-28T00:00:00,Upper_Forest_Direct Runoff,27.277938635888695
2025-01-29T00:00:00,Upper_Forest_Direct Runoff,24.750144772299826
2025-01-30T00:00:00,Upper_Forest_Direct Runoff,22.475130295069842
2025-01-31T00:00:00,Upper_Forest_Direct Runoff,21.687617265562857
2025-02-01T00:00:00,Upper_Forest_Direct Runoff,21.24885553900657
2025-02-02T00:00:00,Upper_Forest_Direct Runoff,19.32396998510591
2025-02-03T00:00:00,Upper_Forest_Direct Runoff,25.42157298659532
2025-02-04T00:00:00,Upper_Forest_Direct Runoff,31.17941568793579
2025-02-05T00:00:00,Upper_Forest_Direct Runoff,31.321474119142213
2025-02-06T00:00:00,Upper_Forest_Direct Runoff,29.649326707227992
2025-02-07T00:00:00,Upper_Forest_Direct Runoff,29.404394036505188
2025-02-08T00:00:00,Upper_Forest_Direct Runoff,26.66395463285467
2025-02-09T00:00:00,Upper_Forest_Direct Runoff,33.28755916956921
2025-02-10T00:00:00,Upper_Forest_Direct Runoff,31.598803252612285
2025-02-11T00:00:00,Upper_Forest_Direct Runoff,28.638922927351057
2025-02-12T00:00:00,Upper_Forest_Direct Runoff,28.58503063461595
2025-02-13T00:00:00,Upper_Forest_Direct Runoff,25.926527571154356
2025-02-14T00:00:00,Upper_Forest_Direct Runoff,24.073874814038923
2025-02-15T00:00:00,Upper_Forest_Direct Runoff,24.20648733263503
2025-02-16T00:00:00,Upper_Forest_Direct Runoff,21.98583859937153
2025-02-17T00:00:00,Upper_Forest_Direct Runoff,19.987254739434377
2025-02-18T00:00:00,Upper_Forest_Direct Runoff,19.35852926549094
2025-02-19T00:00:00,Upper_Forest_Direct Runoff,17.622676338941847
2025-02-20T00:00:00,Upper_Forest_Direct Runoff,17.680408705047665
2025-02-21T00:00:00,Upper_Forest_Direct Runoff,17.1023678345429
2025-02-22T00:00:00,Upper_Forest_Direct Runoff,15.592131051088609
2025-02-23T00:00:00,Upper_Forest_Direct Runoff,14.232917945979748
2025-02-24T00:00:00,Upper_Forest_Direct Runoff,13.009626151381774
2025-02-25T00:00:00,Upper_Forest_Direct Runoff,11.908663536243596
2025-02-26T00:00:00,Upper_Forest_Direct Runoff,12.087797182619237
2025-02-27T00:00:00,Upper_Forest_Direct Runoff,11.079017464357314
2025-02-28T00:00:00,Upper_Forest_Direct Runoff,10.171115717921582
2025-03-01T00:00:00,Upper_Forest_Direct Runoff,9.354004146129423
2025-03-02T00:00:00,Upper_Forest_Direct Runoff,8.618603731516481
2025-03-03T00:00:00,Upper_Forest_Direct Runoff,7.956743358364833
2025-03-04T00:00:00,Upper_Forest_Direct Runoff,7.3610690225283495
2025-03-05T00:00:00,Upper_Forest_Direct Runoff,12.134962120275516
2025-03-06T00:00:00,Upper_Forest_Direct Runoff,11.121465908247965
2025-03-07T00:00:00,Upper_Forest_Direct Runoff,13.899319317423167
2025-03-08T00:00:00,Upper_Forest_Direct Runoff,14.50938738568085
2025-03-09T00:00:00,Upper_Forest_Direct Runoff,13.258448647112765
2025-03-10T00:00:00,Upper_Forest_Direct Runoff,12.132603782401489
2025-03-11T00:00:00,Upper_Forest_Direct Runoff,12.10934340416134
2025-03-12T00:00:00,Upper_Forest_Direct Runoff,11.098409063745207
2025-03-13T00:00:00,Upper_Forest_Direct Runoff,10.188568157370685
2025-03-14T00:00:00,Upper_Forest_Direct Runoff,9.369711341633616
2025-03-15T00:00:00,Upper_Forest_Direct Runoff,8.632740207470254
2025-03-16T00:00:00,Upper_Forest_Direct Runoff,10.489466186723227
2025-03-17T00:00:00,Upper_Forest_Direct Runoff,10.900519568050905
2025-03-18T00:00:00,Upper_Forest_Direct Runoff,10.010467611245815
2025-03-19T00:00:00,Upper_Forest_Direct Runoff,9.209420850121234
2025-03-20T00:00:00,Upper_Forest_Direct Runoff,8.488478765109111
2025-03-21T00:00:00,Upper_Forest_Direct Runoff,10.4496308885982
2025-03-22T00:00:00,Upper_Forest_Direct Runoff,9.60466779973838
2025-03-23T00:00:00,Upper_Forest_Direct Runoff,10.554201019764541
2025-03-24T00:00:00,Upper_Forest_Direct Runoff,9.698780917788087
2025-03-25T00:00:00,Upper_Forest_Direct Runoff,11.448902826009277
2025-03-26T00:00:00,Upper_Forest_Direct Runoff,11.67401254340835
2025-03-27T00:00:00,Upper_Forest_Direct Runoff,14.486611289067516
2025-03-28T00:00:00,Upper_Forest_Direct Runoff,15.577950160160764
2025-03-29T00:00:00,Upper_Forest_Direct Runoff,20.790155144144688
2025-03-30T00:00:00,Upper_Forest_Direct Runoff,18.91113962973022
2025-03-31T00:00:00,Upper_Forest_Direct Runoff,17.220025666757195
2025-04-01T00:00:00,Upper_Forest_Direct Runoff,15.698023100081475
2025-04-02T00:00:00,Upper_Forest_Direct Runoff,14.328220790073328
2025-04-03T00:00:00,Upper_Forest_Direct Runoff,13.095398711065995
2025-04-04T00:00:00,Upper_Forest_Direct Runoff,12.615858839959394
2025-04-05T00:00:00,Upper_Forest_Direct Runoff,12.544272955963454
2025-04-06T00:00:00,Upper_Forest_Direct Runoff,14.72984566036711
2025-04-07T00:00:00,Upper_Forest_Direct Runoff,14.086861094330398
2025-04-08T00:00:00,Upper_Forest_Direct Runoff,14.228174984897358
2025-04-09T00:00:00,Upper_Forest_Direct Runoff,14.895357486407622
2025-04-10T00:00:00,Upper_Forest_Direct Runoff,14.145821737766859
2025-04-11T00:00:00,Upper_Forest_Direct Runoff,23.461239563990173
2025-04-12T00:00:00,Upper_Forest_Direct Runoff,23.475115607591153
2025-04-13T00:00:00,Upper_Forest_Direct Runoff,22.407604046832038
2025-04-14T00:00:00,Upper_Forest_Direct Runoff,20.366843642148833
2025-04-15T00:00:00,Upper_Forest_Direct Runoff,18.53015927793395
2025-04-16T00:00:00,Upper_Forest_Direct Runoff,16.877143350140557
2025-04-17T00:00:00,Upper_Forest_Direct Runoff,16.1994290151265
2025-04-18T00:00:00,Upper_Forest_Direct Runoff,14.779486113613851
2025-04-19T00:00:00,Upper_Forest_Direct Runoff,13.501537502252466
2025-04-20T00:00:00,Upper_Forest_Direct Runoff,12.35138375202722
2025-04-21T00:00:00,Upper_Forest_Direct Runoff,11.316245376824497
2025-04-22T00:00:00,Upper_Forest_Direct Runoff,10.384620839142048
2025-04-23T00:00:00,Upper_Forest_Direct Runoff,9.546158755227843
2025-04-24T00:00:00,Upper_Forest_Direct Runoff,8.791542879705059
2025-04-25T00:00:00,Upper_Forest_Direct Runoff,8.112388591734552
2025-04-26T00:00:00,Upper_Forest_Direct Runoff,7.501149732561097
2025-04-27T00:00:00,Upper_Forest_Direct Runoff,6.951034759304987
2025-04-28T00:00:00,Upper_Forest_Direct Runoff,6.455931283374488
2025-04-29T00:00:00,Upper_Forest_Direct Runoff,6.82033815503704
2025-04-30T00:00:00,Upper_Forest_Direct Runoff,6.338304339533336
2025-05-01T00:00:00,Upper_Forest_Direct Runoff,5.904473905580002
2025-05-02T00:00:00,Upper_Forest_Direct Runoff,5.514026515022002
2025-05-03T00:00:00,Upper_Forest_Direct Runoff,9.752623863519801
2025-05-04T00:00:00,Upper_Forest_Direct Runoff,8.977361477167822
2025-05-05T00:00:00,Upper_Forest_Direct Runoff,9.269625329451038
2025-05-06T00:00:00,Upper_Forest_Direct Runoff,8.542662796505935
2025-05-07T00:00:00,Upper_Forest_Direct Runoff,7.888396516855341
2025-05-08T00:00:00,Upper_Forest_Direct Runoff,7.299556865169807
2025-05-09T00:00:00,Upper_Forest_Direct Runoff,6.7696011786528265
2025-05-10T00:00:00,Upper_Forest_Direct Runoff,14.392641060787545
2025-05-11T00:00:00,Upper_Forest_Direct Runoff,14.05337695470879
2025-05-12T00:00:00,Upper_Forest_Direct Runoff,13.928039259237911
2025-05-13T00:00:00,Upper_Forest_Direct Runoff,14.53523533331412
2025-05-14T00:00:00,Upper_Forest_Direct Runoff,14.181711799982708
2025-05-15T00:00:00,Upper_Forest_Direct Runoff,12.963540619984437
2025-05-16T00:00:00,Upper_Forest_Direct Runoff,14.027186557985994
2025-05-17T00:00:00,Upper_Forest_Direct Runoff,12.824467902187394
2025-05-18T00:00:00,Upper_Forest_Direct Runoff,13.722021111968653
2025-05-19T00:00:00,Upper_Forest_Direct Runoff,13.269819000771788
2025-05-20T00:00:00,Upper_Forest_Direct Runoff,12.14283710069461
2025-05-21T00:00:00,Upper_Forest_Direct Runoff,11.128553390625148
2025-05-22T00:00:00,Upper_Forest_Direct Runoff,13.635698051562633
2025-05-23T00:00:00,Upper_Forest_Direct Runoff,14.63212824640637
2025-05-24T00:00:00,Upper_Forest_Direct Runoff,23.448915421765733
2025-05-25T00:00:00,Upper_Forest_Direct Runoff,21.30402387958916
2025-05-26T00:00:00,Upper_Forest_Direct Runoff,19.373621491630242
2025-05-27T00:00:00,Upper_Forest_Direct Runoff,17.63625934246722
2025-05-28T00:00:00,Upper_Forest_Direct Runoff,16.072633408220497
2025-05-29T00:00:00,Upper_Forest_Direct Runoff,14.665370067398447
2025-05-30T00:00:00,Upper_Forest_Direct Runoff,15.468833060658602
2025-05-31T00:00:00,Upper_Forest_Direct Runoff,14.121949754592741
2025-06-01T00:00:00,Upper_Forest_Direct Runoff,12.909754779133467
2025-06-02T00:00:00,Upper_Forest_Direct Runoff,15.32877930122012
2025-06-03T00:00:00,Upper_Forest_Direct Runoff,13.995901371098107
2025-06-04T00:00:00,Upper_Forest_Direct Runoff,12.796311233988297
2025-06-05T00:00:00,Upper_Forest_Direct Runoff,11.716680110589467
2025-06-06T00:00:00,Upper_Forest_Direct Runoff,10.74501209953052
2025-06-07T00:00:00,Upper_Forest_Direct Runoff,9.870510889577467
2025-06-08T00:00:00,Upper_Forest_Direct Runoff,9.083459800619721
2025-06-09T00:00:00,Upper_Forest_Direct Runoff,8.375113820557749
2025-06-10T00:00:00,Upper_Forest_Direct Runoff,9.537602438501974
2025-06-11T00:00:00,Upper_Forest_Direct Runoff,8.783842194651777
2025-06-12T00:00:00,Upper_Forest_Direct Runoff,8.1054579751866
2025-06-13T00:00:00,Upper_Forest_Direct Runoff,7.494912177667939
2025-06-14T00:00:00,Upper_Forest_Direct Runoff,22.335420959901146
2025-06-15T00:00:00,Upper_Forest_Direct Runoff,20.301878863911032
2025-06-16T00:00:00,Upper_Forest_Direct Runoff,21.26169097751993
2025-06-17T00:00:00,Upper_Forest_Direct Runoff,19.33552187976794
2025-06-18T00:00:00,Upper_Forest_Direct Runoff,17.601969691791144
2025-06-19T00:00:00,Upper_Forest_Direct Runoff,26.031772722612025
2025-06-20T00:00:00,Upper_Forest_Direct Runoff,24.70859545035082
2025-06-21T00:00:00,Upper_Forest_Direct Runoff,22.437735905315737
2025-06-22T00:00:00,Upper_Forest_Direct Runoff,20.39396231478416
2025-06-23T00:00:00,Upper_Forest_Direct Runoff,18.554566083305744
2025-06-24T00:00:00,Upper_Forest_Direct Runoff,16.89910947497517
2025-06-25T00:00:00,Upper_Forest_Direct Runoff,16.759198527477654
2025-06-26T00:00:00,Upper_Forest_Direct Runoff,15.283278674729889
2025-06-27T00:00:00,Upper_Forest_Direct Runoff,13.9549508072569
2025-06-28T00:00:00,Upper_Forest_Direct Runoff,12.75945572653121
2025-06-29T00:00:00,Upper_Forest_Direct Runoff,11.683510153878089
2025-06-30T00:00:00,Upper_Forest_Direct Runoff,10.71515913849028
2025-07-01T00:00:00,Upper_Forest_Direct Runoff,9.843643224641252
2025-07-02T00:00:00,Upper_Forest_Direct Runoff,9.059278902177127
2025-07-03T00:00:00,Upper_Forest_Direct Runoff,8.353351011959415
2025-07-04T00:00:00,Upper_Forest_Direct Runoff,7.718015910763473
2025-07-05T00:00:00,Upper_Forest_Direct Runoff,7.146214319687125
2025-07-06T00:00:00,Upper_Forest_Direct Runoff,6.631592887718413
2025-07-07T00:00:00,Upper_Forest_Direct Runoff,9.76843359894657
2025-07-08T00:00:00,Upper_Forest_Direct Runoff,16.641590239051915
2025-07-09T00:00:00,Upper_Forest_Direct Runoff,25.257431215146724
2025-07-10T00:00:00,Upper_Forest_Direct Runoff,22.93168809363205
2025-07-11T00:00:00,Upper_Forest_Direct Runoff,20.838519284268845
2025-07-12T00:00:00,Upper_Forest_Direct Runoff,18.95466735584196
2025-07-13T00:00:00,Upper_Forest_Direct Runoff,18.879200620257762
2025-07-14T00:00:00,Upper_Forest_Direct Runoff,17.191280558231988
2025-07-15T00:00:00,Upper_Forest_Direct Runoff,15.672152502408789
2025-07-16T00:00:00,Upper_Forest_Direct Runoff,14.30493725216791
2025-07-17T00:00:00,Upper_Forest_Direct Runoff,13.07444352695112
2025-07-18T00:00:00,Upper_Forest_Direct Runoff,12.956999174256007
2025-07-19T00:00:00,Upper_Forest_Direct Runoff,11.861299256830407
2025-07-20T00:00:00,Upper_Forest_Direct Runoff,10.875169331147365
2025-07-21T00:00:00,Upper_Forest_Direct Runoff,9.987652398032628
2025-07-22T00:00:00,Upper_Forest_Direct Runoff,9.188887158229365
2025-07-23T00:00:00,Upper_Forest_Direct Runoff,8.469998442406428
2025-07-24T00:00:00,Upper_Forest_Direct Runoff,7.8229985981657855
2025-07-25T00:00:00,Upper_Forest_Direct Runoff,7.240698738349207
2025-07-26T00:00:00,Upper_Forest_Direct Runoff,6.716628864514286
2025-07-27T00:00:00,Upper_Forest_Direct Runoff,6.244965978062857
2025-07-28T00:00:00,Upper_Forest_Direct Runoff,5.820469380256571
2025-07-29T00:00:00,Upper_Forest_Direct Runoff,5.438422442230914
2025-07-30T00:00:00,Upper_Forest_Direct Runoff,5.094580198007823
2025-07-31T00:00:00,Upper_Forest_Direct Runoff,15.045122178207041
2025-08-01T00:00:00,Upper_Forest_Direct Runoff,13.740609960386337
2025-08-02T00:00:00,Upper_Forest_Direct Runoff,12.566548964347703
2025-08-03T00:00:00,Upper_Forest_Direct Runoff,11.509894067912933
2025-08-04T00:00:00,Upper_Forest_Direct Runoff,10.55890466112164
2025-08-05T00:00:00,Upper_Forest_Direct Runoff,9.703014195009475
2025-08-06T00:00:00,Upper_Forest_Direct Runoff,10.552712775508528
2025-08-07T00:00:00,Upper_Forest_Direct Runoff,15.367441497957676
2025-08-08T00:00:00,Upper_Forest_Direct Runoff,19.61069734816191
2025-08-09T00:00:00,Upper_Forest_Direct Runoff,20.36962761334572
2025-08-10T00:00:00,Upper_Forest_Direct Runoff,20.242664852011146
2025-08-11T00:00:00,Upper_Forest_Direct Runoff,21.11839836681003
2025-08-12T00:00:00,Upper_Forest_Direct Runoff,19.206558530129026
2025-08-13T00:00:00,Upper_Forest_Direct Runoff,17.485902677116123
2025-08-14T00:00:00,Upper_Forest_Direct Runoff,15.93731240940451
2025-08-15T00:00:00,Upper_Forest_Direct Runoff,14.54358116846406
2025-08-16T00:00:00,Upper_Forest_Direct Runoff,13.289223051617654
2025-08-17T00:00:00,Upper_Forest_Direct Runoff,12.160300746455889
2025-08-18T00:00:00,Upper_Forest_Direct Runoff,11.1442706718103
2025-08-19T00:00:00,Upper_Forest_Direct Runoff,28.22984360462927
2025-08-20T00:00:00,Upper_Forest_Direct Runoff,25.606859244166344
2025-08-21T00:00:00,Upper_Forest_Direct Runoff,23.24617331974971
2025-08-22T00:00:00,Upper_Forest_Direct Runoff,21.121555987774737
2025-08-23T00:00:00,Upper_Forest_Direct Runoff,19.209400388997263
2025-08-24T00:00:00,Upper_Forest_Direct Runoff,17.488460350097537
2025-08-25T00:00:00,Upper_Forest_Direct Runoff,15.939614315087782
2025-08-26T00:00:00,Upper_Forest_Direct Runoff,14.545652883579004
2025-08-27T00:00:00,Upper_Forest_Direct Runoff,13.291087595221104
2025-08-28T00:00:00,Upper_Forest_Direct Runoff,12.161978835698994
2025-08-29T00:00:00,Upper_Forest_Direct Runoff,11.145780952129094
2025-08-30T00:00:00,Upper_Forest_Direct Runoff,15.091202856916183
2025-08-31T00:00:00,Upper_Forest_Direct Runoff,16.662082571224566
2025-09-01T00:00:00,Upper_Forest_Direct Runoff,15.19587431410211
2025-09-02T00:00:00,Upper_Forest_Direct Runoff,13.876286882691899
2025-09-03T00:00:00,Upper_Forest_Direct Runoff,14.66865819442271
2025-09-04T00:00:00,Upper_Forest_Direct Runoff,13.401792374980438
2025-09-05T00:00:00,Upper_Forest_Direct Runoff,12.261613137482394
2025-09-06T00:00:00,Upper_Forest_Direct Runoff,11.235451823734154
2025-09-07T00:00:00,Upper_Forest_Direct Runoff,10.31190664136074
2025-09-08T00:00:00,Upper_Forest_Direct Runoff,9.480715977224666
2025-09-09T00:00:00,Upper_Forest_Direct Runoff,8.732644379502199
2025-09-10T00:00:00,Upper_Forest_Direct Runoff,8.05937994155198
2025-09-11T00:00:00,Upper_Forest_Direct Runoff,7.453441947396781
2025-09-12T00:00:00,Upper_Forest_Direct Runoff,11.678097752657102
2025-09-13T00:00:00,Upper_Forest_Direct Runoff,10.710287977391392
2025-09-14T00:00:00,Upper_Forest_Direct Runoff,9.839259179652252
2025-09-15T00:00:00,Upper_Forest_Direct Runoff,9.055333261687027
2025-09-16T00:00:00,Upper_Forest_Direct Runoff,8.349799935518323
2025-09-17T00:00:00,Upper_Forest_Direct Runoff,7.714819941966491
2025-09-18T00:00:00,Upper_Forest_Direct Runoff,8.313337947769842
2025-09-19T00:00:00,Upper_Forest_Direct Runoff,15.782004152992858
2025-09-20T00:00:00,Upper_Forest_Direct Runoff,14.403803737693572
2025-09-21T00:00:00,Upper_Forest_Direct Runoff,13.163423363924215
2025-09-22T00:00:00,Upper_Forest_Direct Runoff,13.487081027531794
2025-09-23T00:00:00,Upper_Forest_Direct Runoff,13.418372924778613
2025-09-24T00:00:00,Upper_Forest_Direct Runoff,12.276535632300751
2025-09-25T00:00:00,Upper_Forest_Direct Runoff,11.248882069070676
2025-09-26T00:00:00,Upper_Forest_Direct Runoff,10.323993862163608
2025-09-27T00:00:00,Upper_Forest_Direct Runoff,15.521594475947246
2025-09-28T00:00:00,Upper_Forest_Direct Runoff,23.52943502835252
2025-09-29T00:00:00,Upper_Forest_Direct Runoff,21.376491525517267
2025-09-30T00:00:00,Upper_Forest_Direct Runoff,19.43884237296554
2025-10-01T00:00:00,Upper_Forest_Direct Runoff,17.694958135668983
2025-10-02T00:00:00,Upper_Forest_Direct Runoff,16.125462322102084
2025-10-03T00:00:00,Upper_Forest_Direct Runoff,17.322916089891876
2025-10-04T00:00:00,Upper_Forest_Direct Runoff,15.79062448090269
2025-10-05T00:00:00,Upper_Forest_Direct Runoff,14.41156203281242
2025-10-06T00:00:00,Upper_Forest_Direct Runoff,13.170405829531177
2025-10-07T00:00:00,Upper_Forest_Direct Runoff,12.053365246578059
2025-10-08T00:00:00,Upper_Forest_Direct Runoff,11.048028721920254
2025-10-09T00:00:00,Upper_Forest_Direct Runoff,10.143225849728228
2025-10-10T00:00:00,Upper_Forest_Direct Runoff,9.328903264755406
2025-10-11T00:00:00,Upper_Forest_Direct Runoff,8.596012938279864
2025-10-12T00:00:00,Upper_Forest_Direct Runoff,7.936411644451878
2025-10-13T00:00:00,Upper_Forest_Direct Runoff,7.34277048000669
2025-10-14T00:00:00,Upper_Forest_Direct Runoff,6.8084934320060215
2025-10-15T00:00:00,Upper_Forest_Direct Runoff,6.327644088805419
2025-10-16T00:00:00,Upper_Forest_Direct Runoff,5.894879679924878
2025-10-17T00:00:00,Upper_Forest_Direct Runoff,5.50539171193239
2025-10-18T00:00:00,Upper_Forest_Direct Runoff,5.154852540739151
2025-10-19T00:00:00,Upper_Forest_Direct Runoff,5.919367286665237
2025-10-20T00:00:00,Upper_Forest_Direct Runoff,5.527430557998713
2025-10-21T00:00:00,Upper_Forest_Direct Runoff,11.744687502198841
2025-10-22T00:00:00,Upper_Forest_Direct Runoff,10.770218751978957
2025-10-23T00:00:00,Upper_Forest_Direct Runoff,9.893196876781062
2025-10-24T00:00:00,Upper_Forest_Direct Runoff,9.103877189102956
2025-10-25T00:00:00,Upper_Forest_Direct Runoff,8.39348947019266
2025-10-26T00:00:00,Upper_Forest_Direct Runoff,7.754140523173394
2025-10-27T00:00:00,Upper_Forest_Direct Runoff,7.178726470856055
2025-10-28T00:00:00,Upper_Forest_Direct Runoff,6.6608538237704495
2025-10-29T00:00:00,Upper_Forest_Direct Runoff,6.194768441393404
2025-10-30T00:00:00,Upper_Forest_Direct Runoff,22.515291597254063
2025-10-31T00:00:00,Upper_Forest_Direct Runoff,20.463762437528658
2025-11-01T00:00:00,Upper_Forest_Direct Runoff,18.617386193775793
2025-11-02T00:00:00,Upper_Forest_Direct Runoff,25.775647574398214
2025-11-03T00:00:00,Upper_Forest_Direct Runoff,23.398082816958393
2025-11-04T00:00:00,Upper_Forest_Direct Runoff,21.258274535262554
2025-11-05T00:00:00,Upper_Forest_Direct Runoff,20.7724470817363
2025-11-06T00:00:00,Upper_Forest_Direct Runoff,33.56520237356267
2025-11-07T00:00:00,Upper_Forest_Direct Runoff,40.7586821362064
2025-11-08T00:00:00,Upper_Forest_Direct Runoff,36.88281392258576
2025-11-09T00:00:00,Upper_Forest_Direct Runoff,39.244532530327184
2025-11-10T00:00:00,Upper_Forest_Direct Runoff,35.520079277294464
2025-11-11T00:00:00,Upper_Forest_Direct Runoff,41.888071349565024
2025-11-12T00:00:00,Upper_Forest_Direct Runoff,37.89926421460852
2025-11-13T00:00:00,Upper_Forest_Direct Runoff,38.719337793147666
2025-11-14T00:00:00,Upper_Forest_Direct Runoff,35.0474040138329
2025-11-15T00:00:00,Upper_Forest_Direct Runoff,36.872663612449614
2025-11-16T00:00:00,Upper_Forest_Direct Runoff,33.38539725120465
2025-11-17T00:00:00,Upper_Forest_Direct Runoff,35.37685752608419
2025-11-18T00:00:00,Upper_Forest_Direct Runoff,33.92917177347577
2025-11-19T00:00:00,Upper_Forest_Direct Runoff,35.95625459612819
2025-11-20T00:00:00,Upper_Forest_Direct Runoff,36.07062913651537
2025-11-21T00:00:00,Upper_Forest_Direct Runoff,32.663566222863835
2025-11-22T00:00:00,Upper_Forest_Direct Runoff,29.59720960057745
2025-11-23T00:00:00,Upper_Forest_Direct Runoff,31.51748864051971
2025-11-24T00:00:00,Upper_Forest_Direct Runoff,29.64573977646774
2025-11-25T00:00:00,Upper_Forest_Direct Runoff,29.311165798820966
2025-11-26T00:00:00,Upper_Forest_Direct Runoff,29.550049218938867
2025-11-27T00:00:00,Upper_Forest_Direct Runoff,26.79504429704498
2025-11-28T00:00:00,Upper_Forest_Direct Runoff,24.315539867340483
2025-11-29T00:00:00,Upper_Forest_Direct Runoff,22.083985880606434
2025-11-30T00:00:00,Upper_Forest_Direct Runoff,20.07558729254579
2025-12-01T00:00:00,Upper_Forest_Direct Runoff,18.26802856329121
2025-12-02T00:00:00,Upper_Forest_Direct Runoff,16.64122570696209
2025-12-03T00:00:00,Upper_Forest_Direct Runoff,15.177103136265881
2025-12-04T00:00:00,Upper_Forest_Direct Runoff,13.859392822639293
2025-12-05T00:00:00,Upper_Forest_Direct Runoff,12.673453540375364
2025-12-06T00:00:00,Upper_Forest_Direct Runoff,11.606108186337828
2025-12-07T00:00:00,Upper_Forest_Direct Runoff,10.645497367704046
2025-12-08T00:00:00,Upper_Forest_Direct Runoff,9.78094763093364
2025-12-09T00:00:00,Upper_Forest_Direct Runoff,13.232852867840277
2025-12-10T00:00:00,Upper_Forest_Direct Runoff,12.10956758105625
2025-12-11T00:00:00,Upper_Forest_Direct Runoff,11.098610822950626
2025-12-12T00:00:00,Upper_Forest_Direct Runoff,10.188749740655563
2025-12-13T00:00:00,Upper_Forest_Direct Runoff,9.369874766590007
2025-12-14T00:00:00,Upper_Forest_Direct Runoff,8.632887289931006
2025-12-15T00:00:00,Upper_Forest_Direct Runoff,7.969598560937905
2025-12-16T00:00:00,Upper_Forest_Direct Runoff,7.372638704844115
2025-12-17T00:00:00,Upper_Forest_Direct Runoff,6.835374834359703
2025-12-18T00:00:00,Upper_Forest_Direct Runoff,6.3518373509237325
2025-12-19T00:00:00,Upper_Forest_Direct Runoff,5.916653615831359
2025-12-20T00:00:00,Upper_Forest_Direct Runoff,5.524988254248224
2025-12-21T00:00:00,Upper_Forest_Direct Runoff,5.172489428823401
2025-12-22T00:00:00,Upper_Forest_Direct Runoff,25.37524048594106
2025-12-23T00:00:00,Upper_Forest_Direct Runoff,25.01771643734695
2025-12-24T00:00:00,Upper_Forest_Direct Runoff,22.715944793612255
2025-12-25T00:00:00,Upper_Forest_Direct Runoff,23.34435031425103
2025-12-26T00:00:00,Upper_Forest_Direct Runoff,26.339915282825928
2025-12-27T00:00:00,Upper_Forest_Direct Runoff,23.905923754543334
2025-12-28T00:00:00,Upper_Forest_Direct Runoff,21.715331379089
2025-12-29T00:00:00,Upper_Forest_Direct Runoff,19.7437982411801
2025-12-30T00:00:00,Upper_Forest_Direct Runoff,17.96941841706209
2025-12-31T00:00:00,Upper_Forest_Direct Runoff,16.372476575355883
2026-01-01T00:00:00,Upper_Forest_Direct Runoff,14.935228917820295
2026-01-02T00:00:00,Upper_Forest_Direct Runoff,15.441706026038267
2026-01-03T00:00:00,Upper_Forest_Direct Runoff,14.09753542343444
2026-01-04T00:00:00,Upper_Forest_Direct Runoff,12.887781881090996
2026-01-05T00:00:00,Upper_Forest_Direct Runoff,11.799003692981897
2026-01-06T00:00:00,Upper_Forest_Direct Runoff,11.719103323683708
2026-01-07T00:00:00,Upper_Forest_Direct Runoff,30.54719299131534
2026-01-08T00:00:00,Upper_Forest_Direct Runoff,33.362473692183805
2026-01-09T00:00:00,Upper_Forest_Direct Runoff,32.38622632296542
2026-01-10T00:00:00,Upper_Forest_Direct Runoff,29.347603690668876
2026-01-11T00:00:00,Upper_Forest_Direct Runoff,26.61284332160199
2026-01-12T00:00:00,Upper_Forest_Direct Runoff,33.06155898944179
2026-01-13T00:00:00,Upper_Forest_Direct Runoff,29.95540309049761
2026-01-14T00:00:00,Upper_Forest_Direct Runoff,27.15986278144785
2026-01-15T00:00:00,Upper_Forest_Direct Runoff,24.643876503303062
2026-01-16T00:00:00,Upper_Forest_Direct Runoff,22.379488852972756
2026-01-17T00:00:00,Upper_Forest_Direct Runoff,20.34153996767548
2026-01-18T00:00:00,Upper_Forest_Direct Runoff,30.477385970907935
2026-01-19T00:00:00,Upper_Forest_Direct Runoff,29.06964737381714
2026-01-20T00:00:00,Upper_Forest_Direct Runoff,28.252682636435427
2026-01-21T00:00:00,Upper_Forest_Direct Runoff,25.627414372791883
2026-01-22T00:00:00,Upper_Forest_Direct Runoff,23.264672935512696
2026-01-23T00:00:00,Upper_Forest_Direct Runoff,21.948205641961426
2026-01-24T00:00:00,Upper_Forest_Direct Runoff,21.573385077765284
2026-01-25T00:00:00,Upper_Forest_Direct Runoff,21.956046569988757
2026-01-26T00:00:00,Upper_Forest_Direct Runoff,19.960441912989882
2026-01-27T00:00:00,Upper_Forest_Direct Runoff,18.164397721690893
2026-01-28T00:00:00,Upper_Forest_Direct Runoff,16.547957949521802
2026-01-29T00:00:00,Upper_Forest_Direct Runoff,15.093162154569622
2026-01-30T00:00:00,Upper_Forest_Direct Runoff,13.783845939112659
2026-01-31T00:00:00,Upper_Forest_Direct Runoff,12.605461345201393
2026-02-01T00:00:00,Upper_Forest_Direct Runoff,19.914915210681254
2026-02-02T00:00:00,Upper_Forest_Direct Runoff,18.12342368961313
2026-02-03T00:00:00,Upper_Forest_Direct Runoff,17.771081320651817
2026-02-04T00:00:00,Upper_Forest_Direct Runoff,16.193973188586636
2026-02-05T00:00:00,Upper_Forest_Direct Runoff,14.774575869727972
2026-02-06T00:00:00,Upper_Forest_Direct Runoff,18.537118282755173
2026-02-07T00:00:00,Upper_Forest_Direct Runoff,16.883406454479655
2026-02-08T00:00:00,Upper_Forest_Direct Runoff,15.395065809031689
2026-02-09T00:00:00,Upper_Forest_Direct Runoff,15.045559228128521
2026-02-10T00:00:00,Upper_Forest_Direct Runoff,18.151003305315673
2026-02-11T00:00:00,Upper_Forest_Direct Runoff,16.535902974784104
2026-02-12T00:00:00,Upper_Forest_Direct Runoff,15.082312677305694
2026-02-13T00:00:00,Upper_Forest_Direct Runoff,13.774081409575125
2026-02-14T00:00:00,Upper_Forest_Direct Runoff,12.596673268617613
2026-02-15T00:00:00,Upper_Forest_Direct Runoff,11.53700594175585
2026-02-16T00:00:00,Upper_Forest_Direct Runoff,10.583305347580266
2026-02-17T00:00:00,Upper_Forest_Direct Runoff,9.72497481282224
2026-02-18T00:00:00,Upper_Forest_Direct Runoff,8.952477331540015
2026-02-19T00:00:00,Upper_Forest_Direct Runoff,8.257229598386013
2026-02-20T00:00:00,Upper_Forest_Direct Runoff,8.441506638547413
2026-02-21T00:00:00,Upper_Forest_Direct Runoff,8.517355974692672
2026-02-22T00:00:00,Upper_Forest_Direct Runoff,7.865620377223404
2026-02-23T00:00:00,Upper_Forest_Direct Runoff,7.279058339501064
2026-02-24T00:00:00,Upper_Forest_Direct Runoff,10.801152505550956
2026-02-25T00:00:00,Upper_Forest_Direct Runoff,9.921037254995861
2026-02-26T00:00:00,Upper_Forest_Direct Runoff,9.128933529496274
2026-02-27T00:00:00,Upper_Forest_Direct Runoff,8.416040176546646
2026-02-28T00:00:00,Upper_Forest_Direct Runoff,7.774436158891982
2026-03-01T00:00:00,Upper_Forest_Direct Runoff,7.196992543002784
2026-03-02T00:00:00,Upper_Forest_Direct Runoff,6.677293288702505
2026-03-03T00:00:00,Upper_Forest_Direct Runoff,6.209563959832255
2026-03-04T00:00:00,Upper_Forest_Direct Runoff,5.7886075638490295
2026-03-05T00:00:00,Upper_Forest_Direct Runoff,5.409746807464127
2026-03-06T00:00:00,Upper_Forest_Direct Runoff,5.068772126717715
2026-03-07T00:00:00,Upper_Forest_Direct Runoff,6.381894914045943
2026-03-08T00:00:00,Upper_Forest_Direct Runoff,6.753705422641349
2026-03-09T00:00:00,Upper_Forest_Direct Runoff,8.618334880377214
2026-03-10T00:00:00,Upper_Forest_Direct Runoff,7.956501392339492
2026-03-11T00:00:00,Upper_Forest_Direct Runoff,7.360851253105543
2026-03-12T00:00:00,Upper_Forest_Direct Runoff,8.534766127794988
2026-03-13T00:00:00,Upper_Forest_Direct Runoff,7.88128951501549
2026-03-14T00:00:00,Upper_Forest_Direct Runoff,12.243160563513939
2026-03-15T00:00:00,Upper_Forest_Direct Runoff,11.218844507162546
2026-03-16T00:00:00,Upper_Forest_Direct Runoff,10.296960056446292
2026-03-17T00:00:00,Upper_Forest_Direct Runoff,11.537264050801664
2026-03-18T00:00:00,Upper_Forest_Direct Runoff,10.583537645721497
2026-03-19T00:00:00,Upper_Forest_Direct Runoff,12.60518388114935
2026-03-20T00:00:00,Upper_Forest_Direct Runoff,16.674665493034414
2026-03-21T00:00:00,Upper_Forest_Direct Runoff,15.207198943730972
2026-03-22T00:00:00,Upper_Forest_Direct Runoff,13.886479049357876
2026-03-23T00:00:00,Upper_Forest_Direct Runoff,14.227831144422087
2026-03-24T00:00:00,Upper_Forest_Direct Runoff,13.005048029979879
2026-03-25T00:00:00,Upper_Forest_Direct Runoff,11.904543226981891
2026-03-26T00:00:00,Upper_Forest_Direct Runoff,10.914088904283702
2026-03-27T00:00:00,Upper_Forest_Direct Runoff,10.022680013855332
2026-03-28T00:00:00,Upper_Forest_Direct Runoff,9.220412012469799
2026-03-29T00:00:00,Upper_Forest_Direct Runoff,8.49837081122282
2026-03-30T00:00:00,Upper_Forest_Direct Runoff,7.848533730100538
2026-03-31T00:00:00,Upper_Forest_Direct Runoff,9.423680357090484
2026-04-01T00:00:00,Upper_Forest_Direct Runoff,8.681312321381435
2026-04-02T00:00:00,Upper_Forest_Direct Runoff,8.013181089243291
2026-04-03T00:00:00,Upper_Forest_Direct Runoff,8.491862980318961
2026-04-04T00:00:00,Upper_Forest_Direct Runoff,8.652676682287066
2026-04-05T00:00:00,Upper_Forest_Direct Runoff,7.987409014058359
2026-04-06T00:00:00,Upper_Forest_Direct Runoff,7.388668112652524
2026-04-07T00:00:00,Upper_Forest_Direct Runoff,6.849801301387272
2026-04-08T00:00:00,Upper_Forest_Direct Runoff,6.994821171248545
2026-04-09T00:00:00,Upper_Forest_Direct Runoff,7.845339054123691
2026-04-10T00:00:00,Upper_Forest_Direct Runoff,9.330805148711322
2026-04-11T00:00:00,Upper_Forest_Direct Runoff,8.59772463384019
2026-04-12T00:00:00,Upper_Forest_Direct Runoff,16.487952170456172
2026-04-13T00:00:00,Upper_Forest_Direct Runoff,16.749156953410555
2026-04-14T00:00:00,Upper_Forest_Direct Runoff,20.4942412580695
2026-04-15T00:00:00,Upper_Forest_Direct Runoff,18.64481713226255
2026-04-16T00:00:00,Upper_Forest_Direct Runoff,16.980335419036294
2026-04-17T00:00:00,Upper_Forest_Direct Runoff,22.142301877132663
2026-04-18T00:00:00,Upper_Forest_Direct Runoff,20.128071689419397
2026-04-19T00:00:00,Upper_Forest_Direct Runoff,18.315264520477456
2026-04-20T00:00:00,Upper_Forest_Direct Runoff,17.67373806842971
2026-04-21T00:00:00,Upper_Forest_Direct Runoff,16.916364261586736
2026-04-22T00:00:00,Upper_Forest_Direct Runoff,15.424727835428062
2026-04-23T00:00:00,Upper_Forest_Direct Runoff,17.412255051885253
2026-04-24T00:00:00,Upper_Forest_Direct Runoff,19.381029546696727
2026-04-25T00:00:00,Upper_Forest_Direct Runoff,17.642926592027052
2026-04-26T00:00:00,Upper_Forest_Direct Runoff,17.248633932824347
2026-04-27T00:00:00,Upper_Forest_Direct Runoff,15.723770539541913
2026-04-28T00:00:00,Upper_Forest_Direct Runoff,18.85139348558772
2026-04-29T00:00:00,Upper_Forest_Direct Runoff,17.16625413702895
2026-04-30T00:00:00,Upper_Forest_Direct Runoff,19.159628723326055
2026-05-01T00:00:00,Upper_Forest_Direct Runoff,18.25366585099345
2026-05-02T00:00:00,Upper_Forest_Direct Runoff,20.138299265894105
2026-05-03T00:00:00,Upper_Forest_Direct Runoff,28.494469339304693
2026-05-04T00:00:00,Upper_Forest_Direct Runoff,31.065022405374222
2026-05-05T00:00:00,Upper_Forest_Direct Runoff,32.2085201648368
2026-05-06T00:00:00,Upper_Forest_Direct Runoff,31.257668148353115
2026-05-07T00:00:00,Upper_Forest_Direct Runoff,28.331901333517806
2026-05-08T00:00:00,Upper_Forest_Direct Runoff,25.698711200166024
2026-05-09T00:00:00,Upper_Forest_Direct Runoff,23.328840080149423
2026-05-10T00:00:00,Upper_Forest_Direct Runoff,21.19595607213448
2026-05-11T00:00:00,Upper_Forest_Direct Runoff,21.70636046492103
2026-05-12T00:00:00,Upper_Forest_Direct Runoff,19.735724418428926
2026-05-13T00:00:00,Upper_Forest_Direct Runoff,17.962151976586036
2026-05-14T00:00:00,Upper_Forest_Direct Runoff,16.36593677892743
2026-05-15T00:00:00,Upper_Forest_Direct Runoff,14.929343101034688
2026-05-16T00:00:00,Upper_Forest_Direct Runoff,13.636408790931219
2026-05-17T00:00:00,Upper_Forest_Direct Runoff,12.472767911838098
2026-05-18T00:00:00,Upper_Forest_Direct Runoff,11.425491120654288
2026-05-19T00:00:00,Upper_Forest_Direct Runoff,10.482942008588859
2026-05-20T00:00:00,Upper_Forest_Direct Runoff,9.634647807729973
2026-05-21T00:00:00,Upper_Forest_Direct Runoff,8.871183026956976
2026-05-22T00:00:00,Upper_Forest_Direct Runoff,8.184064724261278
2026-05-23T00:00:00,Upper_Forest_Direct Runoff,7.56565825183515
2026-05-24T00:00:00,Upper_Forest_Direct Runoff,12.319092426651636
2026-05-25T00:00:00,Upper_Forest_Direct Runoff,11.287183183986473
2026-05-26T00:00:00,Upper_Forest_Direct Runoff,11.978464865587826
2026-05-27T00:00:00,Upper_Forest_Direct Runoff,10.980618379029043
2026-05-28T00:00:00,Upper_Forest_Direct Runoff,10.082556541126138
2026-05-29T00:00:00,Upper_Forest_Direct Runoff,9.274300887013524
2026-05-30T00:00:00,Upper_Forest_Direct Runoff,8.546870798312172
2026-05-31T00:00:00,Upper_Forest_Direct Runoff,7.892183718480955
2026-06-01T00:00:00,Upper_Forest_Direct Runoff,9.102965346632859
2026-06-02T00:00:00,Upper_Forest_Direct Runoff,8.392668811969573
2026-06-03T00:00:00,Upper_Forest_Direct Runoff,10.093401930772615
2026-06-04T00:00:00,Upper_Forest_Direct Runoff,9.284061737695353
2026-06-05T00:00:00,Upper_Forest_Direct Runoff,13.055655563925818
2026-06-06T00:00:00,Upper_Forest_Direct Runoff,12.850090007533236
2026-06-07T00:00:00,Upper_Forest_Direct Runoff,11.765081006779912
2026-06-08T00:00:00,Upper_Forest_Direct Runoff,10.78857290610192
2026-06-09T00:00:00,Upper_Forest_Direct Runoff,9.909715615491729
2026-06-10T00:00:00,Upper_Forest_Direct Runoff,9.118744053942557
2026-06-11T00:00:00,Upper_Forest_Direct Runoff,8.406869648548302
2026-06-12T00:00:00,Upper_Forest_Direct Runoff,7.766182683693471
2026-06-13T00:00:00,Upper_Forest_Direct Runoff,7.189564415324124
2026-06-14T00:00:00,Upper_Forest_Direct Runoff,6.670607973791712
2026-06-15T00:00:00,Upper_Forest_Direct Runoff,6.20354717641254
2026-06-16T00:00:00,Upper_Forest_Direct Runoff,5.783192458771286
2026-06-17T00:00:00,Upper_Forest_Direct Runoff,5.404873212894158
2026-06-18T00:00:00,Upper_Forest_Direct Runoff,5.064385891604742
2026-06-19T00:00:00,Upper_Forest_Direct Runoff,4.757947302444268
2026-06-20T00:00:00,Upper_Forest_Direct Runoff,10.332152572199842
2026-06-21T00:00:00,Upper_Forest_Direct Runoff,9.498937314979857
2026-06-22T00:00:00,Upper_Forest_Direct Runoff,8.749043583481871
2026-06-23T00:00:00,Upper_Forest_Direct Runoff,9.784139225133684
2026-06-24T00:00:00,Upper_Forest_Direct Runoff,9.005725302620316
2026-06-25T00:00:00,Upper_Forest_Direct Runoff,8.305152772358285
2026-06-26T00:00:00,Upper_Forest_Direct Runoff,12.804637495122458
2026-06-27T00:00:00,Upper_Forest_Direct Runoff,13.79417374561021
2026-06-28T00:00:00,Upper_Forest_Direct Runoff,12.61475637104919
2026-06-29T00:00:00,Upper_Forest_Direct Runoff,19.293280733944272
2026-06-30T00:00:00,Upper_Forest_Direct Runoff,23.413952660549846
2026-07-01T00:00:00,Upper_Forest_Direct Runoff,21.27255739449486
2026-07-02T00:00:00,Upper_Forest_Direct Runoff,19.345301655045375
2026-07-03T00:00:00,Upper_Forest_Direct Runoff,17.610771489540838
2026-07-04T00:00:00,Upper_Forest_Direct Runoff,16.049694340586754
2026-07-05T00:00:00,Upper_Forest_Direct Runoff,14.64472490652808
2026-07-06T00:00:00,Upper_Forest_Direct Runoff,13.38025241587527
2026-07-07T00:00:00,Upper_Forest_Direct Runoff,12.242227174287743
2026-07-08T00:00:00,Upper_Forest_Direct Runoff,11.218004456858969
2026-07-09T00:00:00,Upper_Forest_Direct Runoff,10.296204011173073
2026-07-10T00:00:00,Upper_Forest_Direct Runoff,9.466583610055766
2026-07-11T00:00:00,Upper_Forest_Direct Runoff,8.719925249050188
2026-07-12T00:00:00,Upper_Forest_Direct Runoff,9.127932724145168
2026-07-13T00:00:00,Upper_Forest_Direct Runoff,9.135139451730652
2026-07-14T00:00:00,Upper_Forest_Direct Runoff,8.421625506557586
2026-07-15T00:00:00,Upper_Forest_Direct Runoff,7.779462955901828
2026-07-16T00:00:00,Upper_Forest_Direct Runoff,7.201516660311645
2026-07-17T00:00:00,Upper_Forest_Direct Runoff,8.571364994280481
2026-07-18T00:00:00,Upper_Forest_Direct Runoff,7.914228494852432
2026-07-19T00:00:00,Upper_Forest_Direct Runoff,7.322805645367189
2026-07-20T00:00:00,Upper_Forest_Direct Runoff,6.79052508083047
2026-07-21T00:00:00,Upper_Forest_Direct Runoff,6.311472572747423
2026-07-22T00:00:00,Upper_Forest_Direct Runoff,5.880325315472681
2026-07-23T00:00:00,Upper_Forest_Direct Runoff,5.4922927839254125
2026-07-24T00:00:00,Upper_Forest_Direct Runoff,5.143063505532871
2026-07-25T00:00:00,Upper_Forest_Direct Runoff,4.828757154979584
2026-07-26T00:00:00,Upper_Forest_Direct Runoff,5.8058814394816265
2026-07-27T00:00:00,Upper_Forest_Direct Runoff,5.425293295533464
2026-07-28T00:00:00,Upper_Forest_Direct Runoff,5.082763965980118
2026-07-29T00:00:00,Upper_Forest_Direct Runoff,4.7744875693821065
2026-07-30T00:00:00,Upper_Forest_Direct Runoff,5.667038812443896
2026-07-31T00:00:00,Upper_Forest_Direct Runoff,8.540334931199506
2026-08-01T00:00:00,Upper_Forest_Direct Runoff,8.966301438079554
2026-08-02T00:00:00,Upper_Forest_Direct Runoff,8.2696712942716
2026-08-03T00:00:00,Upper_Forest_Direct Runoff,7.64270416484444
2026-08-04T00:00:00,Upper_Forest_Direct Runoff,7.078433748359996
2026-08-05T00:00:00,Upper_Forest_Direct Runoff,13.320590373523995
2026-08-06T00:00:00,Upper_Forest_Direct Runoff,12.188531336171595
2026-08-07T00:00:00,Upper_Forest_Direct Runoff,13.509678202554435
2026-08-08T00:00:00,Upper_Forest_Direct Runoff,12.358710382298991
2026-08-09T00:00:00,Upper_Forest_Direct Runoff,15.46283934406909
2026-08-10T00:00:00,Upper_Forest_Direct Runoff,15.106555409662182
2026-08-11T00:00:00,Upper_Forest_Direct Runoff,13.795899868695964
2026-08-12T00:00:00,Upper_Forest_Direct Runoff,22.066309881826367
2026-08-13T00:00:00,Upper_Forest_Direct Runoff,28.15967889364373
2026-08-14T00:00:00,Upper_Forest_Direct Runoff,25.543711004279356
2026-08-15T00:00:00,Upper_Forest_Direct Runoff,23.18933990385142
2026-08-16T00:00:00,Upper_Forest_Direct Runoff,27.01040591346628
2026-08-17T00:00:00,Upper_Forest_Direct Runoff,38.36936532211965
2026-08-18T00:00:00,Upper_Forest_Direct Runoff,34.73242878990769
2026-08-19T00:00:00,Upper_Forest_Direct Runoff,34.51918591091692
2026-08-20T00:00:00,Upper_Forest_Direct Runoff,31.267267319825226
2026-08-21T00:00:00,Upper_Forest_Direct Runoff,28.340540587842703
2026-08-22T00:00:00,Upper_Forest_Direct Runoff,25.70648652905843
2026-08-23T00:00:00,Upper_Forest_Direct Runoff,23.33583787615259
2026-08-24T00:00:00,Upper_Forest_Direct Runoff,21.20225408853733
2026-08-25T00:00:00,Upper_Forest_Direct Runoff,19.2820286796836
2026-08-26T00:00:00,Upper_Forest_Direct Runoff,17.55382581171524
2026-08-27T00:00:00,Upper_Forest_Direct Runoff,17.798443230543715
2026-08-28T00:00:00,Upper_Forest_Direct Runoff,16.218598907489344
2026-08-29T00:00:00,Upper_Forest_Direct Runoff,14.79673901674041
2026-08-30T00:00:00,Upper_Forest_Direct Runoff,30.437065115066375
2026-08-31T00:00:00,Upper_Forest_Direct Runoff,32.18335860355974
2026-09-01T00:00:00,Upper_Forest_Direct Runoff,32.585022743203766
2026-09-02T00:00:00,Upper_Forest_Direct Runoff,32.04652046888339
2026-09-03T00:00:00,Upper_Forest_Direct Runoff,29.041868421995048
2026-09-04T00:00:00,Upper_Forest_Direct Runoff,26.337681579795543
2026-09-05T00:00:00,Upper_Forest_Direct Runoff,23.90391342181599
2026-09-06T00:00:00,Upper_Forest_Direct Runoff,21.71352207963439
2026-09-07T00:00:00,Upper_Forest_Direct Runoff,21.45216987167095
2026-09-08T00:00:00,Upper_Forest_Direct Runoff,19.506952884503853
2026-09-09T00:00:00,Upper_Forest_Direct Runoff,17.75625759605347
2026-09-10T00:00:00,Upper_Forest_Direct Runoff,16.18063183644812
2026-09-11T00:00:00,Upper_Forest_Direct Runoff,14.76256865280331
2026-09-12T00:00:00,Upper_Forest_Direct Runoff,13.486311787522979
2026-09-13T00:00:00,Upper_Forest_Direct Runoff,17.73768060877068
2026-09-14T00:00:00,Upper_Forest_Direct Runoff,17.69391254789361
2026-09-15T00:00:00,Upper_Forest_Direct Runoff,16.124521293104248
2026-09-16T00:00:00,Upper_Forest_Direct Runoff,14.712069163793823
2026-09-17T00:00:00,Upper_Forest_Direct Runoff,16.50086224741444
2026-09-18T00:00:00,Upper_Forest_Direct Runoff,16.940776022672996
2026-09-19T00:00:00,Upper_Forest_Direct Runoff,15.446698420405696
2026-09-20T00:00:00,Upper_Forest_Direct Runoff,14.102028578365125
2026-09-21T00:00:00,Upper_Forest_Direct Runoff,12.891825720528612
2026-09-22T00:00:00,Upper_Forest_Direct Runoff,11.80264314847575
2026-09-23T00:00:00,Upper_Forest_Direct Runoff,17.122378833628176
2026-09-24T00:00:00,Upper_Forest_Direct Runoff,15.610140950265357
2026-09-25T00:00:00,Upper_Forest_Direct Runoff,15.779126855238822
2026-09-26T00:00:00,Upper_Forest_Direct Runoff,14.40121416971494
2026-09-27T00:00:00,Upper_Forest_Direct Runoff,13.161092752743446
2026-09-28T00:00:00,Upper_Forest_Direct Runoff,12.044983477469101
2026-09-29T00:00:00,Upper_Forest_Direct Runoff,11.04048512972219
2026-09-30T00:00:00,Upper_Forest_Direct Runoff,10.136436616749972
2026-10-01T00:00:00,Upper_Forest_Direct Runoff,9.322792955074975
2026-10-02T00:00:00,Upper_Forest_Direct Runoff,8.590513659567478
2026-10-03T00:00:00,Upper_Forest_Direct Runoff,7.93146229361073
2026-10-04T00:00:00,Upper_Forest_Direct Runoff,7.338316064249657
2026-10-05T00:00:00,Upper_Forest_Direct Runoff,6.8044844578246915
2026-10-06T00:00:00,Upper_Forest_Direct Runoff,11.094036012042222
2026-10-07T00:00:00,Upper_Forest_Direct Runoff,11.984632410838
2026-10-08T00:00:00,Upper_Forest_Direct Runoff,24.4861691697542
2026-10-09T00:00:00,Upper_Forest_Direct Runoff,30.787552252778777
2026-10-10T00:00:00,Upper_Forest_Direct Runoff,28.8087970275009
2026-10-11T00:00:00,Upper_Forest_Direct Runoff,26.12791732475081
2026-10-12T00:00:00,Upper_Forest_Direct Runoff,23.71512559227573
2026-10-13T00:00:00,Upper_Forest_Direct Runoff,21.543613033048157
2026-10-14T00:00:00,Upper_Forest_Direct Runoff,19.589251729743342
2026-10-15T00:00:00,Upper_Forest_Direct Runoff,23.860326556769007
2026-10-16T00:00:00,Upper_Forest_Direct Runoff,28.514293901092103
2026-10-17T00:00:00,Upper_Forest_Direct Runoff,27.12286451098289
2026-10-18T00:00:00,Upper_Forest_Direct Runoff,25.9605780598846
2026-10-19T00:00:00,Upper_Forest_Direct Runoff,23.56452025389614
2026-10-20T00:00:00,Upper_Forest_Direct Runoff,24.648068228506528
2026-10-21T00:00:00,Upper_Forest_Direct Runoff,25.263261405655875
2026-10-22T00:00:00,Upper_Forest_Direct Runoff,22.936935265090288
2026-10-23T00:00:00,Upper_Forest_Direct Runoff,22.103241738581257
2026-10-24T00:00:00,Upper_Forest_Direct Runoff,20.09291756472313
2026-10-25T00:00:00,Upper_Forest_Direct Runoff,30.883625808250816
2026-10-26T00:00:00,Upper_Forest_Direct Runoff,31.14526322742573
2026-10-27T00:00:00,Upper_Forest_Direct Runoff,28.950736904683158
2026-10-28T00:00:00,Upper_Forest_Direct Runoff,26.25566321421484
2026-10-29T00:00:00,Upper_Forest_Direct Runoff,39.940096892793356
2026-10-30T00:00:00,Upper_Forest_Direct Runoff,44.426087203514015
2026-10-31T00:00:00,Upper_Forest_Direct Runoff,40.18347848316262
2026-11-01T00:00:00,Upper_Forest_Direct Runoff,36.36513063484635
2026-11-02T00:00:00,Upper_Forest_Direct Runoff,33.738617571361715
2026-11-03T00:00:00,Upper_Forest_Direct Runoff,30.564755814225542
2026-11-04T00:00:00,Upper_Forest_Direct Runoff,27.708280232802988
2026-11-05T00:00:00,Upper_Forest_Direct Runoff,27.56745220952269
2026-11-06T00:00:00,Upper_Forest_Direct Runoff,25.01070698857042
2026-11-07T00:00:00,Upper_Forest_Direct Runoff,22.709636289713377
2026-11-08T00:00:00,Upper_Forest_Direct Runoff,20.63867266074204
2026-11-09T00:00:00,Upper_Forest_Direct Runoff,18.774805394667833
2026-11-10T00:00:00,Upper_Forest_Direct Runoff,17.09732485520105
2026-11-11T00:00:00,Upper_Forest_Direct Runoff,15.587592369680946
2026-11-12T00:00:00,Upper_Forest_Direct Runoff,14.228833132712852
2026-11-13T00:00:00,Upper_Forest_Direct Runoff,13.005949819441566
2026-11-14T00:00:00,Upper_Forest_Direct Runoff,11.90535483749741
2026-11-15T00:00:00,Upper_Forest_Direct Runoff,10.914819353747669
2026-11-16T00:00:00,Upper_Forest_Direct Runoff,10.023337418372902
2026-11-17T00:00:00,Upper_Forest_Direct Runoff,9.221003676535613
2026-11-18T00:00:00,Upper_Forest_Direct Runoff,8.498903308882051
2026-11-19T00:00:00,Upper_Forest_Direct Runoff,7.849012977993846
2026-11-20T00:00:00,Upper_Forest_Direct Runoff,7.264111680194461
2026-11-21T00:00:00,Upper_Forest_Direct Runoff,6.7377005121750155
2026-11-22T00:00:00,Upper_Forest_Direct Runoff,6.263930460957514
2026-11-23T00:00:00,Upper_Forest_Direct Runoff,5.837537414861763
2026-11-24T00:00:00,Upper_Forest_Direct Runoff,5.453783673375587
2026-11-25T00:00:00,Upper_Forest_Direct Runoff,7.268405306038027
2026-11-26T00:00:00,Upper_Forest_Direct Runoff,6.741564775434225
2026-11-27T00:00:00,Upper_Forest_Direct Runoff,7.437408297890802
2026-11-28T00:00:00,Upper_Forest_Direct Runoff,6.893667468101722
2026-11-29T00:00:00,Upper_Forest_Direct Runoff,6.404300721291549
2026-11-30T00:00:00,Upper_Forest_Direct Runoff,5.963870649162394
2026-12-01T00:00:00,Upper_Forest_Direct Runoff,6.8274835842461545
2026-12-02T00:00:00,Upper_Forest_Direct Runoff,31.004735225821534
2026-12-03T00:00:00,Upper_Forest_Direct Runoff,34.22426170323938
2026-12-04T00:00:00,Upper_Forest_Direct Runoff,31.00183553291544
2026-12-05T00:00:00,Upper_Forest_Direct Runoff,28.101651979623895
2026-12-06T00:00:00,Upper_Forest_Direct Runoff,48.35148678166151
2026-12-07T00:00:00,Upper_Forest_Direct Runoff,50.916338103495356
2026-12-08T00:00:00,Upper_Forest_Direct Runoff,46.02470429314582
2026-12-09T00:00:00,Upper_Forest_Direct Runoff,41.622233863831234
2026-12-10T00:00:00,Upper_Forest_Direct Runoff,37.66001047744811
2026-12-11T00:00:00,Upper_Forest_Direct Runoff,34.0940094297033
2026-12-12T00:00:00,Upper_Forest_Direct Runoff,30.88460848673297
2026-12-13T00:00:00,Upper_Forest_Direct Runoff,27.99614763805967
2026-12-14T00:00:00,Upper_Forest_Direct Runoff,25.396532874253705
2026-12-15T00:00:00,Upper_Forest_Direct Runoff,23.056879586828334
2026-12-16T00:00:00,Upper_Forest_Direct Runoff,25.6311916281455
2026-12-17T00:00:00,Upper_Forest_Direct Runoff,27.768072465330953
2026-12-18T00:00:00,Upper_Forest_Direct Runoff,33.02126521879785
2026-12-19T00:00:00,Upper_Forest_Direct Runoff,39.54913869691807
2026-12-20T00:00:00,Upper_Forest_Direct Runoff,35.794224827226266
2026-12-21T00:00:00,Upper_Forest_Direct Runoff,32.41480234450364
2026-12-22T00:00:00,Upper_Forest_Direct Runoff,29.373322110053277
2026-12-23T00:00:00,Upper_Forest_Direct Runoff,29.69598989904795
2026-12-24T00:00:00,Upper_Forest_Direct Runoff,29.626390909143154
2026-12-25T00:00:00,Upper_Forest_Direct Runoff,31.99375181822884
2026-12-26T00:00:00,Upper_Forest_Direct Runoff,28.994376636405956
2026-12-27T00:00:00,Upper_Forest_Direct Runoff,26.29493897276536
2026-12-28T00:00:00,Upper_Forest_Direct Runoff,23.865445075488825
2026-12-29T00:00:00,Upper_Forest_Direct Runoff,21.67890056793994
2026-12-30T00:00:00,Upper_Forest_Direct Runoff,19.711010511145947
2026-12-31T00:00:00,Upper_Forest_Direct Runoff,17.939909460031352
