a84e1fe3-087b-43e3-96b1-e2cacaf696ed,location,waterLevel
2023-01-01T00:00:00,Upper_Agriculture_Soilwater,243.945704
2023-01-02T00:00:00,Upper_Agriculture_Soilwater,239.4085736
2023-01-03T00:00:00,Upper_Agriculture_Soilwater,235.28498023999998
2023-01-04T00:00:00,Upper_Agriculture_Soilwater,231.326858216
2023-01-05T00:00:00,Upper_Agriculture_Soilwater,227.8463907944
2023-01-06T00:00:00,Upper_Agriculture_Soilwater,224.59057147496
2023-01-07T00:00:00,Upper_Agriculture_Soilwater,222.189240111464
2023-01-08T00:00:00,Upper_Agriculture_Soilwater,220.1754565059176
2023-01-09T00:00:00,Upper_Agriculture_Soilwater,218.85076362036583
2023-01-10T00:00:00,Upper_Agriculture_Soilwater,217.28754594686527
2023-01-11T00:00:00,Upper_Agriculture_Soilwater,215.92700177186114
2023-01-12T00:00:00,Upper_Agriculture_Soilwater,214.63614217238919
2023-01-13T00:00:00,Upper_Agriculture_Soilwater,213.45740367509302
2023-01-14T00:00:00,Upper_Agriculture_Soilwater,212.4045986555322
2023-01-15T00:00:00,Upper_Agriculture_Soilwater,211.13151500313262
2023-01-16T00:00:00,Upper_Agriculture_Soilwater,209.8155972946576
2023-01-17T00:00:00,Upper_Agriculture_Soilwater,208.6857623778463
2023-01-18T00:00:00,Upper_Agriculture_Soilwater,208.88078887145065
2023-01-19T00:00:00,Upper_Agriculture_Soilwater,208.98896204255567
2023-01-20T00:00:00,Upper_Agriculture_Soilwater,209.16243029072518
2023-01-21T00:00:00,Upper_Agriculture_Soilwater,209.36534486883525
2023-01-22T00:00:00,Upper_Agriculture_Soilwater,208.79919782841606
2023-01-23T00:00:00,Upper_Agriculture_Soilwater,208.37393234739233
2023-01-24T00:00:00,Upper_Agriculture_Soilwater,208.1758975842892
2023-01-25T00:00:00,Upper_Agriculture_Soilwater,207.72922165033276
2023-01-26T00:00:00,Upper_Agriculture_Soilwater,207.74151872732472
2023-01-27T00:00:00,Upper_Agriculture_Soilwater,207.52943057241495
2023-01-28T00:00:00,Upper_Agriculture_Soilwater,207.13926646121388
2023-01-29T00:00:00,Upper_Agriculture_Soilwater,206.86770326652888
2023-01-30T00:00:00,Upper_Agriculture_Soilwater,206.28823764616874
2023-01-31T00:00:00,Upper_Agriculture_Soilwater,205.76220891721536
2023-02-01T00:00:00,Upper_Agriculture_Soilwater,204.96824115759097
2023-02-02T00:00:00,Upper_Agriculture_Soilwater,204.21479206071928
2023-02-03T00:00:00,Upper_Agriculture_Soilwater,203.56857117164603
2023-02-04T00:00:00,Upper_Agriculture_Soilwater,202.94101773978025
2023-02-05T00:00:00,Upper_Agriculture_Soilwater,202.36829728257115
2023-02-06T00:00:00,Upper_Agriculture_Soilwater,201.76562593940605
2023-02-07T00:00:00,Upper_Agriculture_Soilwater,201.28157869204827
2023-02-08T00:00:00,Upper_Agriculture_Soilwater,200.963775834768
2023-02-09T00:00:00,Upper_Agriculture_Soilwater,200.67572256202328
2023-02-10T00:00:00,Upper_Agriculture_Soilwater,200.30189498547983
2023-02-11T00:00:00,Upper_Agriculture_Soilwater,200.09560849862484
2023-02-12T00:00:00,Upper_Agriculture_Soilwater,200.09007875928606
2023-02-13T00:00:00,Upper_Agriculture_Soilwater,199.53176741100103
2023-02-14T00:00:00,Upper_Agriculture_Soilwater,199.1354301773878
2023-02-15T00:00:00,Upper_Agriculture_Soilwater,198.84638534701716
2023-02-16T00:00:00,Upper_Agriculture_Soilwater,198.66554166743518
2023-02-17T00:00:00,Upper_Agriculture_Soilwater,198.39757306162477
2023-02-18T00:00:00,Upper_Agriculture_Soilwater,198.1721980631294
2023-02-19T00:00:00,Upper_Agriculture_Soilwater,197.8736618774965
2023-02-20T00:00:00,Upper_Agriculture_Soilwater,197.76383984853587
2023-02-21T00:00:00,Upper_Agriculture_Soilwater,197.49532677815947
2023-02-22T00:00:00,Upper_Agriculture_Soilwater,197.46377932684607
2023-02-23T00:00:00,Upper_Agriculture_Soilwater,197.1940627331073
2023-02-24T00:00:00,Upper_Agriculture_Soilwater,196.90775358426396
2023-02-25T00:00:00,Upper_Agriculture_Soilwater,196.5322682669574
2023-02-26T00:00:00,Upper_Agriculture_Soilwater,196.38769884897604
2023-02-27T00:00:00,Upper_Agriculture_Soilwater,196.47263642825848
2023-02-28T00:00:00,Upper_Agriculture_Soilwater,196.95189001185827
2023-03-01T00:00:00,Upper_Agriculture_Soilwater,197.0922461636341
2023-03-02T00:00:00,Upper_Agriculture_Soilwater,197.07441468334548
2023-03-03T00:00:00,Upper_Agriculture_Soilwater,197.10306193762773
2023-03-04T00:00:00,Upper_Agriculture_Soilwater,197.27863327552643
2023-03-05T00:00:00,Upper_Agriculture_Soilwater,197.8216178670224
2023-03-06T00:00:00,Upper_Agriculture_Soilwater,198.03080138846735
2023-03-07T00:00:00,Upper_Agriculture_Soilwater,198.4624523212448
2023-03-08T00:00:00,Upper_Agriculture_Soilwater,198.99722026288708
2023-03-09T00:00:00,Upper_Agriculture_Soilwater,199.43467810151103
2023-03-10T00:00:00,Upper_Agriculture_Soilwater,200.57851383364778
2023-03-11T00:00:00,Upper_Agriculture_Soilwater,201.50798363834207
2023-03-12T00:00:00,Upper_Agriculture_Soilwater,202.30564954376104
2023-03-13T00:00:00,Upper_Agriculture_Soilwater,203.20734243171276
2023-03-14T00:00:00,Upper_Agriculture_Soilwater,203.78595464663655
2023-03-15T00:00:00,Upper_Agriculture_Soilwater,204.36684779425846
2023-03-16T00:00:00,Upper_Agriculture_Soilwater,204.7431587658896
2023-03-17T00:00:00,Upper_Agriculture_Soilwater,205.00442706525195
2023-03-18T00:00:00,Upper_Agriculture_Soilwater,205.46726531708293
2023-03-19T00:00:00,Upper_Agriculture_Soilwater,207.1140124478952
2023-03-20T00:00:00,Upper_Agriculture_Soilwater,208.79975189937414
2023-03-21T00:00:00,Upper_Agriculture_Soilwater,210.24866413607836
2023-03-22T00:00:00,Upper_Agriculture_Soilwater,211.257588406448
2023-03-23T00:00:00,Upper_Agriculture_Soilwater,212.01278518138292
2023-03-24T00:00:00,Upper_Agriculture_Soilwater,212.4771507172664
2023-03-25T00:00:00,Upper_Agriculture_Soilwater,212.48603369415935
2023-03-26T00:00:00,Upper_Agriculture_Soilwater,212.45001656850104
2023-03-27T00:00:00,Upper_Agriculture_Soilwater,212.0957217310328
2023-03-28T00:00:00,Upper_Agriculture_Soilwater,211.3075392953732
2023-03-29T00:00:00,Upper_Agriculture_Soilwater,210.48527452953522
2023-03-30T00:00:00,Upper_Agriculture_Soilwater,210.11174092391107
2023-03-31T00:00:00,Upper_Agriculture_Soilwater,209.6572580941164
2023-04-01T00:00:00,Upper_Agriculture_Soilwater,209.51292562104155
2023-04-02T00:00:00,Upper_Agriculture_Soilwater,209.5038406616405
2023-04-03T00:00:00,Upper_Agriculture_Soilwater,209.66517943790927
2023-04-04T00:00:00,Upper_Agriculture_Soilwater,209.63356965230784
2023-04-05T00:00:00,Upper_Agriculture_Soilwater,210.22281002944763
2023-04-06T00:00:00,Upper_Agriculture_Soilwater,210.8194178346364
2023-04-07T00:00:00,Upper_Agriculture_Soilwater,211.40753837849292
2023-04-08T00:00:00,Upper_Agriculture_Soilwater,211.8996998352318
2023-04-09T00:00:00,Upper_Agriculture_Soilwater,212.20734721683795
2023-04-10T00:00:00,Upper_Agriculture_Soilwater,212.33446812377056
2023-04-11T00:00:00,Upper_Agriculture_Soilwater,212.36269137714828
2023-04-12T00:00:00,Upper_Agriculture_Soilwater,212.23859729861275
2023-04-13T00:00:00,Upper_Agriculture_Soilwater,211.69843432201284
2023-04-14T00:00:00,Upper_Agriculture_Soilwater,211.89190436774678
2023-04-15T00:00:00,Upper_Agriculture_Soilwater,212.0937696611138
2023-04-16T00:00:00,Upper_Agriculture_Soilwater,212.20399405212996
2023-04-17T00:00:00,Upper_Agriculture_Soilwater,212.25521666833174
2023-04-18T00:00:00,Upper_Agriculture_Soilwater,212.19067882077186
2023-04-19T00:00:00,Upper_Agriculture_Soilwater,211.91074277604065
2023-04-20T00:00:00,Upper_Agriculture_Soilwater,211.69714395204795
2023-04-21T00:00:00,Upper_Agriculture_Soilwater,211.4195990650934
2023-04-22T00:00:00,Upper_Agriculture_Soilwater,211.28354531600925
2023-04-23T00:00:00,Upper_Agriculture_Soilwater,211.19010632609104
2023-04-24T00:00:00,Upper_Agriculture_Soilwater,210.98631968099636
2023-04-25T00:00:00,Upper_Agriculture_Soilwater,210.88634930165972
2023-04-26T00:00:00,Upper_Agriculture_Soilwater,210.69650980138044
2023-04-27T00:00:00,Upper_Agriculture_Soilwater,210.43577470814043
2023-04-28T00:00:00,Upper_Agriculture_Soilwater,210.04246153553458
2023-04-29T00:00:00,Upper_Agriculture_Soilwater,209.62345325036853
2023-04-30T00:00:00,Upper_Agriculture_Soilwater,209.20415160688034
2023-05-01T00:00:00,Upper_Agriculture_Soilwater,208.8144661595861
2023-05-02T00:00:00,Upper_Agriculture_Soilwater,208.4106762856819
2023-05-03T00:00:00,Upper_Agriculture_Soilwater,207.99949972496267
2023-05-04T00:00:00,Upper_Agriculture_Soilwater,207.58645171353047
2023-05-05T00:00:00,Upper_Agriculture_Soilwater,207.17601830713508
2023-05-06T00:00:00,Upper_Agriculture_Soilwater,206.77180706488346
2023-05-07T00:00:00,Upper_Agriculture_Soilwater,206.37667788801082
2023-05-08T00:00:00,Upper_Agriculture_Soilwater,205.99285647586387
2023-05-09T00:00:00,Upper_Agriculture_Soilwater,205.62203256726622
2023-05-10T00:00:00,Upper_Agriculture_Soilwater,205.26544487562944
2023-05-11T00:00:00,Upper_Agriculture_Soilwater,205.00495439664738
2023-05-12T00:00:00,Upper_Agriculture_Soilwater,204.7439075647054
2023-05-13T00:00:00,Upper_Agriculture_Soilwater,204.48502055518537
2023-05-14T00:00:00,Upper_Agriculture_Soilwater,204.23047187192228
2023-05-15T00:00:00,Upper_Agriculture_Soilwater,203.98198271975997
2023-05-16T00:00:00,Upper_Agriculture_Soilwater,203.82188667931086
2023-05-17T00:00:00,Upper_Agriculture_Soilwater,204.152626019754
2023-05-18T00:00:00,Upper_Agriculture_Soilwater,204.5271962253154
2023-05-19T00:00:00,Upper_Agriculture_Soilwater,204.96611812956698
2023-05-20T00:00:00,Upper_Agriculture_Soilwater,205.2719836907151
2023-05-21T00:00:00,Upper_Agriculture_Soilwater,206.05896295833793
2023-05-22T00:00:00,Upper_Agriculture_Soilwater,206.35692733552906
2023-05-23T00:00:00,Upper_Agriculture_Soilwater,206.83687160769855
2023-05-24T00:00:00,Upper_Agriculture_Soilwater,206.85088335207888
2023-05-25T00:00:00,Upper_Agriculture_Soilwater,208.25826883150614
2023-05-26T00:00:00,Upper_Agriculture_Soilwater,209.16248118152714
2023-05-27T00:00:00,Upper_Agriculture_Soilwater,209.7239531732289
2023-05-28T00:00:00,Upper_Agriculture_Soilwater,210.18570435477503
2023-05-29T00:00:00,Upper_Agriculture_Soilwater,210.70203216827963
2023-05-30T00:00:00,Upper_Agriculture_Soilwater,211.39912137553557
2023-05-31T00:00:00,Upper_Agriculture_Soilwater,211.31322841965752
2023-06-01T00:00:00,Upper_Agriculture_Soilwater,211.1157484411997
2023-06-02T00:00:00,Upper_Agriculture_Soilwater,210.74043377423692
2023-06-03T00:00:00,Upper_Agriculture_Soilwater,210.28159095625466
2023-06-04T00:00:00,Upper_Agriculture_Soilwater,210.04816836412652
2023-06-05T00:00:00,Upper_Agriculture_Soilwater,209.98256318086146
2023-06-06T00:00:00,Upper_Agriculture_Soilwater,209.82959735060814
2023-06-07T00:00:00,Upper_Agriculture_Soilwater,209.60739905459687
2023-06-08T00:00:00,Upper_Agriculture_Soilwater,209.25358444428176
2023-06-09T00:00:00,Upper_Agriculture_Soilwater,208.71116276548372
2023-06-10T00:00:00,Upper_Agriculture_Soilwater,207.88920157800246
2023-06-11T00:00:00,Upper_Agriculture_Soilwater,206.9617850003626
2023-06-12T00:00:00,Upper_Agriculture_Soilwater,206.1782845224707
2023-06-13T00:00:00,Upper_Agriculture_Soilwater,205.24158789015357
2023-06-14T00:00:00,Upper_Agriculture_Soilwater,204.32702693907515
2023-06-15T00:00:00,Upper_Agriculture_Soilwater,203.90299109931087
2023-06-16T00:00:00,Upper_Agriculture_Soilwater,203.34864255810868
2023-06-17T00:00:00,Upper_Agriculture_Soilwater,202.71139141415384
2023-06-18T00:00:00,Upper_Agriculture_Soilwater,202.08801127340888
2023-06-19T00:00:00,Upper_Agriculture_Soilwater,201.54975164667138
2023-06-20T00:00:00,Upper_Agriculture_Soilwater,201.2071278325473
2023-06-21T00:00:00,Upper_Agriculture_Soilwater,200.9756568647813
2023-06-22T00:00:00,Upper_Agriculture_Soilwater,200.21387121224305
2023-06-23T00:00:00,Upper_Agriculture_Soilwater,198.95867835712758
2023-06-24T00:00:00,Upper_Agriculture_Soilwater,198.24199565651702
2023-06-25T00:00:00,Upper_Agriculture_Soilwater,197.54613614303528
2023-06-26T00:00:00,Upper_Agriculture_Soilwater,197.01590932817768
2023-06-27T00:00:00,Upper_Agriculture_Soilwater,196.3558254382956
2023-06-28T00:00:00,Upper_Agriculture_Soilwater,195.39497919703146
2023-06-29T00:00:00,Upper_Agriculture_Soilwater,195.22812636016764
2023-06-30T00:00:00,Upper_Agriculture_Soilwater,195.30225935773478
2023-07-01T00:00:00,Upper_Agriculture_Soilwater,195.75645988387384
2023-07-02T00:00:00,Upper_Agriculture_Soilwater,196.37225291149298
2023-07-03T00:00:00,Upper_Agriculture_Soilwater,196.9261107785948
2023-07-04T00:00:00,Upper_Agriculture_Soilwater,197.36795179722847
2023-07-05T00:00:00,Upper_Agriculture_Soilwater,197.7393402141647
2023-07-06T00:00:00,Upper_Agriculture_Soilwater,197.89450981373548
2023-07-07T00:00:00,Upper_Agriculture_Soilwater,198.35002579425054
2023-07-08T00:00:00,Upper_Agriculture_Soilwater,199.06537020519914
2023-07-09T00:00:00,Upper_Agriculture_Soilwater,199.75683112287177
2023-07-10T00:00:00,Upper_Agriculture_Soilwater,200.2136446837603
2023-07-11T00:00:00,Upper_Agriculture_Soilwater,200.4939824212424
2023-07-12T00:00:00,Upper_Agriculture_Soilwater,200.85945376439048
2023-07-13T00:00:00,Upper_Agriculture_Soilwater,200.92294221469652
2023-07-14T00:00:00,Upper_Agriculture_Soilwater,200.77851443729745
2023-07-15T00:00:00,Upper_Agriculture_Soilwater,201.7883907932312
2023-07-16T00:00:00,Upper_Agriculture_Soilwater,202.71305233360522
2023-07-17T00:00:00,Upper_Agriculture_Soilwater,203.29492965797212
2023-07-18T00:00:00,Upper_Agriculture_Soilwater,203.6539857941296
2023-07-19T00:00:00,Upper_Agriculture_Soilwater,204.10235740647587
2023-07-20T00:00:00,Upper_Agriculture_Soilwater,204.3125404384116
2023-07-21T00:00:00,Upper_Agriculture_Soilwater,204.29315048989542
2023-07-22T00:00:00,Upper_Agriculture_Soilwater,205.33002192669838
2023-07-23T00:00:00,Upper_Agriculture_Soilwater,205.8817523712418
2023-07-24T00:00:00,Upper_Agriculture_Soilwater,206.15552930760953
2023-07-25T00:00:00,Upper_Agriculture_Soilwater,206.1337749329913
2023-07-26T00:00:00,Upper_Agriculture_Soilwater,205.93117774022062
2023-07-27T00:00:00,Upper_Agriculture_Soilwater,205.68443423667415
2023-07-28T00:00:00,Upper_Agriculture_Soilwater,205.64351165643478
2023-07-29T00:00:00,Upper_Agriculture_Soilwater,205.29343324987653
2023-07-30T00:00:00,Upper_Agriculture_Soilwater,204.78819620806559
2023-07-31T00:00:00,Upper_Agriculture_Soilwater,204.35828824211805
2023-08-01T00:00:00,Upper_Agriculture_Soilwater,203.9610367072794
2023-08-02T00:00:00,Upper_Agriculture_Soilwater,203.4946765969873
2023-08-03T00:00:00,Upper_Agriculture_Soilwater,202.7266149416808
2023-08-04T00:00:00,Upper_Agriculture_Soilwater,202.25528925146574
2023-08-05T00:00:00,Upper_Agriculture_Soilwater,201.84085374987689
2023-08-06T00:00:00,Upper_Agriculture_Soilwater,201.30557165609113
2023-08-07T00:00:00,Upper_Agriculture_Soilwater,200.86982384356378
2023-08-08T00:00:00,Upper_Agriculture_Soilwater,200.428077076981
2023-08-09T00:00:00,Upper_Agriculture_Soilwater,199.0500067508331
2023-08-10T00:00:00,Upper_Agriculture_Soilwater,198.9700761503234
2023-08-11T00:00:00,Upper_Agriculture_Soilwater,198.5983537556637
2023-08-12T00:00:00,Upper_Agriculture_Soilwater,198.4889953086684
2023-08-13T00:00:00,Upper_Agriculture_Soilwater,199.00200696394563
2023-08-14T00:00:00,Upper_Agriculture_Soilwater,198.92920512273636
2023-08-15T00:00:00,Upper_Agriculture_Soilwater,198.82763681660245
2023-08-16T00:00:00,Upper_Agriculture_Soilwater,198.6834174372377
2023-08-17T00:00:00,Upper_Agriculture_Soilwater,198.86672402048944
2023-08-18T00:00:00,Upper_Agriculture_Soilwater,198.762431106934
2023-08-19T00:00:00,Upper_Agriculture_Soilwater,198.71422161864103
2023-08-20T00:00:00,Upper_Agriculture_Soilwater,198.52524456571962
2023-08-21T00:00:00,Upper_Agriculture_Soilwater,197.9253014838691
2023-08-22T00:00:00,Upper_Agriculture_Soilwater,197.19878462136586
2023-08-23T00:00:00,Upper_Agriculture_Soilwater,196.42540104877605
2023-08-24T00:00:00,Upper_Agriculture_Soilwater,195.58867399060608
2023-08-25T00:00:00,Upper_Agriculture_Soilwater,194.56414923891208
2023-08-26T00:00:00,Upper_Agriculture_Soilwater,193.6242000719693
2023-08-27T00:00:00,Upper_Agriculture_Soilwater,192.80664306077406
2023-08-28T00:00:00,Upper_Agriculture_Soilwater,191.88731206705896
2023-08-29T00:00:00,Upper_Agriculture_Soilwater,191.2108798229125
2023-08-30T00:00:00,Upper_Agriculture_Soilwater,190.6876408856531
2023-08-31T00:00:00,Upper_Agriculture_Soilwater,190.19250277761182
2023-09-01T00:00:00,Upper_Agriculture_Soilwater,190.52580254609558
2023-09-02T00:00:00,Upper_Agriculture_Soilwater,191.39999648190764
2023-09-03T00:00:00,Upper_Agriculture_Soilwater,193.78117778288333
2023-09-04T00:00:00,Upper_Agriculture_Soilwater,195.88178789733567
2023-09-05T00:00:00,Upper_Agriculture_Soilwater,197.72818302617705
2023-09-06T00:00:00,Upper_Agriculture_Soilwater,198.75858085910116
2023-09-07T00:00:00,Upper_Agriculture_Soilwater,198.69676772518733
2023-09-08T00:00:00,Upper_Agriculture_Soilwater,198.61355080072724
2023-09-09T00:00:00,Upper_Agriculture_Soilwater,198.57211842211015
2023-09-10T00:00:00,Upper_Agriculture_Soilwater,198.64426677286718
2023-09-11T00:00:00,Upper_Agriculture_Soilwater,198.58094270596897
2023-09-12T00:00:00,Upper_Agriculture_Soilwater,198.58934259842755
2023-09-13T00:00:00,Upper_Agriculture_Soilwater,198.52885455046348
2023-09-14T00:00:00,Upper_Agriculture_Soilwater,198.4374041335962
2023-09-15T00:00:00,Upper_Agriculture_Soilwater,198.51976118839667
2023-09-16T00:00:00,Upper_Agriculture_Soilwater,198.52113293512343
2023-09-17T00:00:00,Upper_Agriculture_Soilwater,198.67580297644983
2023-09-18T00:00:00,Upper_Agriculture_Soilwater,200.66939715782095
2023-09-19T00:00:00,Upper_Agriculture_Soilwater,202.36868807315335
2023-09-20T00:00:00,Upper_Agriculture_Soilwater,203.52624923384104
2023-09-21T00:00:00,Upper_Agriculture_Soilwater,204.3213024816597
2023-09-22T00:00:00,Upper_Agriculture_Soilwater,204.7642297875762
2023-09-23T00:00:00,Upper_Agriculture_Soilwater,205.00926260749281
2023-09-24T00:00:00,Upper_Agriculture_Soilwater,205.13237456555032
2023-09-25T00:00:00,Upper_Agriculture_Soilwater,205.5084003059214
2023-09-26T00:00:00,Upper_Agriculture_Soilwater,206.62278275256278
2023-09-27T00:00:00,Upper_Agriculture_Soilwater,207.34638790681666
2023-09-28T00:00:00,Upper_Agriculture_Soilwater,207.78750500269413
2023-09-29T00:00:00,Upper_Agriculture_Soilwater,207.88497640032796
2023-09-30T00:00:00,Upper_Agriculture_Soilwater,207.87198886840807
2023-10-01T00:00:00,Upper_Agriculture_Soilwater,207.50203547886886
2023-10-02T00:00:00,Upper_Agriculture_Soilwater,206.89562807855344
2023-10-03T00:00:00,Upper_Agriculture_Soilwater,206.3611426035124
2023-10-04T00:00:00,Upper_Agriculture_Soilwater,205.58310674269404
2023-10-05T00:00:00,Upper_Agriculture_Soilwater,204.7423242280042
2023-10-06T00:00:00,Upper_Agriculture_Soilwater,203.90655834882543
2023-10-07T00:00:00,Upper_Agriculture_Soilwater,202.93313680320233
2023-10-08T00:00:00,Upper_Agriculture_Soilwater,201.77007958321562
2023-10-09T00:00:00,Upper_Agriculture_Soilwater,201.4136552391942
2023-10-10T00:00:00,Upper_Agriculture_Soilwater,200.96009016814494
2023-10-11T00:00:00,Upper_Agriculture_Soilwater,201.16519995891358
2023-10-12T00:00:00,Upper_Agriculture_Soilwater,201.23739088984703
2023-10-13T00:00:00,Upper_Agriculture_Soilwater,201.13678443500464
2023-10-14T00:00:00,Upper_Agriculture_Soilwater,201.45799736223228
2023-10-15T00:00:00,Upper_Agriculture_Soilwater,201.96759505966435
2023-10-16T00:00:00,Upper_Agriculture_Soilwater,202.78325404398768
2023-10-17T00:00:00,Upper_Agriculture_Soilwater,203.2294812808497
2023-10-18T00:00:00,Upper_Agriculture_Soilwater,203.59718652989943
2023-10-19T00:00:00,Upper_Agriculture_Soilwater,203.79529271633075
2023-10-20T00:00:00,Upper_Agriculture_Soilwater,203.69852260017677
2023-10-21T00:00:00,Upper_Agriculture_Soilwater,203.86982878009027
2023-10-22T00:00:00,Upper_Agriculture_Soilwater,203.86724529801933
2023-10-23T00:00:00,Upper_Agriculture_Soilwater,203.63441302456167
2023-10-24T00:00:00,Upper_Agriculture_Soilwater,203.18086035281533
2023-10-25T00:00:00,Upper_Agriculture_Soilwater,202.29567408517266
2023-10-26T00:00:00,Upper_Agriculture_Soilwater,201.33176766753036
2023-10-27T00:00:00,Upper_Agriculture_Soilwater,200.6053369925648
2023-10-28T00:00:00,Upper_Agriculture_Soilwater,198.29626644583732
2023-10-29T00:00:00,Upper_Agriculture_Soilwater,197.26863723109057
2023-10-30T00:00:00,Upper_Agriculture_Soilwater,196.52711326229334
2023-10-31T00:00:00,Upper_Agriculture_Soilwater,195.7510288580701
2023-11-01T00:00:00,Upper_Agriculture_Soilwater,195.23533309424968
2023-11-02T00:00:00,Upper_Agriculture_Soilwater,194.6248358778228
2023-11-03T00:00:00,Upper_Agriculture_Soilwater,193.8076480210535
2023-11-04T00:00:00,Upper_Agriculture_Soilwater,192.90103693674615
2023-11-05T00:00:00,Upper_Agriculture_Soilwater,192.02564122182724
2023-11-06T00:00:00,Upper_Agriculture_Soilwater,191.08365455529497
2023-11-07T00:00:00,Upper_Agriculture_Soilwater,191.8616860842435
2023-11-08T00:00:00,Upper_Agriculture_Soilwater,192.962147818484
2023-11-09T00:00:00,Upper_Agriculture_Soilwater,195.67868344006354
2023-11-10T00:00:00,Upper_Agriculture_Soilwater,198.0206347743137
2023-11-11T00:00:00,Upper_Agriculture_Soilwater,198.45717133966642
2023-11-12T00:00:00,Upper_Agriculture_Soilwater,200.03586441707063
2023-11-13T00:00:00,Upper_Agriculture_Soilwater,200.99931916559734
2023-11-14T00:00:00,Upper_Agriculture_Soilwater,201.615759520248
2023-11-15T00:00:00,Upper_Agriculture_Soilwater,202.00716181231255
2023-11-16T00:00:00,Upper_Agriculture_Soilwater,201.99308605076172
2023-11-17T00:00:00,Upper_Agriculture_Soilwater,201.89876822339792
2023-11-18T00:00:00,Upper_Agriculture_Soilwater,201.54055430099925
2023-11-19T00:00:00,Upper_Agriculture_Soilwater,201.42233228084635
2023-11-20T00:00:00,Upper_Agriculture_Soilwater,200.95543072171407
2023-11-21T00:00:00,Upper_Agriculture_Soilwater,200.61823015159973
2023-11-22T00:00:00,Upper_Agriculture_Soilwater,200.20205778829114
2023-11-23T00:00:00,Upper_Agriculture_Soilwater,201.23974319612825
2023-11-24T00:00:00,Upper_Agriculture_Soilwater,202.45777254451502
2023-11-25T00:00:00,Upper_Agriculture_Soilwater,203.45848419126318
2023-11-26T00:00:00,Upper_Agriculture_Soilwater,204.22566298321655
2023-11-27T00:00:00,Upper_Agriculture_Soilwater,205.62091237486663
2023-11-28T00:00:00,Upper_Agriculture_Soilwater,206.79283285835453
2023-11-29T00:00:00,Upper_Agriculture_Soilwater,207.72191772139615
2023-11-30T00:00:00,Upper_Agriculture_Soilwater,207.86304608324593
2023-12-01T00:00:00,Upper_Agriculture_Soilwater,208.15572639551178
2023-12-02T00:00:00,Upper_Agriculture_Soilwater,210.608918584492
2023-12-03T00:00:00,Upper_Agriculture_Soilwater,212.99140227172106
2023-12-04T00:00:00,Upper_Agriculture_Soilwater,214.6202280356594
2023-12-05T00:00:00,Upper_Agriculture_Soilwater,215.49399862409285
2023-12-06T00:00:00,Upper_Agriculture_Soilwater,216.01881921448302
2023-12-07T00:00:00,Upper_Agriculture_Soilwater,216.1515437005542
2023-12-08T00:00:00,Upper_Agriculture_Soilwater,216.34390469726637
2023-12-09T00:00:00,Upper_Agriculture_Soilwater,216.2165276576305
2023-12-10T00:00:00,Upper_Agriculture_Soilwater,215.83843497894918
2023-12-11T00:00:00,Upper_Agriculture_Soilwater,215.3932355594278
2023-12-12T00:00:00,Upper_Agriculture_Soilwater,214.29704687402122
2023-12-13T00:00:00,Upper_Agriculture_Soilwater,213.09055557010169
2023-12-14T00:00:00,Upper_Agriculture_Soilwater,212.18145765822584
2023-12-15T00:00:00,Upper_Agriculture_Soilwater,211.30150097302413
2023-12-16T00:00:00,Upper_Agriculture_Soilwater,210.8321210482805
2023-12-17T00:00:00,Upper_Agriculture_Soilwater,210.10798929875537
2023-12-18T00:00:00,Upper_Agriculture_Soilwater,209.23451628865246
2023-12-19T00:00:00,Upper_Agriculture_Soilwater,208.33331078758255
2023-12-20T00:00:00,Upper_Agriculture_Soilwater,208.1543932238401
2023-12-21T00:00:00,Upper_Agriculture_Soilwater,207.9752300649703
2023-12-22T00:00:00,Upper_Agriculture_Soilwater,207.75113320563608
2023-12-23T00:00:00,Upper_Agriculture_Soilwater,208.61476341751904
2023-12-24T00:00:00,Upper_Agriculture_Soilwater,209.32049625496902
2023-12-25T00:00:00,Upper_Agriculture_Soilwater,209.66985329075382
2023-12-26T00:00:00,Upper_Agriculture_Soilwater,209.96499795683198
2023-12-27T00:00:00,Upper_Agriculture_Soilwater,210.19118235678695
2023-12-28T00:00:00,Upper_Agriculture_Soilwater,211.0234470971826
2023-12-29T00:00:00,Upper_Agriculture_Soilwater,211.52721266593127
2023-12-30T00:00:00,Upper_Agriculture_Soilwater,212.04886424995837
2023-12-31T00:00:00,Upper_Agriculture_Soilwater,212.42770139052072
2024-01-01T00:00:00,Upper_Agriculture_Soilwater,212.71279606047105
2024-01-02T00:00:00,Upper_Agriculture_Soilwater,212.73105878252608
2024-01-03T00:00:00,Upper_Agriculture_Soilwater,212.4995681995654
2024-01-04T00:00:00,Upper_Agriculture_Soilwater,212.5019283453716
2024-01-05T00:00:00,Upper_Agriculture_Soilwater,212.6118415800209
2024-01-06T00:00:00,Upper_Agriculture_Soilwater,212.63151768428662
2024-01-07T00:00:00,Upper_Agriculture_Soilwater,212.453488951899
2024-01-08T00:00:00,Upper_Agriculture_Soilwater,211.994238789146
2024-01-09T00:00:00,Upper_Agriculture_Soilwater,211.44087336942465
2024-01-10T00:00:00,Upper_Agriculture_Soilwater,210.94433464575613
2024-01-11T00:00:00,Upper_Agriculture_Soilwater,210.49879093312705
2024-01-12T00:00:00,Upper_Agriculture_Soilwater,209.9497094165662
2024-01-13T00:00:00,Upper_Agriculture_Soilwater,209.52209629398627
2024-01-14T00:00:00,Upper_Agriculture_Soilwater,208.90399350175664
2024-01-15T00:00:00,Upper_Agriculture_Soilwater,208.39930790503308
2024-01-16T00:00:00,Upper_Agriculture_Soilwater,209.0095450926367
2024-01-17T00:00:00,Upper_Agriculture_Soilwater,209.39274656366928
2024-01-18T00:00:00,Upper_Agriculture_Soilwater,209.45187788956895
2024-01-19T00:00:00,Upper_Agriculture_Soilwater,209.704825884652
2024-01-20T00:00:00,Upper_Agriculture_Soilwater,209.77793270182272
2024-01-21T00:00:00,Upper_Agriculture_Soilwater,210.7336610967128
2024-01-22T00:00:00,Upper_Agriculture_Soilwater,211.40739808560664
2024-01-23T00:00:00,Upper_Agriculture_Soilwater,212.04978066575458
2024-01-24T00:00:00,Upper_Agriculture_Soilwater,212.40217914901686
2024-01-25T00:00:00,Upper_Agriculture_Soilwater,212.4314081289691
2024-01-26T00:00:00,Upper_Agriculture_Soilwater,212.58737752144077
2024-01-27T00:00:00,Upper_Agriculture_Soilwater,212.5419605541284
2024-01-28T00:00:00,Upper_Agriculture_Soilwater,212.4956156050641
2024-01-29T00:00:00,Upper_Agriculture_Soilwater,212.48708484027136
2024-01-30T00:00:00,Upper_Agriculture_Soilwater,212.25130007238656
2024-01-31T00:00:00,Upper_Agriculture_Soilwater,211.95575100967596
2024-02-01T00:00:00,Upper_Agriculture_Soilwater,211.64812035878364
2024-02-02T00:00:00,Upper_Agriculture_Soilwater,211.03220072797302
2024-02-03T00:00:00,Upper_Agriculture_Soilwater,210.2900142197367
2024-02-04T00:00:00,Upper_Agriculture_Soilwater,209.7352422058679
2024-02-05T00:00:00,Upper_Agriculture_Soilwater,209.29894365257553
2024-02-06T00:00:00,Upper_Agriculture_Soilwater,208.78567878788292
2024-02-07T00:00:00,Upper_Agriculture_Soilwater,208.36061505960308
2024-02-08T00:00:00,Upper_Agriculture_Soilwater,207.8059584891004
2024-02-09T00:00:00,Upper_Agriculture_Soilwater,207.3680510821022
2024-02-10T00:00:00,Upper_Agriculture_Soilwater,207.09674077161264
2024-02-11T00:00:00,Upper_Agriculture_Soilwater,206.28579761239996
2024-02-12T00:00:00,Upper_Agriculture_Soilwater,205.4760684773137
2024-02-13T00:00:00,Upper_Agriculture_Soilwater,204.92094719312072
2024-02-14T00:00:00,Upper_Agriculture_Soilwater,204.6328190809932
2024-02-15T00:00:00,Upper_Agriculture_Soilwater,203.89801671935996
2024-02-16T00:00:00,Upper_Agriculture_Soilwater,203.36493463924344
2024-02-17T00:00:00,Upper_Agriculture_Soilwater,202.8256168079566
2024-02-18T00:00:00,Upper_Agriculture_Soilwater,202.31774519653473
2024-02-19T00:00:00,Upper_Agriculture_Soilwater,201.90574213931765
2024-02-20T00:00:00,Upper_Agriculture_Soilwater,201.53818784157863
2024-02-21T00:00:00,Upper_Agriculture_Soilwater,201.05168218199424
2024-02-22T00:00:00,Upper_Agriculture_Soilwater,200.51645897591095
2024-02-23T00:00:00,Upper_Agriculture_Soilwater,200.02644198922437
2024-02-24T00:00:00,Upper_Agriculture_Soilwater,199.19397913318969
2024-02-25T00:00:00,Upper_Agriculture_Soilwater,198.8893501509922
2024-02-26T00:00:00,Upper_Agriculture_Soilwater,198.87131351162213
2024-02-27T00:00:00,Upper_Agriculture_Soilwater,198.712988553688
2024-02-28T00:00:00,Upper_Agriculture_Soilwater,199.4976224804171
2024-02-29T00:00:00,Upper_Agriculture_Soilwater,200.9682383675034
2024-03-01T00:00:00,Upper_Agriculture_Soilwater,202.44569645236825
2024-03-02T00:00:00,Upper_Agriculture_Soilwater,203.87024693658512
2024-03-03T00:00:00,Upper_Agriculture_Soilwater,204.98543035943493
2024-03-04T00:00:00,Upper_Agriculture_Soilwater,205.83887462834892
2024-03-05T00:00:00,Upper_Agriculture_Soilwater,206.47177573988577
2024-03-06T00:00:00,Upper_Agriculture_Soilwater,207.35710788283177
2024-03-07T00:00:00,Upper_Agriculture_Soilwater,208.5514558397897
2024-03-08T00:00:00,Upper_Agriculture_Soilwater,209.37115512652773
2024-03-09T00:00:00,Upper_Agriculture_Soilwater,210.06218719752027
2024-03-10T00:00:00,Upper_Agriculture_Soilwater,210.52130130304903
2024-03-11T00:00:00,Upper_Agriculture_Soilwater,210.9418707154968
2024-03-12T00:00:00,Upper_Agriculture_Soilwater,211.17311323242453
2024-03-13T00:00:00,Upper_Agriculture_Soilwater,211.65368853881174
2024-03-14T00:00:00,Upper_Agriculture_Soilwater,211.92641765159726
2024-03-15T00:00:00,Upper_Agriculture_Soilwater,212.02806405643756
2024-03-16T00:00:00,Upper_Agriculture_Soilwater,212.07111700379386
2024-03-17T00:00:00,Upper_Agriculture_Soilwater,212.0743787211145
2024-03-18T00:00:00,Upper_Agriculture_Soilwater,211.94007692493307
2024-03-19T00:00:00,Upper_Agriculture_Soilwater,211.82107970077678
2024-03-20T00:00:00,Upper_Agriculture_Soilwater,211.8681435522024
2024-03-21T00:00:00,Upper_Agriculture_Soilwater,211.84745903633515
2024-03-22T00:00:00,Upper_Agriculture_Soilwater,211.74022358811933
2024-03-23T00:00:00,Upper_Agriculture_Soilwater,211.60886063918332
2024-03-24T00:00:00,Upper_Agriculture_Soilwater,211.45926804415333
2024-03-25T00:00:00,Upper_Agriculture_Soilwater,211.3288053617375
2024-03-26T00:00:00,Upper_Agriculture_Soilwater,211.3285425353633
2024-03-27T00:00:00,Upper_Agriculture_Soilwater,211.50761622064655
2024-03-28T00:00:00,Upper_Agriculture_Soilwater,211.62500494351954
2024-03-29T00:00:00,Upper_Agriculture_Soilwater,211.60383975961145
2024-03-30T00:00:00,Upper_Agriculture_Soilwater,211.65961436304977
2024-03-31T00:00:00,Upper_Agriculture_Soilwater,211.62286364820434
2024-04-01T00:00:00,Upper_Agriculture_Soilwater,211.3074797326975
2024-04-02T00:00:00,Upper_Agriculture_Soilwater,211.22263836380998
2024-04-03T00:00:00,Upper_Agriculture_Soilwater,210.879949671373
2024-04-04T00:00:00,Upper_Agriculture_Soilwater,210.6778635337853
2024-04-05T00:00:00,Upper_Agriculture_Soilwater,210.5811239270014
2024-04-06T00:00:00,Upper_Agriculture_Soilwater,210.18000320623648
2024-04-07T00:00:00,Upper_Agriculture_Soilwater,210.12343299035447
2024-04-08T00:00:00,Upper_Agriculture_Soilwater,209.9522711855865
2024-04-09T00:00:00,Upper_Agriculture_Soilwater,209.93520501186862
2024-04-10T00:00:00,Upper_Agriculture_Soilwater,209.7279397610384
2024-04-11T00:00:00,Upper_Agriculture_Soilwater,209.51642991025557
2024-04-12T00:00:00,Upper_Agriculture_Soilwater,209.4565250320189
2024-04-13T00:00:00,Upper_Agriculture_Soilwater,209.36087043032703
2024-04-14T00:00:00,Upper_Agriculture_Soilwater,209.20377829865333
2024-04-15T00:00:00,Upper_Agriculture_Soilwater,208.9844958890111
2024-04-16T00:00:00,Upper_Agriculture_Soilwater,208.7980321783108
2024-04-17T00:00:00,Upper_Agriculture_Soilwater,209.02881625086042
2024-04-18T00:00:00,Upper_Agriculture_Soilwater,209.12546318711702
2024-04-19T00:00:00,Upper_Agriculture_Soilwater,209.1124925736137
2024-04-20T00:00:00,Upper_Agriculture_Soilwater,209.01086145093987
2024-04-21T00:00:00,Upper_Agriculture_Soilwater,208.90323162706468
2024-04-22T00:00:00,Upper_Agriculture_Soilwater,208.72701915345513
2024-04-23T00:00:00,Upper_Agriculture_Soilwater,208.49701685829683
2024-04-24T00:00:00,Upper_Agriculture_Soilwater,208.22574483063565
2024-04-25T00:00:00,Upper_Agriculture_Soilwater,207.92375703992371
2024-04-26T00:00:00,Upper_Agriculture_Soilwater,207.59990935904784
2024-04-27T00:00:00,Upper_Agriculture_Soilwater,207.2615936439479
2024-04-28T00:00:00,Upper_Agriculture_Soilwater,206.91494197827745
2024-04-29T00:00:00,Upper_Agriculture_Soilwater,206.74320470930164
2024-04-30T00:00:00,Upper_Agriculture_Soilwater,206.15564147433818
2024-05-01T00:00:00,Upper_Agriculture_Soilwater,205.58783243927442
2024-05-02T00:00:00,Upper_Agriculture_Soilwater,205.08719199648002
2024-05-03T00:00:00,Upper_Agriculture_Soilwater,204.70856131785177
2024-05-04T00:00:00,Upper_Agriculture_Soilwater,204.66271445498438
2024-05-05T00:00:00,Upper_Agriculture_Soilwater,204.57895135151193
2024-05-06T00:00:00,Upper_Agriculture_Soilwater,204.46531372418414
2024-05-07T00:00:00,Upper_Agriculture_Soilwater,204.33412210880678
2024-05-08T00:00:00,Upper_Agriculture_Soilwater,204.22605247926305
2024-05-09T00:00:00,Upper_Agriculture_Soilwater,204.79855795454
2024-05-10T00:00:00,Upper_Agriculture_Soilwater,205.31798180996893
2024-05-11T00:00:00,Upper_Agriculture_Soilwater,205.91706571476666
2024-05-12T00:00:00,Upper_Agriculture_Soilwater,206.42013542050518
2024-05-13T00:00:00,Upper_Agriculture_Soilwater,206.92542052794832
2024-05-14T00:00:00,Upper_Agriculture_Soilwater,207.4922472596978
2024-05-15T00:00:00,Upper_Agriculture_Soilwater,207.97689443981787
2024-05-16T00:00:00,Upper_Agriculture_Soilwater,208.52167371131694
2024-05-17T00:00:00,Upper_Agriculture_Soilwater,208.652224184118
2024-05-18T00:00:00,Upper_Agriculture_Soilwater,208.63334542524572
2024-05-19T00:00:00,Upper_Agriculture_Soilwater,208.4609585763067
2024-05-20T00:00:00,Upper_Agriculture_Soilwater,208.30352444290304
2024-05-21T00:00:00,Upper_Agriculture_Soilwater,208.23364835041704
2024-05-22T00:00:00,Upper_Agriculture_Soilwater,208.08849143199922
2024-05-23T00:00:00,Upper_Agriculture_Soilwater,207.96234621376078
2024-05-24T00:00:00,Upper_Agriculture_Soilwater,207.82253552485003
2024-05-25T00:00:00,Upper_Agriculture_Soilwater,207.63106351158382
2024-05-26T00:00:00,Upper_Agriculture_Soilwater,207.39966054572236
2024-05-27T00:00:00,Upper_Agriculture_Soilwater,207.13822753791737
2024-05-28T00:00:00,Upper_Agriculture_Soilwater,206.85508452621616
2024-05-29T00:00:00,Upper_Agriculture_Soilwater,206.557187841476
2024-05-30T00:00:00,Upper_Agriculture_Soilwater,205.9003996484217
2024-05-31T00:00:00,Upper_Agriculture_Soilwater,205.34438921556352
2024-06-01T00:00:00,Upper_Agriculture_Soilwater,204.77370327279274
2024-06-02T00:00:00,Upper_Agriculture_Soilwater,204.38734902642048
2024-06-03T00:00:00,Upper_Agriculture_Soilwater,204.04530299659476
2024-06-04T00:00:00,Upper_Agriculture_Soilwater,203.58238148246997
2024-06-05T00:00:00,Upper_Agriculture_Soilwater,202.98963284120418
2024-06-06T00:00:00,Upper_Agriculture_Soilwater,202.45317171336688
2024-06-07T00:00:00,Upper_Agriculture_Soilwater,202.358023282685
2024-06-08T00:00:00,Upper_Agriculture_Soilwater,202.2573728210058
2024-06-09T00:00:00,Upper_Agriculture_Soilwater,202.15327221883558
2024-06-10T00:00:00,Upper_Agriculture_Soilwater,202.04741800888937
2024-06-11T00:00:00,Upper_Agriculture_Soilwater,201.94120191874404
2024-06-12T00:00:00,Upper_Agriculture_Soilwater,201.83575486653888
2024-06-13T00:00:00,Upper_Agriculture_Soilwater,201.7319852055873
2024-06-14T00:00:00,Upper_Agriculture_Soilwater,201.63061192816068
2024-06-15T00:00:00,Upper_Agriculture_Soilwater,201.5321934541635
2024-06-16T00:00:00,Upper_Agriculture_Soilwater,201.43715255568412
2024-06-17T00:00:00,Upper_Agriculture_Soilwater,201.338021902359
2024-06-18T00:00:00,Upper_Agriculture_Soilwater,201.25134425414205
2024-06-19T00:00:00,Upper_Agriculture_Soilwater,201.1686219165449
2024-06-20T00:00:00,Upper_Agriculture_Soilwater,201.08993060392578
2024-06-21T00:00:00,Upper_Agriculture_Soilwater,201.01529133466502
2024-06-22T00:00:00,Upper_Agriculture_Soilwater,200.94468061321714
2024-06-23T00:00:00,Upper_Agriculture_Soilwater,200.8780391227122
2024-06-24T00:00:00,Upper_Agriculture_Soilwater,200.8152791241761
2024-06-25T00:00:00,Upper_Agriculture_Soilwater,200.74851473412005
2024-06-26T00:00:00,Upper_Agriculture_Soilwater,200.59286083083347
2024-06-27T00:00:00,Upper_Agriculture_Soilwater,200.435191760863
2024-06-28T00:00:00,Upper_Agriculture_Soilwater,200.23703189657832
2024-06-29T00:00:00,Upper_Agriculture_Soilwater,200.17368488754192
2024-06-30T00:00:00,Upper_Agriculture_Soilwater,200.00632976134702
2024-07-01T00:00:00,Upper_Agriculture_Soilwater,199.89629963815634
2024-07-02T00:00:00,Upper_Agriculture_Soilwater,199.81332523698723
2024-07-03T00:00:00,Upper_Agriculture_Soilwater,199.62573535757346
2024-07-04T00:00:00,Upper_Agriculture_Soilwater,199.28248930772287
2024-07-05T00:00:00,Upper_Agriculture_Soilwater,198.92233483408216
2024-07-06T00:00:00,Upper_Agriculture_Soilwater,198.62248140453676
2024-07-07T00:00:00,Upper_Agriculture_Soilwater,198.3909499271282
2024-07-08T00:00:00,Upper_Agriculture_Soilwater,198.0912607430601
2024-07-09T00:00:00,Upper_Agriculture_Soilwater,197.96138070826953
2024-07-10T00:00:00,Upper_Agriculture_Soilwater,197.78878654323688
2024-07-11T00:00:00,Upper_Agriculture_Soilwater,197.57374407608103
2024-07-12T00:00:00,Upper_Agriculture_Soilwater,197.19010700706883
2024-07-13T00:00:00,Upper_Agriculture_Soilwater,197.87667337078278
2024-07-14T00:00:00,Upper_Agriculture_Soilwater,198.81572038038442
2024-07-15T00:00:00,Upper_Agriculture_Soilwater,199.36898529522452
2024-07-16T00:00:00,Upper_Agriculture_Soilwater,200.00411261745438
2024-07-17T00:00:00,Upper_Agriculture_Soilwater,200.84472782228605
2024-07-18T00:00:00,Upper_Agriculture_Soilwater,201.2724292599768
2024-07-19T00:00:00,Upper_Agriculture_Soilwater,202.23113913190656
2024-07-20T00:00:00,Upper_Agriculture_Soilwater,203.1053275368506
2024-07-21T00:00:00,Upper_Agriculture_Soilwater,203.78158926948677
2024-07-22T00:00:00,Upper_Agriculture_Soilwater,204.1663517802272
2024-07-23T00:00:00,Upper_Agriculture_Soilwater,204.63942909612467
2024-07-24T00:00:00,Upper_Agriculture_Soilwater,204.70795543104038
2024-07-25T00:00:00,Upper_Agriculture_Soilwater,204.6767246080117
2024-07-26T00:00:00,Upper_Agriculture_Soilwater,204.42970039527836
2024-07-27T00:00:00,Upper_Agriculture_Soilwater,204.20319857901157
2024-07-28T00:00:00,Upper_Agriculture_Soilwater,203.96759132204534
2024-07-29T00:00:00,Upper_Agriculture_Soilwater,203.68730713068226
2024-07-30T00:00:00,Upper_Agriculture_Soilwater,203.21267426437134
2024-07-31T00:00:00,Upper_Agriculture_Soilwater,202.68800850001577
2024-08-01T00:00:00,Upper_Agriculture_Soilwater,202.24236994588762
2024-08-02T00:00:00,Upper_Agriculture_Soilwater,201.72678701758494
2024-08-03T00:00:00,Upper_Agriculture_Soilwater,201.22424577548392
2024-08-04T00:00:00,Upper_Agriculture_Soilwater,200.42003291162723
2024-08-05T00:00:00,Upper_Agriculture_Soilwater,198.7277369882848
2024-08-06T00:00:00,Upper_Agriculture_Soilwater,197.8030208161463
2024-08-07T00:00:00,Upper_Agriculture_Soilwater,196.639696214715
2024-08-08T00:00:00,Upper_Agriculture_Soilwater,195.74576002504187
2024-08-09T00:00:00,Upper_Agriculture_Soilwater,195.0648925090854
2024-08-10T00:00:00,Upper_Agriculture_Soilwater,194.3295217220507
2024-08-11T00:00:00,Upper_Agriculture_Soilwater,193.72903207758932
2024-08-12T00:00:00,Upper_Agriculture_Soilwater,193.10290875948982
2024-08-13T00:00:00,Upper_Agriculture_Soilwater,192.44955709695415
2024-08-14T00:00:00,Upper_Agriculture_Soilwater,192.15381504332052
2024-08-15T00:00:00,Upper_Agriculture_Soilwater,191.76280508011288
2024-08-16T00:00:00,Upper_Agriculture_Soilwater,191.00532346442034
2024-08-17T00:00:00,Upper_Agriculture_Soilwater,189.93625493418764
2024-08-18T00:00:00,Upper_Agriculture_Soilwater,188.86081668802888
2024-08-19T00:00:00,Upper_Agriculture_Soilwater,187.9404080291735
2024-08-20T00:00:00,Upper_Agriculture_Soilwater,187.00488398170825
2024-08-21T00:00:00,Upper_Agriculture_Soilwater,186.2792781239569
2024-08-22T00:00:00,Upper_Agriculture_Soilwater,185.67067694008398
2024-08-23T00:00:00,Upper_Agriculture_Soilwater,185.0020390632162
2024-08-24T00:00:00,Upper_Agriculture_Soilwater,184.19114256968646
2024-08-25T00:00:00,Upper_Agriculture_Soilwater,183.30521112499378
2024-08-26T00:00:00,Upper_Agriculture_Soilwater,182.6300642374579
2024-08-27T00:00:00,Upper_Agriculture_Soilwater,182.076967256546
2024-08-28T00:00:00,Upper_Agriculture_Soilwater,181.2815654980149
2024-08-29T00:00:00,Upper_Agriculture_Soilwater,180.6520823413774
2024-08-30T00:00:00,Upper_Agriculture_Soilwater,179.8336017327092
2024-08-31T00:00:00,Upper_Agriculture_Soilwater,178.99827048578845
2024-09-01T00:00:00,Upper_Agriculture_Soilwater,178.58243141766366
2024-09-02T00:00:00,Upper_Agriculture_Soilwater,177.8808699284095
2024-09-03T00:00:00,Upper_Agriculture_Soilwater,177.25726986206766
2024-09-04T00:00:00,Upper_Agriculture_Soilwater,176.95772644744645
2024-09-05T00:00:00,Upper_Agriculture_Soilwater,176.45762859832055
2024-09-06T00:00:00,Upper_Agriculture_Soilwater,175.7145691313026
2024-09-07T00:00:00,Upper_Agriculture_Soilwater,174.8666786138362
2024-09-08T00:00:00,Upper_Agriculture_Soilwater,174.04593816281422
2024-09-09T00:00:00,Upper_Agriculture_Soilwater,174.0953956917493
2024-09-10T00:00:00,Upper_Agriculture_Soilwater,174.72191120121371
2024-09-11T00:00:00,Upper_Agriculture_Soilwater,174.992197914422
2024-09-12T00:00:00,Upper_Agriculture_Soilwater,175.0050063775251
2024-09-13T00:00:00,Upper_Agriculture_Soilwater,175.61181462723044
2024-09-14T00:00:00,Upper_Agriculture_Soilwater,176.24684799934545
2024-09-15T00:00:00,Upper_Agriculture_Soilwater,177.01743541449045
2024-09-16T00:00:00,Upper_Agriculture_Soilwater,177.69723401862797
2024-09-17T00:00:00,Upper_Agriculture_Soilwater,178.06253728243664
2024-09-18T00:00:00,Upper_Agriculture_Soilwater,178.29353753346837
2024-09-19T00:00:00,Upper_Agriculture_Soilwater,178.52485297022713
2024-09-20T00:00:00,Upper_Agriculture_Soilwater,178.43358717497014
2024-09-21T00:00:00,Upper_Agriculture_Soilwater,178.213490527997
2024-09-22T00:00:00,Upper_Agriculture_Soilwater,177.90807206085924
2024-09-23T00:00:00,Upper_Agriculture_Soilwater,177.46954856369933
2024-09-24T00:00:00,Upper_Agriculture_Soilwater,176.87798188539472
2024-09-25T00:00:00,Upper_Agriculture_Soilwater,176.82257559559815
2024-09-26T00:00:00,Upper_Agriculture_Soilwater,176.7266817242923
2024-09-27T00:00:00,Upper_Agriculture_Soilwater,176.4494053942008
2024-09-28T00:00:00,Upper_Agriculture_Soilwater,176.0736450874172
2024-09-29T00:00:00,Upper_Agriculture_Soilwater,175.7118732603719
2024-09-30T00:00:00,Upper_Agriculture_Soilwater,175.27332110752567
2024-10-01T00:00:00,Upper_Agriculture_Soilwater,174.73526601565126
2024-10-02T00:00:00,Upper_Agriculture_Soilwater,174.1403793242638
2024-10-03T00:00:00,Upper_Agriculture_Soilwater,173.47736413424596
2024-10-04T00:00:00,Upper_Agriculture_Soilwater,172.6709872237042
2024-10-05T00:00:00,Upper_Agriculture_Soilwater,171.81392058947083
2024-10-06T00:00:00,Upper_Agriculture_Soilwater,170.88769571487546
2024-10-07T00:00:00,Upper_Agriculture_Soilwater,169.8623741149922
2024-10-08T00:00:00,Upper_Agriculture_Soilwater,168.9464888302851
2024-10-09T00:00:00,Upper_Agriculture_Soilwater,168.05236752238363
2024-10-10T00:00:00,Upper_Agriculture_Soilwater,168.17178836834185
2024-10-11T00:00:00,Upper_Agriculture_Soilwater,168.14644220121687
2024-10-12T00:00:00,Upper_Agriculture_Soilwater,167.94281401470155
2024-10-13T00:00:00,Upper_Agriculture_Soilwater,167.50968594685165
2024-10-14T00:00:00,Upper_Agriculture_Soilwater,167.23446208435755
2024-10-15T00:00:00,Upper_Agriculture_Soilwater,166.81504174226285
2024-10-16T00:00:00,Upper_Agriculture_Soilwater,166.2508461841617
2024-10-17T00:00:00,Upper_Agriculture_Soilwater,165.57592318445967
2024-10-18T00:00:00,Upper_Agriculture_Soilwater,164.77127347414407
2024-10-19T00:00:00,Upper_Agriculture_Soilwater,164.14596642661277
2024-10-20T00:00:00,Upper_Agriculture_Soilwater,163.50741869107273
2024-10-21T00:00:00,Upper_Agriculture_Soilwater,162.7551089863225
2024-10-22T00:00:00,Upper_Agriculture_Soilwater,162.11515912088458
2024-10-23T00:00:00,Upper_Agriculture_Soilwater,161.46773987054988
2024-10-24T00:00:00,Upper_Agriculture_Soilwater,160.56524512448087
2024-10-25T00:00:00,Upper_Agriculture_Soilwater,159.63710048009554
2024-10-26T00:00:00,Upper_Agriculture_Soilwater,158.60942179128898
2024-10-27T00:00:00,Upper_Agriculture_Soilwater,157.57114194303637
2024-10-28T00:00:00,Upper_Agriculture_Soilwater,156.66310405865372
2024-10-29T00:00:00,Upper_Agriculture_Soilwater,155.71257778629132
2024-10-30T00:00:00,Upper_Agriculture_Soilwater,156.79056432766444
2024-10-31T00:00:00,Upper_Agriculture_Soilwater,158.07537014080162
2024-11-01T00:00:00,Upper_Agriculture_Soilwater,159.32481191088965
2024-11-02T00:00:00,Upper_Agriculture_Soilwater,160.15950772620658
2024-11-03T00:00:00,Upper_Agriculture_Soilwater,160.85203632440155
2024-11-04T00:00:00,Upper_Agriculture_Soilwater,161.3698291310523
2024-11-05T00:00:00,Upper_Agriculture_Soilwater,161.725247832349
2024-11-06T00:00:00,Upper_Agriculture_Soilwater,161.89540094513566
2024-11-07T00:00:00,Upper_Agriculture_Soilwater,161.89956326682452
2024-11-08T00:00:00,Upper_Agriculture_Soilwater,163.55307260194
2024-11-09T00:00:00,Upper_Agriculture_Soilwater,164.87213748635912
2024-11-10T00:00:00,Upper_Agriculture_Soilwater,165.96975525611583
2024-11-11T00:00:00,Upper_Agriculture_Soilwater,168.00249721630354
2024-11-12T00:00:00,Upper_Agriculture_Soilwater,169.71867848258645
2024-11-13T00:00:00,Upper_Agriculture_Soilwater,171.13115418813953
2024-11-14T00:00:00,Upper_Agriculture_Soilwater,172.54965647378748
2024-11-15T00:00:00,Upper_Agriculture_Soilwater,173.5531029369074
2024-11-16T00:00:00,Upper_Agriculture_Soilwater,174.4146479027732
2024-11-17T00:00:00,Upper_Agriculture_Soilwater,174.9592626655188
2024-11-18T00:00:00,Upper_Agriculture_Soilwater,175.90615527065316
2024-11-19T00:00:00,Upper_Agriculture_Soilwater,176.67330623465924
2024-11-20T00:00:00,Upper_Agriculture_Soilwater,177.26077319381173
2024-11-21T00:00:00,Upper_Agriculture_Soilwater,177.62455148706198
2024-11-22T00:00:00,Upper_Agriculture_Soilwater,177.8621331029565
2024-11-23T00:00:00,Upper_Agriculture_Soilwater,178.15003234792502
2024-11-24T00:00:00,Upper_Agriculture_Soilwater,178.27694593098119
2024-11-25T00:00:00,Upper_Agriculture_Soilwater,178.21758106356594
2024-11-26T00:00:00,Upper_Agriculture_Soilwater,177.93234183410135
2024-11-27T00:00:00,Upper_Agriculture_Soilwater,177.51168754144072
2024-11-28T00:00:00,Upper_Agriculture_Soilwater,176.99535027599455
2024-11-29T00:00:00,Upper_Agriculture_Soilwater,176.52167473458044
2024-11-30T00:00:00,Upper_Agriculture_Soilwater,176.28007825732254
2024-12-01T00:00:00,Upper_Agriculture_Soilwater,176.59775476969662
2024-12-02T00:00:00,Upper_Agriculture_Soilwater,176.97934089013629
2024-12-03T00:00:00,Upper_Agriculture_Soilwater,177.44687724108144
2024-12-04T00:00:00,Upper_Agriculture_Soilwater,177.70525143510147
2024-12-05T00:00:00,Upper_Agriculture_Soilwater,177.649166799073
2024-12-06T00:00:00,Upper_Agriculture_Soilwater,177.39920943385957
2024-12-07T00:00:00,Upper_Agriculture_Soilwater,177.04568789317918
2024-12-08T00:00:00,Upper_Agriculture_Soilwater,176.60115789470487
2024-12-09T00:00:00,Upper_Agriculture_Soilwater,176.0969442987121
2024-12-10T00:00:00,Upper_Agriculture_Soilwater,175.63541793631256
2024-12-11T00:00:00,Upper_Agriculture_Soilwater,174.92556657582256
2024-12-12T00:00:00,Upper_Agriculture_Soilwater,174.25605088911848
2024-12-13T00:00:00,Upper_Agriculture_Soilwater,173.6501387845762
2024-12-14T00:00:00,Upper_Agriculture_Soilwater,173.0017041325645
2024-12-15T00:00:00,Upper_Agriculture_Soilwater,172.23408531861114
2024-12-16T00:00:00,Upper_Agriculture_Soilwater,172.12395897558892
2024-12-17T00:00:00,Upper_Agriculture_Soilwater,172.61769145110517
2024-12-18T00:00:00,Upper_Agriculture_Soilwater,173.5901302235333
2024-12-19T00:00:00,Upper_Agriculture_Soilwater,174.3295588197921
2024-12-20T00:00:00,Upper_Agriculture_Soilwater,175.3500066582099
2024-12-21T00:00:00,Upper_Agriculture_Soilwater,176.11576084133952
2024-12-22T00:00:00,Upper_Agriculture_Soilwater,176.64033920108633
2024-12-23T00:00:00,Upper_Agriculture_Soilwater,177.13423760384157
2024-12-24T00:00:00,Upper_Agriculture_Soilwater,177.72669223156313
2024-12-25T00:00:00,Upper_Agriculture_Soilwater,178.29638572052775
2024-12-26T00:00:00,Upper_Agriculture_Soilwater,178.94888124872207
2024-12-27T00:00:00,Upper_Agriculture_Soilwater,179.54045857912718
2024-12-28T00:00:00,Upper_Agriculture_Soilwater,180.05490622220287
2024-12-29T00:00:00,Upper_Agriculture_Soilwater,180.37757990436316
2024-12-30T00:00:00,Upper_Agriculture_Soilwater,180.6479334348709
2024-12-31T00:00:00,Upper_Agriculture_Soilwater,180.74343704406394
2025-01-01T00:00:00,Upper_Agriculture_Soilwater,181.0624473196691
2025-01-02T00:00:00,Upper_Agriculture_Soilwater,181.21764907255871
2025-01-03T00:00:00,Upper_Agriculture_Soilwater,181.21751005398644
2025-01-04T00:00:00,Upper_Agriculture_Soilwater,180.97121371469441
2025-01-05T00:00:00,Upper_Agriculture_Soilwater,181.15134777212575
2025-01-06T00:00:00,Upper_Agriculture_Soilwater,181.27443285443027
2025-01-07T00:00:00,Upper_Agriculture_Soilwater,180.9972727795939
2025-01-08T00:00:00,Upper_Agriculture_Soilwater,181.10548728853607
2025-01-09T00:00:00,Upper_Agriculture_Soilwater,181.22535457916808
2025-01-10T00:00:00,Upper_Agriculture_Soilwater,181.45566211531613
2025-01-11T00:00:00,Upper_Agriculture_Soilwater,181.8648463014317
2025-01-12T00:00:00,Upper_Agriculture_Soilwater,182.1281162375812
2025-01-13T00:00:00,Upper_Agriculture_Soilwater,182.24202276840978
2025-01-14T00:00:00,Upper_Agriculture_Soilwater,182.13065106877931
2025-01-15T00:00:00,Upper_Agriculture_Soilwater,182.05500276009613
2025-01-16T00:00:00,Upper_Agriculture_Soilwater,182.18585933447238
2025-01-17T00:00:00,Upper_Agriculture_Soilwater,183.233469208989
2025-01-18T00:00:00,Upper_Agriculture_Soilwater,184.38832597006547
2025-01-19T00:00:00,Upper_Agriculture_Soilwater,185.44358358581104
2025-01-20T00:00:00,Upper_Agriculture_Soilwater,186.44628620342175
2025-01-21T00:00:00,Upper_Agriculture_Soilwater,187.29123337888663
2025-01-22T00:00:00,Upper_Agriculture_Soilwater,187.98787281447144
2025-01-23T00:00:00,Upper_Agriculture_Soilwater,188.2917676091199
2025-01-24T00:00:00,Upper_Agriculture_Soilwater,188.53397511029897
2025-01-25T00:00:00,Upper_Agriculture_Soilwater,189.17963358879226
2025-01-26T00:00:00,Upper_Agriculture_Soilwater,189.38441138862348
2025-01-27T00:00:00,Upper_Agriculture_Soilwater,189.56528106040378
2025-01-28T00:00:00,Upper_Agriculture_Soilwater,190.9950307730589
2025-01-29T00:00:00,Upper_Agriculture_Soilwater,192.23855316585687
2025-01-30T00:00:00,Upper_Agriculture_Soilwater,193.4307030028395
2025-01-31T00:00:00,Upper_Agriculture_Soilwater,194.6081834091443
2025-02-01T00:00:00,Upper_Agriculture_Soilwater,195.64898050425379
2025-02-02T00:00:00,Upper_Agriculture_Soilwater,196.6073124092704
2025-02-03T00:00:00,Upper_Agriculture_Soilwater,198.23133403657766
2025-02-04T00:00:00,Upper_Agriculture_Soilwater,200.3345080448341
2025-02-05T00:00:00,Upper_Agriculture_Soilwater,202.3412379110735
2025-02-06T00:00:00,Upper_Agriculture_Soilwater,204.03568152361666
2025-02-07T00:00:00,Upper_Agriculture_Soilwater,205.54641283454046
2025-02-08T00:00:00,Upper_Agriculture_Soilwater,206.48835946804334
2025-02-09T00:00:00,Upper_Agriculture_Soilwater,208.04109984650023
2025-02-10T00:00:00,Upper_Agriculture_Soilwater,209.3410101545853
2025-02-11T00:00:00,Upper_Agriculture_Soilwater,210.50114820258835
2025-02-12T00:00:00,Upper_Agriculture_Soilwater,211.15162213944498
2025-02-13T00:00:00,Upper_Agriculture_Soilwater,211.58331940690437
2025-02-14T00:00:00,Upper_Agriculture_Soilwater,212.01506019947743
2025-02-15T00:00:00,Upper_Agriculture_Soilwater,212.10452203946687
2025-02-16T00:00:00,Upper_Agriculture_Soilwater,211.7363473094636
2025-02-17T00:00:00,Upper_Agriculture_Soilwater,211.59836550506637
2025-02-18T00:00:00,Upper_Agriculture_Soilwater,211.4098205884539
2025-02-19T00:00:00,Upper_Agriculture_Soilwater,210.98281540011328
2025-02-20T00:00:00,Upper_Agriculture_Soilwater,211.03138664355626
2025-02-21T00:00:00,Upper_Agriculture_Soilwater,210.8364530843095
2025-02-22T00:00:00,Upper_Agriculture_Soilwater,210.71171557047654
2025-02-23T00:00:00,Upper_Agriculture_Soilwater,210.48489862856707
2025-02-24T00:00:00,Upper_Agriculture_Soilwater,210.2484271193347
2025-02-25T00:00:00,Upper_Agriculture_Soilwater,209.97539612566317
2025-02-26T00:00:00,Upper_Agriculture_Soilwater,209.7302382595326
2025-02-27T00:00:00,Upper_Agriculture_Soilwater,208.85893400537148
2025-02-28T00:00:00,Upper_Agriculture_Soilwater,208.0630330194473
2025-03-01T00:00:00,Upper_Agriculture_Soilwater,207.7397420906542
2025-03-02T00:00:00,Upper_Agriculture_Soilwater,207.54589021742527
2025-03-03T00:00:00,Upper_Agriculture_Soilwater,206.76753609793556
2025-03-04T00:00:00,Upper_Agriculture_Soilwater,206.23113470016958
2025-03-05T00:00:00,Upper_Agriculture_Soilwater,205.8436558209774
2025-03-06T00:00:00,Upper_Agriculture_Soilwater,205.74585417062198
2025-03-07T00:00:00,Upper_Agriculture_Soilwater,205.8067514921279
2025-03-08T00:00:00,Upper_Agriculture_Soilwater,206.07976120762638
2025-03-09T00:00:00,Upper_Agriculture_Soilwater,206.4850454651039
2025-03-10T00:00:00,Upper_Agriculture_Soilwater,206.74847525900964
2025-03-11T00:00:00,Upper_Agriculture_Soilwater,206.9834686394832
2025-03-12T00:00:00,Upper_Agriculture_Soilwater,206.79293859127193
2025-03-13T00:00:00,Upper_Agriculture_Soilwater,206.19743186630808
2025-03-14T00:00:00,Upper_Agriculture_Soilwater,205.4478107004243
2025-03-15T00:00:00,Upper_Agriculture_Soilwater,205.2044882490542
2025-03-16T00:00:00,Upper_Agriculture_Soilwater,205.1526033809539
2025-03-17T00:00:00,Upper_Agriculture_Soilwater,204.8707418039831
2025-03-18T00:00:00,Upper_Agriculture_Soilwater,204.3969937085969
2025-03-19T00:00:00,Upper_Agriculture_Soilwater,203.99183821424813
2025-03-20T00:00:00,Upper_Agriculture_Soilwater,203.8578014816831
2025-03-21T00:00:00,Upper_Agriculture_Soilwater,203.64928811348864
2025-03-22T00:00:00,Upper_Agriculture_Soilwater,203.4477874041162
2025-03-23T00:00:00,Upper_Agriculture_Soilwater,203.2274787554834
2025-03-24T00:00:00,Upper_Agriculture_Soilwater,202.890005162536
2025-03-25T00:00:00,Upper_Agriculture_Soilwater,202.87598190062323
2025-03-26T00:00:00,Upper_Agriculture_Soilwater,202.77475683946767
2025-03-27T00:00:00,Upper_Agriculture_Soilwater,202.88235617153697
2025-03-28T00:00:00,Upper_Agriculture_Soilwater,203.38845606879772
2025-03-29T00:00:00,Upper_Agriculture_Soilwater,204.33637242489098
2025-03-30T00:00:00,Upper_Agriculture_Soilwater,204.77932974907762
2025-03-31T00:00:00,Upper_Agriculture_Soilwater,205.14243108417799
2025-04-01T00:00:00,Upper_Agriculture_Soilwater,205.45665805476753
2025-04-02T00:00:00,Upper_Agriculture_Soilwater,205.52286812039736
2025-04-03T00:00:00,Upper_Agriculture_Soilwater,205.54148719235354
2025-04-04T00:00:00,Upper_Agriculture_Soilwater,205.42954976871454
2025-04-05T00:00:00,Upper_Agriculture_Soilwater,205.30681135787978
2025-04-06T00:00:00,Upper_Agriculture_Soilwater,205.32306433152485
2025-04-07T00:00:00,Upper_Agriculture_Soilwater,205.4742233968621
2025-04-08T00:00:00,Upper_Agriculture_Soilwater,205.51412080581665
2025-04-09T00:00:00,Upper_Agriculture_Soilwater,205.40789889901166
2025-04-10T00:00:00,Upper_Agriculture_Soilwater,205.26039296550948
2025-04-11T00:00:00,Upper_Agriculture_Soilwater,206.00490522971765
2025-04-12T00:00:00,Upper_Agriculture_Soilwater,207.20498311142907
2025-04-13T00:00:00,Upper_Agriculture_Soilwater,208.32116916450104
2025-04-14T00:00:00,Upper_Agriculture_Soilwater,209.14206817584432
2025-04-15T00:00:00,Upper_Agriculture_Soilwater,209.71557569327393
2025-04-16T00:00:00,Upper_Agriculture_Soilwater,210.08296102545918
2025-04-17T00:00:00,Upper_Agriculture_Soilwater,210.35261353427467
2025-04-18T00:00:00,Upper_Agriculture_Soilwater,210.46750593107245
2025-04-19T00:00:00,Upper_Agriculture_Soilwater,210.45589371316794
2025-04-20T00:00:00,Upper_Agriculture_Soilwater,210.3419288795336
2025-04-21T00:00:00,Upper_Agriculture_Soilwater,210.14619807549445
2025-04-22T00:00:00,Upper_Agriculture_Soilwater,209.8861941434678
2025-04-23T00:00:00,Upper_Agriculture_Soilwater,209.5767290170915
2025-04-24T00:00:00,Upper_Agriculture_Soilwater,209.23029497455582
2025-04-25T00:00:00,Upper_Agriculture_Soilwater,208.85738045035635
2025-04-26T00:00:00,Upper_Agriculture_Soilwater,208.4667458812512
2025-04-27T00:00:00,Upper_Agriculture_Soilwater,208.06566442146354
2025-04-28T00:00:00,Upper_Agriculture_Soilwater,207.66013179482087
2025-04-29T00:00:00,Upper_Agriculture_Soilwater,207.2113090492921
2025-04-30T00:00:00,Upper_Agriculture_Soilwater,206.70955353492093
2025-05-01T00:00:00,Upper_Agriculture_Soilwater,206.39000083293104
2025-05-02T00:00:00,Upper_Agriculture_Soilwater,206.06726313598992
2025-05-03T00:00:00,Upper_Agriculture_Soilwater,206.1582729701077
2025-05-04T00:00:00,Upper_Agriculture_Soilwater,205.97600820604205
2025-05-05T00:00:00,Upper_Agriculture_Soilwater,205.67497766508845
2025-05-06T00:00:00,Upper_Agriculture_Soilwater,205.32307155026513
2025-05-07T00:00:00,Upper_Agriculture_Soilwater,205.0563360817556
2025-05-08T00:00:00,Upper_Agriculture_Soilwater,204.77883059144534
2025-05-09T00:00:00,Upper_Agriculture_Soilwater,204.47360363837956
2025-05-10T00:00:00,Upper_Agriculture_Soilwater,204.7761089700125
2025-05-11T00:00:00,Upper_Agriculture_Soilwater,204.93229399893505
2025-05-12T00:00:00,Upper_Agriculture_Soilwater,205.07713213237295
2025-05-13T00:00:00,Upper_Agriculture_Soilwater,205.24658209913395
2025-05-14T00:00:00,Upper_Agriculture_Soilwater,205.499461951219
2025-05-15T00:00:00,Upper_Agriculture_Soilwater,205.6251944118957
2025-05-16T00:00:00,Upper_Agriculture_Soilwater,205.8185297609249
2025-05-17T00:00:00,Upper_Agriculture_Soilwater,205.84540689602926
2025-05-18T00:00:00,Upper_Agriculture_Soilwater,205.9192721065035
2025-05-19T00:00:00,Upper_Agriculture_Soilwater,205.8128606059226
2025-05-20T00:00:00,Upper_Agriculture_Soilwater,205.66231788439285
2025-05-21T00:00:00,Upper_Agriculture_Soilwater,205.6610479011098
2025-05-22T00:00:00,Upper_Agriculture_Soilwater,206.06439593563948
2025-05-23T00:00:00,Upper_Agriculture_Soilwater,206.4237758842521
2025-05-24T00:00:00,Upper_Agriculture_Soilwater,207.3774326837858
2025-05-25T00:00:00,Upper_Agriculture_Soilwater,207.88716356457024
2025-05-26T00:00:00,Upper_Agriculture_Soilwater,207.99333714235993
2025-05-27T00:00:00,Upper_Agriculture_Soilwater,207.846994768946
2025-05-28T00:00:00,Upper_Agriculture_Soilwater,207.86227229879123
2025-05-29T00:00:00,Upper_Agriculture_Soilwater,207.85045637497797
2025-05-30T00:00:00,Upper_Agriculture_Soilwater,207.88102971293944
2025-05-31T00:00:00,Upper_Agriculture_Soilwater,207.77955021955887
2025-06-01T00:00:00,Upper_Agriculture_Soilwater,207.62577712772503
2025-06-02T00:00:00,Upper_Agriculture_Soilwater,207.69731755206234
2025-06-03T00:00:00,Upper_Agriculture_Soilwater,207.61064092025495
2025-06-04T00:00:00,Upper_Agriculture_Soilwater,207.32358083928838
2025-06-05T00:00:00,Upper_Agriculture_Soilwater,207.0380439653126
2025-06-06T00:00:00,Upper_Agriculture_Soilwater,206.65473065773907
2025-06-07T00:00:00,Upper_Agriculture_Soilwater,205.92777957202713
2025-06-08T00:00:00,Upper_Agriculture_Soilwater,205.2571209968802
2025-06-09T00:00:00,Upper_Agriculture_Soilwater,204.36427314104236
2025-06-10T00:00:00,Upper_Agriculture_Soilwater,203.8519580464033
2025-06-11T00:00:00,Upper_Agriculture_Soilwater,203.47855603928164
2025-06-12T00:00:00,Upper_Agriculture_Soilwater,202.93369565312025
2025-06-13T00:00:00,Upper_Agriculture_Soilwater,202.45058018379834
2025-06-14T00:00:00,Upper_Agriculture_Soilwater,203.3203180518096
2025-06-15T00:00:00,Upper_Agriculture_Soilwater,204.21555134438066
2025-06-16T00:00:00,Upper_Agriculture_Soilwater,205.35647639791938
2025-06-17T00:00:00,Upper_Agriculture_Soilwater,206.08553772730656
2025-06-18T00:00:00,Upper_Agriculture_Soilwater,206.7567452268371
2025-06-19T00:00:00,Upper_Agriculture_Soilwater,208.18949824918843
2025-06-20T00:00:00,Upper_Agriculture_Soilwater,208.99441801480117
2025-06-21T00:00:00,Upper_Agriculture_Soilwater,209.04013244479947
2025-06-22T00:00:00,Upper_Agriculture_Soilwater,209.1150638086501
2025-06-23T00:00:00,Upper_Agriculture_Soilwater,209.06361237528262
2025-06-24T00:00:00,Upper_Agriculture_Soilwater,209.07049099050212
2025-06-25T00:00:00,Upper_Agriculture_Soilwater,209.0174337589249
2025-06-26T00:00:00,Upper_Agriculture_Soilwater,208.80574546375811
2025-06-27T00:00:00,Upper_Agriculture_Soilwater,208.36348449003543
2025-06-28T00:00:00,Upper_Agriculture_Soilwater,207.8500790564197
2025-06-29T00:00:00,Upper_Agriculture_Soilwater,207.22897106462676
2025-06-30T00:00:00,Upper_Agriculture_Soilwater,206.58282228062822
2025-07-01T00:00:00,Upper_Agriculture_Soilwater,206.1872359427831
2025-07-02T00:00:00,Upper_Agriculture_Soilwater,205.93168744970072
2025-07-03T00:00:00,Upper_Agriculture_Soilwater,205.498192295807
2025-07-04T00:00:00,Upper_Agriculture_Soilwater,205.120850498195
2025-07-05T00:00:00,Upper_Agriculture_Soilwater,204.65979673714736
2025-07-06T00:00:00,Upper_Agriculture_Soilwater,204.03523642332726
2025-07-07T00:00:00,Upper_Agriculture_Soilwater,203.56104780489974
2025-07-08T00:00:00,Upper_Agriculture_Soilwater,203.86172614592445
2025-07-09T00:00:00,Upper_Agriculture_Soilwater,205.03217834069522
2025-07-10T00:00:00,Upper_Agriculture_Soilwater,205.9773564350526
2025-07-11T00:00:00,Upper_Agriculture_Soilwater,206.56964752713154
2025-07-12T00:00:00,Upper_Agriculture_Soilwater,206.6843308364442
2025-07-13T00:00:00,Upper_Agriculture_Soilwater,206.74964980862296
2025-07-14T00:00:00,Upper_Agriculture_Soilwater,206.53988407800153
2025-07-15T00:00:00,Upper_Agriculture_Soilwater,206.3387893954182
2025-07-16T00:00:00,Upper_Agriculture_Soilwater,206.0736348085715
2025-07-17T00:00:00,Upper_Agriculture_Soilwater,205.75535524513998
2025-07-18T00:00:00,Upper_Agriculture_Soilwater,205.20172564630903
2025-07-19T00:00:00,Upper_Agriculture_Soilwater,204.74481401479284
2025-07-20T00:00:00,Upper_Agriculture_Soilwater,204.25261785311682
2025-07-21T00:00:00,Upper_Agriculture_Soilwater,203.52758878362806
2025-07-22T00:00:00,Upper_Agriculture_Soilwater,202.7254137495059
2025-07-23T00:00:00,Upper_Agriculture_Soilwater,202.03984423437188
2025-07-24T00:00:00,Upper_Agriculture_Soilwater,201.60565768476962
2025-07-25T00:00:00,Upper_Agriculture_Soilwater,201.23246680274409
2025-07-26T00:00:00,Upper_Agriculture_Soilwater,200.717236720276
2025-07-27T00:00:00,Upper_Agriculture_Soilwater,200.00112798627407
2025-07-28T00:00:00,Upper_Agriculture_Soilwater,198.64699541510032
2025-07-29T00:00:00,Upper_Agriculture_Soilwater,197.4769905771669
2025-07-30T00:00:00,Upper_Agriculture_Soilwater,196.81484244370822
2025-07-31T00:00:00,Upper_Agriculture_Soilwater,197.37333358416637
2025-08-01T00:00:00,Upper_Agriculture_Soilwater,198.0024669071343
2025-08-02T00:00:00,Upper_Agriculture_Soilwater,198.3744251536628
2025-08-03T00:00:00,Upper_Agriculture_Soilwater,198.60455043174014
2025-08-04T00:00:00,Upper_Agriculture_Soilwater,198.8245306229278
2025-08-05T00:00:00,Upper_Agriculture_Soilwater,198.91503755683993
2025-08-06T00:00:00,Upper_Agriculture_Soilwater,199.08931661441076
2025-08-07T00:00:00,Upper_Agriculture_Soilwater,199.25379419809764
2025-08-08T00:00:00,Upper_Agriculture_Soilwater,200.25241753962246
2025-08-09T00:00:00,Upper_Agriculture_Soilwater,201.04063427086132
2025-08-10T00:00:00,Upper_Agriculture_Soilwater,201.83191468045618
2025-08-11T00:00:00,Upper_Agriculture_Soilwater,202.47513906542346
2025-08-12T00:00:00,Upper_Agriculture_Soilwater,202.88197542659276
2025-08-13T00:00:00,Upper_Agriculture_Soilwater,203.00773312487394
2025-08-14T00:00:00,Upper_Agriculture_Soilwater,203.11373392923295
2025-08-15T00:00:00,Upper_Agriculture_Soilwater,203.07592284147142
2025-08-16T00:00:00,Upper_Agriculture_Soilwater,202.46244063196988
2025-08-17T00:00:00,Upper_Agriculture_Soilwater,201.7309436359539
2025-08-18T00:00:00,Upper_Agriculture_Soilwater,200.98115363282145
2025-08-19T00:00:00,Upper_Agriculture_Soilwater,202.03844419395594
2025-08-20T00:00:00,Upper_Agriculture_Soilwater,202.5517611065353
2025-08-21T00:00:00,Upper_Agriculture_Soilwater,202.66909259465925
2025-08-22T00:00:00,Upper_Agriculture_Soilwater,202.38907537409307
2025-08-23T00:00:00,Upper_Agriculture_Soilwater,201.8794298716935
2025-08-24T00:00:00,Upper_Agriculture_Soilwater,201.2425363160329
2025-08-25T00:00:00,Upper_Agriculture_Soilwater,200.65435197278754
2025-08-26T00:00:00,Upper_Agriculture_Soilwater,200.3961055350309
2025-08-27T00:00:00,Upper_Agriculture_Soilwater,200.5017808650977
2025-08-28T00:00:00,Upper_Agriculture_Soilwater,200.56525287380083
2025-08-29T00:00:00,Upper_Agriculture_Soilwater,200.25875987211236
2025-08-30T00:00:00,Upper_Agriculture_Soilwater,200.36910814202358
2025-08-31T00:00:00,Upper_Agriculture_Soilwater,200.49316075923142
2025-09-01T00:00:00,Upper_Agriculture_Soilwater,200.40286537157746
2025-09-02T00:00:00,Upper_Agriculture_Soilwater,200.210612653862
2025-09-03T00:00:00,Upper_Agriculture_Soilwater,200.16333062597386
2025-09-04T00:00:00,Upper_Agriculture_Soilwater,198.52080667037754
2025-09-05T00:00:00,Upper_Agriculture_Soilwater,197.90420409966455
2025-09-06T00:00:00,Upper_Agriculture_Soilwater,197.30785756027964
2025-09-07T00:00:00,Upper_Agriculture_Soilwater,196.62974817396278
2025-09-08T00:00:00,Upper_Agriculture_Soilwater,195.69513104603053
2025-09-09T00:00:00,Upper_Agriculture_Soilwater,194.50332010514197
2025-09-10T00:00:00,Upper_Agriculture_Soilwater,193.35894340064416
2025-09-11T00:00:00,Upper_Agriculture_Soilwater,192.27350817528736
2025-09-12T00:00:00,Upper_Agriculture_Soilwater,191.69455637533494
2025-09-13T00:00:00,Upper_Agriculture_Soilwater,191.25396785740568
2025-09-14T00:00:00,Upper_Agriculture_Soilwater,190.82122644997554
2025-09-15T00:00:00,Upper_Agriculture_Soilwater,190.095427696061
2025-09-16T00:00:00,Upper_Agriculture_Soilwater,189.42127678314094
2025-09-17T00:00:00,Upper_Agriculture_Soilwater,188.89643099280858
2025-09-18T00:00:00,Upper_Agriculture_Soilwater,188.11995859185373
2025-09-19T00:00:00,Upper_Agriculture_Soilwater,188.3691934301732
2025-09-20T00:00:00,Upper_Agriculture_Soilwater,188.5798522694467
2025-09-21T00:00:00,Upper_Agriculture_Soilwater,188.73522545531
2025-09-22T00:00:00,Upper_Agriculture_Soilwater,188.8665912444796
2025-09-23T00:00:00,Upper_Agriculture_Soilwater,189.0518909652095
2025-09-24T00:00:00,Upper_Agriculture_Soilwater,188.8031534142894
2025-09-25T00:00:00,Upper_Agriculture_Soilwater,188.56516620178576
2025-09-26T00:00:00,Upper_Agriculture_Soilwater,188.23124918831482
2025-09-27T00:00:00,Upper_Agriculture_Soilwater,188.42240765998815
2025-09-28T00:00:00,Upper_Agriculture_Soilwater,189.35454034971042
2025-09-29T00:00:00,Upper_Agriculture_Soilwater,189.9512898228529
2025-09-30T00:00:00,Upper_Agriculture_Soilwater,190.40381258482557
2025-10-01T00:00:00,Upper_Agriculture_Soilwater,190.67802990155624
2025-10-02T00:00:00,Upper_Agriculture_Soilwater,190.69020999684597
2025-10-03T00:00:00,Upper_Agriculture_Soilwater,190.78028923672247
2025-10-04T00:00:00,Upper_Agriculture_Soilwater,190.50313754381463
2025-10-05T00:00:00,Upper_Agriculture_Soilwater,190.00041821155108
2025-10-06T00:00:00,Upper_Agriculture_Soilwater,189.36188049241872
2025-10-07T00:00:00,Upper_Agriculture_Soilwater,188.42309285705792
2025-10-08T00:00:00,Upper_Agriculture_Soilwater,187.36754146073412
2025-10-09T00:00:00,Upper_Agriculture_Soilwater,186.23904121705192
2025-10-10T00:00:00,Upper_Agriculture_Soilwater,185.16096719615553
2025-10-11T00:00:00,Upper_Agriculture_Soilwater,184.30051458088892
2025-10-12T00:00:00,Upper_Agriculture_Soilwater,183.43451958911112
2025-10-13T00:00:00,Upper_Agriculture_Soilwater,182.3291883264569
2025-10-14T00:00:00,Upper_Agriculture_Soilwater,181.2574488353966
2025-10-15T00:00:00,Upper_Agriculture_Soilwater,180.15156173977851
2025-10-16T00:00:00,Upper_Agriculture_Soilwater,178.94749671467292
2025-10-17T00:00:00,Upper_Agriculture_Soilwater,177.7290766670428
2025-10-18T00:00:00,Upper_Agriculture_Soilwater,176.50714648692022
2025-10-19T00:00:00,Upper_Agriculture_Soilwater,175.49718216893334
2025-10-20T00:00:00,Upper_Agriculture_Soilwater,174.36229581128555
2025-10-21T00:00:00,Upper_Agriculture_Soilwater,173.8787269548879
2025-10-22T00:00:00,Upper_Agriculture_Soilwater,173.20561362234514
2025-10-23T00:00:00,Upper_Agriculture_Soilwater,172.37746326381279
2025-10-24T00:00:00,Upper_Agriculture_Soilwater,171.42074633694756
2025-10-25T00:00:00,Upper_Agriculture_Soilwater,170.38530337341498
2025-10-26T00:00:00,Upper_Agriculture_Soilwater,169.3482628515239
2025-10-27T00:00:00,Upper_Agriculture_Soilwater,168.36306340594663
2025-10-28T00:00:00,Upper_Agriculture_Soilwater,167.306758143764
2025-10-29T00:00:00,Upper_Agriculture_Soilwater,166.1755751116203
2025-10-30T00:00:00,Upper_Agriculture_Soilwater,166.81824185898415
2025-10-31T00:00:00,Upper_Agriculture_Soilwater,167.24672120476274
2025-11-01T00:00:00,Upper_Agriculture_Soilwater,167.47362031029814
2025-11-02T00:00:00,Upper_Agriculture_Soilwater,168.40878603656319
2025-11-03T00:00:00,Upper_Agriculture_Soilwater,168.96379069549366
2025-11-04T00:00:00,Upper_Agriculture_Soilwater,169.12565760269422
2025-11-05T00:00:00,Upper_Agriculture_Soilwater,169.47537427171275
2025-11-06T00:00:00,Upper_Agriculture_Soilwater,171.13835033590013
2025-11-07T00:00:00,Upper_Agriculture_Soilwater,173.53001722698735
2025-11-08T00:00:00,Upper_Agriculture_Soilwater,175.45451908408077
2025-11-09T00:00:00,Upper_Agriculture_Soilwater,177.54395822994104
2025-11-10T00:00:00,Upper_Agriculture_Soilwater,179.32334857556538
2025-11-11T00:00:00,Upper_Agriculture_Soilwater,181.79334178705676
2025-11-12T00:00:00,Upper_Agriculture_Soilwater,183.92259956262086
2025-11-13T00:00:00,Upper_Agriculture_Soilwater,186.15658148259442
2025-11-14T00:00:00,Upper_Agriculture_Soilwater,187.97726590750878
2025-11-15T00:00:00,Upper_Agriculture_Soilwater,189.9314403646778
2025-11-16T00:00:00,Upper_Agriculture_Soilwater,191.47781332640608
2025-11-17T00:00:00,Upper_Agriculture_Soilwater,193.32454431909682
2025-11-18T00:00:00,Upper_Agriculture_Soilwater,194.9914046092318
2025-11-19T00:00:00,Upper_Agriculture_Soilwater,196.92492009239754
2025-11-20T00:00:00,Upper_Agriculture_Soilwater,198.500317783612
2025-11-21T00:00:00,Upper_Agriculture_Soilwater,200.0414309653085
2025-11-22T00:00:00,Upper_Agriculture_Soilwater,201.09802873282962
2025-11-23T00:00:00,Upper_Agriculture_Soilwater,202.38508783719345
2025-11-24T00:00:00,Upper_Agriculture_Soilwater,203.4060876333562
2025-11-25T00:00:00,Upper_Agriculture_Soilwater,204.3104277919145
2025-11-26T00:00:00,Upper_Agriculture_Soilwater,205.19248944242756
2025-11-27T00:00:00,Upper_Agriculture_Soilwater,205.48178648491884
2025-11-28T00:00:00,Upper_Agriculture_Soilwater,205.6200864244876
2025-11-29T00:00:00,Upper_Agriculture_Soilwater,205.53594051129343
2025-11-30T00:00:00,Upper_Agriculture_Soilwater,205.4427493164932
2025-12-01T00:00:00,Upper_Agriculture_Soilwater,205.1417649555401
2025-12-02T00:00:00,Upper_Agriculture_Soilwater,204.6700347736127
2025-12-03T00:00:00,Upper_Agriculture_Soilwater,204.02817057851536
2025-12-04T00:00:00,Upper_Agriculture_Soilwater,203.27746687470133
2025-12-05T00:00:00,Upper_Agriculture_Soilwater,202.34735500586498
2025-12-06T00:00:00,Upper_Agriculture_Soilwater,201.5230572420489
2025-12-07T00:00:00,Upper_Agriculture_Soilwater,200.7958222809374
2025-12-08T00:00:00,Upper_Agriculture_Soilwater,198.358890537103
2025-12-09T00:00:00,Upper_Agriculture_Soilwater,197.83188590557975
2025-12-10T00:00:00,Upper_Agriculture_Soilwater,197.33125883939817
2025-12-11T00:00:00,Upper_Agriculture_Soilwater,196.7981543522834
2025-12-12T00:00:00,Upper_Agriculture_Soilwater,196.2760056242753
2025-12-13T00:00:00,Upper_Agriculture_Soilwater,195.61321202607957
2025-12-14T00:00:00,Upper_Agriculture_Soilwater,194.92061953963884
2025-12-15T00:00:00,Upper_Agriculture_Soilwater,194.3126824422031
2025-12-16T00:00:00,Upper_Agriculture_Soilwater,193.59610590239086
2025-12-17T00:00:00,Upper_Agriculture_Soilwater,192.7872148768497
2025-12-18T00:00:00,Upper_Agriculture_Soilwater,192.03034515641147
2025-12-19T00:00:00,Upper_Agriculture_Soilwater,191.2242212616814
2025-12-20T00:00:00,Upper_Agriculture_Soilwater,190.36614910893076
2025-12-21T00:00:00,Upper_Agriculture_Soilwater,189.50030616746992
2025-12-22T00:00:00,Upper_Agriculture_Soilwater,190.63967714793316
2025-12-23T00:00:00,Upper_Agriculture_Soilwater,191.99389213294705
2025-12-24T00:00:00,Upper_Agriculture_Soilwater,193.49657854927705
2025-12-25T00:00:00,Upper_Agriculture_Soilwater,194.94522445611221
2025-12-26T00:00:00,Upper_Agriculture_Soilwater,196.4957917369844
2025-12-27T00:00:00,Upper_Agriculture_Soilwater,197.52677962456394
2025-12-28T00:00:00,Upper_Agriculture_Soilwater,198.14004139528976
2025-12-29T00:00:00,Upper_Agriculture_Soilwater,198.4641434125238
2025-12-30T00:00:00,Upper_Agriculture_Soilwater,198.72914416840308
2025-12-31T00:00:00,Upper_Agriculture_Soilwater,199.1951430084002
2026-01-01T00:00:00,Upper_Agriculture_Soilwater,199.14914236808997
2026-01-02T00:00:00,Upper_Agriculture_Soilwater,198.73233715286247
2026-01-03T00:00:00,Upper_Agriculture_Soilwater,198.7072861762485
2026-01-04T00:00:00,Upper_Agriculture_Soilwater,198.47684023031226
2026-01-05T00:00:00,Upper_Agriculture_Soilwater,198.09903674233703
2026-01-06T00:00:00,Upper_Agriculture_Soilwater,198.08657814457112
2026-01-07T00:00:00,Upper_Agriculture_Soilwater,198.9796046124011
2026-01-08T00:00:00,Upper_Agriculture_Soilwater,200.7922987834575
2026-01-09T00:00:00,Upper_Agriculture_Soilwater,202.34363727417866
2026-01-10T00:00:00,Upper_Agriculture_Soilwater,203.373053878921
2026-01-11T00:00:00,Upper_Agriculture_Soilwater,204.2555763899731
2026-01-12T00:00:00,Upper_Agriculture_Soilwater,205.71576706002554
2026-01-13T00:00:00,Upper_Agriculture_Soilwater,206.75816063216777
2026-01-14T00:00:00,Upper_Agriculture_Soilwater,207.4447162192813
2026-01-15T00:00:00,Upper_Agriculture_Soilwater,207.97614548265045
2026-01-16T00:00:00,Upper_Agriculture_Soilwater,208.35950093115295
2026-01-17T00:00:00,Upper_Agriculture_Soilwater,208.55998543512845
2026-01-18T00:00:00,Upper_Agriculture_Soilwater,209.46602362899733
2026-01-19T00:00:00,Upper_Agriculture_Soilwater,209.75040952974115
2026-01-20T00:00:00,Upper_Agriculture_Soilwater,210.17388601404622
2026-01-21T00:00:00,Upper_Agriculture_Soilwater,210.53646870619286
2026-01-22T00:00:00,Upper_Agriculture_Soilwater,210.82899439976973
2026-01-23T00:00:00,Upper_Agriculture_Soilwater,210.9582334675693
2026-01-24T00:00:00,Upper_Agriculture_Soilwater,210.73755077781126
2026-01-25T00:00:00,Upper_Agriculture_Soilwater,210.46451189132912
2026-01-26T00:00:00,Upper_Agriculture_Soilwater,209.9458604743653
2026-01-27T00:00:00,Upper_Agriculture_Soilwater,209.15413422188095
2026-01-28T00:00:00,Upper_Agriculture_Soilwater,208.20278901514982
2026-01-29T00:00:00,Upper_Agriculture_Soilwater,207.7133107075461
2026-01-30T00:00:00,Upper_Agriculture_Soilwater,207.57484577131163
2026-01-31T00:00:00,Upper_Agriculture_Soilwater,207.51524471524857
2026-02-01T00:00:00,Upper_Agriculture_Soilwater,207.67622261268502
2026-02-02T00:00:00,Upper_Agriculture_Soilwater,207.22441248348173
2026-02-03T00:00:00,Upper_Agriculture_Soilwater,206.81717655399223
2026-02-04T00:00:00,Upper_Agriculture_Soilwater,206.3476044855658
2026-02-05T00:00:00,Upper_Agriculture_Soilwater,206.29490786528473
2026-02-06T00:00:00,Upper_Agriculture_Soilwater,206.8193897242042
2026-02-07T00:00:00,Upper_Agriculture_Soilwater,207.10370933268698
2026-02-08T00:00:00,Upper_Agriculture_Soilwater,207.07012632223112
2026-02-09T00:00:00,Upper_Agriculture_Soilwater,206.82182202053957
2026-02-10T00:00:00,Upper_Agriculture_Soilwater,206.72231811596401
2026-02-11T00:00:00,Upper_Agriculture_Soilwater,206.48740557209817
2026-02-12T00:00:00,Upper_Agriculture_Soilwater,206.2929051558459
2026-02-13T00:00:00,Upper_Agriculture_Soilwater,205.97678596712305
2026-02-14T00:00:00,Upper_Agriculture_Soilwater,205.58631196458632
2026-02-15T00:00:00,Upper_Agriculture_Soilwater,205.14729130288572
2026-02-16T00:00:00,Upper_Agriculture_Soilwater,204.6974436538794
2026-02-17T00:00:00,Upper_Agriculture_Soilwater,204.32419502164544
2026-02-18T00:00:00,Upper_Agriculture_Soilwater,203.91097047931947
2026-02-19T00:00:00,Upper_Agriculture_Soilwater,203.58536009524227
2026-02-20T00:00:00,Upper_Agriculture_Soilwater,203.27779168318727
2026-02-21T00:00:00,Upper_Agriculture_Soilwater,203.06223855259088
2026-02-22T00:00:00,Upper_Agriculture_Soilwater,202.88734453128188
2026-02-23T00:00:00,Upper_Agriculture_Soilwater,202.49830132870878
2026-02-24T00:00:00,Upper_Agriculture_Soilwater,202.3096309213375
2026-02-25T00:00:00,Upper_Agriculture_Soilwater,202.32500118215333
2026-02-26T00:00:00,Upper_Agriculture_Soilwater,202.54748108159268
2026-02-27T00:00:00,Upper_Agriculture_Soilwater,202.53580858932258
2026-02-28T00:00:00,Upper_Agriculture_Soilwater,202.4286789846906
2026-03-01T00:00:00,Upper_Agriculture_Soilwater,202.3580524150918
2026-03-02T00:00:00,Upper_Agriculture_Soilwater,202.27104356956585
2026-03-03T00:00:00,Upper_Agriculture_Soilwater,202.16619196899418
2026-03-04T00:00:00,Upper_Agriculture_Soilwater,201.94062745284117
2026-03-05T00:00:00,Upper_Agriculture_Soilwater,201.78128192022882
2026-03-06T00:00:00,Upper_Agriculture_Soilwater,201.46721521961052
2026-03-07T00:00:00,Upper_Agriculture_Soilwater,201.38827223991362
2026-03-08T00:00:00,Upper_Agriculture_Soilwater,201.35068650396
2026-03-09T00:00:00,Upper_Agriculture_Soilwater,201.36803599279796
2026-03-10T00:00:00,Upper_Agriculture_Soilwater,201.29298151882873
2026-03-11T00:00:00,Upper_Agriculture_Soilwater,201.27291197972536
2026-03-12T00:00:00,Upper_Agriculture_Soilwater,201.25163773325434
2026-03-13T00:00:00,Upper_Agriculture_Soilwater,201.15812601628028
2026-03-14T00:00:00,Upper_Agriculture_Soilwater,201.6065018653685
2026-03-15T00:00:00,Upper_Agriculture_Soilwater,201.96450768447627
2026-03-16T00:00:00,Upper_Agriculture_Soilwater,202.2115193211088
2026-03-17T00:00:00,Upper_Agriculture_Soilwater,202.31995315357005
2026-03-18T00:00:00,Upper_Agriculture_Soilwater,202.51055622632796
2026-03-19T00:00:00,Upper_Agriculture_Soilwater,203.0739991529986
2026-03-20T00:00:00,Upper_Agriculture_Soilwater,203.78405513207184
2026-03-21T00:00:00,Upper_Agriculture_Soilwater,204.04220152380046
2026-03-22T00:00:00,Upper_Agriculture_Soilwater,204.42782848586262
2026-03-23T00:00:00,Upper_Agriculture_Soilwater,204.96113444027435
2026-03-24T00:00:00,Upper_Agriculture_Soilwater,205.1988673189451
2026-03-25T00:00:00,Upper_Agriculture_Soilwater,205.43819747747895
2026-03-26T00:00:00,Upper_Agriculture_Soilwater,205.6966457311166
2026-03-27T00:00:00,Upper_Agriculture_Soilwater,205.84902235925193
2026-03-28T00:00:00,Upper_Agriculture_Soilwater,205.91395720444902
2026-03-29T00:00:00,Upper_Agriculture_Soilwater,205.90741485701417
2026-03-30T00:00:00,Upper_Agriculture_Soilwater,205.84304140702181
2026-03-31T00:00:00,Upper_Agriculture_Soilwater,205.92686849845776
2026-04-01T00:00:00,Upper_Agriculture_Soilwater,205.7410997575363
2026-04-02T00:00:00,Upper_Agriculture_Soilwater,205.30382407981455
2026-04-03T00:00:00,Upper_Agriculture_Soilwater,204.74340534006183
2026-04-04T00:00:00,Upper_Agriculture_Soilwater,204.19906970746146
2026-04-05T00:00:00,Upper_Agriculture_Soilwater,203.9059015479806
2026-04-06T00:00:00,Upper_Agriculture_Soilwater,203.79033952332125
2026-04-07T00:00:00,Upper_Agriculture_Soilwater,203.84778768811398
2026-04-08T00:00:00,Upper_Agriculture_Soilwater,203.87366282471493
2026-04-09T00:00:00,Upper_Agriculture_Soilwater,203.77909705711457
2026-04-10T00:00:00,Upper_Agriculture_Soilwater,203.5943998147871
2026-04-11T00:00:00,Upper_Agriculture_Soilwater,203.65768305035402
2026-04-12T00:00:00,Upper_Agriculture_Soilwater,204.52584644065968
2026-04-13T00:00:00,Upper_Agriculture_Soilwater,205.33847792240067
2026-04-14T00:00:00,Upper_Agriculture_Soilwater,206.44578384338686
2026-04-15T00:00:00,Upper_Agriculture_Soilwater,206.8326790009518
2026-04-16T00:00:00,Upper_Agriculture_Soilwater,207.0932892885699
2026-04-17T00:00:00,Upper_Agriculture_Soilwater,207.85462352865486
2026-04-18T00:00:00,Upper_Agriculture_Soilwater,208.12526362783709
2026-04-19T00:00:00,Upper_Agriculture_Soilwater,208.35343107189635
2026-04-20T00:00:00,Upper_Agriculture_Soilwater,208.5088203908654
2026-04-21T00:00:00,Upper_Agriculture_Soilwater,208.81378713532166
2026-04-22T00:00:00,Upper_Agriculture_Soilwater,208.93068192697802
2026-04-23T00:00:00,Upper_Agriculture_Soilwater,209.1992126889499
2026-04-24T00:00:00,Upper_Agriculture_Soilwater,209.71916807925763
2026-04-25T00:00:00,Upper_Agriculture_Soilwater,210.1551146646143
2026-04-26T00:00:00,Upper_Agriculture_Soilwater,210.47310025210706
2026-04-27T00:00:00,Upper_Agriculture_Soilwater,210.55206557545512
2026-04-28T00:00:00,Upper_Agriculture_Soilwater,210.8501884316125
2026-04-29T00:00:00,Upper_Agriculture_Soilwater,210.92018046078385
2026-04-30T00:00:00,Upper_Agriculture_Soilwater,211.0459369998048
2026-05-01T00:00:00,Upper_Agriculture_Soilwater,211.06980522641373
2026-05-02T00:00:00,Upper_Agriculture_Soilwater,211.33088763770286
2026-05-03T00:00:00,Upper_Agriculture_Soilwater,212.32569311447
2026-05-04T00:00:00,Upper_Agriculture_Soilwater,213.5379038195067
2026-05-05T00:00:00,Upper_Agriculture_Soilwater,214.90288025239136
2026-05-06T00:00:00,Upper_Agriculture_Soilwater,216.04578236050398
2026-05-07T00:00:00,Upper_Agriculture_Soilwater,216.77997124447018
2026-05-08T00:00:00,Upper_Agriculture_Soilwater,217.2348581280381
2026-05-09T00:00:00,Upper_Agriculture_Soilwater,217.23656792244773
2026-05-10T00:00:00,Upper_Agriculture_Soilwater,217.03059517669504
2026-05-11T00:00:00,Upper_Agriculture_Soilwater,217.02334810086845
2026-05-12T00:00:00,Upper_Agriculture_Soilwater,216.4117884884402
2026-05-13T00:00:00,Upper_Agriculture_Soilwater,215.89616331748894
2026-05-14T00:00:00,Upper_Agriculture_Soilwater,215.23400929584352
2026-05-15T00:00:00,Upper_Agriculture_Soilwater,214.4932252453523
2026-05-16T00:00:00,Upper_Agriculture_Soilwater,213.83457151200088
2026-05-17T00:00:00,Upper_Agriculture_Soilwater,213.05151947286623
2026-05-18T00:00:00,Upper_Agriculture_Soilwater,212.4080377264385
2026-05-19T00:00:00,Upper_Agriculture_Soilwater,211.7674027345676
2026-05-20T00:00:00,Upper_Agriculture_Soilwater,211.00562076380655
2026-05-21T00:00:00,Upper_Agriculture_Soilwater,209.95581715985202
2026-05-22T00:00:00,Upper_Agriculture_Soilwater,208.84028926905034
2026-05-23T00:00:00,Upper_Agriculture_Soilwater,207.9128495848105
2026-05-24T00:00:00,Upper_Agriculture_Soilwater,207.6381549447281
2026-05-25T00:00:00,Upper_Agriculture_Soilwater,207.36026593681405
2026-05-26T00:00:00,Upper_Agriculture_Soilwater,207.18015718103555
2026-05-27T00:00:00,Upper_Agriculture_Soilwater,206.8738211170446
2026-05-28T00:00:00,Upper_Agriculture_Soilwater,206.3773250940415
2026-05-29T00:00:00,Upper_Agriculture_Soilwater,206.08323966446858
2026-05-30T00:00:00,Upper_Agriculture_Soilwater,205.67533406986982
2026-05-31T00:00:00,Upper_Agriculture_Soilwater,205.26484919754614
2026-06-01T00:00:00,Upper_Agriculture_Soilwater,204.99660715898847
2026-06-02T00:00:00,Upper_Agriculture_Soilwater,204.56684663616687
2026-06-03T00:00:00,Upper_Agriculture_Soilwater,204.49642414631975
2026-06-04T00:00:00,Upper_Agriculture_Soilwater,204.43796328808037
2026-06-05T00:00:00,Upper_Agriculture_Soilwater,204.66258396002567
2026-06-06T00:00:00,Upper_Agriculture_Soilwater,204.7062736647011
2026-06-07T00:00:00,Upper_Agriculture_Soilwater,204.52352758884115
2026-06-08T00:00:00,Upper_Agriculture_Soilwater,203.7968343915062
2026-06-09T00:00:00,Upper_Agriculture_Soilwater,203.49916935774985
2026-06-10T00:00:00,Upper_Agriculture_Soilwater,203.0123393868297
2026-06-11T00:00:00,Upper_Agriculture_Soilwater,202.6734197165161
2026-06-12T00:00:00,Upper_Agriculture_Soilwater,202.66842618639689
2026-06-13T00:00:00,Upper_Agriculture_Soilwater,202.61203636513636
2026-06-14T00:00:00,Upper_Agriculture_Soilwater,202.40571544626397
2026-06-15T00:00:00,Upper_Agriculture_Soilwater,202.0380231475147
2026-06-16T00:00:00,Upper_Agriculture_Soilwater,201.63816415405265
2026-06-17T00:00:00,Upper_Agriculture_Soilwater,201.25201832780783
2026-06-18T00:00:00,Upper_Agriculture_Soilwater,200.74942722527146
2026-06-19T00:00:00,Upper_Agriculture_Soilwater,200.2617397599643
2026-06-20T00:00:00,Upper_Agriculture_Soilwater,200.5655555154659
2026-06-21T00:00:00,Upper_Agriculture_Soilwater,201.06726432226748
2026-06-22T00:00:00,Upper_Agriculture_Soilwater,201.38910381255408
2026-06-23T00:00:00,Upper_Agriculture_Soilwater,201.4453259615607
2026-06-24T00:00:00,Upper_Agriculture_Soilwater,201.26257264264046
2026-06-25T00:00:00,Upper_Agriculture_Soilwater,201.45494712788866
2026-06-26T00:00:00,Upper_Agriculture_Soilwater,201.8541897896608
2026-06-27T00:00:00,Upper_Agriculture_Soilwater,202.13927044779962
2026-06-28T00:00:00,Upper_Agriculture_Soilwater,202.38300747641406
2026-06-29T00:00:00,Upper_Agriculture_Soilwater,203.23454199482765
2026-06-30T00:00:00,Upper_Agriculture_Soilwater,204.30957553479436
2026-07-01T00:00:00,Upper_Agriculture_Soilwater,205.12326014681946
2026-07-02T00:00:00,Upper_Agriculture_Soilwater,205.7909872810916
2026-07-03T00:00:00,Upper_Agriculture_Soilwater,206.22805798704113
2026-07-04T00:00:00,Upper_Agriculture_Soilwater,206.3720606789898
2026-07-05T00:00:00,Upper_Agriculture_Soilwater,206.4374238526784
2026-07-06T00:00:00,Upper_Agriculture_Soilwater,206.44465618483932
2026-07-07T00:00:00,Upper_Agriculture_Soilwater,206.2321030120413
2026-07-08T00:00:00,Upper_Agriculture_Soilwater,205.5909291119545
2026-07-09T00:00:00,Upper_Agriculture_Soilwater,204.99311856176462
2026-07-10T00:00:00,Upper_Agriculture_Soilwater,204.2793352304932
2026-07-11T00:00:00,Upper_Agriculture_Soilwater,203.56973097985838
2026-07-12T00:00:00,Upper_Agriculture_Soilwater,202.99891182704562
2026-07-13T00:00:00,Upper_Agriculture_Soilwater,202.4858231949968
2026-07-14T00:00:00,Upper_Agriculture_Soilwater,202.03758717108732
2026-07-15T00:00:00,Upper_Agriculture_Soilwater,201.80188412000976
2026-07-16T00:00:00,Upper_Agriculture_Soilwater,201.36666420743683
2026-07-17T00:00:00,Upper_Agriculture_Soilwater,201.1371326361784
2026-07-18T00:00:00,Upper_Agriculture_Soilwater,201.05803593709726
2026-07-19T00:00:00,Upper_Agriculture_Soilwater,200.76254885147057
2026-07-20T00:00:00,Upper_Agriculture_Soilwater,200.11433722359823
2026-07-21T00:00:00,Upper_Agriculture_Soilwater,198.84461172873338
2026-07-22T00:00:00,Upper_Agriculture_Soilwater,198.23809500644643
2026-07-23T00:00:00,Upper_Agriculture_Soilwater,197.53961707219912
2026-07-24T00:00:00,Upper_Agriculture_Soilwater,196.7041006809657
2026-07-25T00:00:00,Upper_Agriculture_Soilwater,196.1322495708769
2026-07-26T00:00:00,Upper_Agriculture_Soilwater,195.57890228682624
2026-07-27T00:00:00,Upper_Agriculture_Soilwater,194.78602881462282
2026-07-28T00:00:00,Upper_Agriculture_Soilwater,194.18231278652314
2026-07-29T00:00:00,Upper_Agriculture_Soilwater,193.58649993994436
2026-07-30T00:00:00,Upper_Agriculture_Soilwater,193.19015348103457
2026-07-31T00:00:00,Upper_Agriculture_Soilwater,192.992832509925
2026-08-01T00:00:00,Upper_Agriculture_Soilwater,192.89617523555128
2026-08-02T00:00:00,Upper_Agriculture_Soilwater,192.74742401294637
2026-08-03T00:00:00,Upper_Agriculture_Soilwater,192.465170737567
2026-08-04T00:00:00,Upper_Agriculture_Soilwater,192.2179244809877
2026-08-05T00:00:00,Upper_Agriculture_Soilwater,192.374065450646
2026-08-06T00:00:00,Upper_Agriculture_Soilwater,192.1422006185827
2026-08-07T00:00:00,Upper_Agriculture_Soilwater,192.1808153329082
2026-08-08T00:00:00,Upper_Agriculture_Soilwater,192.19383831492485
2026-08-09T00:00:00,Upper_Agriculture_Soilwater,192.52180706247663
2026-08-10T00:00:00,Upper_Agriculture_Soilwater,192.9812145027044
2026-08-11T00:00:00,Upper_Agriculture_Soilwater,193.1031903335471
2026-08-12T00:00:00,Upper_Agriculture_Soilwater,193.84432808315134
2026-08-13T00:00:00,Upper_Agriculture_Soilwater,195.52686898044888
2026-08-14T00:00:00,Upper_Agriculture_Soilwater,196.88332126200424
2026-08-15T00:00:00,Upper_Agriculture_Soilwater,198.18964474127776
2026-08-16T00:00:00,Upper_Agriculture_Soilwater,199.11263312830064
2026-08-17T00:00:00,Upper_Agriculture_Soilwater,201.84475669446135
2026-08-18T00:00:00,Upper_Agriculture_Soilwater,203.79749561610691
2026-08-19T00:00:00,Upper_Agriculture_Soilwater,205.59020078647873
2026-08-20T00:00:00,Upper_Agriculture_Soilwater,206.59214676661512
2026-08-21T00:00:00,Upper_Agriculture_Soilwater,207.23049274285944
2026-08-22T00:00:00,Upper_Agriculture_Soilwater,207.53683525618877
2026-08-23T00:00:00,Upper_Agriculture_Soilwater,207.54475313942362
2026-08-24T00:00:00,Upper_Agriculture_Soilwater,207.36763269344962
2026-08-25T00:00:00,Upper_Agriculture_Soilwater,207.06650800527618
2026-08-26T00:00:00,Upper_Agriculture_Soilwater,206.60107752780294
2026-08-27T00:00:00,Upper_Agriculture_Soilwater,206.1808776657716
2026-08-28T00:00:00,Upper_Agriculture_Soilwater,205.73049580086848
2026-08-29T00:00:00,Upper_Agriculture_Soilwater,205.17385673228827
2026-08-30T00:00:00,Upper_Agriculture_Soilwater,206.2671349194154
2026-08-31T00:00:00,Upper_Agriculture_Soilwater,207.26050770179424
2026-09-01T00:00:00,Upper_Agriculture_Soilwater,208.11293297850315
2026-09-02T00:00:00,Upper_Agriculture_Soilwater,208.94829052285235
2026-09-03T00:00:00,Upper_Agriculture_Soilwater,209.27417362854666
2026-09-04T00:00:00,Upper_Agriculture_Soilwater,209.2230036078736
2026-09-05T00:00:00,Upper_Agriculture_Soilwater,208.9268074550497
2026-09-06T00:00:00,Upper_Agriculture_Soilwater,208.4941996967118
2026-09-07T00:00:00,Upper_Agriculture_Soilwater,208.190195015491
2026-09-08T00:00:00,Upper_Agriculture_Soilwater,207.82705727354727
2026-09-09T00:00:00,Upper_Agriculture_Soilwater,207.27268672983735
2026-09-10T00:00:00,Upper_Agriculture_Soilwater,206.40644292213395
2026-09-11T00:00:00,Upper_Agriculture_Soilwater,205.41366180867286
2026-09-12T00:00:00,Upper_Agriculture_Soilwater,204.19534368868264
2026-09-13T00:00:00,Upper_Agriculture_Soilwater,203.59812057460374
2026-09-14T00:00:00,Upper_Agriculture_Soilwater,203.3521686464538
2026-09-15T00:00:00,Upper_Agriculture_Soilwater,203.0984306981878
2026-09-16T00:00:00,Upper_Agriculture_Soilwater,202.71184185311046
2026-09-17T00:00:00,Upper_Agriculture_Soilwater,202.61043927006673
2026-09-18T00:00:00,Upper_Agriculture_Soilwater,202.56654518510064
2026-09-19T00:00:00,Upper_Agriculture_Soilwater,202.3536935244271
2026-09-20T00:00:00,Upper_Agriculture_Soilwater,201.93224274403727
2026-09-21T00:00:00,Upper_Agriculture_Soilwater,201.4828987844811
2026-09-22T00:00:00,Upper_Agriculture_Soilwater,200.8871507893958
2026-09-23T00:00:00,Upper_Agriculture_Soilwater,200.82197780548276
2026-09-24T00:00:00,Upper_Agriculture_Soilwater,200.6427727104584
2026-09-25T00:00:00,Upper_Agriculture_Soilwater,200.46559285638406
2026-09-26T00:00:00,Upper_Agriculture_Soilwater,200.27543084602001
2026-09-27T00:00:00,Upper_Agriculture_Soilwater,198.33555647736884
2026-09-28T00:00:00,Upper_Agriculture_Soilwater,197.61487569700085
2026-09-29T00:00:00,Upper_Agriculture_Soilwater,196.79098109446952
2026-09-30T00:00:00,Upper_Agriculture_Soilwater,195.91801684035835
2026-10-01T00:00:00,Upper_Agriculture_Soilwater,194.8298684780876
2026-10-02T00:00:00,Upper_Agriculture_Soilwater,193.36860747669132
2026-10-03T00:00:00,Upper_Agriculture_Soilwater,191.85099687079963
2026-10-04T00:00:00,Upper_Agriculture_Soilwater,190.3494059362144
2026-10-05T00:00:00,Upper_Agriculture_Soilwater,188.9934927180434
2026-10-06T00:00:00,Upper_Agriculture_Soilwater,188.32607144012508
2026-10-07T00:00:00,Upper_Agriculture_Soilwater,187.75785380252822
2026-10-08T00:00:00,Upper_Agriculture_Soilwater,188.57558385059323
2026-10-09T00:00:00,Upper_Agriculture_Soilwater,190.03204119456316
2026-10-10T00:00:00,Upper_Agriculture_Soilwater,191.40722628973222
2026-10-11T00:00:00,Upper_Agriculture_Soilwater,192.23933835856917
2026-10-12T00:00:00,Upper_Agriculture_Soilwater,192.91810207176528
2026-10-13T00:00:00,Upper_Agriculture_Soilwater,193.37241588215417
2026-10-14T00:00:00,Upper_Agriculture_Soilwater,193.58610365610184
2026-10-15T00:00:00,Upper_Agriculture_Soilwater,194.18339149692991
2026-10-16T00:00:00,Upper_Agriculture_Soilwater,195.26191352440676
2026-10-17T00:00:00,Upper_Agriculture_Soilwater,196.30430176275328
2026-10-18T00:00:00,Upper_Agriculture_Soilwater,197.09714988819474
2026-10-19T00:00:00,Upper_Agriculture_Soilwater,197.5642262061336
2026-10-20T00:00:00,Upper_Agriculture_Soilwater,198.18161439432677
2026-10-21T00:00:00,Upper_Agriculture_Soilwater,198.5237393694235
2026-10-22T00:00:00,Upper_Agriculture_Soilwater,198.2787174519627
2026-10-23T00:00:00,Upper_Agriculture_Soilwater,198.28433530709876
2026-10-24T00:00:00,Upper_Agriculture_Soilwater,198.32227066061125
2026-10-25T00:00:00,Upper_Agriculture_Soilwater,198.49592902152565
2026-10-26T00:00:00,Upper_Agriculture_Soilwater,198.34400782841024
2026-10-27T00:00:00,Upper_Agriculture_Soilwater,198.41991042757516
2026-10-28T00:00:00,Upper_Agriculture_Soilwater,198.40551199802627
2026-10-29T00:00:00,Upper_Agriculture_Soilwater,200.53323351857503
2026-10-30T00:00:00,Upper_Agriculture_Soilwater,202.91413001503378
2026-10-31T00:00:00,Upper_Agriculture_Soilwater,204.690654077015
2026-11-01T00:00:00,Upper_Agriculture_Soilwater,205.86811442644967
2026-11-02T00:00:00,Upper_Agriculture_Soilwater,206.66033856522725
2026-11-03T00:00:00,Upper_Agriculture_Soilwater,207.05658873198482
2026-11-04T00:00:00,Upper_Agriculture_Soilwater,207.15613107973857
2026-11-05T00:00:00,Upper_Agriculture_Soilwater,207.17083667062175
2026-11-06T00:00:00,Upper_Agriculture_Soilwater,206.85287663253092
2026-11-07T00:00:00,Upper_Agriculture_Soilwater,206.28963223535203
2026-11-08T00:00:00,Upper_Agriculture_Soilwater,205.60410155128363
2026-11-09T00:00:00,Upper_Agriculture_Soilwater,204.9437918816754
2026-11-10T00:00:00,Upper_Agriculture_Soilwater,204.12855593047595
2026-11-11T00:00:00,Upper_Agriculture_Soilwater,203.38338365069964
2026-11-12T00:00:00,Upper_Agriculture_Soilwater,202.50490426757386
2026-11-13T00:00:00,Upper_Agriculture_Soilwater,201.79083732456624
2026-11-14T00:00:00,Upper_Agriculture_Soilwater,200.99469152748438
2026-11-15T00:00:00,Upper_Agriculture_Soilwater,200.18123611657325
2026-11-16T00:00:00,Upper_Agriculture_Soilwater,198.25500391284666
2026-11-17T00:00:00,Upper_Agriculture_Soilwater,197.3950542456807
2026-11-18T00:00:00,Upper_Agriculture_Soilwater,196.37614118392005
2026-11-19T00:00:00,Upper_Agriculture_Soilwater,195.3609525742691
2026-11-20T00:00:00,Upper_Agriculture_Soilwater,194.3464154520045
2026-11-21T00:00:00,Upper_Agriculture_Soilwater,193.25542487397362
2026-11-22T00:00:00,Upper_Agriculture_Soilwater,192.16012541523008
2026-11-23T00:00:00,Upper_Agriculture_Soilwater,191.00069146300217
2026-11-24T00:00:00,Upper_Agriculture_Soilwater,189.67290213847136
2026-11-25T00:00:00,Upper_Agriculture_Soilwater,188.3059810317894
2026-11-26T00:00:00,Upper_Agriculture_Soilwater,187.23067552540994
2026-11-27T00:00:00,Upper_Agriculture_Soilwater,186.14391879698482
2026-11-28T00:00:00,Upper_Agriculture_Soilwater,185.1287772537272
2026-11-29T00:00:00,Upper_Agriculture_Soilwater,184.09057142326554
2026-11-30T00:00:00,Upper_Agriculture_Soilwater,183.11461992406655
2026-12-01T00:00:00,Upper_Agriculture_Soilwater,182.31170763620108
2026-12-02T00:00:00,Upper_Agriculture_Soilwater,183.93113531211455
2026-12-03T00:00:00,Upper_Agriculture_Soilwater,185.8809800390965
2026-12-04T00:00:00,Upper_Agriculture_Soilwater,187.39276824366485
2026-12-05T00:00:00,Upper_Agriculture_Soilwater,188.7742853966289
2026-12-06T00:00:00,Upper_Agriculture_Soilwater,192.0535774573126
2026-12-07T00:00:00,Upper_Agriculture_Soilwater,195.69717739588677
2026-12-08T00:00:00,Upper_Agriculture_Soilwater,198.71135717375748
2026-12-09T00:00:00,Upper_Agriculture_Soilwater,201.27092650412655
2026-12-10T00:00:00,Upper_Agriculture_Soilwater,203.3190267966842
2026-12-11T00:00:00,Upper_Agriculture_Soilwater,204.63920096568907
2026-12-12T00:00:00,Upper_Agriculture_Soilwater,205.57739163292615
2026-12-13T00:00:00,Upper_Agriculture_Soilwater,205.9518497570589
2026-12-14T00:00:00,Upper_Agriculture_Soilwater,206.10155274003586
2026-12-15T00:00:00,Upper_Agriculture_Soilwater,205.94795662884684
2026-12-16T00:00:00,Upper_Agriculture_Soilwater,206.05696021249526
2026-12-17T00:00:00,Upper_Agriculture_Soilwater,206.3707107131255
2026-12-18T00:00:00,Upper_Agriculture_Soilwater,207.03256151150475
2026-12-19T00:00:00,Upper_Agriculture_Soilwater,208.3012718430769
2026-12-20T00:00:00,Upper_Agriculture_Soilwater,209.2218088932196
2026-12-21T00:00:00,Upper_Agriculture_Soilwater,209.97164821490296
2026-12-22T00:00:00,Upper_Agriculture_Soilwater,210.41942638331744
2026-12-23T00:00:00,Upper_Agriculture_Soilwater,210.74260283590002
2026-12-24T00:00:00,Upper_Agriculture_Soilwater,210.8872297341329
2026-12-25T00:00:00,Upper_Agriculture_Soilwater,211.28488842436022
2026-12-26T00:00:00,Upper_Agriculture_Soilwater,211.31840547920072
2026-12-27T00:00:00,Upper_Agriculture_Soilwater,211.3389014388295
2026-12-28T00:00:00,Upper_Agriculture_Soilwater,211.20867735174056
2026-12-29T00:00:00,Upper_Agriculture_Soilwater,210.84803066768112
2026-12-30T00:00:00,Upper_Agriculture_Soilwater,210.40854654691614
2026-12-31T00:00:00,Upper_Agriculture_Soilwater,209.63588374362737
